ARM GAS  /tmp/ccshf83P.s 			page 1


   1              		.cpu cortex-m3
   2              		.arch armv7-m
   3              		.fpu softvfp
   4              		.eabi_attribute 20, 1
   5              		.eabi_attribute 21, 1
   6              		.eabi_attribute 23, 3
   7              		.eabi_attribute 24, 1
   8              		.eabi_attribute 25, 1
   9              		.eabi_attribute 26, 1
  10              		.eabi_attribute 30, 1
  11              		.eabi_attribute 34, 1
  12              		.eabi_attribute 18, 4
  13              		.file	"tasks.c"
  14              		.text
  15              	.Ltext0:
  16              		.cfi_sections	.debug_frame
  17              		.file 1 "Middlewares/Third_Party/FreeRTOS/Source/tasks.c"
  18              		.section	.text.prvTaskIsTaskSuspended,"ax",%progbits
  19              		.align	1
  20              		.syntax unified
  21              		.thumb
  22              		.thumb_func
  24              	prvTaskIsTaskSuspended:
  25              	.LVL0:
  26              	.LFB16:
   1:Middlewares/Third_Party/FreeRTOS/Source/tasks.c **** /*
   2:Middlewares/Third_Party/FreeRTOS/Source/tasks.c ****  * FreeRTOS Kernel V10.0.1
   3:Middlewares/Third_Party/FreeRTOS/Source/tasks.c ****  * Copyright (C) 2017 Amazon.com, Inc. or its affiliates.  All Rights Reserved.
   4:Middlewares/Third_Party/FreeRTOS/Source/tasks.c ****  *
   5:Middlewares/Third_Party/FreeRTOS/Source/tasks.c ****  * Permission is hereby granted, free of charge, to any person obtaining a copy of
   6:Middlewares/Third_Party/FreeRTOS/Source/tasks.c ****  * this software and associated documentation files (the "Software"), to deal in
   7:Middlewares/Third_Party/FreeRTOS/Source/tasks.c ****  * the Software without restriction, including without limitation the rights to
   8:Middlewares/Third_Party/FreeRTOS/Source/tasks.c ****  * use, copy, modify, merge, publish, distribute, sublicense, and/or sell copies of
   9:Middlewares/Third_Party/FreeRTOS/Source/tasks.c ****  * the Software, and to permit persons to whom the Software is furnished to do so,
  10:Middlewares/Third_Party/FreeRTOS/Source/tasks.c ****  * subject to the following conditions:
  11:Middlewares/Third_Party/FreeRTOS/Source/tasks.c ****  *
  12:Middlewares/Third_Party/FreeRTOS/Source/tasks.c ****  * The above copyright notice and this permission notice shall be included in all
  13:Middlewares/Third_Party/FreeRTOS/Source/tasks.c ****  * copies or substantial portions of the Software.
  14:Middlewares/Third_Party/FreeRTOS/Source/tasks.c ****  *
  15:Middlewares/Third_Party/FreeRTOS/Source/tasks.c ****  * THE SOFTWARE IS PROVIDED "AS IS", WITHOUT WARRANTY OF ANY KIND, EXPRESS OR
  16:Middlewares/Third_Party/FreeRTOS/Source/tasks.c ****  * IMPLIED, INCLUDING BUT NOT LIMITED TO THE WARRANTIES OF MERCHANTABILITY, FITNESS
  17:Middlewares/Third_Party/FreeRTOS/Source/tasks.c ****  * FOR A PARTICULAR PURPOSE AND NONINFRINGEMENT. IN NO EVENT SHALL THE AUTHORS OR
  18:Middlewares/Third_Party/FreeRTOS/Source/tasks.c ****  * COPYRIGHT HOLDERS BE LIABLE FOR ANY CLAIM, DAMAGES OR OTHER LIABILITY, WHETHER
  19:Middlewares/Third_Party/FreeRTOS/Source/tasks.c ****  * IN AN ACTION OF CONTRACT, TORT OR OTHERWISE, ARISING FROM, OUT OF OR IN
  20:Middlewares/Third_Party/FreeRTOS/Source/tasks.c ****  * CONNECTION WITH THE SOFTWARE OR THE USE OR OTHER DEALINGS IN THE SOFTWARE.
  21:Middlewares/Third_Party/FreeRTOS/Source/tasks.c ****  *
  22:Middlewares/Third_Party/FreeRTOS/Source/tasks.c ****  * http://www.FreeRTOS.org
  23:Middlewares/Third_Party/FreeRTOS/Source/tasks.c ****  * http://aws.amazon.com/freertos
  24:Middlewares/Third_Party/FreeRTOS/Source/tasks.c ****  *
  25:Middlewares/Third_Party/FreeRTOS/Source/tasks.c ****  * 1 tab == 4 spaces!
  26:Middlewares/Third_Party/FreeRTOS/Source/tasks.c ****  */
  27:Middlewares/Third_Party/FreeRTOS/Source/tasks.c **** 
  28:Middlewares/Third_Party/FreeRTOS/Source/tasks.c **** /* Standard includes. */
  29:Middlewares/Third_Party/FreeRTOS/Source/tasks.c **** #include <stdlib.h>
  30:Middlewares/Third_Party/FreeRTOS/Source/tasks.c **** #include <string.h>
  31:Middlewares/Third_Party/FreeRTOS/Source/tasks.c **** 
  32:Middlewares/Third_Party/FreeRTOS/Source/tasks.c **** /* Defining MPU_WRAPPERS_INCLUDED_FROM_API_FILE prevents task.h from redefining
ARM GAS  /tmp/ccshf83P.s 			page 2


  33:Middlewares/Third_Party/FreeRTOS/Source/tasks.c **** all the API functions to use the MPU wrappers.  That should only be done when
  34:Middlewares/Third_Party/FreeRTOS/Source/tasks.c **** task.h is included from an application file. */
  35:Middlewares/Third_Party/FreeRTOS/Source/tasks.c **** #define MPU_WRAPPERS_INCLUDED_FROM_API_FILE
  36:Middlewares/Third_Party/FreeRTOS/Source/tasks.c **** 
  37:Middlewares/Third_Party/FreeRTOS/Source/tasks.c **** /* FreeRTOS includes. */
  38:Middlewares/Third_Party/FreeRTOS/Source/tasks.c **** #include "FreeRTOS.h"
  39:Middlewares/Third_Party/FreeRTOS/Source/tasks.c **** #include "task.h"
  40:Middlewares/Third_Party/FreeRTOS/Source/tasks.c **** #include "timers.h"
  41:Middlewares/Third_Party/FreeRTOS/Source/tasks.c **** #include "stack_macros.h"
  42:Middlewares/Third_Party/FreeRTOS/Source/tasks.c **** 
  43:Middlewares/Third_Party/FreeRTOS/Source/tasks.c **** /* Lint e961 and e750 are suppressed as a MISRA exception justified because the
  44:Middlewares/Third_Party/FreeRTOS/Source/tasks.c **** MPU ports require MPU_WRAPPERS_INCLUDED_FROM_API_FILE to be defined for the
  45:Middlewares/Third_Party/FreeRTOS/Source/tasks.c **** header files above, but not in this file, in order to generate the correct
  46:Middlewares/Third_Party/FreeRTOS/Source/tasks.c **** privileged Vs unprivileged linkage and placement. */
  47:Middlewares/Third_Party/FreeRTOS/Source/tasks.c **** #undef MPU_WRAPPERS_INCLUDED_FROM_API_FILE /*lint !e961 !e750. */
  48:Middlewares/Third_Party/FreeRTOS/Source/tasks.c **** 
  49:Middlewares/Third_Party/FreeRTOS/Source/tasks.c **** /* Set configUSE_STATS_FORMATTING_FUNCTIONS to 2 to include the stats formatting
  50:Middlewares/Third_Party/FreeRTOS/Source/tasks.c **** functions but without including stdio.h here. */
  51:Middlewares/Third_Party/FreeRTOS/Source/tasks.c **** #if ( configUSE_STATS_FORMATTING_FUNCTIONS == 1 )
  52:Middlewares/Third_Party/FreeRTOS/Source/tasks.c **** 	/* At the bottom of this file are two optional functions that can be used
  53:Middlewares/Third_Party/FreeRTOS/Source/tasks.c **** 	to generate human readable text from the raw data generated by the
  54:Middlewares/Third_Party/FreeRTOS/Source/tasks.c **** 	uxTaskGetSystemState() function.  Note the formatting functions are provided
  55:Middlewares/Third_Party/FreeRTOS/Source/tasks.c **** 	for convenience only, and are NOT considered part of the kernel. */
  56:Middlewares/Third_Party/FreeRTOS/Source/tasks.c **** 	#include <stdio.h>
  57:Middlewares/Third_Party/FreeRTOS/Source/tasks.c **** #endif /* configUSE_STATS_FORMATTING_FUNCTIONS == 1 ) */
  58:Middlewares/Third_Party/FreeRTOS/Source/tasks.c **** 
  59:Middlewares/Third_Party/FreeRTOS/Source/tasks.c **** #if( configUSE_PREEMPTION == 0 )
  60:Middlewares/Third_Party/FreeRTOS/Source/tasks.c **** 	/* If the cooperative scheduler is being used then a yield should not be
  61:Middlewares/Third_Party/FreeRTOS/Source/tasks.c **** 	performed just because a higher priority task has been woken. */
  62:Middlewares/Third_Party/FreeRTOS/Source/tasks.c **** 	#define taskYIELD_IF_USING_PREEMPTION()
  63:Middlewares/Third_Party/FreeRTOS/Source/tasks.c **** #else
  64:Middlewares/Third_Party/FreeRTOS/Source/tasks.c **** 	#define taskYIELD_IF_USING_PREEMPTION() portYIELD_WITHIN_API()
  65:Middlewares/Third_Party/FreeRTOS/Source/tasks.c **** #endif
  66:Middlewares/Third_Party/FreeRTOS/Source/tasks.c **** 
  67:Middlewares/Third_Party/FreeRTOS/Source/tasks.c **** /* Values that can be assigned to the ucNotifyState member of the TCB. */
  68:Middlewares/Third_Party/FreeRTOS/Source/tasks.c **** #define taskNOT_WAITING_NOTIFICATION	( ( uint8_t ) 0 )
  69:Middlewares/Third_Party/FreeRTOS/Source/tasks.c **** #define taskWAITING_NOTIFICATION		( ( uint8_t ) 1 )
  70:Middlewares/Third_Party/FreeRTOS/Source/tasks.c **** #define taskNOTIFICATION_RECEIVED		( ( uint8_t ) 2 )
  71:Middlewares/Third_Party/FreeRTOS/Source/tasks.c **** 
  72:Middlewares/Third_Party/FreeRTOS/Source/tasks.c **** /*
  73:Middlewares/Third_Party/FreeRTOS/Source/tasks.c ****  * The value used to fill the stack of a task when the task is created.  This
  74:Middlewares/Third_Party/FreeRTOS/Source/tasks.c ****  * is used purely for checking the high water mark for tasks.
  75:Middlewares/Third_Party/FreeRTOS/Source/tasks.c ****  */
  76:Middlewares/Third_Party/FreeRTOS/Source/tasks.c **** #define tskSTACK_FILL_BYTE	( 0xa5U )
  77:Middlewares/Third_Party/FreeRTOS/Source/tasks.c **** 
  78:Middlewares/Third_Party/FreeRTOS/Source/tasks.c **** /* Sometimes the FreeRTOSConfig.h settings only allow a task to be created using
  79:Middlewares/Third_Party/FreeRTOS/Source/tasks.c **** dynamically allocated RAM, in which case when any task is deleted it is known
  80:Middlewares/Third_Party/FreeRTOS/Source/tasks.c **** that both the task's stack and TCB need to be freed.  Sometimes the
  81:Middlewares/Third_Party/FreeRTOS/Source/tasks.c **** FreeRTOSConfig.h settings only allow a task to be created using statically
  82:Middlewares/Third_Party/FreeRTOS/Source/tasks.c **** allocated RAM, in which case when any task is deleted it is known that neither
  83:Middlewares/Third_Party/FreeRTOS/Source/tasks.c **** the task's stack or TCB should be freed.  Sometimes the FreeRTOSConfig.h
  84:Middlewares/Third_Party/FreeRTOS/Source/tasks.c **** settings allow a task to be created using either statically or dynamically
  85:Middlewares/Third_Party/FreeRTOS/Source/tasks.c **** allocated RAM, in which case a member of the TCB is used to record whether the
  86:Middlewares/Third_Party/FreeRTOS/Source/tasks.c **** stack and/or TCB were allocated statically or dynamically, so when a task is
  87:Middlewares/Third_Party/FreeRTOS/Source/tasks.c **** deleted the RAM that was allocated dynamically is freed again and no attempt is
  88:Middlewares/Third_Party/FreeRTOS/Source/tasks.c **** made to free the RAM that was allocated statically.
  89:Middlewares/Third_Party/FreeRTOS/Source/tasks.c **** tskSTATIC_AND_DYNAMIC_ALLOCATION_POSSIBLE is only true if it is possible for a
ARM GAS  /tmp/ccshf83P.s 			page 3


  90:Middlewares/Third_Party/FreeRTOS/Source/tasks.c **** task to be created using either statically or dynamically allocated RAM.  Note
  91:Middlewares/Third_Party/FreeRTOS/Source/tasks.c **** that if portUSING_MPU_WRAPPERS is 1 then a protected task can be created with
  92:Middlewares/Third_Party/FreeRTOS/Source/tasks.c **** a statically allocated stack and a dynamically allocated TCB.
  93:Middlewares/Third_Party/FreeRTOS/Source/tasks.c **** !!!NOTE!!! If the definition of tskSTATIC_AND_DYNAMIC_ALLOCATION_POSSIBLE is
  94:Middlewares/Third_Party/FreeRTOS/Source/tasks.c **** changed then the definition of StaticTask_t must also be updated. */
  95:Middlewares/Third_Party/FreeRTOS/Source/tasks.c **** #define tskSTATIC_AND_DYNAMIC_ALLOCATION_POSSIBLE	( ( configSUPPORT_STATIC_ALLOCATION == 1 ) && ( c
  96:Middlewares/Third_Party/FreeRTOS/Source/tasks.c **** #define tskDYNAMICALLY_ALLOCATED_STACK_AND_TCB 		( ( uint8_t ) 0 )
  97:Middlewares/Third_Party/FreeRTOS/Source/tasks.c **** #define tskSTATICALLY_ALLOCATED_STACK_ONLY 			( ( uint8_t ) 1 )
  98:Middlewares/Third_Party/FreeRTOS/Source/tasks.c **** #define tskSTATICALLY_ALLOCATED_STACK_AND_TCB		( ( uint8_t ) 2 )
  99:Middlewares/Third_Party/FreeRTOS/Source/tasks.c **** 
 100:Middlewares/Third_Party/FreeRTOS/Source/tasks.c **** /* If any of the following are set then task stacks are filled with a known
 101:Middlewares/Third_Party/FreeRTOS/Source/tasks.c **** value so the high water mark can be determined.  If none of the following are
 102:Middlewares/Third_Party/FreeRTOS/Source/tasks.c **** set then don't fill the stack so there is no unnecessary dependency on memset. */
 103:Middlewares/Third_Party/FreeRTOS/Source/tasks.c **** #if( ( configCHECK_FOR_STACK_OVERFLOW > 1 ) || ( configUSE_TRACE_FACILITY == 1 ) || ( INCLUDE_uxTas
 104:Middlewares/Third_Party/FreeRTOS/Source/tasks.c **** 	#define tskSET_NEW_STACKS_TO_KNOWN_VALUE	1
 105:Middlewares/Third_Party/FreeRTOS/Source/tasks.c **** #else
 106:Middlewares/Third_Party/FreeRTOS/Source/tasks.c **** 	#define tskSET_NEW_STACKS_TO_KNOWN_VALUE	0
 107:Middlewares/Third_Party/FreeRTOS/Source/tasks.c **** #endif
 108:Middlewares/Third_Party/FreeRTOS/Source/tasks.c **** 
 109:Middlewares/Third_Party/FreeRTOS/Source/tasks.c **** /*
 110:Middlewares/Third_Party/FreeRTOS/Source/tasks.c ****  * Macros used by vListTask to indicate which state a task is in.
 111:Middlewares/Third_Party/FreeRTOS/Source/tasks.c ****  */
 112:Middlewares/Third_Party/FreeRTOS/Source/tasks.c **** #define tskRUNNING_CHAR		( 'X' )
 113:Middlewares/Third_Party/FreeRTOS/Source/tasks.c **** #define tskBLOCKED_CHAR		( 'B' )
 114:Middlewares/Third_Party/FreeRTOS/Source/tasks.c **** #define tskREADY_CHAR		( 'R' )
 115:Middlewares/Third_Party/FreeRTOS/Source/tasks.c **** #define tskDELETED_CHAR		( 'D' )
 116:Middlewares/Third_Party/FreeRTOS/Source/tasks.c **** #define tskSUSPENDED_CHAR	( 'S' )
 117:Middlewares/Third_Party/FreeRTOS/Source/tasks.c **** 
 118:Middlewares/Third_Party/FreeRTOS/Source/tasks.c **** /*
 119:Middlewares/Third_Party/FreeRTOS/Source/tasks.c ****  * Some kernel aware debuggers require the data the debugger needs access to be
 120:Middlewares/Third_Party/FreeRTOS/Source/tasks.c ****  * global, rather than file scope.
 121:Middlewares/Third_Party/FreeRTOS/Source/tasks.c ****  */
 122:Middlewares/Third_Party/FreeRTOS/Source/tasks.c **** #ifdef portREMOVE_STATIC_QUALIFIER
 123:Middlewares/Third_Party/FreeRTOS/Source/tasks.c **** 	#define static
 124:Middlewares/Third_Party/FreeRTOS/Source/tasks.c **** #endif
 125:Middlewares/Third_Party/FreeRTOS/Source/tasks.c **** 
 126:Middlewares/Third_Party/FreeRTOS/Source/tasks.c **** /* The name allocated to the Idle task.  This can be overridden by defining
 127:Middlewares/Third_Party/FreeRTOS/Source/tasks.c **** configIDLE_TASK_NAME in FreeRTOSConfig.h. */
 128:Middlewares/Third_Party/FreeRTOS/Source/tasks.c **** #ifndef configIDLE_TASK_NAME
 129:Middlewares/Third_Party/FreeRTOS/Source/tasks.c **** 	#define configIDLE_TASK_NAME "IDLE"
 130:Middlewares/Third_Party/FreeRTOS/Source/tasks.c **** #endif
 131:Middlewares/Third_Party/FreeRTOS/Source/tasks.c **** 
 132:Middlewares/Third_Party/FreeRTOS/Source/tasks.c **** #if ( configUSE_PORT_OPTIMISED_TASK_SELECTION == 0 )
 133:Middlewares/Third_Party/FreeRTOS/Source/tasks.c **** 
 134:Middlewares/Third_Party/FreeRTOS/Source/tasks.c **** 	/* If configUSE_PORT_OPTIMISED_TASK_SELECTION is 0 then task selection is
 135:Middlewares/Third_Party/FreeRTOS/Source/tasks.c **** 	performed in a generic way that is not optimised to any particular
 136:Middlewares/Third_Party/FreeRTOS/Source/tasks.c **** 	microcontroller architecture. */
 137:Middlewares/Third_Party/FreeRTOS/Source/tasks.c **** 
 138:Middlewares/Third_Party/FreeRTOS/Source/tasks.c **** 	/* uxTopReadyPriority holds the priority of the highest priority ready
 139:Middlewares/Third_Party/FreeRTOS/Source/tasks.c **** 	state task. */
 140:Middlewares/Third_Party/FreeRTOS/Source/tasks.c **** 	#define taskRECORD_READY_PRIORITY( uxPriority )														\
 141:Middlewares/Third_Party/FreeRTOS/Source/tasks.c **** 	{																									\
 142:Middlewares/Third_Party/FreeRTOS/Source/tasks.c **** 		if( ( uxPriority ) > uxTopReadyPriority )														\
 143:Middlewares/Third_Party/FreeRTOS/Source/tasks.c **** 		{																								\
 144:Middlewares/Third_Party/FreeRTOS/Source/tasks.c **** 			uxTopReadyPriority = ( uxPriority );														\
 145:Middlewares/Third_Party/FreeRTOS/Source/tasks.c **** 		}																								\
 146:Middlewares/Third_Party/FreeRTOS/Source/tasks.c **** 	} /* taskRECORD_READY_PRIORITY */
ARM GAS  /tmp/ccshf83P.s 			page 4


 147:Middlewares/Third_Party/FreeRTOS/Source/tasks.c **** 
 148:Middlewares/Third_Party/FreeRTOS/Source/tasks.c **** 	/*-----------------------------------------------------------*/
 149:Middlewares/Third_Party/FreeRTOS/Source/tasks.c **** 
 150:Middlewares/Third_Party/FreeRTOS/Source/tasks.c **** 	#define taskSELECT_HIGHEST_PRIORITY_TASK()															\
 151:Middlewares/Third_Party/FreeRTOS/Source/tasks.c **** 	{																									\
 152:Middlewares/Third_Party/FreeRTOS/Source/tasks.c **** 	UBaseType_t uxTopPriority = uxTopReadyPriority;														\
 153:Middlewares/Third_Party/FreeRTOS/Source/tasks.c **** 																										\
 154:Middlewares/Third_Party/FreeRTOS/Source/tasks.c **** 		/* Find the highest priority queue that contains ready tasks. */								\
 155:Middlewares/Third_Party/FreeRTOS/Source/tasks.c **** 		while( listLIST_IS_EMPTY( &( pxReadyTasksLists[ uxTopPriority ] ) ) )							\
 156:Middlewares/Third_Party/FreeRTOS/Source/tasks.c **** 		{																								\
 157:Middlewares/Third_Party/FreeRTOS/Source/tasks.c **** 			configASSERT( uxTopPriority );																\
 158:Middlewares/Third_Party/FreeRTOS/Source/tasks.c **** 			--uxTopPriority;																			\
 159:Middlewares/Third_Party/FreeRTOS/Source/tasks.c **** 		}																								\
 160:Middlewares/Third_Party/FreeRTOS/Source/tasks.c **** 																										\
 161:Middlewares/Third_Party/FreeRTOS/Source/tasks.c **** 		/* listGET_OWNER_OF_NEXT_ENTRY indexes through the list, so the tasks of						\
 162:Middlewares/Third_Party/FreeRTOS/Source/tasks.c **** 		the	same priority get an equal share of the processor time. */									\
 163:Middlewares/Third_Party/FreeRTOS/Source/tasks.c **** 		listGET_OWNER_OF_NEXT_ENTRY( pxCurrentTCB, &( pxReadyTasksLists[ uxTopPriority ] ) );			\
 164:Middlewares/Third_Party/FreeRTOS/Source/tasks.c **** 		uxTopReadyPriority = uxTopPriority;																\
 165:Middlewares/Third_Party/FreeRTOS/Source/tasks.c **** 	} /* taskSELECT_HIGHEST_PRIORITY_TASK */
 166:Middlewares/Third_Party/FreeRTOS/Source/tasks.c **** 
 167:Middlewares/Third_Party/FreeRTOS/Source/tasks.c **** 	/*-----------------------------------------------------------*/
 168:Middlewares/Third_Party/FreeRTOS/Source/tasks.c **** 
 169:Middlewares/Third_Party/FreeRTOS/Source/tasks.c **** 	/* Define away taskRESET_READY_PRIORITY() and portRESET_READY_PRIORITY() as
 170:Middlewares/Third_Party/FreeRTOS/Source/tasks.c **** 	they are only required when a port optimised method of task selection is
 171:Middlewares/Third_Party/FreeRTOS/Source/tasks.c **** 	being used. */
 172:Middlewares/Third_Party/FreeRTOS/Source/tasks.c **** 	#define taskRESET_READY_PRIORITY( uxPriority )
 173:Middlewares/Third_Party/FreeRTOS/Source/tasks.c **** 	#define portRESET_READY_PRIORITY( uxPriority, uxTopReadyPriority )
 174:Middlewares/Third_Party/FreeRTOS/Source/tasks.c **** 
 175:Middlewares/Third_Party/FreeRTOS/Source/tasks.c **** #else /* configUSE_PORT_OPTIMISED_TASK_SELECTION */
 176:Middlewares/Third_Party/FreeRTOS/Source/tasks.c **** 
 177:Middlewares/Third_Party/FreeRTOS/Source/tasks.c **** 	/* If configUSE_PORT_OPTIMISED_TASK_SELECTION is 1 then task selection is
 178:Middlewares/Third_Party/FreeRTOS/Source/tasks.c **** 	performed in a way that is tailored to the particular microcontroller
 179:Middlewares/Third_Party/FreeRTOS/Source/tasks.c **** 	architecture being used. */
 180:Middlewares/Third_Party/FreeRTOS/Source/tasks.c **** 
 181:Middlewares/Third_Party/FreeRTOS/Source/tasks.c **** 	/* A port optimised version is provided.  Call the port defined macros. */
 182:Middlewares/Third_Party/FreeRTOS/Source/tasks.c **** 	#define taskRECORD_READY_PRIORITY( uxPriority )	portRECORD_READY_PRIORITY( uxPriority, uxTopReadyP
 183:Middlewares/Third_Party/FreeRTOS/Source/tasks.c **** 
 184:Middlewares/Third_Party/FreeRTOS/Source/tasks.c **** 	/*-----------------------------------------------------------*/
 185:Middlewares/Third_Party/FreeRTOS/Source/tasks.c **** 
 186:Middlewares/Third_Party/FreeRTOS/Source/tasks.c **** 	#define taskSELECT_HIGHEST_PRIORITY_TASK()														\
 187:Middlewares/Third_Party/FreeRTOS/Source/tasks.c **** 	{																								\
 188:Middlewares/Third_Party/FreeRTOS/Source/tasks.c **** 	UBaseType_t uxTopPriority;																		\
 189:Middlewares/Third_Party/FreeRTOS/Source/tasks.c **** 																									\
 190:Middlewares/Third_Party/FreeRTOS/Source/tasks.c **** 		/* Find the highest priority list that contains ready tasks. */								\
 191:Middlewares/Third_Party/FreeRTOS/Source/tasks.c **** 		portGET_HIGHEST_PRIORITY( uxTopPriority, uxTopReadyPriority );								\
 192:Middlewares/Third_Party/FreeRTOS/Source/tasks.c **** 		configASSERT( listCURRENT_LIST_LENGTH( &( pxReadyTasksLists[ uxTopPriority ] ) ) > 0 );		\
 193:Middlewares/Third_Party/FreeRTOS/Source/tasks.c **** 		listGET_OWNER_OF_NEXT_ENTRY( pxCurrentTCB, &( pxReadyTasksLists[ uxTopPriority ] ) );		\
 194:Middlewares/Third_Party/FreeRTOS/Source/tasks.c **** 	} /* taskSELECT_HIGHEST_PRIORITY_TASK() */
 195:Middlewares/Third_Party/FreeRTOS/Source/tasks.c **** 
 196:Middlewares/Third_Party/FreeRTOS/Source/tasks.c **** 	/*-----------------------------------------------------------*/
 197:Middlewares/Third_Party/FreeRTOS/Source/tasks.c **** 
 198:Middlewares/Third_Party/FreeRTOS/Source/tasks.c **** 	/* A port optimised version is provided, call it only if the TCB being reset
 199:Middlewares/Third_Party/FreeRTOS/Source/tasks.c **** 	is being referenced from a ready list.  If it is referenced from a delayed
 200:Middlewares/Third_Party/FreeRTOS/Source/tasks.c **** 	or suspended list then it won't be in a ready list. */
 201:Middlewares/Third_Party/FreeRTOS/Source/tasks.c **** 	#define taskRESET_READY_PRIORITY( uxPriority )														\
 202:Middlewares/Third_Party/FreeRTOS/Source/tasks.c **** 	{																									\
 203:Middlewares/Third_Party/FreeRTOS/Source/tasks.c **** 		if( listCURRENT_LIST_LENGTH( &( pxReadyTasksLists[ ( uxPriority ) ] ) ) == ( UBaseType_t ) 0 )	\
ARM GAS  /tmp/ccshf83P.s 			page 5


 204:Middlewares/Third_Party/FreeRTOS/Source/tasks.c **** 		{																								\
 205:Middlewares/Third_Party/FreeRTOS/Source/tasks.c **** 			portRESET_READY_PRIORITY( ( uxPriority ), ( uxTopReadyPriority ) );							\
 206:Middlewares/Third_Party/FreeRTOS/Source/tasks.c **** 		}																								\
 207:Middlewares/Third_Party/FreeRTOS/Source/tasks.c **** 	}
 208:Middlewares/Third_Party/FreeRTOS/Source/tasks.c **** 
 209:Middlewares/Third_Party/FreeRTOS/Source/tasks.c **** #endif /* configUSE_PORT_OPTIMISED_TASK_SELECTION */
 210:Middlewares/Third_Party/FreeRTOS/Source/tasks.c **** 
 211:Middlewares/Third_Party/FreeRTOS/Source/tasks.c **** /*-----------------------------------------------------------*/
 212:Middlewares/Third_Party/FreeRTOS/Source/tasks.c **** 
 213:Middlewares/Third_Party/FreeRTOS/Source/tasks.c **** /* pxDelayedTaskList and pxOverflowDelayedTaskList are switched when the tick
 214:Middlewares/Third_Party/FreeRTOS/Source/tasks.c **** count overflows. */
 215:Middlewares/Third_Party/FreeRTOS/Source/tasks.c **** #define taskSWITCH_DELAYED_LISTS()																	\
 216:Middlewares/Third_Party/FreeRTOS/Source/tasks.c **** {																									\
 217:Middlewares/Third_Party/FreeRTOS/Source/tasks.c **** 	List_t *pxTemp;																					\
 218:Middlewares/Third_Party/FreeRTOS/Source/tasks.c **** 																									\
 219:Middlewares/Third_Party/FreeRTOS/Source/tasks.c **** 	/* The delayed tasks list should be empty when the lists are switched. */						\
 220:Middlewares/Third_Party/FreeRTOS/Source/tasks.c **** 	configASSERT( ( listLIST_IS_EMPTY( pxDelayedTaskList ) ) );										\
 221:Middlewares/Third_Party/FreeRTOS/Source/tasks.c **** 																									\
 222:Middlewares/Third_Party/FreeRTOS/Source/tasks.c **** 	pxTemp = pxDelayedTaskList;																		\
 223:Middlewares/Third_Party/FreeRTOS/Source/tasks.c **** 	pxDelayedTaskList = pxOverflowDelayedTaskList;													\
 224:Middlewares/Third_Party/FreeRTOS/Source/tasks.c **** 	pxOverflowDelayedTaskList = pxTemp;																\
 225:Middlewares/Third_Party/FreeRTOS/Source/tasks.c **** 	xNumOfOverflows++;																				\
 226:Middlewares/Third_Party/FreeRTOS/Source/tasks.c **** 	prvResetNextTaskUnblockTime();																	\
 227:Middlewares/Third_Party/FreeRTOS/Source/tasks.c **** }
 228:Middlewares/Third_Party/FreeRTOS/Source/tasks.c **** 
 229:Middlewares/Third_Party/FreeRTOS/Source/tasks.c **** /*-----------------------------------------------------------*/
 230:Middlewares/Third_Party/FreeRTOS/Source/tasks.c **** 
 231:Middlewares/Third_Party/FreeRTOS/Source/tasks.c **** /*
 232:Middlewares/Third_Party/FreeRTOS/Source/tasks.c ****  * Place the task represented by pxTCB into the appropriate ready list for
 233:Middlewares/Third_Party/FreeRTOS/Source/tasks.c ****  * the task.  It is inserted at the end of the list.
 234:Middlewares/Third_Party/FreeRTOS/Source/tasks.c ****  */
 235:Middlewares/Third_Party/FreeRTOS/Source/tasks.c **** #define prvAddTaskToReadyList( pxTCB )																\
 236:Middlewares/Third_Party/FreeRTOS/Source/tasks.c **** 	traceMOVED_TASK_TO_READY_STATE( pxTCB );														\
 237:Middlewares/Third_Party/FreeRTOS/Source/tasks.c **** 	taskRECORD_READY_PRIORITY( ( pxTCB )->uxPriority );												\
 238:Middlewares/Third_Party/FreeRTOS/Source/tasks.c **** 	vListInsertEnd( &( pxReadyTasksLists[ ( pxTCB )->uxPriority ] ), &( ( pxTCB )->xStateListItem ) );
 239:Middlewares/Third_Party/FreeRTOS/Source/tasks.c **** 	tracePOST_MOVED_TASK_TO_READY_STATE( pxTCB )
 240:Middlewares/Third_Party/FreeRTOS/Source/tasks.c **** /*-----------------------------------------------------------*/
 241:Middlewares/Third_Party/FreeRTOS/Source/tasks.c **** 
 242:Middlewares/Third_Party/FreeRTOS/Source/tasks.c **** /*
 243:Middlewares/Third_Party/FreeRTOS/Source/tasks.c ****  * Several functions take an TaskHandle_t parameter that can optionally be NULL,
 244:Middlewares/Third_Party/FreeRTOS/Source/tasks.c ****  * where NULL is used to indicate that the handle of the currently executing
 245:Middlewares/Third_Party/FreeRTOS/Source/tasks.c ****  * task should be used in place of the parameter.  This macro simply checks to
 246:Middlewares/Third_Party/FreeRTOS/Source/tasks.c ****  * see if the parameter is NULL and returns a pointer to the appropriate TCB.
 247:Middlewares/Third_Party/FreeRTOS/Source/tasks.c ****  */
 248:Middlewares/Third_Party/FreeRTOS/Source/tasks.c **** #define prvGetTCBFromHandle( pxHandle ) ( ( ( pxHandle ) == NULL ) ? ( TCB_t * ) pxCurrentTCB : ( T
 249:Middlewares/Third_Party/FreeRTOS/Source/tasks.c **** 
 250:Middlewares/Third_Party/FreeRTOS/Source/tasks.c **** /* The item value of the event list item is normally used to hold the priority
 251:Middlewares/Third_Party/FreeRTOS/Source/tasks.c **** of the task to which it belongs (coded to allow it to be held in reverse
 252:Middlewares/Third_Party/FreeRTOS/Source/tasks.c **** priority order).  However, it is occasionally borrowed for other purposes.  It
 253:Middlewares/Third_Party/FreeRTOS/Source/tasks.c **** is important its value is not updated due to a task priority change while it is
 254:Middlewares/Third_Party/FreeRTOS/Source/tasks.c **** being used for another purpose.  The following bit definition is used to inform
 255:Middlewares/Third_Party/FreeRTOS/Source/tasks.c **** the scheduler that the value should not be changed - in which case it is the
 256:Middlewares/Third_Party/FreeRTOS/Source/tasks.c **** responsibility of whichever module is using the value to ensure it gets set back
 257:Middlewares/Third_Party/FreeRTOS/Source/tasks.c **** to its original value when it is released. */
 258:Middlewares/Third_Party/FreeRTOS/Source/tasks.c **** #if( configUSE_16_BIT_TICKS == 1 )
 259:Middlewares/Third_Party/FreeRTOS/Source/tasks.c **** 	#define taskEVENT_LIST_ITEM_VALUE_IN_USE	0x8000U
 260:Middlewares/Third_Party/FreeRTOS/Source/tasks.c **** #else
ARM GAS  /tmp/ccshf83P.s 			page 6


 261:Middlewares/Third_Party/FreeRTOS/Source/tasks.c **** 	#define taskEVENT_LIST_ITEM_VALUE_IN_USE	0x80000000UL
 262:Middlewares/Third_Party/FreeRTOS/Source/tasks.c **** #endif
 263:Middlewares/Third_Party/FreeRTOS/Source/tasks.c **** 
 264:Middlewares/Third_Party/FreeRTOS/Source/tasks.c **** /*
 265:Middlewares/Third_Party/FreeRTOS/Source/tasks.c ****  * Task control block.  A task control block (TCB) is allocated for each task,
 266:Middlewares/Third_Party/FreeRTOS/Source/tasks.c ****  * and stores task state information, including a pointer to the task's context
 267:Middlewares/Third_Party/FreeRTOS/Source/tasks.c ****  * (the task's run time environment, including register values)
 268:Middlewares/Third_Party/FreeRTOS/Source/tasks.c ****  */
 269:Middlewares/Third_Party/FreeRTOS/Source/tasks.c **** typedef struct tskTaskControlBlock
 270:Middlewares/Third_Party/FreeRTOS/Source/tasks.c **** {
 271:Middlewares/Third_Party/FreeRTOS/Source/tasks.c **** 	volatile StackType_t	*pxTopOfStack;	/*< Points to the location of the last item placed on the task
 272:Middlewares/Third_Party/FreeRTOS/Source/tasks.c **** 
 273:Middlewares/Third_Party/FreeRTOS/Source/tasks.c **** 	#if ( portUSING_MPU_WRAPPERS == 1 )
 274:Middlewares/Third_Party/FreeRTOS/Source/tasks.c **** 		xMPU_SETTINGS	xMPUSettings;		/*< The MPU settings are defined as part of the port layer.  THIS MU
 275:Middlewares/Third_Party/FreeRTOS/Source/tasks.c **** 	#endif
 276:Middlewares/Third_Party/FreeRTOS/Source/tasks.c **** 
 277:Middlewares/Third_Party/FreeRTOS/Source/tasks.c **** 	ListItem_t			xStateListItem;	/*< The list that the state list item of a task is reference from den
 278:Middlewares/Third_Party/FreeRTOS/Source/tasks.c **** 	ListItem_t			xEventListItem;		/*< Used to reference a task from an event list. */
 279:Middlewares/Third_Party/FreeRTOS/Source/tasks.c **** 	UBaseType_t			uxPriority;			/*< The priority of the task.  0 is the lowest priority. */
 280:Middlewares/Third_Party/FreeRTOS/Source/tasks.c **** 	StackType_t			*pxStack;			/*< Points to the start of the stack. */
 281:Middlewares/Third_Party/FreeRTOS/Source/tasks.c **** 	char				pcTaskName[ configMAX_TASK_NAME_LEN ];/*< Descriptive name given to the task when created.
 282:Middlewares/Third_Party/FreeRTOS/Source/tasks.c **** 
 283:Middlewares/Third_Party/FreeRTOS/Source/tasks.c **** 	#if ( ( portSTACK_GROWTH > 0 ) || ( configRECORD_STACK_HIGH_ADDRESS == 1 ) )
 284:Middlewares/Third_Party/FreeRTOS/Source/tasks.c **** 		StackType_t		*pxEndOfStack;		/*< Points to the highest valid address for the stack. */
 285:Middlewares/Third_Party/FreeRTOS/Source/tasks.c **** 	#endif
 286:Middlewares/Third_Party/FreeRTOS/Source/tasks.c **** 
 287:Middlewares/Third_Party/FreeRTOS/Source/tasks.c **** 	#if ( portCRITICAL_NESTING_IN_TCB == 1 )
 288:Middlewares/Third_Party/FreeRTOS/Source/tasks.c **** 		UBaseType_t		uxCriticalNesting;	/*< Holds the critical section nesting depth for ports that do no
 289:Middlewares/Third_Party/FreeRTOS/Source/tasks.c **** 	#endif
 290:Middlewares/Third_Party/FreeRTOS/Source/tasks.c **** 
 291:Middlewares/Third_Party/FreeRTOS/Source/tasks.c **** 	#if ( configUSE_TRACE_FACILITY == 1 )
 292:Middlewares/Third_Party/FreeRTOS/Source/tasks.c **** 		UBaseType_t		uxTCBNumber;		/*< Stores a number that increments each time a TCB is created.  It al
 293:Middlewares/Third_Party/FreeRTOS/Source/tasks.c **** 		UBaseType_t		uxTaskNumber;		/*< Stores a number specifically for use by third party trace code. *
 294:Middlewares/Third_Party/FreeRTOS/Source/tasks.c **** 	#endif
 295:Middlewares/Third_Party/FreeRTOS/Source/tasks.c **** 
 296:Middlewares/Third_Party/FreeRTOS/Source/tasks.c **** 	#if ( configUSE_MUTEXES == 1 )
 297:Middlewares/Third_Party/FreeRTOS/Source/tasks.c **** 		UBaseType_t		uxBasePriority;		/*< The priority last assigned to the task - used by the priority i
 298:Middlewares/Third_Party/FreeRTOS/Source/tasks.c **** 		UBaseType_t		uxMutexesHeld;
 299:Middlewares/Third_Party/FreeRTOS/Source/tasks.c **** 	#endif
 300:Middlewares/Third_Party/FreeRTOS/Source/tasks.c **** 
 301:Middlewares/Third_Party/FreeRTOS/Source/tasks.c **** 	#if ( configUSE_APPLICATION_TASK_TAG == 1 )
 302:Middlewares/Third_Party/FreeRTOS/Source/tasks.c **** 		TaskHookFunction_t pxTaskTag;
 303:Middlewares/Third_Party/FreeRTOS/Source/tasks.c **** 	#endif
 304:Middlewares/Third_Party/FreeRTOS/Source/tasks.c **** 
 305:Middlewares/Third_Party/FreeRTOS/Source/tasks.c **** 	#if( configNUM_THREAD_LOCAL_STORAGE_POINTERS > 0 )
 306:Middlewares/Third_Party/FreeRTOS/Source/tasks.c **** 		void			*pvThreadLocalStoragePointers[ configNUM_THREAD_LOCAL_STORAGE_POINTERS ];
 307:Middlewares/Third_Party/FreeRTOS/Source/tasks.c **** 	#endif
 308:Middlewares/Third_Party/FreeRTOS/Source/tasks.c **** 
 309:Middlewares/Third_Party/FreeRTOS/Source/tasks.c **** 	#if( configGENERATE_RUN_TIME_STATS == 1 )
 310:Middlewares/Third_Party/FreeRTOS/Source/tasks.c **** 		uint32_t		ulRunTimeCounter;	/*< Stores the amount of time the task has spent in the Running state
 311:Middlewares/Third_Party/FreeRTOS/Source/tasks.c **** 	#endif
 312:Middlewares/Third_Party/FreeRTOS/Source/tasks.c **** 
 313:Middlewares/Third_Party/FreeRTOS/Source/tasks.c **** 	#if ( configUSE_NEWLIB_REENTRANT == 1 )
 314:Middlewares/Third_Party/FreeRTOS/Source/tasks.c **** 		/* Allocate a Newlib reent structure that is specific to this task.
 315:Middlewares/Third_Party/FreeRTOS/Source/tasks.c **** 		Note Newlib support has been included by popular demand, but is not
 316:Middlewares/Third_Party/FreeRTOS/Source/tasks.c **** 		used by the FreeRTOS maintainers themselves.  FreeRTOS is not
 317:Middlewares/Third_Party/FreeRTOS/Source/tasks.c **** 		responsible for resulting newlib operation.  User must be familiar with
ARM GAS  /tmp/ccshf83P.s 			page 7


 318:Middlewares/Third_Party/FreeRTOS/Source/tasks.c **** 		newlib and must provide system-wide implementations of the necessary
 319:Middlewares/Third_Party/FreeRTOS/Source/tasks.c **** 		stubs. Be warned that (at the time of writing) the current newlib design
 320:Middlewares/Third_Party/FreeRTOS/Source/tasks.c **** 		implements a system-wide malloc() that must be provided with locks. */
 321:Middlewares/Third_Party/FreeRTOS/Source/tasks.c **** 		struct	_reent xNewLib_reent;
 322:Middlewares/Third_Party/FreeRTOS/Source/tasks.c **** 	#endif
 323:Middlewares/Third_Party/FreeRTOS/Source/tasks.c **** 
 324:Middlewares/Third_Party/FreeRTOS/Source/tasks.c **** 	#if( configUSE_TASK_NOTIFICATIONS == 1 )
 325:Middlewares/Third_Party/FreeRTOS/Source/tasks.c **** 		volatile uint32_t ulNotifiedValue;
 326:Middlewares/Third_Party/FreeRTOS/Source/tasks.c **** 		volatile uint8_t ucNotifyState;
 327:Middlewares/Third_Party/FreeRTOS/Source/tasks.c **** 	#endif
 328:Middlewares/Third_Party/FreeRTOS/Source/tasks.c **** 
 329:Middlewares/Third_Party/FreeRTOS/Source/tasks.c **** 	/* See the comments above the definition of
 330:Middlewares/Third_Party/FreeRTOS/Source/tasks.c **** 	tskSTATIC_AND_DYNAMIC_ALLOCATION_POSSIBLE. */
 331:Middlewares/Third_Party/FreeRTOS/Source/tasks.c **** 	#if( tskSTATIC_AND_DYNAMIC_ALLOCATION_POSSIBLE != 0 ) /*lint !e731 Macro has been consolidated for
 332:Middlewares/Third_Party/FreeRTOS/Source/tasks.c **** 		uint8_t	ucStaticallyAllocated; 		/*< Set to pdTRUE if the task is a statically allocated to ensur
 333:Middlewares/Third_Party/FreeRTOS/Source/tasks.c **** 	#endif
 334:Middlewares/Third_Party/FreeRTOS/Source/tasks.c **** 
 335:Middlewares/Third_Party/FreeRTOS/Source/tasks.c **** 	#if( INCLUDE_xTaskAbortDelay == 1 )
 336:Middlewares/Third_Party/FreeRTOS/Source/tasks.c **** 		uint8_t ucDelayAborted;
 337:Middlewares/Third_Party/FreeRTOS/Source/tasks.c **** 	#endif
 338:Middlewares/Third_Party/FreeRTOS/Source/tasks.c **** 
 339:Middlewares/Third_Party/FreeRTOS/Source/tasks.c **** } tskTCB;
 340:Middlewares/Third_Party/FreeRTOS/Source/tasks.c **** 
 341:Middlewares/Third_Party/FreeRTOS/Source/tasks.c **** /* The old tskTCB name is maintained above then typedefed to the new TCB_t name
 342:Middlewares/Third_Party/FreeRTOS/Source/tasks.c **** below to enable the use of older kernel aware debuggers. */
 343:Middlewares/Third_Party/FreeRTOS/Source/tasks.c **** typedef tskTCB TCB_t;
 344:Middlewares/Third_Party/FreeRTOS/Source/tasks.c **** 
 345:Middlewares/Third_Party/FreeRTOS/Source/tasks.c **** /*lint -save -e956 A manual analysis and inspection has been used to determine
 346:Middlewares/Third_Party/FreeRTOS/Source/tasks.c **** which static variables must be declared volatile. */
 347:Middlewares/Third_Party/FreeRTOS/Source/tasks.c **** 
 348:Middlewares/Third_Party/FreeRTOS/Source/tasks.c **** PRIVILEGED_DATA TCB_t * volatile pxCurrentTCB = NULL;
 349:Middlewares/Third_Party/FreeRTOS/Source/tasks.c **** 
 350:Middlewares/Third_Party/FreeRTOS/Source/tasks.c **** /* Lists for ready and blocked tasks. --------------------*/
 351:Middlewares/Third_Party/FreeRTOS/Source/tasks.c **** PRIVILEGED_DATA static List_t pxReadyTasksLists[ configMAX_PRIORITIES ] = {0};	/*< Prioritised read
 352:Middlewares/Third_Party/FreeRTOS/Source/tasks.c **** PRIVILEGED_DATA static List_t xDelayedTaskList1 = {0};								/*< Delayed tasks. */
 353:Middlewares/Third_Party/FreeRTOS/Source/tasks.c **** PRIVILEGED_DATA static List_t xDelayedTaskList2 = {0};								/*< Delayed tasks (two lists are used
 354:Middlewares/Third_Party/FreeRTOS/Source/tasks.c **** PRIVILEGED_DATA static List_t * volatile pxDelayedTaskList = NULL;					/*< Points to the delayed ta
 355:Middlewares/Third_Party/FreeRTOS/Source/tasks.c **** PRIVILEGED_DATA static List_t * volatile pxOverflowDelayedTaskList = NULL;			/*< Points to the dela
 356:Middlewares/Third_Party/FreeRTOS/Source/tasks.c **** PRIVILEGED_DATA static List_t xPendingReadyList = {0};								/*< Tasks that have been readied whil
 357:Middlewares/Third_Party/FreeRTOS/Source/tasks.c **** 
 358:Middlewares/Third_Party/FreeRTOS/Source/tasks.c **** #if( INCLUDE_vTaskDelete == 1 )
 359:Middlewares/Third_Party/FreeRTOS/Source/tasks.c **** 
 360:Middlewares/Third_Party/FreeRTOS/Source/tasks.c **** 	PRIVILEGED_DATA static List_t xTasksWaitingTermination = {0};					/*< Tasks that have been deleted
 361:Middlewares/Third_Party/FreeRTOS/Source/tasks.c **** 	PRIVILEGED_DATA static volatile UBaseType_t uxDeletedTasksWaitingCleanUp = ( UBaseType_t ) 0U;
 362:Middlewares/Third_Party/FreeRTOS/Source/tasks.c **** 
 363:Middlewares/Third_Party/FreeRTOS/Source/tasks.c **** #endif
 364:Middlewares/Third_Party/FreeRTOS/Source/tasks.c **** 
 365:Middlewares/Third_Party/FreeRTOS/Source/tasks.c **** #if ( INCLUDE_vTaskSuspend == 1 )
 366:Middlewares/Third_Party/FreeRTOS/Source/tasks.c **** 
 367:Middlewares/Third_Party/FreeRTOS/Source/tasks.c **** 	PRIVILEGED_DATA static List_t xSuspendedTaskList = {0};						/*< Tasks that are currently suspende
 368:Middlewares/Third_Party/FreeRTOS/Source/tasks.c **** 
 369:Middlewares/Third_Party/FreeRTOS/Source/tasks.c **** #endif
 370:Middlewares/Third_Party/FreeRTOS/Source/tasks.c **** 
 371:Middlewares/Third_Party/FreeRTOS/Source/tasks.c **** /* Other file private variables. --------------------------------*/
 372:Middlewares/Third_Party/FreeRTOS/Source/tasks.c **** PRIVILEGED_DATA static volatile UBaseType_t uxCurrentNumberOfTasks 	= ( UBaseType_t ) 0U;
 373:Middlewares/Third_Party/FreeRTOS/Source/tasks.c **** PRIVILEGED_DATA static volatile TickType_t xTickCount 				= ( TickType_t ) configINITIAL_TICK_COUNT
 374:Middlewares/Third_Party/FreeRTOS/Source/tasks.c **** PRIVILEGED_DATA static volatile UBaseType_t uxTopReadyPriority 		= tskIDLE_PRIORITY;
ARM GAS  /tmp/ccshf83P.s 			page 8


 375:Middlewares/Third_Party/FreeRTOS/Source/tasks.c **** PRIVILEGED_DATA static volatile BaseType_t xSchedulerRunning 		= pdFALSE;
 376:Middlewares/Third_Party/FreeRTOS/Source/tasks.c **** PRIVILEGED_DATA static volatile UBaseType_t uxPendedTicks 			= ( UBaseType_t ) 0U;
 377:Middlewares/Third_Party/FreeRTOS/Source/tasks.c **** PRIVILEGED_DATA static volatile BaseType_t xYieldPending 			= pdFALSE;
 378:Middlewares/Third_Party/FreeRTOS/Source/tasks.c **** PRIVILEGED_DATA static volatile BaseType_t xNumOfOverflows 			= ( BaseType_t ) 0;
 379:Middlewares/Third_Party/FreeRTOS/Source/tasks.c **** PRIVILEGED_DATA static UBaseType_t uxTaskNumber 					= ( UBaseType_t ) 0U;
 380:Middlewares/Third_Party/FreeRTOS/Source/tasks.c **** PRIVILEGED_DATA static volatile TickType_t xNextTaskUnblockTime		= ( TickType_t ) 0U; /* Initialise
 381:Middlewares/Third_Party/FreeRTOS/Source/tasks.c **** PRIVILEGED_DATA static TaskHandle_t xIdleTaskHandle					= NULL;			/*< Holds the handle of the idle 
 382:Middlewares/Third_Party/FreeRTOS/Source/tasks.c **** 
 383:Middlewares/Third_Party/FreeRTOS/Source/tasks.c **** /* Context switches are held pending while the scheduler is suspended.  Also,
 384:Middlewares/Third_Party/FreeRTOS/Source/tasks.c **** interrupts must not manipulate the xStateListItem of a TCB, or any of the
 385:Middlewares/Third_Party/FreeRTOS/Source/tasks.c **** lists the xStateListItem can be referenced from, if the scheduler is suspended.
 386:Middlewares/Third_Party/FreeRTOS/Source/tasks.c **** If an interrupt needs to unblock a task while the scheduler is suspended then it
 387:Middlewares/Third_Party/FreeRTOS/Source/tasks.c **** moves the task's event list item into the xPendingReadyList, ready for the
 388:Middlewares/Third_Party/FreeRTOS/Source/tasks.c **** kernel to move the task from the pending ready list into the real ready list
 389:Middlewares/Third_Party/FreeRTOS/Source/tasks.c **** when the scheduler is unsuspended.  The pending ready list itself can only be
 390:Middlewares/Third_Party/FreeRTOS/Source/tasks.c **** accessed from a critical section. */
 391:Middlewares/Third_Party/FreeRTOS/Source/tasks.c **** PRIVILEGED_DATA static volatile UBaseType_t uxSchedulerSuspended	= ( UBaseType_t ) pdFALSE;
 392:Middlewares/Third_Party/FreeRTOS/Source/tasks.c **** 
 393:Middlewares/Third_Party/FreeRTOS/Source/tasks.c **** #if ( configGENERATE_RUN_TIME_STATS == 1 )
 394:Middlewares/Third_Party/FreeRTOS/Source/tasks.c **** 
 395:Middlewares/Third_Party/FreeRTOS/Source/tasks.c **** 	PRIVILEGED_DATA static uint32_t ulTaskSwitchedInTime = 0UL;	/*< Holds the value of a timer/counter
 396:Middlewares/Third_Party/FreeRTOS/Source/tasks.c **** 	PRIVILEGED_DATA static uint32_t ulTotalRunTime = 0UL;		/*< Holds the total amount of execution tim
 397:Middlewares/Third_Party/FreeRTOS/Source/tasks.c **** 
 398:Middlewares/Third_Party/FreeRTOS/Source/tasks.c **** #endif
 399:Middlewares/Third_Party/FreeRTOS/Source/tasks.c **** 
 400:Middlewares/Third_Party/FreeRTOS/Source/tasks.c **** /*lint -restore */
 401:Middlewares/Third_Party/FreeRTOS/Source/tasks.c **** 
 402:Middlewares/Third_Party/FreeRTOS/Source/tasks.c **** /*-----------------------------------------------------------*/
 403:Middlewares/Third_Party/FreeRTOS/Source/tasks.c **** 
 404:Middlewares/Third_Party/FreeRTOS/Source/tasks.c **** /* Callback function prototypes. --------------------------*/
 405:Middlewares/Third_Party/FreeRTOS/Source/tasks.c **** #if(  configCHECK_FOR_STACK_OVERFLOW > 0 )
 406:Middlewares/Third_Party/FreeRTOS/Source/tasks.c **** 	extern void vApplicationStackOverflowHook( TaskHandle_t xTask, char *pcTaskName );
 407:Middlewares/Third_Party/FreeRTOS/Source/tasks.c **** #endif
 408:Middlewares/Third_Party/FreeRTOS/Source/tasks.c **** 
 409:Middlewares/Third_Party/FreeRTOS/Source/tasks.c **** #if( configUSE_TICK_HOOK > 0 )
 410:Middlewares/Third_Party/FreeRTOS/Source/tasks.c **** 	extern void vApplicationTickHook( void );
 411:Middlewares/Third_Party/FreeRTOS/Source/tasks.c **** #endif
 412:Middlewares/Third_Party/FreeRTOS/Source/tasks.c **** 
 413:Middlewares/Third_Party/FreeRTOS/Source/tasks.c **** #if( configSUPPORT_STATIC_ALLOCATION == 1 )
 414:Middlewares/Third_Party/FreeRTOS/Source/tasks.c **** 	extern void vApplicationGetIdleTaskMemory( StaticTask_t **ppxIdleTaskTCBBuffer, StackType_t **ppxI
 415:Middlewares/Third_Party/FreeRTOS/Source/tasks.c **** #endif
 416:Middlewares/Third_Party/FreeRTOS/Source/tasks.c **** 
 417:Middlewares/Third_Party/FreeRTOS/Source/tasks.c **** /* File private functions. --------------------------------*/
 418:Middlewares/Third_Party/FreeRTOS/Source/tasks.c **** 
 419:Middlewares/Third_Party/FreeRTOS/Source/tasks.c **** /**
 420:Middlewares/Third_Party/FreeRTOS/Source/tasks.c ****  * Utility task that simply returns pdTRUE if the task referenced by xTask is
 421:Middlewares/Third_Party/FreeRTOS/Source/tasks.c ****  * currently in the Suspended state, or pdFALSE if the task referenced by xTask
 422:Middlewares/Third_Party/FreeRTOS/Source/tasks.c ****  * is in any other state.
 423:Middlewares/Third_Party/FreeRTOS/Source/tasks.c ****  */
 424:Middlewares/Third_Party/FreeRTOS/Source/tasks.c **** #if ( INCLUDE_vTaskSuspend == 1 )
 425:Middlewares/Third_Party/FreeRTOS/Source/tasks.c **** 
 426:Middlewares/Third_Party/FreeRTOS/Source/tasks.c **** 	static BaseType_t prvTaskIsTaskSuspended( const TaskHandle_t xTask ) PRIVILEGED_FUNCTION;
 427:Middlewares/Third_Party/FreeRTOS/Source/tasks.c **** 
 428:Middlewares/Third_Party/FreeRTOS/Source/tasks.c **** #endif /* INCLUDE_vTaskSuspend */
 429:Middlewares/Third_Party/FreeRTOS/Source/tasks.c **** 
 430:Middlewares/Third_Party/FreeRTOS/Source/tasks.c **** /*
 431:Middlewares/Third_Party/FreeRTOS/Source/tasks.c ****  * Utility to ready all the lists used by the scheduler.  This is called
ARM GAS  /tmp/ccshf83P.s 			page 9


 432:Middlewares/Third_Party/FreeRTOS/Source/tasks.c ****  * automatically upon the creation of the first task.
 433:Middlewares/Third_Party/FreeRTOS/Source/tasks.c ****  */
 434:Middlewares/Third_Party/FreeRTOS/Source/tasks.c **** static void prvInitialiseTaskLists( void ) PRIVILEGED_FUNCTION;
 435:Middlewares/Third_Party/FreeRTOS/Source/tasks.c **** 
 436:Middlewares/Third_Party/FreeRTOS/Source/tasks.c **** /*
 437:Middlewares/Third_Party/FreeRTOS/Source/tasks.c ****  * The idle task, which as all tasks is implemented as a never ending loop.
 438:Middlewares/Third_Party/FreeRTOS/Source/tasks.c ****  * The idle task is automatically created and added to the ready lists upon
 439:Middlewares/Third_Party/FreeRTOS/Source/tasks.c ****  * creation of the first user task.
 440:Middlewares/Third_Party/FreeRTOS/Source/tasks.c ****  *
 441:Middlewares/Third_Party/FreeRTOS/Source/tasks.c ****  * The portTASK_FUNCTION_PROTO() macro is used to allow port/compiler specific
 442:Middlewares/Third_Party/FreeRTOS/Source/tasks.c ****  * language extensions.  The equivalent prototype for this function is:
 443:Middlewares/Third_Party/FreeRTOS/Source/tasks.c ****  *
 444:Middlewares/Third_Party/FreeRTOS/Source/tasks.c ****  * void prvIdleTask( void *pvParameters );
 445:Middlewares/Third_Party/FreeRTOS/Source/tasks.c ****  *
 446:Middlewares/Third_Party/FreeRTOS/Source/tasks.c ****  */
 447:Middlewares/Third_Party/FreeRTOS/Source/tasks.c **** static portTASK_FUNCTION_PROTO( prvIdleTask, pvParameters );
 448:Middlewares/Third_Party/FreeRTOS/Source/tasks.c **** 
 449:Middlewares/Third_Party/FreeRTOS/Source/tasks.c **** /*
 450:Middlewares/Third_Party/FreeRTOS/Source/tasks.c ****  * Utility to free all memory allocated by the scheduler to hold a TCB,
 451:Middlewares/Third_Party/FreeRTOS/Source/tasks.c ****  * including the stack pointed to by the TCB.
 452:Middlewares/Third_Party/FreeRTOS/Source/tasks.c ****  *
 453:Middlewares/Third_Party/FreeRTOS/Source/tasks.c ****  * This does not free memory allocated by the task itself (i.e. memory
 454:Middlewares/Third_Party/FreeRTOS/Source/tasks.c ****  * allocated by calls to pvPortMalloc from within the tasks application code).
 455:Middlewares/Third_Party/FreeRTOS/Source/tasks.c ****  */
 456:Middlewares/Third_Party/FreeRTOS/Source/tasks.c **** #if ( INCLUDE_vTaskDelete == 1 )
 457:Middlewares/Third_Party/FreeRTOS/Source/tasks.c **** 
 458:Middlewares/Third_Party/FreeRTOS/Source/tasks.c **** 	static void prvDeleteTCB( TCB_t *pxTCB ) PRIVILEGED_FUNCTION;
 459:Middlewares/Third_Party/FreeRTOS/Source/tasks.c **** 
 460:Middlewares/Third_Party/FreeRTOS/Source/tasks.c **** #endif
 461:Middlewares/Third_Party/FreeRTOS/Source/tasks.c **** 
 462:Middlewares/Third_Party/FreeRTOS/Source/tasks.c **** /*
 463:Middlewares/Third_Party/FreeRTOS/Source/tasks.c ****  * Used only by the idle task.  This checks to see if anything has been placed
 464:Middlewares/Third_Party/FreeRTOS/Source/tasks.c ****  * in the list of tasks waiting to be deleted.  If so the task is cleaned up
 465:Middlewares/Third_Party/FreeRTOS/Source/tasks.c ****  * and its TCB deleted.
 466:Middlewares/Third_Party/FreeRTOS/Source/tasks.c ****  */
 467:Middlewares/Third_Party/FreeRTOS/Source/tasks.c **** static void prvCheckTasksWaitingTermination( void ) PRIVILEGED_FUNCTION;
 468:Middlewares/Third_Party/FreeRTOS/Source/tasks.c **** 
 469:Middlewares/Third_Party/FreeRTOS/Source/tasks.c **** /*
 470:Middlewares/Third_Party/FreeRTOS/Source/tasks.c ****  * The currently executing task is entering the Blocked state.  Add the task to
 471:Middlewares/Third_Party/FreeRTOS/Source/tasks.c ****  * either the current or the overflow delayed task list.
 472:Middlewares/Third_Party/FreeRTOS/Source/tasks.c ****  */
 473:Middlewares/Third_Party/FreeRTOS/Source/tasks.c **** static void prvAddCurrentTaskToDelayedList( TickType_t xTicksToWait, const BaseType_t xCanBlockInde
 474:Middlewares/Third_Party/FreeRTOS/Source/tasks.c **** 
 475:Middlewares/Third_Party/FreeRTOS/Source/tasks.c **** /*
 476:Middlewares/Third_Party/FreeRTOS/Source/tasks.c ****  * Fills an TaskStatus_t structure with information on each task that is
 477:Middlewares/Third_Party/FreeRTOS/Source/tasks.c ****  * referenced from the pxList list (which may be a ready list, a delayed list,
 478:Middlewares/Third_Party/FreeRTOS/Source/tasks.c ****  * a suspended list, etc.).
 479:Middlewares/Third_Party/FreeRTOS/Source/tasks.c ****  *
 480:Middlewares/Third_Party/FreeRTOS/Source/tasks.c ****  * THIS FUNCTION IS INTENDED FOR DEBUGGING ONLY, AND SHOULD NOT BE CALLED FROM
 481:Middlewares/Third_Party/FreeRTOS/Source/tasks.c ****  * NORMAL APPLICATION CODE.
 482:Middlewares/Third_Party/FreeRTOS/Source/tasks.c ****  */
 483:Middlewares/Third_Party/FreeRTOS/Source/tasks.c **** #if ( configUSE_TRACE_FACILITY == 1 )
 484:Middlewares/Third_Party/FreeRTOS/Source/tasks.c **** 
 485:Middlewares/Third_Party/FreeRTOS/Source/tasks.c **** 	static UBaseType_t prvListTasksWithinSingleList( TaskStatus_t *pxTaskStatusArray, List_t *pxList, 
 486:Middlewares/Third_Party/FreeRTOS/Source/tasks.c **** 
 487:Middlewares/Third_Party/FreeRTOS/Source/tasks.c **** #endif
 488:Middlewares/Third_Party/FreeRTOS/Source/tasks.c **** 
ARM GAS  /tmp/ccshf83P.s 			page 10


 489:Middlewares/Third_Party/FreeRTOS/Source/tasks.c **** /*
 490:Middlewares/Third_Party/FreeRTOS/Source/tasks.c ****  * Searches pxList for a task with name pcNameToQuery - returning a handle to
 491:Middlewares/Third_Party/FreeRTOS/Source/tasks.c ****  * the task if it is found, or NULL if the task is not found.
 492:Middlewares/Third_Party/FreeRTOS/Source/tasks.c ****  */
 493:Middlewares/Third_Party/FreeRTOS/Source/tasks.c **** #if ( INCLUDE_xTaskGetHandle == 1 )
 494:Middlewares/Third_Party/FreeRTOS/Source/tasks.c **** 
 495:Middlewares/Third_Party/FreeRTOS/Source/tasks.c **** 	static TCB_t *prvSearchForNameWithinSingleList( List_t *pxList, const char pcNameToQuery[] ) PRIVI
 496:Middlewares/Third_Party/FreeRTOS/Source/tasks.c **** 
 497:Middlewares/Third_Party/FreeRTOS/Source/tasks.c **** #endif
 498:Middlewares/Third_Party/FreeRTOS/Source/tasks.c **** 
 499:Middlewares/Third_Party/FreeRTOS/Source/tasks.c **** /*
 500:Middlewares/Third_Party/FreeRTOS/Source/tasks.c ****  * When a task is created, the stack of the task is filled with a known value.
 501:Middlewares/Third_Party/FreeRTOS/Source/tasks.c ****  * This function determines the 'high water mark' of the task stack by
 502:Middlewares/Third_Party/FreeRTOS/Source/tasks.c ****  * determining how much of the stack remains at the original preset value.
 503:Middlewares/Third_Party/FreeRTOS/Source/tasks.c ****  */
 504:Middlewares/Third_Party/FreeRTOS/Source/tasks.c **** #if ( ( configUSE_TRACE_FACILITY == 1 ) || ( INCLUDE_uxTaskGetStackHighWaterMark == 1 ) )
 505:Middlewares/Third_Party/FreeRTOS/Source/tasks.c **** 
 506:Middlewares/Third_Party/FreeRTOS/Source/tasks.c **** 	static uint16_t prvTaskCheckFreeStackSpace( const uint8_t * pucStackByte ) PRIVILEGED_FUNCTION;
 507:Middlewares/Third_Party/FreeRTOS/Source/tasks.c **** 
 508:Middlewares/Third_Party/FreeRTOS/Source/tasks.c **** #endif
 509:Middlewares/Third_Party/FreeRTOS/Source/tasks.c **** 
 510:Middlewares/Third_Party/FreeRTOS/Source/tasks.c **** /*
 511:Middlewares/Third_Party/FreeRTOS/Source/tasks.c ****  * Return the amount of time, in ticks, that will pass before the kernel will
 512:Middlewares/Third_Party/FreeRTOS/Source/tasks.c ****  * next move a task from the Blocked state to the Running state.
 513:Middlewares/Third_Party/FreeRTOS/Source/tasks.c ****  *
 514:Middlewares/Third_Party/FreeRTOS/Source/tasks.c ****  * This conditional compilation should use inequality to 0, not equality to 1.
 515:Middlewares/Third_Party/FreeRTOS/Source/tasks.c ****  * This is to ensure portSUPPRESS_TICKS_AND_SLEEP() can be called when user
 516:Middlewares/Third_Party/FreeRTOS/Source/tasks.c ****  * defined low power mode implementations require configUSE_TICKLESS_IDLE to be
 517:Middlewares/Third_Party/FreeRTOS/Source/tasks.c ****  * set to a value other than 1.
 518:Middlewares/Third_Party/FreeRTOS/Source/tasks.c ****  */
 519:Middlewares/Third_Party/FreeRTOS/Source/tasks.c **** #if ( configUSE_TICKLESS_IDLE != 0 )
 520:Middlewares/Third_Party/FreeRTOS/Source/tasks.c **** 
 521:Middlewares/Third_Party/FreeRTOS/Source/tasks.c **** 	static TickType_t prvGetExpectedIdleTime( void ) PRIVILEGED_FUNCTION;
 522:Middlewares/Third_Party/FreeRTOS/Source/tasks.c **** 
 523:Middlewares/Third_Party/FreeRTOS/Source/tasks.c **** #endif
 524:Middlewares/Third_Party/FreeRTOS/Source/tasks.c **** 
 525:Middlewares/Third_Party/FreeRTOS/Source/tasks.c **** /*
 526:Middlewares/Third_Party/FreeRTOS/Source/tasks.c ****  * Set xNextTaskUnblockTime to the time at which the next Blocked state task
 527:Middlewares/Third_Party/FreeRTOS/Source/tasks.c ****  * will exit the Blocked state.
 528:Middlewares/Third_Party/FreeRTOS/Source/tasks.c ****  */
 529:Middlewares/Third_Party/FreeRTOS/Source/tasks.c **** static void prvResetNextTaskUnblockTime( void );
 530:Middlewares/Third_Party/FreeRTOS/Source/tasks.c **** 
 531:Middlewares/Third_Party/FreeRTOS/Source/tasks.c **** #if ( ( configUSE_TRACE_FACILITY == 1 ) && ( configUSE_STATS_FORMATTING_FUNCTIONS > 0 ) )
 532:Middlewares/Third_Party/FreeRTOS/Source/tasks.c **** 
 533:Middlewares/Third_Party/FreeRTOS/Source/tasks.c **** 	/*
 534:Middlewares/Third_Party/FreeRTOS/Source/tasks.c **** 	 * Helper function used to pad task names with spaces when printing out
 535:Middlewares/Third_Party/FreeRTOS/Source/tasks.c **** 	 * human readable tables of task information.
 536:Middlewares/Third_Party/FreeRTOS/Source/tasks.c **** 	 */
 537:Middlewares/Third_Party/FreeRTOS/Source/tasks.c **** 	static char *prvWriteNameToBuffer( char *pcBuffer, const char *pcTaskName ) PRIVILEGED_FUNCTION;
 538:Middlewares/Third_Party/FreeRTOS/Source/tasks.c **** 
 539:Middlewares/Third_Party/FreeRTOS/Source/tasks.c **** #endif
 540:Middlewares/Third_Party/FreeRTOS/Source/tasks.c **** 
 541:Middlewares/Third_Party/FreeRTOS/Source/tasks.c **** /*
 542:Middlewares/Third_Party/FreeRTOS/Source/tasks.c ****  * Called after a Task_t structure has been allocated either statically or
 543:Middlewares/Third_Party/FreeRTOS/Source/tasks.c ****  * dynamically to fill in the structure's members.
 544:Middlewares/Third_Party/FreeRTOS/Source/tasks.c ****  */
 545:Middlewares/Third_Party/FreeRTOS/Source/tasks.c **** static void prvInitialiseNewTask( 	TaskFunction_t pxTaskCode,
ARM GAS  /tmp/ccshf83P.s 			page 11


 546:Middlewares/Third_Party/FreeRTOS/Source/tasks.c **** 									const char * const pcName, 		/*lint !e971 Unqualified char types are allowed for strings a
 547:Middlewares/Third_Party/FreeRTOS/Source/tasks.c **** 									const uint32_t ulStackDepth,
 548:Middlewares/Third_Party/FreeRTOS/Source/tasks.c **** 									void * const pvParameters,
 549:Middlewares/Third_Party/FreeRTOS/Source/tasks.c **** 									UBaseType_t uxPriority,
 550:Middlewares/Third_Party/FreeRTOS/Source/tasks.c **** 									TaskHandle_t * const pxCreatedTask,
 551:Middlewares/Third_Party/FreeRTOS/Source/tasks.c **** 									TCB_t *pxNewTCB,
 552:Middlewares/Third_Party/FreeRTOS/Source/tasks.c **** 									const MemoryRegion_t * const xRegions ) PRIVILEGED_FUNCTION;
 553:Middlewares/Third_Party/FreeRTOS/Source/tasks.c **** 
 554:Middlewares/Third_Party/FreeRTOS/Source/tasks.c **** /*
 555:Middlewares/Third_Party/FreeRTOS/Source/tasks.c ****  * Called after a new task has been created and initialised to place the task
 556:Middlewares/Third_Party/FreeRTOS/Source/tasks.c ****  * under the control of the scheduler.
 557:Middlewares/Third_Party/FreeRTOS/Source/tasks.c ****  */
 558:Middlewares/Third_Party/FreeRTOS/Source/tasks.c **** static void prvAddNewTaskToReadyList( TCB_t *pxNewTCB ) PRIVILEGED_FUNCTION;
 559:Middlewares/Third_Party/FreeRTOS/Source/tasks.c **** 
 560:Middlewares/Third_Party/FreeRTOS/Source/tasks.c **** /*
 561:Middlewares/Third_Party/FreeRTOS/Source/tasks.c ****  * freertos_tasks_c_additions_init() should only be called if the user definable
 562:Middlewares/Third_Party/FreeRTOS/Source/tasks.c ****  * macro FREERTOS_TASKS_C_ADDITIONS_INIT() is defined, as that is the only macro
 563:Middlewares/Third_Party/FreeRTOS/Source/tasks.c ****  * called by the function.
 564:Middlewares/Third_Party/FreeRTOS/Source/tasks.c ****  */
 565:Middlewares/Third_Party/FreeRTOS/Source/tasks.c **** #ifdef FREERTOS_TASKS_C_ADDITIONS_INIT
 566:Middlewares/Third_Party/FreeRTOS/Source/tasks.c **** 
 567:Middlewares/Third_Party/FreeRTOS/Source/tasks.c **** 	static void freertos_tasks_c_additions_init( void ) PRIVILEGED_FUNCTION;
 568:Middlewares/Third_Party/FreeRTOS/Source/tasks.c **** 
 569:Middlewares/Third_Party/FreeRTOS/Source/tasks.c **** #endif
 570:Middlewares/Third_Party/FreeRTOS/Source/tasks.c **** 
 571:Middlewares/Third_Party/FreeRTOS/Source/tasks.c **** /*-----------------------------------------------------------*/
 572:Middlewares/Third_Party/FreeRTOS/Source/tasks.c **** 
 573:Middlewares/Third_Party/FreeRTOS/Source/tasks.c **** #if( configSUPPORT_STATIC_ALLOCATION == 1 )
 574:Middlewares/Third_Party/FreeRTOS/Source/tasks.c **** 
 575:Middlewares/Third_Party/FreeRTOS/Source/tasks.c **** 	TaskHandle_t xTaskCreateStatic(	TaskFunction_t pxTaskCode,
 576:Middlewares/Third_Party/FreeRTOS/Source/tasks.c **** 									const char * const pcName,		/*lint !e971 Unqualified char types are allowed for strings an
 577:Middlewares/Third_Party/FreeRTOS/Source/tasks.c **** 									const uint32_t ulStackDepth,
 578:Middlewares/Third_Party/FreeRTOS/Source/tasks.c **** 									void * const pvParameters,
 579:Middlewares/Third_Party/FreeRTOS/Source/tasks.c **** 									UBaseType_t uxPriority,
 580:Middlewares/Third_Party/FreeRTOS/Source/tasks.c **** 									StackType_t * const puxStackBuffer,
 581:Middlewares/Third_Party/FreeRTOS/Source/tasks.c **** 									StaticTask_t * const pxTaskBuffer )
 582:Middlewares/Third_Party/FreeRTOS/Source/tasks.c **** 	{
 583:Middlewares/Third_Party/FreeRTOS/Source/tasks.c **** 	TCB_t *pxNewTCB;
 584:Middlewares/Third_Party/FreeRTOS/Source/tasks.c **** 	TaskHandle_t xReturn;
 585:Middlewares/Third_Party/FreeRTOS/Source/tasks.c **** 
 586:Middlewares/Third_Party/FreeRTOS/Source/tasks.c **** 		configASSERT( puxStackBuffer != NULL );
 587:Middlewares/Third_Party/FreeRTOS/Source/tasks.c **** 		configASSERT( pxTaskBuffer != NULL );
 588:Middlewares/Third_Party/FreeRTOS/Source/tasks.c **** 
 589:Middlewares/Third_Party/FreeRTOS/Source/tasks.c **** 		#if( configASSERT_DEFINED == 1 )
 590:Middlewares/Third_Party/FreeRTOS/Source/tasks.c **** 		{
 591:Middlewares/Third_Party/FreeRTOS/Source/tasks.c **** 			/* Sanity check that the size of the structure used to declare a
 592:Middlewares/Third_Party/FreeRTOS/Source/tasks.c **** 			variable of type StaticTask_t equals the size of the real task
 593:Middlewares/Third_Party/FreeRTOS/Source/tasks.c **** 			structure. */
 594:Middlewares/Third_Party/FreeRTOS/Source/tasks.c **** 			volatile size_t xSize = sizeof( StaticTask_t );
 595:Middlewares/Third_Party/FreeRTOS/Source/tasks.c **** 			configASSERT( xSize == sizeof( TCB_t ) );
 596:Middlewares/Third_Party/FreeRTOS/Source/tasks.c **** 		}
 597:Middlewares/Third_Party/FreeRTOS/Source/tasks.c **** 		#endif /* configASSERT_DEFINED */
 598:Middlewares/Third_Party/FreeRTOS/Source/tasks.c **** 
 599:Middlewares/Third_Party/FreeRTOS/Source/tasks.c **** 
 600:Middlewares/Third_Party/FreeRTOS/Source/tasks.c **** 		if( ( pxTaskBuffer != NULL ) && ( puxStackBuffer != NULL ) )
 601:Middlewares/Third_Party/FreeRTOS/Source/tasks.c **** 		{
 602:Middlewares/Third_Party/FreeRTOS/Source/tasks.c **** 			/* The memory used for the task's TCB and stack are passed into this
ARM GAS  /tmp/ccshf83P.s 			page 12


 603:Middlewares/Third_Party/FreeRTOS/Source/tasks.c **** 			function - use them. */
 604:Middlewares/Third_Party/FreeRTOS/Source/tasks.c **** 			pxNewTCB = ( TCB_t * ) pxTaskBuffer; /*lint !e740 Unusual cast is ok as the structures are desig
 605:Middlewares/Third_Party/FreeRTOS/Source/tasks.c **** 			pxNewTCB->pxStack = ( StackType_t * ) puxStackBuffer;
 606:Middlewares/Third_Party/FreeRTOS/Source/tasks.c **** 
 607:Middlewares/Third_Party/FreeRTOS/Source/tasks.c **** 			#if( tskSTATIC_AND_DYNAMIC_ALLOCATION_POSSIBLE != 0 ) /*lint !e731 Macro has been consolidated f
 608:Middlewares/Third_Party/FreeRTOS/Source/tasks.c **** 			{
 609:Middlewares/Third_Party/FreeRTOS/Source/tasks.c **** 				/* Tasks can be created statically or dynamically, so note this
 610:Middlewares/Third_Party/FreeRTOS/Source/tasks.c **** 				task was created statically in case the task is later deleted. */
 611:Middlewares/Third_Party/FreeRTOS/Source/tasks.c **** 				pxNewTCB->ucStaticallyAllocated = tskSTATICALLY_ALLOCATED_STACK_AND_TCB;
 612:Middlewares/Third_Party/FreeRTOS/Source/tasks.c **** 			}
 613:Middlewares/Third_Party/FreeRTOS/Source/tasks.c **** 			#endif /* configSUPPORT_DYNAMIC_ALLOCATION */
 614:Middlewares/Third_Party/FreeRTOS/Source/tasks.c **** 
 615:Middlewares/Third_Party/FreeRTOS/Source/tasks.c **** 			prvInitialiseNewTask( pxTaskCode, pcName, ulStackDepth, pvParameters, uxPriority, &xReturn, pxNe
 616:Middlewares/Third_Party/FreeRTOS/Source/tasks.c **** 			prvAddNewTaskToReadyList( pxNewTCB );
 617:Middlewares/Third_Party/FreeRTOS/Source/tasks.c **** 		}
 618:Middlewares/Third_Party/FreeRTOS/Source/tasks.c **** 		else
 619:Middlewares/Third_Party/FreeRTOS/Source/tasks.c **** 		{
 620:Middlewares/Third_Party/FreeRTOS/Source/tasks.c **** 			xReturn = NULL;
 621:Middlewares/Third_Party/FreeRTOS/Source/tasks.c **** 		}
 622:Middlewares/Third_Party/FreeRTOS/Source/tasks.c **** 
 623:Middlewares/Third_Party/FreeRTOS/Source/tasks.c **** 		return xReturn;
 624:Middlewares/Third_Party/FreeRTOS/Source/tasks.c **** 	}
 625:Middlewares/Third_Party/FreeRTOS/Source/tasks.c **** 
 626:Middlewares/Third_Party/FreeRTOS/Source/tasks.c **** #endif /* SUPPORT_STATIC_ALLOCATION */
 627:Middlewares/Third_Party/FreeRTOS/Source/tasks.c **** /*-----------------------------------------------------------*/
 628:Middlewares/Third_Party/FreeRTOS/Source/tasks.c **** 
 629:Middlewares/Third_Party/FreeRTOS/Source/tasks.c **** #if( ( portUSING_MPU_WRAPPERS == 1 ) && ( configSUPPORT_STATIC_ALLOCATION == 1 ) )
 630:Middlewares/Third_Party/FreeRTOS/Source/tasks.c **** 
 631:Middlewares/Third_Party/FreeRTOS/Source/tasks.c **** 	BaseType_t xTaskCreateRestrictedStatic( const TaskParameters_t * const pxTaskDefinition, TaskHandl
 632:Middlewares/Third_Party/FreeRTOS/Source/tasks.c **** 	{
 633:Middlewares/Third_Party/FreeRTOS/Source/tasks.c **** 	TCB_t *pxNewTCB;
 634:Middlewares/Third_Party/FreeRTOS/Source/tasks.c **** 	BaseType_t xReturn = errCOULD_NOT_ALLOCATE_REQUIRED_MEMORY;
 635:Middlewares/Third_Party/FreeRTOS/Source/tasks.c **** 
 636:Middlewares/Third_Party/FreeRTOS/Source/tasks.c **** 		configASSERT( pxTaskDefinition->puxStackBuffer != NULL );
 637:Middlewares/Third_Party/FreeRTOS/Source/tasks.c **** 		configASSERT( pxTaskDefinition->pxTaskBuffer != NULL );
 638:Middlewares/Third_Party/FreeRTOS/Source/tasks.c **** 
 639:Middlewares/Third_Party/FreeRTOS/Source/tasks.c **** 		if( ( pxTaskDefinition->puxStackBuffer != NULL ) && ( pxTaskDefinition->pxTaskBuffer != NULL ) )
 640:Middlewares/Third_Party/FreeRTOS/Source/tasks.c **** 		{
 641:Middlewares/Third_Party/FreeRTOS/Source/tasks.c **** 			/* Allocate space for the TCB.  Where the memory comes from depends
 642:Middlewares/Third_Party/FreeRTOS/Source/tasks.c **** 			on the implementation of the port malloc function and whether or
 643:Middlewares/Third_Party/FreeRTOS/Source/tasks.c **** 			not static allocation is being used. */
 644:Middlewares/Third_Party/FreeRTOS/Source/tasks.c **** 			pxNewTCB = ( TCB_t * ) pxTaskDefinition->pxTaskBuffer;
 645:Middlewares/Third_Party/FreeRTOS/Source/tasks.c **** 
 646:Middlewares/Third_Party/FreeRTOS/Source/tasks.c **** 			/* Store the stack location in the TCB. */
 647:Middlewares/Third_Party/FreeRTOS/Source/tasks.c **** 			pxNewTCB->pxStack = pxTaskDefinition->puxStackBuffer;
 648:Middlewares/Third_Party/FreeRTOS/Source/tasks.c **** 
 649:Middlewares/Third_Party/FreeRTOS/Source/tasks.c **** 			#if( tskSTATIC_AND_DYNAMIC_ALLOCATION_POSSIBLE != 0 )
 650:Middlewares/Third_Party/FreeRTOS/Source/tasks.c **** 			{
 651:Middlewares/Third_Party/FreeRTOS/Source/tasks.c **** 				/* Tasks can be created statically or dynamically, so note this
 652:Middlewares/Third_Party/FreeRTOS/Source/tasks.c **** 				task was created statically in case the task is later deleted. */
 653:Middlewares/Third_Party/FreeRTOS/Source/tasks.c **** 				pxNewTCB->ucStaticallyAllocated = tskSTATICALLY_ALLOCATED_STACK_AND_TCB;
 654:Middlewares/Third_Party/FreeRTOS/Source/tasks.c **** 			}
 655:Middlewares/Third_Party/FreeRTOS/Source/tasks.c **** 			#endif /* configSUPPORT_DYNAMIC_ALLOCATION */
 656:Middlewares/Third_Party/FreeRTOS/Source/tasks.c **** 
 657:Middlewares/Third_Party/FreeRTOS/Source/tasks.c **** 			prvInitialiseNewTask(	pxTaskDefinition->pvTaskCode,
 658:Middlewares/Third_Party/FreeRTOS/Source/tasks.c **** 									pxTaskDefinition->pcName,
 659:Middlewares/Third_Party/FreeRTOS/Source/tasks.c **** 									( uint32_t ) pxTaskDefinition->usStackDepth,
ARM GAS  /tmp/ccshf83P.s 			page 13


 660:Middlewares/Third_Party/FreeRTOS/Source/tasks.c **** 									pxTaskDefinition->pvParameters,
 661:Middlewares/Third_Party/FreeRTOS/Source/tasks.c **** 									pxTaskDefinition->uxPriority,
 662:Middlewares/Third_Party/FreeRTOS/Source/tasks.c **** 									pxCreatedTask, pxNewTCB,
 663:Middlewares/Third_Party/FreeRTOS/Source/tasks.c **** 									pxTaskDefinition->xRegions );
 664:Middlewares/Third_Party/FreeRTOS/Source/tasks.c **** 
 665:Middlewares/Third_Party/FreeRTOS/Source/tasks.c **** 			prvAddNewTaskToReadyList( pxNewTCB );
 666:Middlewares/Third_Party/FreeRTOS/Source/tasks.c **** 			xReturn = pdPASS;
 667:Middlewares/Third_Party/FreeRTOS/Source/tasks.c **** 		}
 668:Middlewares/Third_Party/FreeRTOS/Source/tasks.c **** 
 669:Middlewares/Third_Party/FreeRTOS/Source/tasks.c **** 		return xReturn;
 670:Middlewares/Third_Party/FreeRTOS/Source/tasks.c **** 	}
 671:Middlewares/Third_Party/FreeRTOS/Source/tasks.c **** 
 672:Middlewares/Third_Party/FreeRTOS/Source/tasks.c **** #endif /* ( portUSING_MPU_WRAPPERS == 1 ) && ( configSUPPORT_STATIC_ALLOCATION == 1 ) */
 673:Middlewares/Third_Party/FreeRTOS/Source/tasks.c **** /*-----------------------------------------------------------*/
 674:Middlewares/Third_Party/FreeRTOS/Source/tasks.c **** 
 675:Middlewares/Third_Party/FreeRTOS/Source/tasks.c **** #if( ( portUSING_MPU_WRAPPERS == 1 ) && ( configSUPPORT_DYNAMIC_ALLOCATION == 1 ) )
 676:Middlewares/Third_Party/FreeRTOS/Source/tasks.c **** 
 677:Middlewares/Third_Party/FreeRTOS/Source/tasks.c **** 	BaseType_t xTaskCreateRestricted( const TaskParameters_t * const pxTaskDefinition, TaskHandle_t *p
 678:Middlewares/Third_Party/FreeRTOS/Source/tasks.c **** 	{
 679:Middlewares/Third_Party/FreeRTOS/Source/tasks.c **** 	TCB_t *pxNewTCB;
 680:Middlewares/Third_Party/FreeRTOS/Source/tasks.c **** 	BaseType_t xReturn = errCOULD_NOT_ALLOCATE_REQUIRED_MEMORY;
 681:Middlewares/Third_Party/FreeRTOS/Source/tasks.c **** 
 682:Middlewares/Third_Party/FreeRTOS/Source/tasks.c **** 		configASSERT( pxTaskDefinition->puxStackBuffer );
 683:Middlewares/Third_Party/FreeRTOS/Source/tasks.c **** 
 684:Middlewares/Third_Party/FreeRTOS/Source/tasks.c **** 		if( pxTaskDefinition->puxStackBuffer != NULL )
 685:Middlewares/Third_Party/FreeRTOS/Source/tasks.c **** 		{
 686:Middlewares/Third_Party/FreeRTOS/Source/tasks.c **** 			/* Allocate space for the TCB.  Where the memory comes from depends
 687:Middlewares/Third_Party/FreeRTOS/Source/tasks.c **** 			on the implementation of the port malloc function and whether or
 688:Middlewares/Third_Party/FreeRTOS/Source/tasks.c **** 			not static allocation is being used. */
 689:Middlewares/Third_Party/FreeRTOS/Source/tasks.c **** 			pxNewTCB = ( TCB_t * ) pvPortMalloc( sizeof( TCB_t ) );
 690:Middlewares/Third_Party/FreeRTOS/Source/tasks.c **** 
 691:Middlewares/Third_Party/FreeRTOS/Source/tasks.c **** 			if( pxNewTCB != NULL )
 692:Middlewares/Third_Party/FreeRTOS/Source/tasks.c **** 			{
 693:Middlewares/Third_Party/FreeRTOS/Source/tasks.c **** 				/* Store the stack location in the TCB. */
 694:Middlewares/Third_Party/FreeRTOS/Source/tasks.c **** 				pxNewTCB->pxStack = pxTaskDefinition->puxStackBuffer;
 695:Middlewares/Third_Party/FreeRTOS/Source/tasks.c **** 
 696:Middlewares/Third_Party/FreeRTOS/Source/tasks.c **** 				#if( configSUPPORT_STATIC_ALLOCATION == 1 )
 697:Middlewares/Third_Party/FreeRTOS/Source/tasks.c **** 				{
 698:Middlewares/Third_Party/FreeRTOS/Source/tasks.c **** 					/* Tasks can be created statically or dynamically, so note
 699:Middlewares/Third_Party/FreeRTOS/Source/tasks.c **** 					this task had a statically allocated stack in case it is
 700:Middlewares/Third_Party/FreeRTOS/Source/tasks.c **** 					later deleted.  The TCB was allocated dynamically. */
 701:Middlewares/Third_Party/FreeRTOS/Source/tasks.c **** 					pxNewTCB->ucStaticallyAllocated = tskSTATICALLY_ALLOCATED_STACK_ONLY;
 702:Middlewares/Third_Party/FreeRTOS/Source/tasks.c **** 				}
 703:Middlewares/Third_Party/FreeRTOS/Source/tasks.c **** 				#endif
 704:Middlewares/Third_Party/FreeRTOS/Source/tasks.c **** 
 705:Middlewares/Third_Party/FreeRTOS/Source/tasks.c **** 				prvInitialiseNewTask(	pxTaskDefinition->pvTaskCode,
 706:Middlewares/Third_Party/FreeRTOS/Source/tasks.c **** 										pxTaskDefinition->pcName,
 707:Middlewares/Third_Party/FreeRTOS/Source/tasks.c **** 										( uint32_t ) pxTaskDefinition->usStackDepth,
 708:Middlewares/Third_Party/FreeRTOS/Source/tasks.c **** 										pxTaskDefinition->pvParameters,
 709:Middlewares/Third_Party/FreeRTOS/Source/tasks.c **** 										pxTaskDefinition->uxPriority,
 710:Middlewares/Third_Party/FreeRTOS/Source/tasks.c **** 										pxCreatedTask, pxNewTCB,
 711:Middlewares/Third_Party/FreeRTOS/Source/tasks.c **** 										pxTaskDefinition->xRegions );
 712:Middlewares/Third_Party/FreeRTOS/Source/tasks.c **** 
 713:Middlewares/Third_Party/FreeRTOS/Source/tasks.c **** 				prvAddNewTaskToReadyList( pxNewTCB );
 714:Middlewares/Third_Party/FreeRTOS/Source/tasks.c **** 				xReturn = pdPASS;
 715:Middlewares/Third_Party/FreeRTOS/Source/tasks.c **** 			}
 716:Middlewares/Third_Party/FreeRTOS/Source/tasks.c **** 		}
ARM GAS  /tmp/ccshf83P.s 			page 14


 717:Middlewares/Third_Party/FreeRTOS/Source/tasks.c **** 
 718:Middlewares/Third_Party/FreeRTOS/Source/tasks.c **** 		return xReturn;
 719:Middlewares/Third_Party/FreeRTOS/Source/tasks.c **** 	}
 720:Middlewares/Third_Party/FreeRTOS/Source/tasks.c **** 
 721:Middlewares/Third_Party/FreeRTOS/Source/tasks.c **** #endif /* portUSING_MPU_WRAPPERS */
 722:Middlewares/Third_Party/FreeRTOS/Source/tasks.c **** /*-----------------------------------------------------------*/
 723:Middlewares/Third_Party/FreeRTOS/Source/tasks.c **** 
 724:Middlewares/Third_Party/FreeRTOS/Source/tasks.c **** #if( configSUPPORT_DYNAMIC_ALLOCATION == 1 )
 725:Middlewares/Third_Party/FreeRTOS/Source/tasks.c **** 
 726:Middlewares/Third_Party/FreeRTOS/Source/tasks.c **** 	BaseType_t xTaskCreate(	TaskFunction_t pxTaskCode,
 727:Middlewares/Third_Party/FreeRTOS/Source/tasks.c **** 							const char * const pcName,		/*lint !e971 Unqualified char types are allowed for strings and 
 728:Middlewares/Third_Party/FreeRTOS/Source/tasks.c **** 							const configSTACK_DEPTH_TYPE usStackDepth,
 729:Middlewares/Third_Party/FreeRTOS/Source/tasks.c **** 							void * const pvParameters,
 730:Middlewares/Third_Party/FreeRTOS/Source/tasks.c **** 							UBaseType_t uxPriority,
 731:Middlewares/Third_Party/FreeRTOS/Source/tasks.c **** 							TaskHandle_t * const pxCreatedTask )
 732:Middlewares/Third_Party/FreeRTOS/Source/tasks.c **** 	{
 733:Middlewares/Third_Party/FreeRTOS/Source/tasks.c **** 	TCB_t *pxNewTCB;
 734:Middlewares/Third_Party/FreeRTOS/Source/tasks.c **** 	BaseType_t xReturn;
 735:Middlewares/Third_Party/FreeRTOS/Source/tasks.c **** 
 736:Middlewares/Third_Party/FreeRTOS/Source/tasks.c **** 		/* If the stack grows down then allocate the stack then the TCB so the stack
 737:Middlewares/Third_Party/FreeRTOS/Source/tasks.c **** 		does not grow into the TCB.  Likewise if the stack grows up then allocate
 738:Middlewares/Third_Party/FreeRTOS/Source/tasks.c **** 		the TCB then the stack. */
 739:Middlewares/Third_Party/FreeRTOS/Source/tasks.c **** 		#if( portSTACK_GROWTH > 0 )
 740:Middlewares/Third_Party/FreeRTOS/Source/tasks.c **** 		{
 741:Middlewares/Third_Party/FreeRTOS/Source/tasks.c **** 			/* Allocate space for the TCB.  Where the memory comes from depends on
 742:Middlewares/Third_Party/FreeRTOS/Source/tasks.c **** 			the implementation of the port malloc function and whether or not static
 743:Middlewares/Third_Party/FreeRTOS/Source/tasks.c **** 			allocation is being used. */
 744:Middlewares/Third_Party/FreeRTOS/Source/tasks.c **** 			pxNewTCB = ( TCB_t * ) pvPortMalloc( sizeof( TCB_t ) );
 745:Middlewares/Third_Party/FreeRTOS/Source/tasks.c **** 
 746:Middlewares/Third_Party/FreeRTOS/Source/tasks.c **** 			if( pxNewTCB != NULL )
 747:Middlewares/Third_Party/FreeRTOS/Source/tasks.c **** 			{
 748:Middlewares/Third_Party/FreeRTOS/Source/tasks.c **** 				/* Allocate space for the stack used by the task being created.
 749:Middlewares/Third_Party/FreeRTOS/Source/tasks.c **** 				The base of the stack memory stored in the TCB so the task can
 750:Middlewares/Third_Party/FreeRTOS/Source/tasks.c **** 				be deleted later if required. */
 751:Middlewares/Third_Party/FreeRTOS/Source/tasks.c **** 				pxNewTCB->pxStack = ( StackType_t * ) pvPortMalloc( ( ( ( size_t ) usStackDepth ) * sizeof( Sta
 752:Middlewares/Third_Party/FreeRTOS/Source/tasks.c **** 
 753:Middlewares/Third_Party/FreeRTOS/Source/tasks.c **** 				if( pxNewTCB->pxStack == NULL )
 754:Middlewares/Third_Party/FreeRTOS/Source/tasks.c **** 				{
 755:Middlewares/Third_Party/FreeRTOS/Source/tasks.c **** 					/* Could not allocate the stack.  Delete the allocated TCB. */
 756:Middlewares/Third_Party/FreeRTOS/Source/tasks.c **** 					vPortFree( pxNewTCB );
 757:Middlewares/Third_Party/FreeRTOS/Source/tasks.c **** 					pxNewTCB = NULL;
 758:Middlewares/Third_Party/FreeRTOS/Source/tasks.c **** 				}
 759:Middlewares/Third_Party/FreeRTOS/Source/tasks.c **** 			}
 760:Middlewares/Third_Party/FreeRTOS/Source/tasks.c **** 		}
 761:Middlewares/Third_Party/FreeRTOS/Source/tasks.c **** 		#else /* portSTACK_GROWTH */
 762:Middlewares/Third_Party/FreeRTOS/Source/tasks.c **** 		{
 763:Middlewares/Third_Party/FreeRTOS/Source/tasks.c **** 		StackType_t *pxStack;
 764:Middlewares/Third_Party/FreeRTOS/Source/tasks.c **** 
 765:Middlewares/Third_Party/FreeRTOS/Source/tasks.c **** 			/* Allocate space for the stack used by the task being created. */
 766:Middlewares/Third_Party/FreeRTOS/Source/tasks.c **** 			pxStack = ( StackType_t * ) pvPortMalloc( ( ( ( size_t ) usStackDepth ) * sizeof( StackType_t ) 
 767:Middlewares/Third_Party/FreeRTOS/Source/tasks.c **** 
 768:Middlewares/Third_Party/FreeRTOS/Source/tasks.c **** 			if( pxStack != NULL )
 769:Middlewares/Third_Party/FreeRTOS/Source/tasks.c **** 			{
 770:Middlewares/Third_Party/FreeRTOS/Source/tasks.c **** 				/* Allocate space for the TCB. */
 771:Middlewares/Third_Party/FreeRTOS/Source/tasks.c **** 				pxNewTCB = ( TCB_t * ) pvPortMalloc( sizeof( TCB_t ) ); /*lint !e961 MISRA exception as the cas
 772:Middlewares/Third_Party/FreeRTOS/Source/tasks.c **** 
 773:Middlewares/Third_Party/FreeRTOS/Source/tasks.c **** 				if( pxNewTCB != NULL )
ARM GAS  /tmp/ccshf83P.s 			page 15


 774:Middlewares/Third_Party/FreeRTOS/Source/tasks.c **** 				{
 775:Middlewares/Third_Party/FreeRTOS/Source/tasks.c **** 					/* Store the stack location in the TCB. */
 776:Middlewares/Third_Party/FreeRTOS/Source/tasks.c **** 					pxNewTCB->pxStack = pxStack;
 777:Middlewares/Third_Party/FreeRTOS/Source/tasks.c **** 				}
 778:Middlewares/Third_Party/FreeRTOS/Source/tasks.c **** 				else
 779:Middlewares/Third_Party/FreeRTOS/Source/tasks.c **** 				{
 780:Middlewares/Third_Party/FreeRTOS/Source/tasks.c **** 					/* The stack cannot be used as the TCB was not created.  Free
 781:Middlewares/Third_Party/FreeRTOS/Source/tasks.c **** 					it again. */
 782:Middlewares/Third_Party/FreeRTOS/Source/tasks.c **** 					vPortFree( pxStack );
 783:Middlewares/Third_Party/FreeRTOS/Source/tasks.c **** 				}
 784:Middlewares/Third_Party/FreeRTOS/Source/tasks.c **** 			}
 785:Middlewares/Third_Party/FreeRTOS/Source/tasks.c **** 			else
 786:Middlewares/Third_Party/FreeRTOS/Source/tasks.c **** 			{
 787:Middlewares/Third_Party/FreeRTOS/Source/tasks.c **** 				pxNewTCB = NULL;
 788:Middlewares/Third_Party/FreeRTOS/Source/tasks.c **** 			}
 789:Middlewares/Third_Party/FreeRTOS/Source/tasks.c **** 		}
 790:Middlewares/Third_Party/FreeRTOS/Source/tasks.c **** 		#endif /* portSTACK_GROWTH */
 791:Middlewares/Third_Party/FreeRTOS/Source/tasks.c **** 
 792:Middlewares/Third_Party/FreeRTOS/Source/tasks.c **** 		if( pxNewTCB != NULL )
 793:Middlewares/Third_Party/FreeRTOS/Source/tasks.c **** 		{
 794:Middlewares/Third_Party/FreeRTOS/Source/tasks.c **** 			#if( tskSTATIC_AND_DYNAMIC_ALLOCATION_POSSIBLE != 0 ) /*lint !e731 Macro has been consolidated f
 795:Middlewares/Third_Party/FreeRTOS/Source/tasks.c **** 			{
 796:Middlewares/Third_Party/FreeRTOS/Source/tasks.c **** 				/* Tasks can be created statically or dynamically, so note this
 797:Middlewares/Third_Party/FreeRTOS/Source/tasks.c **** 				task was created dynamically in case it is later deleted. */
 798:Middlewares/Third_Party/FreeRTOS/Source/tasks.c **** 				pxNewTCB->ucStaticallyAllocated = tskDYNAMICALLY_ALLOCATED_STACK_AND_TCB;
 799:Middlewares/Third_Party/FreeRTOS/Source/tasks.c **** 			}
 800:Middlewares/Third_Party/FreeRTOS/Source/tasks.c **** 			#endif /* configSUPPORT_STATIC_ALLOCATION */
 801:Middlewares/Third_Party/FreeRTOS/Source/tasks.c **** 
 802:Middlewares/Third_Party/FreeRTOS/Source/tasks.c **** 			prvInitialiseNewTask( pxTaskCode, pcName, ( uint32_t ) usStackDepth, pvParameters, uxPriority, p
 803:Middlewares/Third_Party/FreeRTOS/Source/tasks.c **** 			prvAddNewTaskToReadyList( pxNewTCB );
 804:Middlewares/Third_Party/FreeRTOS/Source/tasks.c **** 			xReturn = pdPASS;
 805:Middlewares/Third_Party/FreeRTOS/Source/tasks.c **** 		}
 806:Middlewares/Third_Party/FreeRTOS/Source/tasks.c **** 		else
 807:Middlewares/Third_Party/FreeRTOS/Source/tasks.c **** 		{
 808:Middlewares/Third_Party/FreeRTOS/Source/tasks.c **** 			xReturn = errCOULD_NOT_ALLOCATE_REQUIRED_MEMORY;
 809:Middlewares/Third_Party/FreeRTOS/Source/tasks.c **** 		}
 810:Middlewares/Third_Party/FreeRTOS/Source/tasks.c **** 
 811:Middlewares/Third_Party/FreeRTOS/Source/tasks.c **** 		return xReturn;
 812:Middlewares/Third_Party/FreeRTOS/Source/tasks.c **** 	}
 813:Middlewares/Third_Party/FreeRTOS/Source/tasks.c **** 
 814:Middlewares/Third_Party/FreeRTOS/Source/tasks.c **** #endif /* configSUPPORT_DYNAMIC_ALLOCATION */
 815:Middlewares/Third_Party/FreeRTOS/Source/tasks.c **** /*-----------------------------------------------------------*/
 816:Middlewares/Third_Party/FreeRTOS/Source/tasks.c **** 
 817:Middlewares/Third_Party/FreeRTOS/Source/tasks.c **** static void prvInitialiseNewTask( 	TaskFunction_t pxTaskCode,
 818:Middlewares/Third_Party/FreeRTOS/Source/tasks.c **** 									const char * const pcName,		/*lint !e971 Unqualified char types are allowed for strings an
 819:Middlewares/Third_Party/FreeRTOS/Source/tasks.c **** 									const uint32_t ulStackDepth,
 820:Middlewares/Third_Party/FreeRTOS/Source/tasks.c **** 									void * const pvParameters,
 821:Middlewares/Third_Party/FreeRTOS/Source/tasks.c **** 									UBaseType_t uxPriority,
 822:Middlewares/Third_Party/FreeRTOS/Source/tasks.c **** 									TaskHandle_t * const pxCreatedTask,
 823:Middlewares/Third_Party/FreeRTOS/Source/tasks.c **** 									TCB_t *pxNewTCB,
 824:Middlewares/Third_Party/FreeRTOS/Source/tasks.c **** 									const MemoryRegion_t * const xRegions )
 825:Middlewares/Third_Party/FreeRTOS/Source/tasks.c **** {
 826:Middlewares/Third_Party/FreeRTOS/Source/tasks.c **** StackType_t *pxTopOfStack;
 827:Middlewares/Third_Party/FreeRTOS/Source/tasks.c **** UBaseType_t x;
 828:Middlewares/Third_Party/FreeRTOS/Source/tasks.c **** 
 829:Middlewares/Third_Party/FreeRTOS/Source/tasks.c **** 	#if( portUSING_MPU_WRAPPERS == 1 )
 830:Middlewares/Third_Party/FreeRTOS/Source/tasks.c **** 		/* Should the task be created in privileged mode? */
ARM GAS  /tmp/ccshf83P.s 			page 16


 831:Middlewares/Third_Party/FreeRTOS/Source/tasks.c **** 		BaseType_t xRunPrivileged;
 832:Middlewares/Third_Party/FreeRTOS/Source/tasks.c **** 		if( ( uxPriority & portPRIVILEGE_BIT ) != 0U )
 833:Middlewares/Third_Party/FreeRTOS/Source/tasks.c **** 		{
 834:Middlewares/Third_Party/FreeRTOS/Source/tasks.c **** 			xRunPrivileged = pdTRUE;
 835:Middlewares/Third_Party/FreeRTOS/Source/tasks.c **** 		}
 836:Middlewares/Third_Party/FreeRTOS/Source/tasks.c **** 		else
 837:Middlewares/Third_Party/FreeRTOS/Source/tasks.c **** 		{
 838:Middlewares/Third_Party/FreeRTOS/Source/tasks.c **** 			xRunPrivileged = pdFALSE;
 839:Middlewares/Third_Party/FreeRTOS/Source/tasks.c **** 		}
 840:Middlewares/Third_Party/FreeRTOS/Source/tasks.c **** 		uxPriority &= ~portPRIVILEGE_BIT;
 841:Middlewares/Third_Party/FreeRTOS/Source/tasks.c **** 	#endif /* portUSING_MPU_WRAPPERS == 1 */
 842:Middlewares/Third_Party/FreeRTOS/Source/tasks.c **** 
 843:Middlewares/Third_Party/FreeRTOS/Source/tasks.c **** 	/* Avoid dependency on memset() if it is not required. */
 844:Middlewares/Third_Party/FreeRTOS/Source/tasks.c **** 	#if( tskSET_NEW_STACKS_TO_KNOWN_VALUE == 1 )
 845:Middlewares/Third_Party/FreeRTOS/Source/tasks.c **** 	{
 846:Middlewares/Third_Party/FreeRTOS/Source/tasks.c **** 		/* Fill the stack with a known value to assist debugging. */
 847:Middlewares/Third_Party/FreeRTOS/Source/tasks.c **** 		( void ) memset( pxNewTCB->pxStack, ( int ) tskSTACK_FILL_BYTE, ( size_t ) ulStackDepth * sizeof(
 848:Middlewares/Third_Party/FreeRTOS/Source/tasks.c **** 	}
 849:Middlewares/Third_Party/FreeRTOS/Source/tasks.c **** 	#endif /* tskSET_NEW_STACKS_TO_KNOWN_VALUE */
 850:Middlewares/Third_Party/FreeRTOS/Source/tasks.c **** 
 851:Middlewares/Third_Party/FreeRTOS/Source/tasks.c **** 	/* Calculate the top of stack address.  This depends on whether the stack
 852:Middlewares/Third_Party/FreeRTOS/Source/tasks.c **** 	grows from high memory to low (as per the 80x86) or vice versa.
 853:Middlewares/Third_Party/FreeRTOS/Source/tasks.c **** 	portSTACK_GROWTH is used to make the result positive or negative as required
 854:Middlewares/Third_Party/FreeRTOS/Source/tasks.c **** 	by the port. */
 855:Middlewares/Third_Party/FreeRTOS/Source/tasks.c **** 	#if( portSTACK_GROWTH < 0 )
 856:Middlewares/Third_Party/FreeRTOS/Source/tasks.c **** 	{
 857:Middlewares/Third_Party/FreeRTOS/Source/tasks.c **** 		pxTopOfStack = pxNewTCB->pxStack + ( ulStackDepth - ( uint32_t ) 1 );
 858:Middlewares/Third_Party/FreeRTOS/Source/tasks.c **** 		pxTopOfStack = ( StackType_t * ) ( ( ( portPOINTER_SIZE_TYPE ) pxTopOfStack ) & ( ~( ( portPOINTE
 859:Middlewares/Third_Party/FreeRTOS/Source/tasks.c **** 
 860:Middlewares/Third_Party/FreeRTOS/Source/tasks.c **** 		/* Check the alignment of the calculated top of stack is correct. */
 861:Middlewares/Third_Party/FreeRTOS/Source/tasks.c **** 		configASSERT( ( ( ( portPOINTER_SIZE_TYPE ) pxTopOfStack & ( portPOINTER_SIZE_TYPE ) portBYTE_ALI
 862:Middlewares/Third_Party/FreeRTOS/Source/tasks.c **** 
 863:Middlewares/Third_Party/FreeRTOS/Source/tasks.c **** 		#if( configRECORD_STACK_HIGH_ADDRESS == 1 )
 864:Middlewares/Third_Party/FreeRTOS/Source/tasks.c **** 		{
 865:Middlewares/Third_Party/FreeRTOS/Source/tasks.c **** 			/* Also record the stack's high address, which may assist
 866:Middlewares/Third_Party/FreeRTOS/Source/tasks.c **** 			debugging. */
 867:Middlewares/Third_Party/FreeRTOS/Source/tasks.c **** 			pxNewTCB->pxEndOfStack = pxTopOfStack;
 868:Middlewares/Third_Party/FreeRTOS/Source/tasks.c **** 		}
 869:Middlewares/Third_Party/FreeRTOS/Source/tasks.c **** 		#endif /* configRECORD_STACK_HIGH_ADDRESS */
 870:Middlewares/Third_Party/FreeRTOS/Source/tasks.c **** 	}
 871:Middlewares/Third_Party/FreeRTOS/Source/tasks.c **** 	#else /* portSTACK_GROWTH */
 872:Middlewares/Third_Party/FreeRTOS/Source/tasks.c **** 	{
 873:Middlewares/Third_Party/FreeRTOS/Source/tasks.c **** 		pxTopOfStack = pxNewTCB->pxStack;
 874:Middlewares/Third_Party/FreeRTOS/Source/tasks.c **** 
 875:Middlewares/Third_Party/FreeRTOS/Source/tasks.c **** 		/* Check the alignment of the stack buffer is correct. */
 876:Middlewares/Third_Party/FreeRTOS/Source/tasks.c **** 		configASSERT( ( ( ( portPOINTER_SIZE_TYPE ) pxNewTCB->pxStack & ( portPOINTER_SIZE_TYPE ) portBYT
 877:Middlewares/Third_Party/FreeRTOS/Source/tasks.c **** 
 878:Middlewares/Third_Party/FreeRTOS/Source/tasks.c **** 		/* The other extreme of the stack space is required if stack checking is
 879:Middlewares/Third_Party/FreeRTOS/Source/tasks.c **** 		performed. */
 880:Middlewares/Third_Party/FreeRTOS/Source/tasks.c **** 		pxNewTCB->pxEndOfStack = pxNewTCB->pxStack + ( ulStackDepth - ( uint32_t ) 1 );
 881:Middlewares/Third_Party/FreeRTOS/Source/tasks.c **** 	}
 882:Middlewares/Third_Party/FreeRTOS/Source/tasks.c **** 	#endif /* portSTACK_GROWTH */
 883:Middlewares/Third_Party/FreeRTOS/Source/tasks.c **** 
 884:Middlewares/Third_Party/FreeRTOS/Source/tasks.c **** 	/* Store the task name in the TCB. */
 885:Middlewares/Third_Party/FreeRTOS/Source/tasks.c **** 	for( x = ( UBaseType_t ) 0; x < ( UBaseType_t ) configMAX_TASK_NAME_LEN; x++ )
 886:Middlewares/Third_Party/FreeRTOS/Source/tasks.c **** 	{
 887:Middlewares/Third_Party/FreeRTOS/Source/tasks.c **** 		pxNewTCB->pcTaskName[ x ] = pcName[ x ];
ARM GAS  /tmp/ccshf83P.s 			page 17


 888:Middlewares/Third_Party/FreeRTOS/Source/tasks.c **** 
 889:Middlewares/Third_Party/FreeRTOS/Source/tasks.c **** 		/* Don't copy all configMAX_TASK_NAME_LEN if the string is shorter than
 890:Middlewares/Third_Party/FreeRTOS/Source/tasks.c **** 		configMAX_TASK_NAME_LEN characters just in case the memory after the
 891:Middlewares/Third_Party/FreeRTOS/Source/tasks.c **** 		string is not accessible (extremely unlikely). */
 892:Middlewares/Third_Party/FreeRTOS/Source/tasks.c **** 		if( pcName[ x ] == 0x00 )
 893:Middlewares/Third_Party/FreeRTOS/Source/tasks.c **** 		{
 894:Middlewares/Third_Party/FreeRTOS/Source/tasks.c **** 			break;
 895:Middlewares/Third_Party/FreeRTOS/Source/tasks.c **** 		}
 896:Middlewares/Third_Party/FreeRTOS/Source/tasks.c **** 		else
 897:Middlewares/Third_Party/FreeRTOS/Source/tasks.c **** 		{
 898:Middlewares/Third_Party/FreeRTOS/Source/tasks.c **** 			mtCOVERAGE_TEST_MARKER();
 899:Middlewares/Third_Party/FreeRTOS/Source/tasks.c **** 		}
 900:Middlewares/Third_Party/FreeRTOS/Source/tasks.c **** 	}
 901:Middlewares/Third_Party/FreeRTOS/Source/tasks.c **** 
 902:Middlewares/Third_Party/FreeRTOS/Source/tasks.c **** 	/* Ensure the name string is terminated in the case that the string length
 903:Middlewares/Third_Party/FreeRTOS/Source/tasks.c **** 	was greater or equal to configMAX_TASK_NAME_LEN. */
 904:Middlewares/Third_Party/FreeRTOS/Source/tasks.c **** 	pxNewTCB->pcTaskName[ configMAX_TASK_NAME_LEN - 1 ] = '\0';
 905:Middlewares/Third_Party/FreeRTOS/Source/tasks.c **** 
 906:Middlewares/Third_Party/FreeRTOS/Source/tasks.c **** 	/* This is used as an array index so must ensure it's not too large.  First
 907:Middlewares/Third_Party/FreeRTOS/Source/tasks.c **** 	remove the privilege bit if one is present. */
 908:Middlewares/Third_Party/FreeRTOS/Source/tasks.c **** 	if( uxPriority >= ( UBaseType_t ) configMAX_PRIORITIES )
 909:Middlewares/Third_Party/FreeRTOS/Source/tasks.c **** 	{
 910:Middlewares/Third_Party/FreeRTOS/Source/tasks.c **** 		uxPriority = ( UBaseType_t ) configMAX_PRIORITIES - ( UBaseType_t ) 1U;
 911:Middlewares/Third_Party/FreeRTOS/Source/tasks.c **** 	}
 912:Middlewares/Third_Party/FreeRTOS/Source/tasks.c **** 	else
 913:Middlewares/Third_Party/FreeRTOS/Source/tasks.c **** 	{
 914:Middlewares/Third_Party/FreeRTOS/Source/tasks.c **** 		mtCOVERAGE_TEST_MARKER();
 915:Middlewares/Third_Party/FreeRTOS/Source/tasks.c **** 	}
 916:Middlewares/Third_Party/FreeRTOS/Source/tasks.c **** 
 917:Middlewares/Third_Party/FreeRTOS/Source/tasks.c **** 	pxNewTCB->uxPriority = uxPriority;
 918:Middlewares/Third_Party/FreeRTOS/Source/tasks.c **** 	#if ( configUSE_MUTEXES == 1 )
 919:Middlewares/Third_Party/FreeRTOS/Source/tasks.c **** 	{
 920:Middlewares/Third_Party/FreeRTOS/Source/tasks.c **** 		pxNewTCB->uxBasePriority = uxPriority;
 921:Middlewares/Third_Party/FreeRTOS/Source/tasks.c **** 		pxNewTCB->uxMutexesHeld = 0;
 922:Middlewares/Third_Party/FreeRTOS/Source/tasks.c **** 	}
 923:Middlewares/Third_Party/FreeRTOS/Source/tasks.c **** 	#endif /* configUSE_MUTEXES */
 924:Middlewares/Third_Party/FreeRTOS/Source/tasks.c **** 
 925:Middlewares/Third_Party/FreeRTOS/Source/tasks.c **** 	vListInitialiseItem( &( pxNewTCB->xStateListItem ) );
 926:Middlewares/Third_Party/FreeRTOS/Source/tasks.c **** 	vListInitialiseItem( &( pxNewTCB->xEventListItem ) );
 927:Middlewares/Third_Party/FreeRTOS/Source/tasks.c **** 
 928:Middlewares/Third_Party/FreeRTOS/Source/tasks.c **** 	/* Set the pxNewTCB as a link back from the ListItem_t.  This is so we can get
 929:Middlewares/Third_Party/FreeRTOS/Source/tasks.c **** 	back to	the containing TCB from a generic item in a list. */
 930:Middlewares/Third_Party/FreeRTOS/Source/tasks.c **** 	listSET_LIST_ITEM_OWNER( &( pxNewTCB->xStateListItem ), pxNewTCB );
 931:Middlewares/Third_Party/FreeRTOS/Source/tasks.c **** 
 932:Middlewares/Third_Party/FreeRTOS/Source/tasks.c **** 	/* Event lists are always in priority order. */
 933:Middlewares/Third_Party/FreeRTOS/Source/tasks.c **** 	listSET_LIST_ITEM_VALUE( &( pxNewTCB->xEventListItem ), ( TickType_t ) configMAX_PRIORITIES - ( Ti
 934:Middlewares/Third_Party/FreeRTOS/Source/tasks.c **** 	listSET_LIST_ITEM_OWNER( &( pxNewTCB->xEventListItem ), pxNewTCB );
 935:Middlewares/Third_Party/FreeRTOS/Source/tasks.c **** 
 936:Middlewares/Third_Party/FreeRTOS/Source/tasks.c **** 	#if ( portCRITICAL_NESTING_IN_TCB == 1 )
 937:Middlewares/Third_Party/FreeRTOS/Source/tasks.c **** 	{
 938:Middlewares/Third_Party/FreeRTOS/Source/tasks.c **** 		pxNewTCB->uxCriticalNesting = ( UBaseType_t ) 0U;
 939:Middlewares/Third_Party/FreeRTOS/Source/tasks.c **** 	}
 940:Middlewares/Third_Party/FreeRTOS/Source/tasks.c **** 	#endif /* portCRITICAL_NESTING_IN_TCB */
 941:Middlewares/Third_Party/FreeRTOS/Source/tasks.c **** 
 942:Middlewares/Third_Party/FreeRTOS/Source/tasks.c **** 	#if ( configUSE_APPLICATION_TASK_TAG == 1 )
 943:Middlewares/Third_Party/FreeRTOS/Source/tasks.c **** 	{
 944:Middlewares/Third_Party/FreeRTOS/Source/tasks.c **** 		pxNewTCB->pxTaskTag = NULL;
ARM GAS  /tmp/ccshf83P.s 			page 18


 945:Middlewares/Third_Party/FreeRTOS/Source/tasks.c **** 	}
 946:Middlewares/Third_Party/FreeRTOS/Source/tasks.c **** 	#endif /* configUSE_APPLICATION_TASK_TAG */
 947:Middlewares/Third_Party/FreeRTOS/Source/tasks.c **** 
 948:Middlewares/Third_Party/FreeRTOS/Source/tasks.c **** 	#if ( configGENERATE_RUN_TIME_STATS == 1 )
 949:Middlewares/Third_Party/FreeRTOS/Source/tasks.c **** 	{
 950:Middlewares/Third_Party/FreeRTOS/Source/tasks.c **** 		pxNewTCB->ulRunTimeCounter = 0UL;
 951:Middlewares/Third_Party/FreeRTOS/Source/tasks.c **** 	}
 952:Middlewares/Third_Party/FreeRTOS/Source/tasks.c **** 	#endif /* configGENERATE_RUN_TIME_STATS */
 953:Middlewares/Third_Party/FreeRTOS/Source/tasks.c **** 
 954:Middlewares/Third_Party/FreeRTOS/Source/tasks.c **** 	#if ( portUSING_MPU_WRAPPERS == 1 )
 955:Middlewares/Third_Party/FreeRTOS/Source/tasks.c **** 	{
 956:Middlewares/Third_Party/FreeRTOS/Source/tasks.c **** 		vPortStoreTaskMPUSettings( &( pxNewTCB->xMPUSettings ), xRegions, pxNewTCB->pxStack, ulStackDepth
 957:Middlewares/Third_Party/FreeRTOS/Source/tasks.c **** 	}
 958:Middlewares/Third_Party/FreeRTOS/Source/tasks.c **** 	#else
 959:Middlewares/Third_Party/FreeRTOS/Source/tasks.c **** 	{
 960:Middlewares/Third_Party/FreeRTOS/Source/tasks.c **** 		/* Avoid compiler warning about unreferenced parameter. */
 961:Middlewares/Third_Party/FreeRTOS/Source/tasks.c **** 		( void ) xRegions;
 962:Middlewares/Third_Party/FreeRTOS/Source/tasks.c **** 	}
 963:Middlewares/Third_Party/FreeRTOS/Source/tasks.c **** 	#endif
 964:Middlewares/Third_Party/FreeRTOS/Source/tasks.c **** 
 965:Middlewares/Third_Party/FreeRTOS/Source/tasks.c **** 	#if( configNUM_THREAD_LOCAL_STORAGE_POINTERS != 0 )
 966:Middlewares/Third_Party/FreeRTOS/Source/tasks.c **** 	{
 967:Middlewares/Third_Party/FreeRTOS/Source/tasks.c **** 		for( x = 0; x < ( UBaseType_t ) configNUM_THREAD_LOCAL_STORAGE_POINTERS; x++ )
 968:Middlewares/Third_Party/FreeRTOS/Source/tasks.c **** 		{
 969:Middlewares/Third_Party/FreeRTOS/Source/tasks.c **** 			pxNewTCB->pvThreadLocalStoragePointers[ x ] = NULL;
 970:Middlewares/Third_Party/FreeRTOS/Source/tasks.c **** 		}
 971:Middlewares/Third_Party/FreeRTOS/Source/tasks.c **** 	}
 972:Middlewares/Third_Party/FreeRTOS/Source/tasks.c **** 	#endif
 973:Middlewares/Third_Party/FreeRTOS/Source/tasks.c **** 
 974:Middlewares/Third_Party/FreeRTOS/Source/tasks.c **** 	#if ( configUSE_TASK_NOTIFICATIONS == 1 )
 975:Middlewares/Third_Party/FreeRTOS/Source/tasks.c **** 	{
 976:Middlewares/Third_Party/FreeRTOS/Source/tasks.c **** 		pxNewTCB->ulNotifiedValue = 0;
 977:Middlewares/Third_Party/FreeRTOS/Source/tasks.c **** 		pxNewTCB->ucNotifyState = taskNOT_WAITING_NOTIFICATION;
 978:Middlewares/Third_Party/FreeRTOS/Source/tasks.c **** 	}
 979:Middlewares/Third_Party/FreeRTOS/Source/tasks.c **** 	#endif
 980:Middlewares/Third_Party/FreeRTOS/Source/tasks.c **** 
 981:Middlewares/Third_Party/FreeRTOS/Source/tasks.c **** 	#if ( configUSE_NEWLIB_REENTRANT == 1 )
 982:Middlewares/Third_Party/FreeRTOS/Source/tasks.c **** 	{
 983:Middlewares/Third_Party/FreeRTOS/Source/tasks.c **** 		/* Initialise this task's Newlib reent structure. */
 984:Middlewares/Third_Party/FreeRTOS/Source/tasks.c **** 		_REENT_INIT_PTR( ( &( pxNewTCB->xNewLib_reent ) ) );
 985:Middlewares/Third_Party/FreeRTOS/Source/tasks.c **** 	}
 986:Middlewares/Third_Party/FreeRTOS/Source/tasks.c **** 	#endif
 987:Middlewares/Third_Party/FreeRTOS/Source/tasks.c **** 
 988:Middlewares/Third_Party/FreeRTOS/Source/tasks.c **** 	#if( INCLUDE_xTaskAbortDelay == 1 )
 989:Middlewares/Third_Party/FreeRTOS/Source/tasks.c **** 	{
 990:Middlewares/Third_Party/FreeRTOS/Source/tasks.c **** 		pxNewTCB->ucDelayAborted = pdFALSE;
 991:Middlewares/Third_Party/FreeRTOS/Source/tasks.c **** 	}
 992:Middlewares/Third_Party/FreeRTOS/Source/tasks.c **** 	#endif
 993:Middlewares/Third_Party/FreeRTOS/Source/tasks.c **** 
 994:Middlewares/Third_Party/FreeRTOS/Source/tasks.c **** 	/* Initialize the TCB stack to look as if the task was already running,
 995:Middlewares/Third_Party/FreeRTOS/Source/tasks.c **** 	but had been interrupted by the scheduler.  The return address is set
 996:Middlewares/Third_Party/FreeRTOS/Source/tasks.c **** 	to the start of the task function. Once the stack has been initialised
 997:Middlewares/Third_Party/FreeRTOS/Source/tasks.c **** 	the top of stack variable is updated. */
 998:Middlewares/Third_Party/FreeRTOS/Source/tasks.c **** 	#if( portUSING_MPU_WRAPPERS == 1 )
 999:Middlewares/Third_Party/FreeRTOS/Source/tasks.c **** 	{
1000:Middlewares/Third_Party/FreeRTOS/Source/tasks.c **** 		pxNewTCB->pxTopOfStack = pxPortInitialiseStack( pxTopOfStack, pxTaskCode, pvParameters, xRunPrivi
1001:Middlewares/Third_Party/FreeRTOS/Source/tasks.c **** 	}
ARM GAS  /tmp/ccshf83P.s 			page 19


1002:Middlewares/Third_Party/FreeRTOS/Source/tasks.c **** 	#else /* portUSING_MPU_WRAPPERS */
1003:Middlewares/Third_Party/FreeRTOS/Source/tasks.c **** 	{
1004:Middlewares/Third_Party/FreeRTOS/Source/tasks.c **** 		pxNewTCB->pxTopOfStack = pxPortInitialiseStack( pxTopOfStack, pxTaskCode, pvParameters );
1005:Middlewares/Third_Party/FreeRTOS/Source/tasks.c **** 	}
1006:Middlewares/Third_Party/FreeRTOS/Source/tasks.c **** 	#endif /* portUSING_MPU_WRAPPERS */
1007:Middlewares/Third_Party/FreeRTOS/Source/tasks.c **** 
1008:Middlewares/Third_Party/FreeRTOS/Source/tasks.c **** 	if( ( void * ) pxCreatedTask != NULL )
1009:Middlewares/Third_Party/FreeRTOS/Source/tasks.c **** 	{
1010:Middlewares/Third_Party/FreeRTOS/Source/tasks.c **** 		/* Pass the handle out in an anonymous way.  The handle can be used to
1011:Middlewares/Third_Party/FreeRTOS/Source/tasks.c **** 		change the created task's priority, delete the created task, etc.*/
1012:Middlewares/Third_Party/FreeRTOS/Source/tasks.c **** 		*pxCreatedTask = ( TaskHandle_t ) pxNewTCB;
1013:Middlewares/Third_Party/FreeRTOS/Source/tasks.c **** 	}
1014:Middlewares/Third_Party/FreeRTOS/Source/tasks.c **** 	else
1015:Middlewares/Third_Party/FreeRTOS/Source/tasks.c **** 	{
1016:Middlewares/Third_Party/FreeRTOS/Source/tasks.c **** 		mtCOVERAGE_TEST_MARKER();
1017:Middlewares/Third_Party/FreeRTOS/Source/tasks.c **** 	}
1018:Middlewares/Third_Party/FreeRTOS/Source/tasks.c **** }
1019:Middlewares/Third_Party/FreeRTOS/Source/tasks.c **** /*-----------------------------------------------------------*/
1020:Middlewares/Third_Party/FreeRTOS/Source/tasks.c **** 
1021:Middlewares/Third_Party/FreeRTOS/Source/tasks.c **** static void prvAddNewTaskToReadyList( TCB_t *pxNewTCB )
1022:Middlewares/Third_Party/FreeRTOS/Source/tasks.c **** {
1023:Middlewares/Third_Party/FreeRTOS/Source/tasks.c **** 	/* Ensure interrupts don't access the task lists while the lists are being
1024:Middlewares/Third_Party/FreeRTOS/Source/tasks.c **** 	updated. */
1025:Middlewares/Third_Party/FreeRTOS/Source/tasks.c **** 	taskENTER_CRITICAL();
1026:Middlewares/Third_Party/FreeRTOS/Source/tasks.c **** 	{
1027:Middlewares/Third_Party/FreeRTOS/Source/tasks.c **** 		uxCurrentNumberOfTasks++;
1028:Middlewares/Third_Party/FreeRTOS/Source/tasks.c **** 		if( pxCurrentTCB == NULL )
1029:Middlewares/Third_Party/FreeRTOS/Source/tasks.c **** 		{
1030:Middlewares/Third_Party/FreeRTOS/Source/tasks.c **** 			/* There are no other tasks, or all the other tasks are in
1031:Middlewares/Third_Party/FreeRTOS/Source/tasks.c **** 			the suspended state - make this the current task. */
1032:Middlewares/Third_Party/FreeRTOS/Source/tasks.c **** 			pxCurrentTCB = pxNewTCB;
1033:Middlewares/Third_Party/FreeRTOS/Source/tasks.c **** 
1034:Middlewares/Third_Party/FreeRTOS/Source/tasks.c **** 			if( uxCurrentNumberOfTasks == ( UBaseType_t ) 1 )
1035:Middlewares/Third_Party/FreeRTOS/Source/tasks.c **** 			{
1036:Middlewares/Third_Party/FreeRTOS/Source/tasks.c **** 				/* This is the first task to be created so do the preliminary
1037:Middlewares/Third_Party/FreeRTOS/Source/tasks.c **** 				initialisation required.  We will not recover if this call
1038:Middlewares/Third_Party/FreeRTOS/Source/tasks.c **** 				fails, but we will report the failure. */
1039:Middlewares/Third_Party/FreeRTOS/Source/tasks.c **** 				prvInitialiseTaskLists();
1040:Middlewares/Third_Party/FreeRTOS/Source/tasks.c **** 			}
1041:Middlewares/Third_Party/FreeRTOS/Source/tasks.c **** 			else
1042:Middlewares/Third_Party/FreeRTOS/Source/tasks.c **** 			{
1043:Middlewares/Third_Party/FreeRTOS/Source/tasks.c **** 				mtCOVERAGE_TEST_MARKER();
1044:Middlewares/Third_Party/FreeRTOS/Source/tasks.c **** 			}
1045:Middlewares/Third_Party/FreeRTOS/Source/tasks.c **** 		}
1046:Middlewares/Third_Party/FreeRTOS/Source/tasks.c **** 		else
1047:Middlewares/Third_Party/FreeRTOS/Source/tasks.c **** 		{
1048:Middlewares/Third_Party/FreeRTOS/Source/tasks.c **** 			/* If the scheduler is not already running, make this task the
1049:Middlewares/Third_Party/FreeRTOS/Source/tasks.c **** 			current task if it is the highest priority task to be created
1050:Middlewares/Third_Party/FreeRTOS/Source/tasks.c **** 			so far. */
1051:Middlewares/Third_Party/FreeRTOS/Source/tasks.c **** 			if( xSchedulerRunning == pdFALSE )
1052:Middlewares/Third_Party/FreeRTOS/Source/tasks.c **** 			{
1053:Middlewares/Third_Party/FreeRTOS/Source/tasks.c **** 				if( pxCurrentTCB->uxPriority <= pxNewTCB->uxPriority )
1054:Middlewares/Third_Party/FreeRTOS/Source/tasks.c **** 				{
1055:Middlewares/Third_Party/FreeRTOS/Source/tasks.c **** 					pxCurrentTCB = pxNewTCB;
1056:Middlewares/Third_Party/FreeRTOS/Source/tasks.c **** 				}
1057:Middlewares/Third_Party/FreeRTOS/Source/tasks.c **** 				else
1058:Middlewares/Third_Party/FreeRTOS/Source/tasks.c **** 				{
ARM GAS  /tmp/ccshf83P.s 			page 20


1059:Middlewares/Third_Party/FreeRTOS/Source/tasks.c **** 					mtCOVERAGE_TEST_MARKER();
1060:Middlewares/Third_Party/FreeRTOS/Source/tasks.c **** 				}
1061:Middlewares/Third_Party/FreeRTOS/Source/tasks.c **** 			}
1062:Middlewares/Third_Party/FreeRTOS/Source/tasks.c **** 			else
1063:Middlewares/Third_Party/FreeRTOS/Source/tasks.c **** 			{
1064:Middlewares/Third_Party/FreeRTOS/Source/tasks.c **** 				mtCOVERAGE_TEST_MARKER();
1065:Middlewares/Third_Party/FreeRTOS/Source/tasks.c **** 			}
1066:Middlewares/Third_Party/FreeRTOS/Source/tasks.c **** 		}
1067:Middlewares/Third_Party/FreeRTOS/Source/tasks.c **** 
1068:Middlewares/Third_Party/FreeRTOS/Source/tasks.c **** 		uxTaskNumber++;
1069:Middlewares/Third_Party/FreeRTOS/Source/tasks.c **** 
1070:Middlewares/Third_Party/FreeRTOS/Source/tasks.c **** 		#if ( configUSE_TRACE_FACILITY == 1 )
1071:Middlewares/Third_Party/FreeRTOS/Source/tasks.c **** 		{
1072:Middlewares/Third_Party/FreeRTOS/Source/tasks.c **** 			/* Add a counter into the TCB for tracing only. */
1073:Middlewares/Third_Party/FreeRTOS/Source/tasks.c **** 			pxNewTCB->uxTCBNumber = uxTaskNumber;
1074:Middlewares/Third_Party/FreeRTOS/Source/tasks.c **** 		}
1075:Middlewares/Third_Party/FreeRTOS/Source/tasks.c **** 		#endif /* configUSE_TRACE_FACILITY */
1076:Middlewares/Third_Party/FreeRTOS/Source/tasks.c **** 		traceTASK_CREATE( pxNewTCB );
1077:Middlewares/Third_Party/FreeRTOS/Source/tasks.c **** 
1078:Middlewares/Third_Party/FreeRTOS/Source/tasks.c **** 		prvAddTaskToReadyList( pxNewTCB );
1079:Middlewares/Third_Party/FreeRTOS/Source/tasks.c **** 
1080:Middlewares/Third_Party/FreeRTOS/Source/tasks.c **** 		portSETUP_TCB( pxNewTCB );
1081:Middlewares/Third_Party/FreeRTOS/Source/tasks.c **** 	}
1082:Middlewares/Third_Party/FreeRTOS/Source/tasks.c **** 	taskEXIT_CRITICAL();
1083:Middlewares/Third_Party/FreeRTOS/Source/tasks.c **** 
1084:Middlewares/Third_Party/FreeRTOS/Source/tasks.c **** 	if( xSchedulerRunning != pdFALSE )
1085:Middlewares/Third_Party/FreeRTOS/Source/tasks.c **** 	{
1086:Middlewares/Third_Party/FreeRTOS/Source/tasks.c **** 		/* If the created task is of a higher priority than the current task
1087:Middlewares/Third_Party/FreeRTOS/Source/tasks.c **** 		then it should run now. */
1088:Middlewares/Third_Party/FreeRTOS/Source/tasks.c **** 		if( pxCurrentTCB->uxPriority < pxNewTCB->uxPriority )
1089:Middlewares/Third_Party/FreeRTOS/Source/tasks.c **** 		{
1090:Middlewares/Third_Party/FreeRTOS/Source/tasks.c **** 			taskYIELD_IF_USING_PREEMPTION();
1091:Middlewares/Third_Party/FreeRTOS/Source/tasks.c **** 		}
1092:Middlewares/Third_Party/FreeRTOS/Source/tasks.c **** 		else
1093:Middlewares/Third_Party/FreeRTOS/Source/tasks.c **** 		{
1094:Middlewares/Third_Party/FreeRTOS/Source/tasks.c **** 			mtCOVERAGE_TEST_MARKER();
1095:Middlewares/Third_Party/FreeRTOS/Source/tasks.c **** 		}
1096:Middlewares/Third_Party/FreeRTOS/Source/tasks.c **** 	}
1097:Middlewares/Third_Party/FreeRTOS/Source/tasks.c **** 	else
1098:Middlewares/Third_Party/FreeRTOS/Source/tasks.c **** 	{
1099:Middlewares/Third_Party/FreeRTOS/Source/tasks.c **** 		mtCOVERAGE_TEST_MARKER();
1100:Middlewares/Third_Party/FreeRTOS/Source/tasks.c **** 	}
1101:Middlewares/Third_Party/FreeRTOS/Source/tasks.c **** }
1102:Middlewares/Third_Party/FreeRTOS/Source/tasks.c **** /*-----------------------------------------------------------*/
1103:Middlewares/Third_Party/FreeRTOS/Source/tasks.c **** 
1104:Middlewares/Third_Party/FreeRTOS/Source/tasks.c **** #if ( INCLUDE_vTaskDelete == 1 )
1105:Middlewares/Third_Party/FreeRTOS/Source/tasks.c **** 
1106:Middlewares/Third_Party/FreeRTOS/Source/tasks.c **** 	void vTaskDelete( TaskHandle_t xTaskToDelete )
1107:Middlewares/Third_Party/FreeRTOS/Source/tasks.c **** 	{
1108:Middlewares/Third_Party/FreeRTOS/Source/tasks.c **** 	TCB_t *pxTCB;
1109:Middlewares/Third_Party/FreeRTOS/Source/tasks.c **** 
1110:Middlewares/Third_Party/FreeRTOS/Source/tasks.c **** 		taskENTER_CRITICAL();
1111:Middlewares/Third_Party/FreeRTOS/Source/tasks.c **** 		{
1112:Middlewares/Third_Party/FreeRTOS/Source/tasks.c **** 			/* If null is passed in here then it is the calling task that is
1113:Middlewares/Third_Party/FreeRTOS/Source/tasks.c **** 			being deleted. */
1114:Middlewares/Third_Party/FreeRTOS/Source/tasks.c **** 			pxTCB = prvGetTCBFromHandle( xTaskToDelete );
1115:Middlewares/Third_Party/FreeRTOS/Source/tasks.c **** 
ARM GAS  /tmp/ccshf83P.s 			page 21


1116:Middlewares/Third_Party/FreeRTOS/Source/tasks.c **** 			/* Remove task from the ready list. */
1117:Middlewares/Third_Party/FreeRTOS/Source/tasks.c **** 			if( uxListRemove( &( pxTCB->xStateListItem ) ) == ( UBaseType_t ) 0 )
1118:Middlewares/Third_Party/FreeRTOS/Source/tasks.c **** 			{
1119:Middlewares/Third_Party/FreeRTOS/Source/tasks.c **** 				taskRESET_READY_PRIORITY( pxTCB->uxPriority );
1120:Middlewares/Third_Party/FreeRTOS/Source/tasks.c **** 			}
1121:Middlewares/Third_Party/FreeRTOS/Source/tasks.c **** 			else
1122:Middlewares/Third_Party/FreeRTOS/Source/tasks.c **** 			{
1123:Middlewares/Third_Party/FreeRTOS/Source/tasks.c **** 				mtCOVERAGE_TEST_MARKER();
1124:Middlewares/Third_Party/FreeRTOS/Source/tasks.c **** 			}
1125:Middlewares/Third_Party/FreeRTOS/Source/tasks.c **** 
1126:Middlewares/Third_Party/FreeRTOS/Source/tasks.c **** 			/* Is the task waiting on an event also? */
1127:Middlewares/Third_Party/FreeRTOS/Source/tasks.c **** 			if( listLIST_ITEM_CONTAINER( &( pxTCB->xEventListItem ) ) != NULL )
1128:Middlewares/Third_Party/FreeRTOS/Source/tasks.c **** 			{
1129:Middlewares/Third_Party/FreeRTOS/Source/tasks.c **** 				( void ) uxListRemove( &( pxTCB->xEventListItem ) );
1130:Middlewares/Third_Party/FreeRTOS/Source/tasks.c **** 			}
1131:Middlewares/Third_Party/FreeRTOS/Source/tasks.c **** 			else
1132:Middlewares/Third_Party/FreeRTOS/Source/tasks.c **** 			{
1133:Middlewares/Third_Party/FreeRTOS/Source/tasks.c **** 				mtCOVERAGE_TEST_MARKER();
1134:Middlewares/Third_Party/FreeRTOS/Source/tasks.c **** 			}
1135:Middlewares/Third_Party/FreeRTOS/Source/tasks.c **** 
1136:Middlewares/Third_Party/FreeRTOS/Source/tasks.c **** 			/* Increment the uxTaskNumber also so kernel aware debuggers can
1137:Middlewares/Third_Party/FreeRTOS/Source/tasks.c **** 			detect that the task lists need re-generating.  This is done before
1138:Middlewares/Third_Party/FreeRTOS/Source/tasks.c **** 			portPRE_TASK_DELETE_HOOK() as in the Windows port that macro will
1139:Middlewares/Third_Party/FreeRTOS/Source/tasks.c **** 			not return. */
1140:Middlewares/Third_Party/FreeRTOS/Source/tasks.c **** 			uxTaskNumber++;
1141:Middlewares/Third_Party/FreeRTOS/Source/tasks.c **** 
1142:Middlewares/Third_Party/FreeRTOS/Source/tasks.c **** 			if( pxTCB == pxCurrentTCB )
1143:Middlewares/Third_Party/FreeRTOS/Source/tasks.c **** 			{
1144:Middlewares/Third_Party/FreeRTOS/Source/tasks.c **** 				/* A task is deleting itself.  This cannot complete within the
1145:Middlewares/Third_Party/FreeRTOS/Source/tasks.c **** 				task itself, as a context switch to another task is required.
1146:Middlewares/Third_Party/FreeRTOS/Source/tasks.c **** 				Place the task in the termination list.  The idle task will
1147:Middlewares/Third_Party/FreeRTOS/Source/tasks.c **** 				check the termination list and free up any memory allocated by
1148:Middlewares/Third_Party/FreeRTOS/Source/tasks.c **** 				the scheduler for the TCB and stack of the deleted task. */
1149:Middlewares/Third_Party/FreeRTOS/Source/tasks.c **** 				vListInsertEnd( &xTasksWaitingTermination, &( pxTCB->xStateListItem ) );
1150:Middlewares/Third_Party/FreeRTOS/Source/tasks.c **** 
1151:Middlewares/Third_Party/FreeRTOS/Source/tasks.c **** 				/* Increment the ucTasksDeleted variable so the idle task knows
1152:Middlewares/Third_Party/FreeRTOS/Source/tasks.c **** 				there is a task that has been deleted and that it should therefore
1153:Middlewares/Third_Party/FreeRTOS/Source/tasks.c **** 				check the xTasksWaitingTermination list. */
1154:Middlewares/Third_Party/FreeRTOS/Source/tasks.c **** 				++uxDeletedTasksWaitingCleanUp;
1155:Middlewares/Third_Party/FreeRTOS/Source/tasks.c **** 
1156:Middlewares/Third_Party/FreeRTOS/Source/tasks.c **** 				/* The pre-delete hook is primarily for the Windows simulator,
1157:Middlewares/Third_Party/FreeRTOS/Source/tasks.c **** 				in which Windows specific clean up operations are performed,
1158:Middlewares/Third_Party/FreeRTOS/Source/tasks.c **** 				after which it is not possible to yield away from this task -
1159:Middlewares/Third_Party/FreeRTOS/Source/tasks.c **** 				hence xYieldPending is used to latch that a context switch is
1160:Middlewares/Third_Party/FreeRTOS/Source/tasks.c **** 				required. */
1161:Middlewares/Third_Party/FreeRTOS/Source/tasks.c **** 				portPRE_TASK_DELETE_HOOK( pxTCB, &xYieldPending );
1162:Middlewares/Third_Party/FreeRTOS/Source/tasks.c **** 			}
1163:Middlewares/Third_Party/FreeRTOS/Source/tasks.c **** 			else
1164:Middlewares/Third_Party/FreeRTOS/Source/tasks.c **** 			{
1165:Middlewares/Third_Party/FreeRTOS/Source/tasks.c **** 				--uxCurrentNumberOfTasks;
1166:Middlewares/Third_Party/FreeRTOS/Source/tasks.c **** 				prvDeleteTCB( pxTCB );
1167:Middlewares/Third_Party/FreeRTOS/Source/tasks.c **** 
1168:Middlewares/Third_Party/FreeRTOS/Source/tasks.c **** 				/* Reset the next expected unblock time in case it referred to
1169:Middlewares/Third_Party/FreeRTOS/Source/tasks.c **** 				the task that has just been deleted. */
1170:Middlewares/Third_Party/FreeRTOS/Source/tasks.c **** 				prvResetNextTaskUnblockTime();
1171:Middlewares/Third_Party/FreeRTOS/Source/tasks.c **** 			}
1172:Middlewares/Third_Party/FreeRTOS/Source/tasks.c **** 
ARM GAS  /tmp/ccshf83P.s 			page 22


1173:Middlewares/Third_Party/FreeRTOS/Source/tasks.c **** 			traceTASK_DELETE( pxTCB );
1174:Middlewares/Third_Party/FreeRTOS/Source/tasks.c **** 		}
1175:Middlewares/Third_Party/FreeRTOS/Source/tasks.c **** 		taskEXIT_CRITICAL();
1176:Middlewares/Third_Party/FreeRTOS/Source/tasks.c **** 
1177:Middlewares/Third_Party/FreeRTOS/Source/tasks.c **** 		/* Force a reschedule if it is the currently running task that has just
1178:Middlewares/Third_Party/FreeRTOS/Source/tasks.c **** 		been deleted. */
1179:Middlewares/Third_Party/FreeRTOS/Source/tasks.c **** 		if( xSchedulerRunning != pdFALSE )
1180:Middlewares/Third_Party/FreeRTOS/Source/tasks.c **** 		{
1181:Middlewares/Third_Party/FreeRTOS/Source/tasks.c **** 			if( pxTCB == pxCurrentTCB )
1182:Middlewares/Third_Party/FreeRTOS/Source/tasks.c **** 			{
1183:Middlewares/Third_Party/FreeRTOS/Source/tasks.c **** 				configASSERT( uxSchedulerSuspended == 0 );
1184:Middlewares/Third_Party/FreeRTOS/Source/tasks.c **** 				portYIELD_WITHIN_API();
1185:Middlewares/Third_Party/FreeRTOS/Source/tasks.c **** 			}
1186:Middlewares/Third_Party/FreeRTOS/Source/tasks.c **** 			else
1187:Middlewares/Third_Party/FreeRTOS/Source/tasks.c **** 			{
1188:Middlewares/Third_Party/FreeRTOS/Source/tasks.c **** 				mtCOVERAGE_TEST_MARKER();
1189:Middlewares/Third_Party/FreeRTOS/Source/tasks.c **** 			}
1190:Middlewares/Third_Party/FreeRTOS/Source/tasks.c **** 		}
1191:Middlewares/Third_Party/FreeRTOS/Source/tasks.c **** 	}
1192:Middlewares/Third_Party/FreeRTOS/Source/tasks.c **** 
1193:Middlewares/Third_Party/FreeRTOS/Source/tasks.c **** #endif /* INCLUDE_vTaskDelete */
1194:Middlewares/Third_Party/FreeRTOS/Source/tasks.c **** /*-----------------------------------------------------------*/
1195:Middlewares/Third_Party/FreeRTOS/Source/tasks.c **** 
1196:Middlewares/Third_Party/FreeRTOS/Source/tasks.c **** #if ( INCLUDE_vTaskDelayUntil == 1 )
1197:Middlewares/Third_Party/FreeRTOS/Source/tasks.c **** 
1198:Middlewares/Third_Party/FreeRTOS/Source/tasks.c **** 	void vTaskDelayUntil( TickType_t * const pxPreviousWakeTime, const TickType_t xTimeIncrement )
1199:Middlewares/Third_Party/FreeRTOS/Source/tasks.c **** 	{
1200:Middlewares/Third_Party/FreeRTOS/Source/tasks.c **** 	TickType_t xTimeToWake;
1201:Middlewares/Third_Party/FreeRTOS/Source/tasks.c **** 	BaseType_t xAlreadyYielded, xShouldDelay = pdFALSE;
1202:Middlewares/Third_Party/FreeRTOS/Source/tasks.c **** 
1203:Middlewares/Third_Party/FreeRTOS/Source/tasks.c **** 		configASSERT( pxPreviousWakeTime );
1204:Middlewares/Third_Party/FreeRTOS/Source/tasks.c **** 		configASSERT( ( xTimeIncrement > 0U ) );
1205:Middlewares/Third_Party/FreeRTOS/Source/tasks.c **** 		configASSERT( uxSchedulerSuspended == 0 );
1206:Middlewares/Third_Party/FreeRTOS/Source/tasks.c **** 
1207:Middlewares/Third_Party/FreeRTOS/Source/tasks.c **** 		vTaskSuspendAll();
1208:Middlewares/Third_Party/FreeRTOS/Source/tasks.c **** 		{
1209:Middlewares/Third_Party/FreeRTOS/Source/tasks.c **** 			/* Minor optimisation.  The tick count cannot change in this
1210:Middlewares/Third_Party/FreeRTOS/Source/tasks.c **** 			block. */
1211:Middlewares/Third_Party/FreeRTOS/Source/tasks.c **** 			const TickType_t xConstTickCount = xTickCount;
1212:Middlewares/Third_Party/FreeRTOS/Source/tasks.c **** 
1213:Middlewares/Third_Party/FreeRTOS/Source/tasks.c **** 			/* Generate the tick time at which the task wants to wake. */
1214:Middlewares/Third_Party/FreeRTOS/Source/tasks.c **** 			xTimeToWake = *pxPreviousWakeTime + xTimeIncrement;
1215:Middlewares/Third_Party/FreeRTOS/Source/tasks.c **** 
1216:Middlewares/Third_Party/FreeRTOS/Source/tasks.c **** 			if( xConstTickCount < *pxPreviousWakeTime )
1217:Middlewares/Third_Party/FreeRTOS/Source/tasks.c **** 			{
1218:Middlewares/Third_Party/FreeRTOS/Source/tasks.c **** 				/* The tick count has overflowed since this function was
1219:Middlewares/Third_Party/FreeRTOS/Source/tasks.c **** 				lasted called.  In this case the only time we should ever
1220:Middlewares/Third_Party/FreeRTOS/Source/tasks.c **** 				actually delay is if the wake time has also	overflowed,
1221:Middlewares/Third_Party/FreeRTOS/Source/tasks.c **** 				and the wake time is greater than the tick time.  When this
1222:Middlewares/Third_Party/FreeRTOS/Source/tasks.c **** 				is the case it is as if neither time had overflowed. */
1223:Middlewares/Third_Party/FreeRTOS/Source/tasks.c **** 				if( ( xTimeToWake < *pxPreviousWakeTime ) && ( xTimeToWake > xConstTickCount ) )
1224:Middlewares/Third_Party/FreeRTOS/Source/tasks.c **** 				{
1225:Middlewares/Third_Party/FreeRTOS/Source/tasks.c **** 					xShouldDelay = pdTRUE;
1226:Middlewares/Third_Party/FreeRTOS/Source/tasks.c **** 				}
1227:Middlewares/Third_Party/FreeRTOS/Source/tasks.c **** 				else
1228:Middlewares/Third_Party/FreeRTOS/Source/tasks.c **** 				{
1229:Middlewares/Third_Party/FreeRTOS/Source/tasks.c **** 					mtCOVERAGE_TEST_MARKER();
ARM GAS  /tmp/ccshf83P.s 			page 23


1230:Middlewares/Third_Party/FreeRTOS/Source/tasks.c **** 				}
1231:Middlewares/Third_Party/FreeRTOS/Source/tasks.c **** 			}
1232:Middlewares/Third_Party/FreeRTOS/Source/tasks.c **** 			else
1233:Middlewares/Third_Party/FreeRTOS/Source/tasks.c **** 			{
1234:Middlewares/Third_Party/FreeRTOS/Source/tasks.c **** 				/* The tick time has not overflowed.  In this case we will
1235:Middlewares/Third_Party/FreeRTOS/Source/tasks.c **** 				delay if either the wake time has overflowed, and/or the
1236:Middlewares/Third_Party/FreeRTOS/Source/tasks.c **** 				tick time is less than the wake time. */
1237:Middlewares/Third_Party/FreeRTOS/Source/tasks.c **** 				if( ( xTimeToWake < *pxPreviousWakeTime ) || ( xTimeToWake > xConstTickCount ) )
1238:Middlewares/Third_Party/FreeRTOS/Source/tasks.c **** 				{
1239:Middlewares/Third_Party/FreeRTOS/Source/tasks.c **** 					xShouldDelay = pdTRUE;
1240:Middlewares/Third_Party/FreeRTOS/Source/tasks.c **** 				}
1241:Middlewares/Third_Party/FreeRTOS/Source/tasks.c **** 				else
1242:Middlewares/Third_Party/FreeRTOS/Source/tasks.c **** 				{
1243:Middlewares/Third_Party/FreeRTOS/Source/tasks.c **** 					mtCOVERAGE_TEST_MARKER();
1244:Middlewares/Third_Party/FreeRTOS/Source/tasks.c **** 				}
1245:Middlewares/Third_Party/FreeRTOS/Source/tasks.c **** 			}
1246:Middlewares/Third_Party/FreeRTOS/Source/tasks.c **** 
1247:Middlewares/Third_Party/FreeRTOS/Source/tasks.c **** 			/* Update the wake time ready for the next call. */
1248:Middlewares/Third_Party/FreeRTOS/Source/tasks.c **** 			*pxPreviousWakeTime = xTimeToWake;
1249:Middlewares/Third_Party/FreeRTOS/Source/tasks.c **** 
1250:Middlewares/Third_Party/FreeRTOS/Source/tasks.c **** 			if( xShouldDelay != pdFALSE )
1251:Middlewares/Third_Party/FreeRTOS/Source/tasks.c **** 			{
1252:Middlewares/Third_Party/FreeRTOS/Source/tasks.c **** 				traceTASK_DELAY_UNTIL( xTimeToWake );
1253:Middlewares/Third_Party/FreeRTOS/Source/tasks.c **** 
1254:Middlewares/Third_Party/FreeRTOS/Source/tasks.c **** 				/* prvAddCurrentTaskToDelayedList() needs the block time, not
1255:Middlewares/Third_Party/FreeRTOS/Source/tasks.c **** 				the time to wake, so subtract the current tick count. */
1256:Middlewares/Third_Party/FreeRTOS/Source/tasks.c **** 				prvAddCurrentTaskToDelayedList( xTimeToWake - xConstTickCount, pdFALSE );
1257:Middlewares/Third_Party/FreeRTOS/Source/tasks.c **** 			}
1258:Middlewares/Third_Party/FreeRTOS/Source/tasks.c **** 			else
1259:Middlewares/Third_Party/FreeRTOS/Source/tasks.c **** 			{
1260:Middlewares/Third_Party/FreeRTOS/Source/tasks.c **** 				mtCOVERAGE_TEST_MARKER();
1261:Middlewares/Third_Party/FreeRTOS/Source/tasks.c **** 			}
1262:Middlewares/Third_Party/FreeRTOS/Source/tasks.c **** 		}
1263:Middlewares/Third_Party/FreeRTOS/Source/tasks.c **** 		xAlreadyYielded = xTaskResumeAll();
1264:Middlewares/Third_Party/FreeRTOS/Source/tasks.c **** 
1265:Middlewares/Third_Party/FreeRTOS/Source/tasks.c **** 		/* Force a reschedule if xTaskResumeAll has not already done so, we may
1266:Middlewares/Third_Party/FreeRTOS/Source/tasks.c **** 		have put ourselves to sleep. */
1267:Middlewares/Third_Party/FreeRTOS/Source/tasks.c **** 		if( xAlreadyYielded == pdFALSE )
1268:Middlewares/Third_Party/FreeRTOS/Source/tasks.c **** 		{
1269:Middlewares/Third_Party/FreeRTOS/Source/tasks.c **** 			portYIELD_WITHIN_API();
1270:Middlewares/Third_Party/FreeRTOS/Source/tasks.c **** 		}
1271:Middlewares/Third_Party/FreeRTOS/Source/tasks.c **** 		else
1272:Middlewares/Third_Party/FreeRTOS/Source/tasks.c **** 		{
1273:Middlewares/Third_Party/FreeRTOS/Source/tasks.c **** 			mtCOVERAGE_TEST_MARKER();
1274:Middlewares/Third_Party/FreeRTOS/Source/tasks.c **** 		}
1275:Middlewares/Third_Party/FreeRTOS/Source/tasks.c **** 	}
1276:Middlewares/Third_Party/FreeRTOS/Source/tasks.c **** 
1277:Middlewares/Third_Party/FreeRTOS/Source/tasks.c **** #endif /* INCLUDE_vTaskDelayUntil */
1278:Middlewares/Third_Party/FreeRTOS/Source/tasks.c **** /*-----------------------------------------------------------*/
1279:Middlewares/Third_Party/FreeRTOS/Source/tasks.c **** 
1280:Middlewares/Third_Party/FreeRTOS/Source/tasks.c **** #if ( INCLUDE_vTaskDelay == 1 )
1281:Middlewares/Third_Party/FreeRTOS/Source/tasks.c **** 
1282:Middlewares/Third_Party/FreeRTOS/Source/tasks.c **** 	void vTaskDelay( const TickType_t xTicksToDelay )
1283:Middlewares/Third_Party/FreeRTOS/Source/tasks.c **** 	{
1284:Middlewares/Third_Party/FreeRTOS/Source/tasks.c **** 	BaseType_t xAlreadyYielded = pdFALSE;
1285:Middlewares/Third_Party/FreeRTOS/Source/tasks.c **** 
1286:Middlewares/Third_Party/FreeRTOS/Source/tasks.c **** 		/* A delay time of zero just forces a reschedule. */
ARM GAS  /tmp/ccshf83P.s 			page 24


1287:Middlewares/Third_Party/FreeRTOS/Source/tasks.c **** 		if( xTicksToDelay > ( TickType_t ) 0U )
1288:Middlewares/Third_Party/FreeRTOS/Source/tasks.c **** 		{
1289:Middlewares/Third_Party/FreeRTOS/Source/tasks.c **** 			configASSERT( uxSchedulerSuspended == 0 );
1290:Middlewares/Third_Party/FreeRTOS/Source/tasks.c **** 			vTaskSuspendAll();
1291:Middlewares/Third_Party/FreeRTOS/Source/tasks.c **** 			{
1292:Middlewares/Third_Party/FreeRTOS/Source/tasks.c **** 				traceTASK_DELAY();
1293:Middlewares/Third_Party/FreeRTOS/Source/tasks.c **** 
1294:Middlewares/Third_Party/FreeRTOS/Source/tasks.c **** 				/* A task that is removed from the event list while the
1295:Middlewares/Third_Party/FreeRTOS/Source/tasks.c **** 				scheduler is suspended will not get placed in the ready
1296:Middlewares/Third_Party/FreeRTOS/Source/tasks.c **** 				list or removed from the blocked list until the scheduler
1297:Middlewares/Third_Party/FreeRTOS/Source/tasks.c **** 				is resumed.
1298:Middlewares/Third_Party/FreeRTOS/Source/tasks.c **** 
1299:Middlewares/Third_Party/FreeRTOS/Source/tasks.c **** 				This task cannot be in an event list as it is the currently
1300:Middlewares/Third_Party/FreeRTOS/Source/tasks.c **** 				executing task. */
1301:Middlewares/Third_Party/FreeRTOS/Source/tasks.c **** 				prvAddCurrentTaskToDelayedList( xTicksToDelay, pdFALSE );
1302:Middlewares/Third_Party/FreeRTOS/Source/tasks.c **** 			}
1303:Middlewares/Third_Party/FreeRTOS/Source/tasks.c **** 			xAlreadyYielded = xTaskResumeAll();
1304:Middlewares/Third_Party/FreeRTOS/Source/tasks.c **** 		}
1305:Middlewares/Third_Party/FreeRTOS/Source/tasks.c **** 		else
1306:Middlewares/Third_Party/FreeRTOS/Source/tasks.c **** 		{
1307:Middlewares/Third_Party/FreeRTOS/Source/tasks.c **** 			mtCOVERAGE_TEST_MARKER();
1308:Middlewares/Third_Party/FreeRTOS/Source/tasks.c **** 		}
1309:Middlewares/Third_Party/FreeRTOS/Source/tasks.c **** 
1310:Middlewares/Third_Party/FreeRTOS/Source/tasks.c **** 		/* Force a reschedule if xTaskResumeAll has not already done so, we may
1311:Middlewares/Third_Party/FreeRTOS/Source/tasks.c **** 		have put ourselves to sleep. */
1312:Middlewares/Third_Party/FreeRTOS/Source/tasks.c **** 		if( xAlreadyYielded == pdFALSE )
1313:Middlewares/Third_Party/FreeRTOS/Source/tasks.c **** 		{
1314:Middlewares/Third_Party/FreeRTOS/Source/tasks.c **** 			portYIELD_WITHIN_API();
1315:Middlewares/Third_Party/FreeRTOS/Source/tasks.c **** 		}
1316:Middlewares/Third_Party/FreeRTOS/Source/tasks.c **** 		else
1317:Middlewares/Third_Party/FreeRTOS/Source/tasks.c **** 		{
1318:Middlewares/Third_Party/FreeRTOS/Source/tasks.c **** 			mtCOVERAGE_TEST_MARKER();
1319:Middlewares/Third_Party/FreeRTOS/Source/tasks.c **** 		}
1320:Middlewares/Third_Party/FreeRTOS/Source/tasks.c **** 	}
1321:Middlewares/Third_Party/FreeRTOS/Source/tasks.c **** 
1322:Middlewares/Third_Party/FreeRTOS/Source/tasks.c **** #endif /* INCLUDE_vTaskDelay */
1323:Middlewares/Third_Party/FreeRTOS/Source/tasks.c **** /*-----------------------------------------------------------*/
1324:Middlewares/Third_Party/FreeRTOS/Source/tasks.c **** 
1325:Middlewares/Third_Party/FreeRTOS/Source/tasks.c **** #if( ( INCLUDE_eTaskGetState == 1 ) || ( configUSE_TRACE_FACILITY == 1 ) )
1326:Middlewares/Third_Party/FreeRTOS/Source/tasks.c **** 
1327:Middlewares/Third_Party/FreeRTOS/Source/tasks.c **** 	eTaskState eTaskGetState( TaskHandle_t xTask )
1328:Middlewares/Third_Party/FreeRTOS/Source/tasks.c **** 	{
1329:Middlewares/Third_Party/FreeRTOS/Source/tasks.c **** 	eTaskState eReturn;
1330:Middlewares/Third_Party/FreeRTOS/Source/tasks.c **** 	List_t *pxStateList;
1331:Middlewares/Third_Party/FreeRTOS/Source/tasks.c **** 	const TCB_t * const pxTCB = ( TCB_t * ) xTask;
1332:Middlewares/Third_Party/FreeRTOS/Source/tasks.c **** 
1333:Middlewares/Third_Party/FreeRTOS/Source/tasks.c **** 		configASSERT( pxTCB );
1334:Middlewares/Third_Party/FreeRTOS/Source/tasks.c **** 
1335:Middlewares/Third_Party/FreeRTOS/Source/tasks.c **** 		if( pxTCB == pxCurrentTCB )
1336:Middlewares/Third_Party/FreeRTOS/Source/tasks.c **** 		{
1337:Middlewares/Third_Party/FreeRTOS/Source/tasks.c **** 			/* The task calling this function is querying its own state. */
1338:Middlewares/Third_Party/FreeRTOS/Source/tasks.c **** 			eReturn = eRunning;
1339:Middlewares/Third_Party/FreeRTOS/Source/tasks.c **** 		}
1340:Middlewares/Third_Party/FreeRTOS/Source/tasks.c **** 		else
1341:Middlewares/Third_Party/FreeRTOS/Source/tasks.c **** 		{
1342:Middlewares/Third_Party/FreeRTOS/Source/tasks.c **** 			taskENTER_CRITICAL();
1343:Middlewares/Third_Party/FreeRTOS/Source/tasks.c **** 			{
ARM GAS  /tmp/ccshf83P.s 			page 25


1344:Middlewares/Third_Party/FreeRTOS/Source/tasks.c **** 				pxStateList = ( List_t * ) listLIST_ITEM_CONTAINER( &( pxTCB->xStateListItem ) );
1345:Middlewares/Third_Party/FreeRTOS/Source/tasks.c **** 			}
1346:Middlewares/Third_Party/FreeRTOS/Source/tasks.c **** 			taskEXIT_CRITICAL();
1347:Middlewares/Third_Party/FreeRTOS/Source/tasks.c **** 
1348:Middlewares/Third_Party/FreeRTOS/Source/tasks.c **** 			if( ( pxStateList == pxDelayedTaskList ) || ( pxStateList == pxOverflowDelayedTaskList ) )
1349:Middlewares/Third_Party/FreeRTOS/Source/tasks.c **** 			{
1350:Middlewares/Third_Party/FreeRTOS/Source/tasks.c **** 				/* The task being queried is referenced from one of the Blocked
1351:Middlewares/Third_Party/FreeRTOS/Source/tasks.c **** 				lists. */
1352:Middlewares/Third_Party/FreeRTOS/Source/tasks.c **** 				eReturn = eBlocked;
1353:Middlewares/Third_Party/FreeRTOS/Source/tasks.c **** 			}
1354:Middlewares/Third_Party/FreeRTOS/Source/tasks.c **** 
1355:Middlewares/Third_Party/FreeRTOS/Source/tasks.c **** 			#if ( INCLUDE_vTaskSuspend == 1 )
1356:Middlewares/Third_Party/FreeRTOS/Source/tasks.c **** 				else if( pxStateList == &xSuspendedTaskList )
1357:Middlewares/Third_Party/FreeRTOS/Source/tasks.c **** 				{
1358:Middlewares/Third_Party/FreeRTOS/Source/tasks.c **** 					/* The task being queried is referenced from the suspended
1359:Middlewares/Third_Party/FreeRTOS/Source/tasks.c **** 					list.  Is it genuinely suspended or is it block
1360:Middlewares/Third_Party/FreeRTOS/Source/tasks.c **** 					indefinitely? */
1361:Middlewares/Third_Party/FreeRTOS/Source/tasks.c **** 					if( listLIST_ITEM_CONTAINER( &( pxTCB->xEventListItem ) ) == NULL )
1362:Middlewares/Third_Party/FreeRTOS/Source/tasks.c **** 					{
1363:Middlewares/Third_Party/FreeRTOS/Source/tasks.c **** 						eReturn = eSuspended;
1364:Middlewares/Third_Party/FreeRTOS/Source/tasks.c **** 					}
1365:Middlewares/Third_Party/FreeRTOS/Source/tasks.c **** 					else
1366:Middlewares/Third_Party/FreeRTOS/Source/tasks.c **** 					{
1367:Middlewares/Third_Party/FreeRTOS/Source/tasks.c **** 						eReturn = eBlocked;
1368:Middlewares/Third_Party/FreeRTOS/Source/tasks.c **** 					}
1369:Middlewares/Third_Party/FreeRTOS/Source/tasks.c **** 				}
1370:Middlewares/Third_Party/FreeRTOS/Source/tasks.c **** 			#endif
1371:Middlewares/Third_Party/FreeRTOS/Source/tasks.c **** 
1372:Middlewares/Third_Party/FreeRTOS/Source/tasks.c **** 			#if ( INCLUDE_vTaskDelete == 1 )
1373:Middlewares/Third_Party/FreeRTOS/Source/tasks.c **** 				else if( ( pxStateList == &xTasksWaitingTermination ) || ( pxStateList == NULL ) )
1374:Middlewares/Third_Party/FreeRTOS/Source/tasks.c **** 				{
1375:Middlewares/Third_Party/FreeRTOS/Source/tasks.c **** 					/* The task being queried is referenced from the deleted
1376:Middlewares/Third_Party/FreeRTOS/Source/tasks.c **** 					tasks list, or it is not referenced from any lists at
1377:Middlewares/Third_Party/FreeRTOS/Source/tasks.c **** 					all. */
1378:Middlewares/Third_Party/FreeRTOS/Source/tasks.c **** 					eReturn = eDeleted;
1379:Middlewares/Third_Party/FreeRTOS/Source/tasks.c **** 				}
1380:Middlewares/Third_Party/FreeRTOS/Source/tasks.c **** 			#endif
1381:Middlewares/Third_Party/FreeRTOS/Source/tasks.c **** 
1382:Middlewares/Third_Party/FreeRTOS/Source/tasks.c **** 			else /*lint !e525 Negative indentation is intended to make use of pre-processor clearer. */
1383:Middlewares/Third_Party/FreeRTOS/Source/tasks.c **** 			{
1384:Middlewares/Third_Party/FreeRTOS/Source/tasks.c **** 				/* If the task is not in any other state, it must be in the
1385:Middlewares/Third_Party/FreeRTOS/Source/tasks.c **** 				Ready (including pending ready) state. */
1386:Middlewares/Third_Party/FreeRTOS/Source/tasks.c **** 				eReturn = eReady;
1387:Middlewares/Third_Party/FreeRTOS/Source/tasks.c **** 			}
1388:Middlewares/Third_Party/FreeRTOS/Source/tasks.c **** 		}
1389:Middlewares/Third_Party/FreeRTOS/Source/tasks.c **** 
1390:Middlewares/Third_Party/FreeRTOS/Source/tasks.c **** 		return eReturn;
1391:Middlewares/Third_Party/FreeRTOS/Source/tasks.c **** 	} /*lint !e818 xTask cannot be a pointer to const because it is a typedef. */
1392:Middlewares/Third_Party/FreeRTOS/Source/tasks.c **** 
1393:Middlewares/Third_Party/FreeRTOS/Source/tasks.c **** #endif /* INCLUDE_eTaskGetState */
1394:Middlewares/Third_Party/FreeRTOS/Source/tasks.c **** /*-----------------------------------------------------------*/
1395:Middlewares/Third_Party/FreeRTOS/Source/tasks.c **** 
1396:Middlewares/Third_Party/FreeRTOS/Source/tasks.c **** #if ( INCLUDE_uxTaskPriorityGet == 1 )
1397:Middlewares/Third_Party/FreeRTOS/Source/tasks.c **** 
1398:Middlewares/Third_Party/FreeRTOS/Source/tasks.c **** 	UBaseType_t uxTaskPriorityGet( TaskHandle_t xTask )
1399:Middlewares/Third_Party/FreeRTOS/Source/tasks.c **** 	{
1400:Middlewares/Third_Party/FreeRTOS/Source/tasks.c **** 	TCB_t *pxTCB;
ARM GAS  /tmp/ccshf83P.s 			page 26


1401:Middlewares/Third_Party/FreeRTOS/Source/tasks.c **** 	UBaseType_t uxReturn;
1402:Middlewares/Third_Party/FreeRTOS/Source/tasks.c **** 
1403:Middlewares/Third_Party/FreeRTOS/Source/tasks.c **** 		taskENTER_CRITICAL();
1404:Middlewares/Third_Party/FreeRTOS/Source/tasks.c **** 		{
1405:Middlewares/Third_Party/FreeRTOS/Source/tasks.c **** 			/* If null is passed in here then it is the priority of the that
1406:Middlewares/Third_Party/FreeRTOS/Source/tasks.c **** 			called uxTaskPriorityGet() that is being queried. */
1407:Middlewares/Third_Party/FreeRTOS/Source/tasks.c **** 			pxTCB = prvGetTCBFromHandle( xTask );
1408:Middlewares/Third_Party/FreeRTOS/Source/tasks.c **** 			uxReturn = pxTCB->uxPriority;
1409:Middlewares/Third_Party/FreeRTOS/Source/tasks.c **** 		}
1410:Middlewares/Third_Party/FreeRTOS/Source/tasks.c **** 		taskEXIT_CRITICAL();
1411:Middlewares/Third_Party/FreeRTOS/Source/tasks.c **** 
1412:Middlewares/Third_Party/FreeRTOS/Source/tasks.c **** 		return uxReturn;
1413:Middlewares/Third_Party/FreeRTOS/Source/tasks.c **** 	}
1414:Middlewares/Third_Party/FreeRTOS/Source/tasks.c **** 
1415:Middlewares/Third_Party/FreeRTOS/Source/tasks.c **** #endif /* INCLUDE_uxTaskPriorityGet */
1416:Middlewares/Third_Party/FreeRTOS/Source/tasks.c **** /*-----------------------------------------------------------*/
1417:Middlewares/Third_Party/FreeRTOS/Source/tasks.c **** 
1418:Middlewares/Third_Party/FreeRTOS/Source/tasks.c **** #if ( INCLUDE_uxTaskPriorityGet == 1 )
1419:Middlewares/Third_Party/FreeRTOS/Source/tasks.c **** 
1420:Middlewares/Third_Party/FreeRTOS/Source/tasks.c **** 	UBaseType_t uxTaskPriorityGetFromISR( TaskHandle_t xTask )
1421:Middlewares/Third_Party/FreeRTOS/Source/tasks.c **** 	{
1422:Middlewares/Third_Party/FreeRTOS/Source/tasks.c **** 	TCB_t *pxTCB;
1423:Middlewares/Third_Party/FreeRTOS/Source/tasks.c **** 	UBaseType_t uxReturn, uxSavedInterruptState;
1424:Middlewares/Third_Party/FreeRTOS/Source/tasks.c **** 
1425:Middlewares/Third_Party/FreeRTOS/Source/tasks.c **** 		/* RTOS ports that support interrupt nesting have the concept of a
1426:Middlewares/Third_Party/FreeRTOS/Source/tasks.c **** 		maximum	system call (or maximum API call) interrupt priority.
1427:Middlewares/Third_Party/FreeRTOS/Source/tasks.c **** 		Interrupts that are	above the maximum system call priority are keep
1428:Middlewares/Third_Party/FreeRTOS/Source/tasks.c **** 		permanently enabled, even when the RTOS kernel is in a critical section,
1429:Middlewares/Third_Party/FreeRTOS/Source/tasks.c **** 		but cannot make any calls to FreeRTOS API functions.  If configASSERT()
1430:Middlewares/Third_Party/FreeRTOS/Source/tasks.c **** 		is defined in FreeRTOSConfig.h then
1431:Middlewares/Third_Party/FreeRTOS/Source/tasks.c **** 		portASSERT_IF_INTERRUPT_PRIORITY_INVALID() will result in an assertion
1432:Middlewares/Third_Party/FreeRTOS/Source/tasks.c **** 		failure if a FreeRTOS API function is called from an interrupt that has
1433:Middlewares/Third_Party/FreeRTOS/Source/tasks.c **** 		been assigned a priority above the configured maximum system call
1434:Middlewares/Third_Party/FreeRTOS/Source/tasks.c **** 		priority.  Only FreeRTOS functions that end in FromISR can be called
1435:Middlewares/Third_Party/FreeRTOS/Source/tasks.c **** 		from interrupts	that have been assigned a priority at or (logically)
1436:Middlewares/Third_Party/FreeRTOS/Source/tasks.c **** 		below the maximum system call interrupt priority.  FreeRTOS maintains a
1437:Middlewares/Third_Party/FreeRTOS/Source/tasks.c **** 		separate interrupt safe API to ensure interrupt entry is as fast and as
1438:Middlewares/Third_Party/FreeRTOS/Source/tasks.c **** 		simple as possible.  More information (albeit Cortex-M specific) is
1439:Middlewares/Third_Party/FreeRTOS/Source/tasks.c **** 		provided on the following link:
1440:Middlewares/Third_Party/FreeRTOS/Source/tasks.c **** 		http://www.freertos.org/RTOS-Cortex-M3-M4.html */
1441:Middlewares/Third_Party/FreeRTOS/Source/tasks.c **** 		portASSERT_IF_INTERRUPT_PRIORITY_INVALID();
1442:Middlewares/Third_Party/FreeRTOS/Source/tasks.c **** 
1443:Middlewares/Third_Party/FreeRTOS/Source/tasks.c **** 		uxSavedInterruptState = portSET_INTERRUPT_MASK_FROM_ISR();
1444:Middlewares/Third_Party/FreeRTOS/Source/tasks.c **** 		{
1445:Middlewares/Third_Party/FreeRTOS/Source/tasks.c **** 			/* If null is passed in here then it is the priority of the calling
1446:Middlewares/Third_Party/FreeRTOS/Source/tasks.c **** 			task that is being queried. */
1447:Middlewares/Third_Party/FreeRTOS/Source/tasks.c **** 			pxTCB = prvGetTCBFromHandle( xTask );
1448:Middlewares/Third_Party/FreeRTOS/Source/tasks.c **** 			uxReturn = pxTCB->uxPriority;
1449:Middlewares/Third_Party/FreeRTOS/Source/tasks.c **** 		}
1450:Middlewares/Third_Party/FreeRTOS/Source/tasks.c **** 		portCLEAR_INTERRUPT_MASK_FROM_ISR( uxSavedInterruptState );
1451:Middlewares/Third_Party/FreeRTOS/Source/tasks.c **** 
1452:Middlewares/Third_Party/FreeRTOS/Source/tasks.c **** 		return uxReturn;
1453:Middlewares/Third_Party/FreeRTOS/Source/tasks.c **** 	}
1454:Middlewares/Third_Party/FreeRTOS/Source/tasks.c **** 
1455:Middlewares/Third_Party/FreeRTOS/Source/tasks.c **** #endif /* INCLUDE_uxTaskPriorityGet */
1456:Middlewares/Third_Party/FreeRTOS/Source/tasks.c **** /*-----------------------------------------------------------*/
1457:Middlewares/Third_Party/FreeRTOS/Source/tasks.c **** 
ARM GAS  /tmp/ccshf83P.s 			page 27


1458:Middlewares/Third_Party/FreeRTOS/Source/tasks.c **** #if ( INCLUDE_vTaskPrioritySet == 1 )
1459:Middlewares/Third_Party/FreeRTOS/Source/tasks.c **** 
1460:Middlewares/Third_Party/FreeRTOS/Source/tasks.c **** 	void vTaskPrioritySet( TaskHandle_t xTask, UBaseType_t uxNewPriority )
1461:Middlewares/Third_Party/FreeRTOS/Source/tasks.c **** 	{
1462:Middlewares/Third_Party/FreeRTOS/Source/tasks.c **** 	TCB_t *pxTCB;
1463:Middlewares/Third_Party/FreeRTOS/Source/tasks.c **** 	UBaseType_t uxCurrentBasePriority, uxPriorityUsedOnEntry;
1464:Middlewares/Third_Party/FreeRTOS/Source/tasks.c **** 	BaseType_t xYieldRequired = pdFALSE;
1465:Middlewares/Third_Party/FreeRTOS/Source/tasks.c **** 
1466:Middlewares/Third_Party/FreeRTOS/Source/tasks.c **** 		configASSERT( ( uxNewPriority < configMAX_PRIORITIES ) );
1467:Middlewares/Third_Party/FreeRTOS/Source/tasks.c **** 
1468:Middlewares/Third_Party/FreeRTOS/Source/tasks.c **** 		/* Ensure the new priority is valid. */
1469:Middlewares/Third_Party/FreeRTOS/Source/tasks.c **** 		if( uxNewPriority >= ( UBaseType_t ) configMAX_PRIORITIES )
1470:Middlewares/Third_Party/FreeRTOS/Source/tasks.c **** 		{
1471:Middlewares/Third_Party/FreeRTOS/Source/tasks.c **** 			uxNewPriority = ( UBaseType_t ) configMAX_PRIORITIES - ( UBaseType_t ) 1U;
1472:Middlewares/Third_Party/FreeRTOS/Source/tasks.c **** 		}
1473:Middlewares/Third_Party/FreeRTOS/Source/tasks.c **** 		else
1474:Middlewares/Third_Party/FreeRTOS/Source/tasks.c **** 		{
1475:Middlewares/Third_Party/FreeRTOS/Source/tasks.c **** 			mtCOVERAGE_TEST_MARKER();
1476:Middlewares/Third_Party/FreeRTOS/Source/tasks.c **** 		}
1477:Middlewares/Third_Party/FreeRTOS/Source/tasks.c **** 
1478:Middlewares/Third_Party/FreeRTOS/Source/tasks.c **** 		taskENTER_CRITICAL();
1479:Middlewares/Third_Party/FreeRTOS/Source/tasks.c **** 		{
1480:Middlewares/Third_Party/FreeRTOS/Source/tasks.c **** 			/* If null is passed in here then it is the priority of the calling
1481:Middlewares/Third_Party/FreeRTOS/Source/tasks.c **** 			task that is being changed. */
1482:Middlewares/Third_Party/FreeRTOS/Source/tasks.c **** 			pxTCB = prvGetTCBFromHandle( xTask );
1483:Middlewares/Third_Party/FreeRTOS/Source/tasks.c **** 
1484:Middlewares/Third_Party/FreeRTOS/Source/tasks.c **** 			traceTASK_PRIORITY_SET( pxTCB, uxNewPriority );
1485:Middlewares/Third_Party/FreeRTOS/Source/tasks.c **** 
1486:Middlewares/Third_Party/FreeRTOS/Source/tasks.c **** 			#if ( configUSE_MUTEXES == 1 )
1487:Middlewares/Third_Party/FreeRTOS/Source/tasks.c **** 			{
1488:Middlewares/Third_Party/FreeRTOS/Source/tasks.c **** 				uxCurrentBasePriority = pxTCB->uxBasePriority;
1489:Middlewares/Third_Party/FreeRTOS/Source/tasks.c **** 			}
1490:Middlewares/Third_Party/FreeRTOS/Source/tasks.c **** 			#else
1491:Middlewares/Third_Party/FreeRTOS/Source/tasks.c **** 			{
1492:Middlewares/Third_Party/FreeRTOS/Source/tasks.c **** 				uxCurrentBasePriority = pxTCB->uxPriority;
1493:Middlewares/Third_Party/FreeRTOS/Source/tasks.c **** 			}
1494:Middlewares/Third_Party/FreeRTOS/Source/tasks.c **** 			#endif
1495:Middlewares/Third_Party/FreeRTOS/Source/tasks.c **** 
1496:Middlewares/Third_Party/FreeRTOS/Source/tasks.c **** 			if( uxCurrentBasePriority != uxNewPriority )
1497:Middlewares/Third_Party/FreeRTOS/Source/tasks.c **** 			{
1498:Middlewares/Third_Party/FreeRTOS/Source/tasks.c **** 				/* The priority change may have readied a task of higher
1499:Middlewares/Third_Party/FreeRTOS/Source/tasks.c **** 				priority than the calling task. */
1500:Middlewares/Third_Party/FreeRTOS/Source/tasks.c **** 				if( uxNewPriority > uxCurrentBasePriority )
1501:Middlewares/Third_Party/FreeRTOS/Source/tasks.c **** 				{
1502:Middlewares/Third_Party/FreeRTOS/Source/tasks.c **** 					if( pxTCB != pxCurrentTCB )
1503:Middlewares/Third_Party/FreeRTOS/Source/tasks.c **** 					{
1504:Middlewares/Third_Party/FreeRTOS/Source/tasks.c **** 						/* The priority of a task other than the currently
1505:Middlewares/Third_Party/FreeRTOS/Source/tasks.c **** 						running task is being raised.  Is the priority being
1506:Middlewares/Third_Party/FreeRTOS/Source/tasks.c **** 						raised above that of the running task? */
1507:Middlewares/Third_Party/FreeRTOS/Source/tasks.c **** 						if( uxNewPriority >= pxCurrentTCB->uxPriority )
1508:Middlewares/Third_Party/FreeRTOS/Source/tasks.c **** 						{
1509:Middlewares/Third_Party/FreeRTOS/Source/tasks.c **** 							xYieldRequired = pdTRUE;
1510:Middlewares/Third_Party/FreeRTOS/Source/tasks.c **** 						}
1511:Middlewares/Third_Party/FreeRTOS/Source/tasks.c **** 						else
1512:Middlewares/Third_Party/FreeRTOS/Source/tasks.c **** 						{
1513:Middlewares/Third_Party/FreeRTOS/Source/tasks.c **** 							mtCOVERAGE_TEST_MARKER();
1514:Middlewares/Third_Party/FreeRTOS/Source/tasks.c **** 						}
ARM GAS  /tmp/ccshf83P.s 			page 28


1515:Middlewares/Third_Party/FreeRTOS/Source/tasks.c **** 					}
1516:Middlewares/Third_Party/FreeRTOS/Source/tasks.c **** 					else
1517:Middlewares/Third_Party/FreeRTOS/Source/tasks.c **** 					{
1518:Middlewares/Third_Party/FreeRTOS/Source/tasks.c **** 						/* The priority of the running task is being raised,
1519:Middlewares/Third_Party/FreeRTOS/Source/tasks.c **** 						but the running task must already be the highest
1520:Middlewares/Third_Party/FreeRTOS/Source/tasks.c **** 						priority task able to run so no yield is required. */
1521:Middlewares/Third_Party/FreeRTOS/Source/tasks.c **** 					}
1522:Middlewares/Third_Party/FreeRTOS/Source/tasks.c **** 				}
1523:Middlewares/Third_Party/FreeRTOS/Source/tasks.c **** 				else if( pxTCB == pxCurrentTCB )
1524:Middlewares/Third_Party/FreeRTOS/Source/tasks.c **** 				{
1525:Middlewares/Third_Party/FreeRTOS/Source/tasks.c **** 					/* Setting the priority of the running task down means
1526:Middlewares/Third_Party/FreeRTOS/Source/tasks.c **** 					there may now be another task of higher priority that
1527:Middlewares/Third_Party/FreeRTOS/Source/tasks.c **** 					is ready to execute. */
1528:Middlewares/Third_Party/FreeRTOS/Source/tasks.c **** 					xYieldRequired = pdTRUE;
1529:Middlewares/Third_Party/FreeRTOS/Source/tasks.c **** 				}
1530:Middlewares/Third_Party/FreeRTOS/Source/tasks.c **** 				else
1531:Middlewares/Third_Party/FreeRTOS/Source/tasks.c **** 				{
1532:Middlewares/Third_Party/FreeRTOS/Source/tasks.c **** 					/* Setting the priority of any other task down does not
1533:Middlewares/Third_Party/FreeRTOS/Source/tasks.c **** 					require a yield as the running task must be above the
1534:Middlewares/Third_Party/FreeRTOS/Source/tasks.c **** 					new priority of the task being modified. */
1535:Middlewares/Third_Party/FreeRTOS/Source/tasks.c **** 				}
1536:Middlewares/Third_Party/FreeRTOS/Source/tasks.c **** 
1537:Middlewares/Third_Party/FreeRTOS/Source/tasks.c **** 				/* Remember the ready list the task might be referenced from
1538:Middlewares/Third_Party/FreeRTOS/Source/tasks.c **** 				before its uxPriority member is changed so the
1539:Middlewares/Third_Party/FreeRTOS/Source/tasks.c **** 				taskRESET_READY_PRIORITY() macro can function correctly. */
1540:Middlewares/Third_Party/FreeRTOS/Source/tasks.c **** 				uxPriorityUsedOnEntry = pxTCB->uxPriority;
1541:Middlewares/Third_Party/FreeRTOS/Source/tasks.c **** 
1542:Middlewares/Third_Party/FreeRTOS/Source/tasks.c **** 				#if ( configUSE_MUTEXES == 1 )
1543:Middlewares/Third_Party/FreeRTOS/Source/tasks.c **** 				{
1544:Middlewares/Third_Party/FreeRTOS/Source/tasks.c **** 					/* Only change the priority being used if the task is not
1545:Middlewares/Third_Party/FreeRTOS/Source/tasks.c **** 					currently using an inherited priority. */
1546:Middlewares/Third_Party/FreeRTOS/Source/tasks.c **** 					if( pxTCB->uxBasePriority == pxTCB->uxPriority )
1547:Middlewares/Third_Party/FreeRTOS/Source/tasks.c **** 					{
1548:Middlewares/Third_Party/FreeRTOS/Source/tasks.c **** 						pxTCB->uxPriority = uxNewPriority;
1549:Middlewares/Third_Party/FreeRTOS/Source/tasks.c **** 					}
1550:Middlewares/Third_Party/FreeRTOS/Source/tasks.c **** 					else
1551:Middlewares/Third_Party/FreeRTOS/Source/tasks.c **** 					{
1552:Middlewares/Third_Party/FreeRTOS/Source/tasks.c **** 						mtCOVERAGE_TEST_MARKER();
1553:Middlewares/Third_Party/FreeRTOS/Source/tasks.c **** 					}
1554:Middlewares/Third_Party/FreeRTOS/Source/tasks.c **** 
1555:Middlewares/Third_Party/FreeRTOS/Source/tasks.c **** 					/* The base priority gets set whatever. */
1556:Middlewares/Third_Party/FreeRTOS/Source/tasks.c **** 					pxTCB->uxBasePriority = uxNewPriority;
1557:Middlewares/Third_Party/FreeRTOS/Source/tasks.c **** 				}
1558:Middlewares/Third_Party/FreeRTOS/Source/tasks.c **** 				#else
1559:Middlewares/Third_Party/FreeRTOS/Source/tasks.c **** 				{
1560:Middlewares/Third_Party/FreeRTOS/Source/tasks.c **** 					pxTCB->uxPriority = uxNewPriority;
1561:Middlewares/Third_Party/FreeRTOS/Source/tasks.c **** 				}
1562:Middlewares/Third_Party/FreeRTOS/Source/tasks.c **** 				#endif
1563:Middlewares/Third_Party/FreeRTOS/Source/tasks.c **** 
1564:Middlewares/Third_Party/FreeRTOS/Source/tasks.c **** 				/* Only reset the event list item value if the value is not
1565:Middlewares/Third_Party/FreeRTOS/Source/tasks.c **** 				being used for anything else. */
1566:Middlewares/Third_Party/FreeRTOS/Source/tasks.c **** 				if( ( listGET_LIST_ITEM_VALUE( &( pxTCB->xEventListItem ) ) & taskEVENT_LIST_ITEM_VALUE_IN_USE 
1567:Middlewares/Third_Party/FreeRTOS/Source/tasks.c **** 				{
1568:Middlewares/Third_Party/FreeRTOS/Source/tasks.c **** 					listSET_LIST_ITEM_VALUE( &( pxTCB->xEventListItem ), ( ( TickType_t ) configMAX_PRIORITIES - (
1569:Middlewares/Third_Party/FreeRTOS/Source/tasks.c **** 				}
1570:Middlewares/Third_Party/FreeRTOS/Source/tasks.c **** 				else
1571:Middlewares/Third_Party/FreeRTOS/Source/tasks.c **** 				{
ARM GAS  /tmp/ccshf83P.s 			page 29


1572:Middlewares/Third_Party/FreeRTOS/Source/tasks.c **** 					mtCOVERAGE_TEST_MARKER();
1573:Middlewares/Third_Party/FreeRTOS/Source/tasks.c **** 				}
1574:Middlewares/Third_Party/FreeRTOS/Source/tasks.c **** 
1575:Middlewares/Third_Party/FreeRTOS/Source/tasks.c **** 				/* If the task is in the blocked or suspended list we need do
1576:Middlewares/Third_Party/FreeRTOS/Source/tasks.c **** 				nothing more than change its priority variable. However, if
1577:Middlewares/Third_Party/FreeRTOS/Source/tasks.c **** 				the task is in a ready list it needs to be removed and placed
1578:Middlewares/Third_Party/FreeRTOS/Source/tasks.c **** 				in the list appropriate to its new priority. */
1579:Middlewares/Third_Party/FreeRTOS/Source/tasks.c **** 				if( listIS_CONTAINED_WITHIN( &( pxReadyTasksLists[ uxPriorityUsedOnEntry ] ), &( pxTCB->xStateL
1580:Middlewares/Third_Party/FreeRTOS/Source/tasks.c **** 				{
1581:Middlewares/Third_Party/FreeRTOS/Source/tasks.c **** 					/* The task is currently in its ready list - remove before
1582:Middlewares/Third_Party/FreeRTOS/Source/tasks.c **** 					adding it to it's new ready list.  As we are in a critical
1583:Middlewares/Third_Party/FreeRTOS/Source/tasks.c **** 					section we can do this even if the scheduler is suspended. */
1584:Middlewares/Third_Party/FreeRTOS/Source/tasks.c **** 					if( uxListRemove( &( pxTCB->xStateListItem ) ) == ( UBaseType_t ) 0 )
1585:Middlewares/Third_Party/FreeRTOS/Source/tasks.c **** 					{
1586:Middlewares/Third_Party/FreeRTOS/Source/tasks.c **** 						/* It is known that the task is in its ready list so
1587:Middlewares/Third_Party/FreeRTOS/Source/tasks.c **** 						there is no need to check again and the port level
1588:Middlewares/Third_Party/FreeRTOS/Source/tasks.c **** 						reset macro can be called directly. */
1589:Middlewares/Third_Party/FreeRTOS/Source/tasks.c **** 						portRESET_READY_PRIORITY( uxPriorityUsedOnEntry, uxTopReadyPriority );
1590:Middlewares/Third_Party/FreeRTOS/Source/tasks.c **** 					}
1591:Middlewares/Third_Party/FreeRTOS/Source/tasks.c **** 					else
1592:Middlewares/Third_Party/FreeRTOS/Source/tasks.c **** 					{
1593:Middlewares/Third_Party/FreeRTOS/Source/tasks.c **** 						mtCOVERAGE_TEST_MARKER();
1594:Middlewares/Third_Party/FreeRTOS/Source/tasks.c **** 					}
1595:Middlewares/Third_Party/FreeRTOS/Source/tasks.c **** 					prvAddTaskToReadyList( pxTCB );
1596:Middlewares/Third_Party/FreeRTOS/Source/tasks.c **** 				}
1597:Middlewares/Third_Party/FreeRTOS/Source/tasks.c **** 				else
1598:Middlewares/Third_Party/FreeRTOS/Source/tasks.c **** 				{
1599:Middlewares/Third_Party/FreeRTOS/Source/tasks.c **** 					mtCOVERAGE_TEST_MARKER();
1600:Middlewares/Third_Party/FreeRTOS/Source/tasks.c **** 				}
1601:Middlewares/Third_Party/FreeRTOS/Source/tasks.c **** 
1602:Middlewares/Third_Party/FreeRTOS/Source/tasks.c **** 				if( xYieldRequired != pdFALSE )
1603:Middlewares/Third_Party/FreeRTOS/Source/tasks.c **** 				{
1604:Middlewares/Third_Party/FreeRTOS/Source/tasks.c **** 					taskYIELD_IF_USING_PREEMPTION();
1605:Middlewares/Third_Party/FreeRTOS/Source/tasks.c **** 				}
1606:Middlewares/Third_Party/FreeRTOS/Source/tasks.c **** 				else
1607:Middlewares/Third_Party/FreeRTOS/Source/tasks.c **** 				{
1608:Middlewares/Third_Party/FreeRTOS/Source/tasks.c **** 					mtCOVERAGE_TEST_MARKER();
1609:Middlewares/Third_Party/FreeRTOS/Source/tasks.c **** 				}
1610:Middlewares/Third_Party/FreeRTOS/Source/tasks.c **** 
1611:Middlewares/Third_Party/FreeRTOS/Source/tasks.c **** 				/* Remove compiler warning about unused variables when the port
1612:Middlewares/Third_Party/FreeRTOS/Source/tasks.c **** 				optimised task selection is not being used. */
1613:Middlewares/Third_Party/FreeRTOS/Source/tasks.c **** 				( void ) uxPriorityUsedOnEntry;
1614:Middlewares/Third_Party/FreeRTOS/Source/tasks.c **** 			}
1615:Middlewares/Third_Party/FreeRTOS/Source/tasks.c **** 		}
1616:Middlewares/Third_Party/FreeRTOS/Source/tasks.c **** 		taskEXIT_CRITICAL();
1617:Middlewares/Third_Party/FreeRTOS/Source/tasks.c **** 	}
1618:Middlewares/Third_Party/FreeRTOS/Source/tasks.c **** 
1619:Middlewares/Third_Party/FreeRTOS/Source/tasks.c **** #endif /* INCLUDE_vTaskPrioritySet */
1620:Middlewares/Third_Party/FreeRTOS/Source/tasks.c **** /*-----------------------------------------------------------*/
1621:Middlewares/Third_Party/FreeRTOS/Source/tasks.c **** 
1622:Middlewares/Third_Party/FreeRTOS/Source/tasks.c **** #if ( INCLUDE_vTaskSuspend == 1 )
1623:Middlewares/Third_Party/FreeRTOS/Source/tasks.c **** 
1624:Middlewares/Third_Party/FreeRTOS/Source/tasks.c **** 	void vTaskSuspend( TaskHandle_t xTaskToSuspend )
1625:Middlewares/Third_Party/FreeRTOS/Source/tasks.c **** 	{
1626:Middlewares/Third_Party/FreeRTOS/Source/tasks.c **** 	TCB_t *pxTCB;
1627:Middlewares/Third_Party/FreeRTOS/Source/tasks.c **** 
1628:Middlewares/Third_Party/FreeRTOS/Source/tasks.c **** 		taskENTER_CRITICAL();
ARM GAS  /tmp/ccshf83P.s 			page 30


1629:Middlewares/Third_Party/FreeRTOS/Source/tasks.c **** 		{
1630:Middlewares/Third_Party/FreeRTOS/Source/tasks.c **** 			/* If null is passed in here then it is the running task that is
1631:Middlewares/Third_Party/FreeRTOS/Source/tasks.c **** 			being suspended. */
1632:Middlewares/Third_Party/FreeRTOS/Source/tasks.c **** 			pxTCB = prvGetTCBFromHandle( xTaskToSuspend );
1633:Middlewares/Third_Party/FreeRTOS/Source/tasks.c **** 
1634:Middlewares/Third_Party/FreeRTOS/Source/tasks.c **** 			traceTASK_SUSPEND( pxTCB );
1635:Middlewares/Third_Party/FreeRTOS/Source/tasks.c **** 
1636:Middlewares/Third_Party/FreeRTOS/Source/tasks.c **** 			/* Remove task from the ready/delayed list and place in the
1637:Middlewares/Third_Party/FreeRTOS/Source/tasks.c **** 			suspended list. */
1638:Middlewares/Third_Party/FreeRTOS/Source/tasks.c **** 			if( uxListRemove( &( pxTCB->xStateListItem ) ) == ( UBaseType_t ) 0 )
1639:Middlewares/Third_Party/FreeRTOS/Source/tasks.c **** 			{
1640:Middlewares/Third_Party/FreeRTOS/Source/tasks.c **** 				taskRESET_READY_PRIORITY( pxTCB->uxPriority );
1641:Middlewares/Third_Party/FreeRTOS/Source/tasks.c **** 			}
1642:Middlewares/Third_Party/FreeRTOS/Source/tasks.c **** 			else
1643:Middlewares/Third_Party/FreeRTOS/Source/tasks.c **** 			{
1644:Middlewares/Third_Party/FreeRTOS/Source/tasks.c **** 				mtCOVERAGE_TEST_MARKER();
1645:Middlewares/Third_Party/FreeRTOS/Source/tasks.c **** 			}
1646:Middlewares/Third_Party/FreeRTOS/Source/tasks.c **** 
1647:Middlewares/Third_Party/FreeRTOS/Source/tasks.c **** 			/* Is the task waiting on an event also? */
1648:Middlewares/Third_Party/FreeRTOS/Source/tasks.c **** 			if( listLIST_ITEM_CONTAINER( &( pxTCB->xEventListItem ) ) != NULL )
1649:Middlewares/Third_Party/FreeRTOS/Source/tasks.c **** 			{
1650:Middlewares/Third_Party/FreeRTOS/Source/tasks.c **** 				( void ) uxListRemove( &( pxTCB->xEventListItem ) );
1651:Middlewares/Third_Party/FreeRTOS/Source/tasks.c **** 			}
1652:Middlewares/Third_Party/FreeRTOS/Source/tasks.c **** 			else
1653:Middlewares/Third_Party/FreeRTOS/Source/tasks.c **** 			{
1654:Middlewares/Third_Party/FreeRTOS/Source/tasks.c **** 				mtCOVERAGE_TEST_MARKER();
1655:Middlewares/Third_Party/FreeRTOS/Source/tasks.c **** 			}
1656:Middlewares/Third_Party/FreeRTOS/Source/tasks.c **** 
1657:Middlewares/Third_Party/FreeRTOS/Source/tasks.c **** 			vListInsertEnd( &xSuspendedTaskList, &( pxTCB->xStateListItem ) );
1658:Middlewares/Third_Party/FreeRTOS/Source/tasks.c **** 
1659:Middlewares/Third_Party/FreeRTOS/Source/tasks.c **** 			#if( configUSE_TASK_NOTIFICATIONS == 1 )
1660:Middlewares/Third_Party/FreeRTOS/Source/tasks.c **** 			{
1661:Middlewares/Third_Party/FreeRTOS/Source/tasks.c **** 				if( pxTCB->ucNotifyState == taskWAITING_NOTIFICATION )
1662:Middlewares/Third_Party/FreeRTOS/Source/tasks.c **** 				{
1663:Middlewares/Third_Party/FreeRTOS/Source/tasks.c **** 					/* The task was blocked to wait for a notification, but is
1664:Middlewares/Third_Party/FreeRTOS/Source/tasks.c **** 					now suspended, so no notification was received. */
1665:Middlewares/Third_Party/FreeRTOS/Source/tasks.c **** 					pxTCB->ucNotifyState = taskNOT_WAITING_NOTIFICATION;
1666:Middlewares/Third_Party/FreeRTOS/Source/tasks.c **** 				}
1667:Middlewares/Third_Party/FreeRTOS/Source/tasks.c **** 			}
1668:Middlewares/Third_Party/FreeRTOS/Source/tasks.c **** 			#endif
1669:Middlewares/Third_Party/FreeRTOS/Source/tasks.c **** 		}
1670:Middlewares/Third_Party/FreeRTOS/Source/tasks.c **** 		taskEXIT_CRITICAL();
1671:Middlewares/Third_Party/FreeRTOS/Source/tasks.c **** 
1672:Middlewares/Third_Party/FreeRTOS/Source/tasks.c **** 		if( xSchedulerRunning != pdFALSE )
1673:Middlewares/Third_Party/FreeRTOS/Source/tasks.c **** 		{
1674:Middlewares/Third_Party/FreeRTOS/Source/tasks.c **** 			/* Reset the next expected unblock time in case it referred to the
1675:Middlewares/Third_Party/FreeRTOS/Source/tasks.c **** 			task that is now in the Suspended state. */
1676:Middlewares/Third_Party/FreeRTOS/Source/tasks.c **** 			taskENTER_CRITICAL();
1677:Middlewares/Third_Party/FreeRTOS/Source/tasks.c **** 			{
1678:Middlewares/Third_Party/FreeRTOS/Source/tasks.c **** 				prvResetNextTaskUnblockTime();
1679:Middlewares/Third_Party/FreeRTOS/Source/tasks.c **** 			}
1680:Middlewares/Third_Party/FreeRTOS/Source/tasks.c **** 			taskEXIT_CRITICAL();
1681:Middlewares/Third_Party/FreeRTOS/Source/tasks.c **** 		}
1682:Middlewares/Third_Party/FreeRTOS/Source/tasks.c **** 		else
1683:Middlewares/Third_Party/FreeRTOS/Source/tasks.c **** 		{
1684:Middlewares/Third_Party/FreeRTOS/Source/tasks.c **** 			mtCOVERAGE_TEST_MARKER();
1685:Middlewares/Third_Party/FreeRTOS/Source/tasks.c **** 		}
ARM GAS  /tmp/ccshf83P.s 			page 31


1686:Middlewares/Third_Party/FreeRTOS/Source/tasks.c **** 
1687:Middlewares/Third_Party/FreeRTOS/Source/tasks.c **** 		if( pxTCB == pxCurrentTCB )
1688:Middlewares/Third_Party/FreeRTOS/Source/tasks.c **** 		{
1689:Middlewares/Third_Party/FreeRTOS/Source/tasks.c **** 			if( xSchedulerRunning != pdFALSE )
1690:Middlewares/Third_Party/FreeRTOS/Source/tasks.c **** 			{
1691:Middlewares/Third_Party/FreeRTOS/Source/tasks.c **** 				/* The current task has just been suspended. */
1692:Middlewares/Third_Party/FreeRTOS/Source/tasks.c **** 				configASSERT( uxSchedulerSuspended == 0 );
1693:Middlewares/Third_Party/FreeRTOS/Source/tasks.c **** 				portYIELD_WITHIN_API();
1694:Middlewares/Third_Party/FreeRTOS/Source/tasks.c **** 			}
1695:Middlewares/Third_Party/FreeRTOS/Source/tasks.c **** 			else
1696:Middlewares/Third_Party/FreeRTOS/Source/tasks.c **** 			{
1697:Middlewares/Third_Party/FreeRTOS/Source/tasks.c **** 				/* The scheduler is not running, but the task that was pointed
1698:Middlewares/Third_Party/FreeRTOS/Source/tasks.c **** 				to by pxCurrentTCB has just been suspended and pxCurrentTCB
1699:Middlewares/Third_Party/FreeRTOS/Source/tasks.c **** 				must be adjusted to point to a different task. */
1700:Middlewares/Third_Party/FreeRTOS/Source/tasks.c **** 				if( listCURRENT_LIST_LENGTH( &xSuspendedTaskList ) == uxCurrentNumberOfTasks )
1701:Middlewares/Third_Party/FreeRTOS/Source/tasks.c **** 				{
1702:Middlewares/Third_Party/FreeRTOS/Source/tasks.c **** 					/* No other tasks are ready, so set pxCurrentTCB back to
1703:Middlewares/Third_Party/FreeRTOS/Source/tasks.c **** 					NULL so when the next task is created pxCurrentTCB will
1704:Middlewares/Third_Party/FreeRTOS/Source/tasks.c **** 					be set to point to it no matter what its relative priority
1705:Middlewares/Third_Party/FreeRTOS/Source/tasks.c **** 					is. */
1706:Middlewares/Third_Party/FreeRTOS/Source/tasks.c **** 					pxCurrentTCB = NULL;
1707:Middlewares/Third_Party/FreeRTOS/Source/tasks.c **** 				}
1708:Middlewares/Third_Party/FreeRTOS/Source/tasks.c **** 				else
1709:Middlewares/Third_Party/FreeRTOS/Source/tasks.c **** 				{
1710:Middlewares/Third_Party/FreeRTOS/Source/tasks.c **** 					vTaskSwitchContext();
1711:Middlewares/Third_Party/FreeRTOS/Source/tasks.c **** 				}
1712:Middlewares/Third_Party/FreeRTOS/Source/tasks.c **** 			}
1713:Middlewares/Third_Party/FreeRTOS/Source/tasks.c **** 		}
1714:Middlewares/Third_Party/FreeRTOS/Source/tasks.c **** 		else
1715:Middlewares/Third_Party/FreeRTOS/Source/tasks.c **** 		{
1716:Middlewares/Third_Party/FreeRTOS/Source/tasks.c **** 			mtCOVERAGE_TEST_MARKER();
1717:Middlewares/Third_Party/FreeRTOS/Source/tasks.c **** 		}
1718:Middlewares/Third_Party/FreeRTOS/Source/tasks.c **** 	}
1719:Middlewares/Third_Party/FreeRTOS/Source/tasks.c **** 
1720:Middlewares/Third_Party/FreeRTOS/Source/tasks.c **** #endif /* INCLUDE_vTaskSuspend */
1721:Middlewares/Third_Party/FreeRTOS/Source/tasks.c **** /*-----------------------------------------------------------*/
1722:Middlewares/Third_Party/FreeRTOS/Source/tasks.c **** 
1723:Middlewares/Third_Party/FreeRTOS/Source/tasks.c **** #if ( INCLUDE_vTaskSuspend == 1 )
1724:Middlewares/Third_Party/FreeRTOS/Source/tasks.c **** 
1725:Middlewares/Third_Party/FreeRTOS/Source/tasks.c **** 	static BaseType_t prvTaskIsTaskSuspended( const TaskHandle_t xTask )
1726:Middlewares/Third_Party/FreeRTOS/Source/tasks.c **** 	{
  27              		.loc 1 1726 2 view -0
  28              		.cfi_startproc
  29              		@ args = 0, pretend = 0, frame = 0
  30              		@ frame_needed = 0, uses_anonymous_args = 0
  31              		@ link register save eliminated.
1727:Middlewares/Third_Party/FreeRTOS/Source/tasks.c **** 	BaseType_t xReturn = pdFALSE;
  32              		.loc 1 1727 2 view .LVU1
1728:Middlewares/Third_Party/FreeRTOS/Source/tasks.c **** 	const TCB_t * const pxTCB = ( TCB_t * ) xTask;
  33              		.loc 1 1728 2 view .LVU2
1729:Middlewares/Third_Party/FreeRTOS/Source/tasks.c **** 
1730:Middlewares/Third_Party/FreeRTOS/Source/tasks.c **** 		/* Accesses xPendingReadyList so must be called from a critical
1731:Middlewares/Third_Party/FreeRTOS/Source/tasks.c **** 		section. */
1732:Middlewares/Third_Party/FreeRTOS/Source/tasks.c **** 
1733:Middlewares/Third_Party/FreeRTOS/Source/tasks.c **** 		/* It does not make sense to check if the calling task is suspended. */
1734:Middlewares/Third_Party/FreeRTOS/Source/tasks.c **** 		configASSERT( xTask );
  34              		.loc 1 1734 3 view .LVU3
ARM GAS  /tmp/ccshf83P.s 			page 32


  35 0000 28B1     		cbz	r0, .L8
  36              		.loc 1 1734 24 discriminator 2 view .LVU4
1735:Middlewares/Third_Party/FreeRTOS/Source/tasks.c **** 
1736:Middlewares/Third_Party/FreeRTOS/Source/tasks.c **** 		/* Is the task being resumed actually in the suspended list? */
1737:Middlewares/Third_Party/FreeRTOS/Source/tasks.c **** 		if( listIS_CONTAINED_WITHIN( &xSuspendedTaskList, &( pxTCB->xStateListItem ) ) != pdFALSE )
  37              		.loc 1 1737 3 view .LVU5
  38              		.loc 1 1737 7 is_stmt 0 view .LVU6
  39 0002 4169     		ldr	r1, [r0, #20]
  40              		.loc 1 1737 82 view .LVU7
  41 0004 0C4A     		ldr	r2, .L10
  42 0006 9142     		cmp	r1, r2
  43 0008 0AD0     		beq	.L9
1727:Middlewares/Third_Party/FreeRTOS/Source/tasks.c **** 	const TCB_t * const pxTCB = ( TCB_t * ) xTask;
  44              		.loc 1 1727 13 view .LVU8
  45 000a 0020     		movs	r0, #0
  46              	.LVL1:
1727:Middlewares/Third_Party/FreeRTOS/Source/tasks.c **** 	const TCB_t * const pxTCB = ( TCB_t * ) xTask;
  47              		.loc 1 1727 13 view .LVU9
  48 000c 7047     		bx	lr
  49              	.LVL2:
  50              	.L8:
1734:Middlewares/Third_Party/FreeRTOS/Source/tasks.c **** 
  51              		.loc 1 1734 3 is_stmt 1 discriminator 1 view .LVU10
  52              	.LBB113:
  53              	.LBI113:
  54              		.file 2 "Middlewares/Third_Party/FreeRTOS/Source/portable/GCC/ARM_CM3/portmacro.h"
   1:Middlewares/Third_Party/FreeRTOS/Source/portable/GCC/ARM_CM3/portmacro.h **** /*
   2:Middlewares/Third_Party/FreeRTOS/Source/portable/GCC/ARM_CM3/portmacro.h ****  * FreeRTOS Kernel V10.0.1
   3:Middlewares/Third_Party/FreeRTOS/Source/portable/GCC/ARM_CM3/portmacro.h ****  * Copyright (C) 2017 Amazon.com, Inc. or its affiliates.  All Rights Reserved.
   4:Middlewares/Third_Party/FreeRTOS/Source/portable/GCC/ARM_CM3/portmacro.h ****  *
   5:Middlewares/Third_Party/FreeRTOS/Source/portable/GCC/ARM_CM3/portmacro.h ****  * Permission is hereby granted, free of charge, to any person obtaining a copy of
   6:Middlewares/Third_Party/FreeRTOS/Source/portable/GCC/ARM_CM3/portmacro.h ****  * this software and associated documentation files (the "Software"), to deal in
   7:Middlewares/Third_Party/FreeRTOS/Source/portable/GCC/ARM_CM3/portmacro.h ****  * the Software without restriction, including without limitation the rights to
   8:Middlewares/Third_Party/FreeRTOS/Source/portable/GCC/ARM_CM3/portmacro.h ****  * use, copy, modify, merge, publish, distribute, sublicense, and/or sell copies of
   9:Middlewares/Third_Party/FreeRTOS/Source/portable/GCC/ARM_CM3/portmacro.h ****  * the Software, and to permit persons to whom the Software is furnished to do so,
  10:Middlewares/Third_Party/FreeRTOS/Source/portable/GCC/ARM_CM3/portmacro.h ****  * subject to the following conditions:
  11:Middlewares/Third_Party/FreeRTOS/Source/portable/GCC/ARM_CM3/portmacro.h ****  *
  12:Middlewares/Third_Party/FreeRTOS/Source/portable/GCC/ARM_CM3/portmacro.h ****  * The above copyright notice and this permission notice shall be included in all
  13:Middlewares/Third_Party/FreeRTOS/Source/portable/GCC/ARM_CM3/portmacro.h ****  * copies or substantial portions of the Software.
  14:Middlewares/Third_Party/FreeRTOS/Source/portable/GCC/ARM_CM3/portmacro.h ****  *
  15:Middlewares/Third_Party/FreeRTOS/Source/portable/GCC/ARM_CM3/portmacro.h ****  * THE SOFTWARE IS PROVIDED "AS IS", WITHOUT WARRANTY OF ANY KIND, EXPRESS OR
  16:Middlewares/Third_Party/FreeRTOS/Source/portable/GCC/ARM_CM3/portmacro.h ****  * IMPLIED, INCLUDING BUT NOT LIMITED TO THE WARRANTIES OF MERCHANTABILITY, FITNESS
  17:Middlewares/Third_Party/FreeRTOS/Source/portable/GCC/ARM_CM3/portmacro.h ****  * FOR A PARTICULAR PURPOSE AND NONINFRINGEMENT. IN NO EVENT SHALL THE AUTHORS OR
  18:Middlewares/Third_Party/FreeRTOS/Source/portable/GCC/ARM_CM3/portmacro.h ****  * COPYRIGHT HOLDERS BE LIABLE FOR ANY CLAIM, DAMAGES OR OTHER LIABILITY, WHETHER
  19:Middlewares/Third_Party/FreeRTOS/Source/portable/GCC/ARM_CM3/portmacro.h ****  * IN AN ACTION OF CONTRACT, TORT OR OTHERWISE, ARISING FROM, OUT OF OR IN
  20:Middlewares/Third_Party/FreeRTOS/Source/portable/GCC/ARM_CM3/portmacro.h ****  * CONNECTION WITH THE SOFTWARE OR THE USE OR OTHER DEALINGS IN THE SOFTWARE.
  21:Middlewares/Third_Party/FreeRTOS/Source/portable/GCC/ARM_CM3/portmacro.h ****  *
  22:Middlewares/Third_Party/FreeRTOS/Source/portable/GCC/ARM_CM3/portmacro.h ****  * http://www.FreeRTOS.org
  23:Middlewares/Third_Party/FreeRTOS/Source/portable/GCC/ARM_CM3/portmacro.h ****  * http://aws.amazon.com/freertos
  24:Middlewares/Third_Party/FreeRTOS/Source/portable/GCC/ARM_CM3/portmacro.h ****  *
  25:Middlewares/Third_Party/FreeRTOS/Source/portable/GCC/ARM_CM3/portmacro.h ****  * 1 tab == 4 spaces!
  26:Middlewares/Third_Party/FreeRTOS/Source/portable/GCC/ARM_CM3/portmacro.h ****  */
  27:Middlewares/Third_Party/FreeRTOS/Source/portable/GCC/ARM_CM3/portmacro.h **** 
  28:Middlewares/Third_Party/FreeRTOS/Source/portable/GCC/ARM_CM3/portmacro.h **** 
  29:Middlewares/Third_Party/FreeRTOS/Source/portable/GCC/ARM_CM3/portmacro.h **** #ifndef PORTMACRO_H
  30:Middlewares/Third_Party/FreeRTOS/Source/portable/GCC/ARM_CM3/portmacro.h **** #define PORTMACRO_H
  31:Middlewares/Third_Party/FreeRTOS/Source/portable/GCC/ARM_CM3/portmacro.h **** 
ARM GAS  /tmp/ccshf83P.s 			page 33


  32:Middlewares/Third_Party/FreeRTOS/Source/portable/GCC/ARM_CM3/portmacro.h **** #ifdef __cplusplus
  33:Middlewares/Third_Party/FreeRTOS/Source/portable/GCC/ARM_CM3/portmacro.h **** extern "C" {
  34:Middlewares/Third_Party/FreeRTOS/Source/portable/GCC/ARM_CM3/portmacro.h **** #endif
  35:Middlewares/Third_Party/FreeRTOS/Source/portable/GCC/ARM_CM3/portmacro.h **** 
  36:Middlewares/Third_Party/FreeRTOS/Source/portable/GCC/ARM_CM3/portmacro.h **** /*-----------------------------------------------------------
  37:Middlewares/Third_Party/FreeRTOS/Source/portable/GCC/ARM_CM3/portmacro.h ****  * Port specific definitions.
  38:Middlewares/Third_Party/FreeRTOS/Source/portable/GCC/ARM_CM3/portmacro.h ****  *
  39:Middlewares/Third_Party/FreeRTOS/Source/portable/GCC/ARM_CM3/portmacro.h ****  * The settings in this file configure FreeRTOS correctly for the
  40:Middlewares/Third_Party/FreeRTOS/Source/portable/GCC/ARM_CM3/portmacro.h ****  * given hardware and compiler.
  41:Middlewares/Third_Party/FreeRTOS/Source/portable/GCC/ARM_CM3/portmacro.h ****  *
  42:Middlewares/Third_Party/FreeRTOS/Source/portable/GCC/ARM_CM3/portmacro.h ****  * These settings should not be altered.
  43:Middlewares/Third_Party/FreeRTOS/Source/portable/GCC/ARM_CM3/portmacro.h ****  *-----------------------------------------------------------
  44:Middlewares/Third_Party/FreeRTOS/Source/portable/GCC/ARM_CM3/portmacro.h ****  */
  45:Middlewares/Third_Party/FreeRTOS/Source/portable/GCC/ARM_CM3/portmacro.h **** 
  46:Middlewares/Third_Party/FreeRTOS/Source/portable/GCC/ARM_CM3/portmacro.h **** /* Type definitions. */
  47:Middlewares/Third_Party/FreeRTOS/Source/portable/GCC/ARM_CM3/portmacro.h **** #define portCHAR		char
  48:Middlewares/Third_Party/FreeRTOS/Source/portable/GCC/ARM_CM3/portmacro.h **** #define portFLOAT		float
  49:Middlewares/Third_Party/FreeRTOS/Source/portable/GCC/ARM_CM3/portmacro.h **** #define portDOUBLE		double
  50:Middlewares/Third_Party/FreeRTOS/Source/portable/GCC/ARM_CM3/portmacro.h **** #define portLONG		long
  51:Middlewares/Third_Party/FreeRTOS/Source/portable/GCC/ARM_CM3/portmacro.h **** #define portSHORT		short
  52:Middlewares/Third_Party/FreeRTOS/Source/portable/GCC/ARM_CM3/portmacro.h **** #define portSTACK_TYPE	uint32_t
  53:Middlewares/Third_Party/FreeRTOS/Source/portable/GCC/ARM_CM3/portmacro.h **** #define portBASE_TYPE	long
  54:Middlewares/Third_Party/FreeRTOS/Source/portable/GCC/ARM_CM3/portmacro.h **** 
  55:Middlewares/Third_Party/FreeRTOS/Source/portable/GCC/ARM_CM3/portmacro.h **** typedef portSTACK_TYPE StackType_t;
  56:Middlewares/Third_Party/FreeRTOS/Source/portable/GCC/ARM_CM3/portmacro.h **** typedef long BaseType_t;
  57:Middlewares/Third_Party/FreeRTOS/Source/portable/GCC/ARM_CM3/portmacro.h **** typedef unsigned long UBaseType_t;
  58:Middlewares/Third_Party/FreeRTOS/Source/portable/GCC/ARM_CM3/portmacro.h **** 
  59:Middlewares/Third_Party/FreeRTOS/Source/portable/GCC/ARM_CM3/portmacro.h **** #if( configUSE_16_BIT_TICKS == 1 )
  60:Middlewares/Third_Party/FreeRTOS/Source/portable/GCC/ARM_CM3/portmacro.h **** 	typedef uint16_t TickType_t;
  61:Middlewares/Third_Party/FreeRTOS/Source/portable/GCC/ARM_CM3/portmacro.h **** 	#define portMAX_DELAY ( TickType_t ) 0xffff
  62:Middlewares/Third_Party/FreeRTOS/Source/portable/GCC/ARM_CM3/portmacro.h **** #else
  63:Middlewares/Third_Party/FreeRTOS/Source/portable/GCC/ARM_CM3/portmacro.h **** 	typedef uint32_t TickType_t;
  64:Middlewares/Third_Party/FreeRTOS/Source/portable/GCC/ARM_CM3/portmacro.h **** 	#define portMAX_DELAY ( TickType_t ) 0xffffffffUL
  65:Middlewares/Third_Party/FreeRTOS/Source/portable/GCC/ARM_CM3/portmacro.h **** 
  66:Middlewares/Third_Party/FreeRTOS/Source/portable/GCC/ARM_CM3/portmacro.h **** 	/* 32-bit tick type on a 32-bit architecture, so reads of the tick count do
  67:Middlewares/Third_Party/FreeRTOS/Source/portable/GCC/ARM_CM3/portmacro.h **** 	not need to be guarded with a critical section. */
  68:Middlewares/Third_Party/FreeRTOS/Source/portable/GCC/ARM_CM3/portmacro.h **** 	#define portTICK_TYPE_IS_ATOMIC 1
  69:Middlewares/Third_Party/FreeRTOS/Source/portable/GCC/ARM_CM3/portmacro.h **** #endif
  70:Middlewares/Third_Party/FreeRTOS/Source/portable/GCC/ARM_CM3/portmacro.h **** /*-----------------------------------------------------------*/
  71:Middlewares/Third_Party/FreeRTOS/Source/portable/GCC/ARM_CM3/portmacro.h **** 
  72:Middlewares/Third_Party/FreeRTOS/Source/portable/GCC/ARM_CM3/portmacro.h **** /* Architecture specifics. */
  73:Middlewares/Third_Party/FreeRTOS/Source/portable/GCC/ARM_CM3/portmacro.h **** #define portSTACK_GROWTH			( -1 )
  74:Middlewares/Third_Party/FreeRTOS/Source/portable/GCC/ARM_CM3/portmacro.h **** #define portTICK_PERIOD_MS			( ( TickType_t ) 1000 / configTICK_RATE_HZ )
  75:Middlewares/Third_Party/FreeRTOS/Source/portable/GCC/ARM_CM3/portmacro.h **** #define portBYTE_ALIGNMENT			8
  76:Middlewares/Third_Party/FreeRTOS/Source/portable/GCC/ARM_CM3/portmacro.h **** /*-----------------------------------------------------------*/
  77:Middlewares/Third_Party/FreeRTOS/Source/portable/GCC/ARM_CM3/portmacro.h **** 
  78:Middlewares/Third_Party/FreeRTOS/Source/portable/GCC/ARM_CM3/portmacro.h **** /* Scheduler utilities. */
  79:Middlewares/Third_Party/FreeRTOS/Source/portable/GCC/ARM_CM3/portmacro.h **** #define portYIELD() 															\
  80:Middlewares/Third_Party/FreeRTOS/Source/portable/GCC/ARM_CM3/portmacro.h **** {																				\
  81:Middlewares/Third_Party/FreeRTOS/Source/portable/GCC/ARM_CM3/portmacro.h **** 	/* Set a PendSV to request a context switch. */								\
  82:Middlewares/Third_Party/FreeRTOS/Source/portable/GCC/ARM_CM3/portmacro.h **** 	portNVIC_INT_CTRL_REG = portNVIC_PENDSVSET_BIT;								\
  83:Middlewares/Third_Party/FreeRTOS/Source/portable/GCC/ARM_CM3/portmacro.h **** 																				\
  84:Middlewares/Third_Party/FreeRTOS/Source/portable/GCC/ARM_CM3/portmacro.h **** 	/* Barriers are normally not required but do ensure the code is completely	\
  85:Middlewares/Third_Party/FreeRTOS/Source/portable/GCC/ARM_CM3/portmacro.h **** 	within the specified behaviour for the architecture. */						\
  86:Middlewares/Third_Party/FreeRTOS/Source/portable/GCC/ARM_CM3/portmacro.h **** 	__asm volatile( "dsb" ::: "memory" );										\
  87:Middlewares/Third_Party/FreeRTOS/Source/portable/GCC/ARM_CM3/portmacro.h **** 	__asm volatile( "isb" );													\
  88:Middlewares/Third_Party/FreeRTOS/Source/portable/GCC/ARM_CM3/portmacro.h **** }
ARM GAS  /tmp/ccshf83P.s 			page 34


  89:Middlewares/Third_Party/FreeRTOS/Source/portable/GCC/ARM_CM3/portmacro.h **** 
  90:Middlewares/Third_Party/FreeRTOS/Source/portable/GCC/ARM_CM3/portmacro.h **** #define portNVIC_INT_CTRL_REG		( * ( ( volatile uint32_t * ) 0xe000ed04 ) )
  91:Middlewares/Third_Party/FreeRTOS/Source/portable/GCC/ARM_CM3/portmacro.h **** #define portNVIC_PENDSVSET_BIT		( 1UL << 28UL )
  92:Middlewares/Third_Party/FreeRTOS/Source/portable/GCC/ARM_CM3/portmacro.h **** #define portEND_SWITCHING_ISR( xSwitchRequired ) if( xSwitchRequired != pdFALSE ) portYIELD()
  93:Middlewares/Third_Party/FreeRTOS/Source/portable/GCC/ARM_CM3/portmacro.h **** #define portYIELD_FROM_ISR( x ) portEND_SWITCHING_ISR( x )
  94:Middlewares/Third_Party/FreeRTOS/Source/portable/GCC/ARM_CM3/portmacro.h **** /*-----------------------------------------------------------*/
  95:Middlewares/Third_Party/FreeRTOS/Source/portable/GCC/ARM_CM3/portmacro.h **** 
  96:Middlewares/Third_Party/FreeRTOS/Source/portable/GCC/ARM_CM3/portmacro.h **** /* Critical section management. */
  97:Middlewares/Third_Party/FreeRTOS/Source/portable/GCC/ARM_CM3/portmacro.h **** extern void vPortEnterCritical( void );
  98:Middlewares/Third_Party/FreeRTOS/Source/portable/GCC/ARM_CM3/portmacro.h **** extern void vPortExitCritical( void );
  99:Middlewares/Third_Party/FreeRTOS/Source/portable/GCC/ARM_CM3/portmacro.h **** #define portSET_INTERRUPT_MASK_FROM_ISR()		ulPortRaiseBASEPRI()
 100:Middlewares/Third_Party/FreeRTOS/Source/portable/GCC/ARM_CM3/portmacro.h **** #define portCLEAR_INTERRUPT_MASK_FROM_ISR(x)	vPortSetBASEPRI(x)
 101:Middlewares/Third_Party/FreeRTOS/Source/portable/GCC/ARM_CM3/portmacro.h **** #define portDISABLE_INTERRUPTS()				vPortRaiseBASEPRI()
 102:Middlewares/Third_Party/FreeRTOS/Source/portable/GCC/ARM_CM3/portmacro.h **** #define portENABLE_INTERRUPTS()					vPortSetBASEPRI(0)
 103:Middlewares/Third_Party/FreeRTOS/Source/portable/GCC/ARM_CM3/portmacro.h **** #define portENTER_CRITICAL()					vPortEnterCritical()
 104:Middlewares/Third_Party/FreeRTOS/Source/portable/GCC/ARM_CM3/portmacro.h **** #define portEXIT_CRITICAL()						vPortExitCritical()
 105:Middlewares/Third_Party/FreeRTOS/Source/portable/GCC/ARM_CM3/portmacro.h **** 
 106:Middlewares/Third_Party/FreeRTOS/Source/portable/GCC/ARM_CM3/portmacro.h **** /*-----------------------------------------------------------*/
 107:Middlewares/Third_Party/FreeRTOS/Source/portable/GCC/ARM_CM3/portmacro.h **** 
 108:Middlewares/Third_Party/FreeRTOS/Source/portable/GCC/ARM_CM3/portmacro.h **** /* Task function macros as described on the FreeRTOS.org WEB site.  These are
 109:Middlewares/Third_Party/FreeRTOS/Source/portable/GCC/ARM_CM3/portmacro.h **** not necessary for to use this port.  They are defined so the common demo files
 110:Middlewares/Third_Party/FreeRTOS/Source/portable/GCC/ARM_CM3/portmacro.h **** (which build with all the ports) will build. */
 111:Middlewares/Third_Party/FreeRTOS/Source/portable/GCC/ARM_CM3/portmacro.h **** #define portTASK_FUNCTION_PROTO( vFunction, pvParameters ) void vFunction( void *pvParameters )
 112:Middlewares/Third_Party/FreeRTOS/Source/portable/GCC/ARM_CM3/portmacro.h **** #define portTASK_FUNCTION( vFunction, pvParameters ) void vFunction( void *pvParameters )
 113:Middlewares/Third_Party/FreeRTOS/Source/portable/GCC/ARM_CM3/portmacro.h **** /*-----------------------------------------------------------*/
 114:Middlewares/Third_Party/FreeRTOS/Source/portable/GCC/ARM_CM3/portmacro.h **** 
 115:Middlewares/Third_Party/FreeRTOS/Source/portable/GCC/ARM_CM3/portmacro.h **** /* Tickless idle/low power functionality. */
 116:Middlewares/Third_Party/FreeRTOS/Source/portable/GCC/ARM_CM3/portmacro.h **** #ifndef portSUPPRESS_TICKS_AND_SLEEP
 117:Middlewares/Third_Party/FreeRTOS/Source/portable/GCC/ARM_CM3/portmacro.h **** 	extern void vPortSuppressTicksAndSleep( TickType_t xExpectedIdleTime );
 118:Middlewares/Third_Party/FreeRTOS/Source/portable/GCC/ARM_CM3/portmacro.h **** 	#define portSUPPRESS_TICKS_AND_SLEEP( xExpectedIdleTime ) vPortSuppressTicksAndSleep( xExpectedIdl
 119:Middlewares/Third_Party/FreeRTOS/Source/portable/GCC/ARM_CM3/portmacro.h **** #endif
 120:Middlewares/Third_Party/FreeRTOS/Source/portable/GCC/ARM_CM3/portmacro.h **** /*-----------------------------------------------------------*/
 121:Middlewares/Third_Party/FreeRTOS/Source/portable/GCC/ARM_CM3/portmacro.h **** 
 122:Middlewares/Third_Party/FreeRTOS/Source/portable/GCC/ARM_CM3/portmacro.h **** /* Architecture specific optimisations. */
 123:Middlewares/Third_Party/FreeRTOS/Source/portable/GCC/ARM_CM3/portmacro.h **** #ifndef configUSE_PORT_OPTIMISED_TASK_SELECTION
 124:Middlewares/Third_Party/FreeRTOS/Source/portable/GCC/ARM_CM3/portmacro.h **** 	#define configUSE_PORT_OPTIMISED_TASK_SELECTION 1
 125:Middlewares/Third_Party/FreeRTOS/Source/portable/GCC/ARM_CM3/portmacro.h **** #endif
 126:Middlewares/Third_Party/FreeRTOS/Source/portable/GCC/ARM_CM3/portmacro.h **** 
 127:Middlewares/Third_Party/FreeRTOS/Source/portable/GCC/ARM_CM3/portmacro.h **** #if configUSE_PORT_OPTIMISED_TASK_SELECTION == 1
 128:Middlewares/Third_Party/FreeRTOS/Source/portable/GCC/ARM_CM3/portmacro.h **** 
 129:Middlewares/Third_Party/FreeRTOS/Source/portable/GCC/ARM_CM3/portmacro.h **** 	/* Generic helper function. */
 130:Middlewares/Third_Party/FreeRTOS/Source/portable/GCC/ARM_CM3/portmacro.h **** 	__attribute__( ( always_inline ) ) static inline uint8_t ucPortCountLeadingZeros( uint32_t ulBitma
 131:Middlewares/Third_Party/FreeRTOS/Source/portable/GCC/ARM_CM3/portmacro.h **** 	{
 132:Middlewares/Third_Party/FreeRTOS/Source/portable/GCC/ARM_CM3/portmacro.h **** 	uint8_t ucReturn;
 133:Middlewares/Third_Party/FreeRTOS/Source/portable/GCC/ARM_CM3/portmacro.h **** 
 134:Middlewares/Third_Party/FreeRTOS/Source/portable/GCC/ARM_CM3/portmacro.h **** 		__asm volatile ( "clz %0, %1" : "=r" ( ucReturn ) : "r" ( ulBitmap ) : "memory" );
 135:Middlewares/Third_Party/FreeRTOS/Source/portable/GCC/ARM_CM3/portmacro.h **** 		return ucReturn;
 136:Middlewares/Third_Party/FreeRTOS/Source/portable/GCC/ARM_CM3/portmacro.h **** 	}
 137:Middlewares/Third_Party/FreeRTOS/Source/portable/GCC/ARM_CM3/portmacro.h **** 
 138:Middlewares/Third_Party/FreeRTOS/Source/portable/GCC/ARM_CM3/portmacro.h **** 	/* Check the configuration. */
 139:Middlewares/Third_Party/FreeRTOS/Source/portable/GCC/ARM_CM3/portmacro.h **** 	#if( configMAX_PRIORITIES > 32 )
 140:Middlewares/Third_Party/FreeRTOS/Source/portable/GCC/ARM_CM3/portmacro.h **** 		#error configUSE_PORT_OPTIMISED_TASK_SELECTION can only be set to 1 when configMAX_PRIORITIES is 
 141:Middlewares/Third_Party/FreeRTOS/Source/portable/GCC/ARM_CM3/portmacro.h **** 	#endif
 142:Middlewares/Third_Party/FreeRTOS/Source/portable/GCC/ARM_CM3/portmacro.h **** 
 143:Middlewares/Third_Party/FreeRTOS/Source/portable/GCC/ARM_CM3/portmacro.h **** 	/* Store/clear the ready priorities in a bit map. */
 144:Middlewares/Third_Party/FreeRTOS/Source/portable/GCC/ARM_CM3/portmacro.h **** 	#define portRECORD_READY_PRIORITY( uxPriority, uxReadyPriorities ) ( uxReadyPriorities ) |= ( 1UL 
 145:Middlewares/Third_Party/FreeRTOS/Source/portable/GCC/ARM_CM3/portmacro.h **** 	#define portRESET_READY_PRIORITY( uxPriority, uxReadyPriorities ) ( uxReadyPriorities ) &= ~( 1UL 
ARM GAS  /tmp/ccshf83P.s 			page 35


 146:Middlewares/Third_Party/FreeRTOS/Source/portable/GCC/ARM_CM3/portmacro.h **** 
 147:Middlewares/Third_Party/FreeRTOS/Source/portable/GCC/ARM_CM3/portmacro.h **** 	/*-----------------------------------------------------------*/
 148:Middlewares/Third_Party/FreeRTOS/Source/portable/GCC/ARM_CM3/portmacro.h **** 
 149:Middlewares/Third_Party/FreeRTOS/Source/portable/GCC/ARM_CM3/portmacro.h **** 	#define portGET_HIGHEST_PRIORITY( uxTopPriority, uxReadyPriorities ) uxTopPriority = ( 31UL - ( ui
 150:Middlewares/Third_Party/FreeRTOS/Source/portable/GCC/ARM_CM3/portmacro.h **** 
 151:Middlewares/Third_Party/FreeRTOS/Source/portable/GCC/ARM_CM3/portmacro.h **** #endif /* configUSE_PORT_OPTIMISED_TASK_SELECTION */
 152:Middlewares/Third_Party/FreeRTOS/Source/portable/GCC/ARM_CM3/portmacro.h **** 
 153:Middlewares/Third_Party/FreeRTOS/Source/portable/GCC/ARM_CM3/portmacro.h **** /*-----------------------------------------------------------*/
 154:Middlewares/Third_Party/FreeRTOS/Source/portable/GCC/ARM_CM3/portmacro.h **** 
 155:Middlewares/Third_Party/FreeRTOS/Source/portable/GCC/ARM_CM3/portmacro.h **** #ifdef configASSERT
 156:Middlewares/Third_Party/FreeRTOS/Source/portable/GCC/ARM_CM3/portmacro.h **** 	void vPortValidateInterruptPriority( void );
 157:Middlewares/Third_Party/FreeRTOS/Source/portable/GCC/ARM_CM3/portmacro.h **** 	#define portASSERT_IF_INTERRUPT_PRIORITY_INVALID() 	vPortValidateInterruptPriority()
 158:Middlewares/Third_Party/FreeRTOS/Source/portable/GCC/ARM_CM3/portmacro.h **** #endif
 159:Middlewares/Third_Party/FreeRTOS/Source/portable/GCC/ARM_CM3/portmacro.h **** 
 160:Middlewares/Third_Party/FreeRTOS/Source/portable/GCC/ARM_CM3/portmacro.h **** /* portNOP() is not required by this port. */
 161:Middlewares/Third_Party/FreeRTOS/Source/portable/GCC/ARM_CM3/portmacro.h **** #define portNOP()
 162:Middlewares/Third_Party/FreeRTOS/Source/portable/GCC/ARM_CM3/portmacro.h **** 
 163:Middlewares/Third_Party/FreeRTOS/Source/portable/GCC/ARM_CM3/portmacro.h **** #define portINLINE	__inline
 164:Middlewares/Third_Party/FreeRTOS/Source/portable/GCC/ARM_CM3/portmacro.h **** 
 165:Middlewares/Third_Party/FreeRTOS/Source/portable/GCC/ARM_CM3/portmacro.h **** #ifndef portFORCE_INLINE
 166:Middlewares/Third_Party/FreeRTOS/Source/portable/GCC/ARM_CM3/portmacro.h **** 	#define portFORCE_INLINE inline __attribute__(( always_inline))
 167:Middlewares/Third_Party/FreeRTOS/Source/portable/GCC/ARM_CM3/portmacro.h **** #endif
 168:Middlewares/Third_Party/FreeRTOS/Source/portable/GCC/ARM_CM3/portmacro.h **** 
 169:Middlewares/Third_Party/FreeRTOS/Source/portable/GCC/ARM_CM3/portmacro.h **** portFORCE_INLINE static BaseType_t xPortIsInsideInterrupt( void )
 170:Middlewares/Third_Party/FreeRTOS/Source/portable/GCC/ARM_CM3/portmacro.h **** {
 171:Middlewares/Third_Party/FreeRTOS/Source/portable/GCC/ARM_CM3/portmacro.h **** uint32_t ulCurrentInterrupt;
 172:Middlewares/Third_Party/FreeRTOS/Source/portable/GCC/ARM_CM3/portmacro.h **** BaseType_t xReturn;
 173:Middlewares/Third_Party/FreeRTOS/Source/portable/GCC/ARM_CM3/portmacro.h **** 
 174:Middlewares/Third_Party/FreeRTOS/Source/portable/GCC/ARM_CM3/portmacro.h **** 	/* Obtain the number of the currently executing interrupt. */
 175:Middlewares/Third_Party/FreeRTOS/Source/portable/GCC/ARM_CM3/portmacro.h **** 	__asm volatile( "mrs %0, ipsr" : "=r"( ulCurrentInterrupt ) :: "memory" );
 176:Middlewares/Third_Party/FreeRTOS/Source/portable/GCC/ARM_CM3/portmacro.h **** 
 177:Middlewares/Third_Party/FreeRTOS/Source/portable/GCC/ARM_CM3/portmacro.h **** 	if( ulCurrentInterrupt == 0 )
 178:Middlewares/Third_Party/FreeRTOS/Source/portable/GCC/ARM_CM3/portmacro.h **** 	{
 179:Middlewares/Third_Party/FreeRTOS/Source/portable/GCC/ARM_CM3/portmacro.h **** 		xReturn = pdFALSE;
 180:Middlewares/Third_Party/FreeRTOS/Source/portable/GCC/ARM_CM3/portmacro.h **** 	}
 181:Middlewares/Third_Party/FreeRTOS/Source/portable/GCC/ARM_CM3/portmacro.h **** 	else
 182:Middlewares/Third_Party/FreeRTOS/Source/portable/GCC/ARM_CM3/portmacro.h **** 	{
 183:Middlewares/Third_Party/FreeRTOS/Source/portable/GCC/ARM_CM3/portmacro.h **** 		xReturn = pdTRUE;
 184:Middlewares/Third_Party/FreeRTOS/Source/portable/GCC/ARM_CM3/portmacro.h **** 	}
 185:Middlewares/Third_Party/FreeRTOS/Source/portable/GCC/ARM_CM3/portmacro.h **** 
 186:Middlewares/Third_Party/FreeRTOS/Source/portable/GCC/ARM_CM3/portmacro.h **** 	return xReturn;
 187:Middlewares/Third_Party/FreeRTOS/Source/portable/GCC/ARM_CM3/portmacro.h **** }
 188:Middlewares/Third_Party/FreeRTOS/Source/portable/GCC/ARM_CM3/portmacro.h **** 
 189:Middlewares/Third_Party/FreeRTOS/Source/portable/GCC/ARM_CM3/portmacro.h **** /*-----------------------------------------------------------*/
 190:Middlewares/Third_Party/FreeRTOS/Source/portable/GCC/ARM_CM3/portmacro.h **** 
 191:Middlewares/Third_Party/FreeRTOS/Source/portable/GCC/ARM_CM3/portmacro.h **** portFORCE_INLINE static void vPortRaiseBASEPRI( void )
  55              		.loc 2 191 30 view .LVU11
  56              	.LBB114:
 192:Middlewares/Third_Party/FreeRTOS/Source/portable/GCC/ARM_CM3/portmacro.h **** {
 193:Middlewares/Third_Party/FreeRTOS/Source/portable/GCC/ARM_CM3/portmacro.h **** uint32_t ulNewBASEPRI;
  57              		.loc 2 193 1 view .LVU12
 194:Middlewares/Third_Party/FreeRTOS/Source/portable/GCC/ARM_CM3/portmacro.h **** 
 195:Middlewares/Third_Party/FreeRTOS/Source/portable/GCC/ARM_CM3/portmacro.h **** 	__asm volatile
  58              		.loc 2 195 2 view .LVU13
  59              		.syntax unified
  60              	@ 195 "Middlewares/Third_Party/FreeRTOS/Source/portable/GCC/ARM_CM3/portmacro.h" 1
  61 000e 4FF05003 			mov r3, #80												
ARM GAS  /tmp/ccshf83P.s 			page 36


  62 0012 83F31188 		msr basepri, r3											
  63 0016 BFF36F8F 		isb														
  64 001a BFF34F8F 		dsb														
  65              	
  66              	@ 0 "" 2
  67              		.thumb
  68              		.syntax unified
  69              	.L3:
  70              	.LBE114:
  71              	.LBE113:
1734:Middlewares/Third_Party/FreeRTOS/Source/tasks.c **** 
  72              		.loc 1 1734 3 discriminator 3 view .LVU14
1734:Middlewares/Third_Party/FreeRTOS/Source/tasks.c **** 
  73              		.loc 1 1734 3 discriminator 3 view .LVU15
  74 001e FEE7     		b	.L3
  75              	.L9:
1738:Middlewares/Third_Party/FreeRTOS/Source/tasks.c **** 		{
1739:Middlewares/Third_Party/FreeRTOS/Source/tasks.c **** 			/* Has the task already been resumed from within an ISR? */
1740:Middlewares/Third_Party/FreeRTOS/Source/tasks.c **** 			if( listIS_CONTAINED_WITHIN( &xPendingReadyList, &( pxTCB->xEventListItem ) ) == pdFALSE )
  76              		.loc 1 1740 4 view .LVU16
  77              		.loc 1 1740 8 is_stmt 0 view .LVU17
  78 0020 836A     		ldr	r3, [r0, #40]
  79              		.loc 1 1740 6 view .LVU18
  80 0022 064A     		ldr	r2, .L10+4
  81 0024 9342     		cmp	r3, r2
  82 0026 02D0     		beq	.L6
1741:Middlewares/Third_Party/FreeRTOS/Source/tasks.c **** 			{
1742:Middlewares/Third_Party/FreeRTOS/Source/tasks.c **** 				/* Is it in the suspended list because it is in the	Suspended
1743:Middlewares/Third_Party/FreeRTOS/Source/tasks.c **** 				state, or because is is blocked with no timeout? */
1744:Middlewares/Third_Party/FreeRTOS/Source/tasks.c **** 				if( listIS_CONTAINED_WITHIN( NULL, &( pxTCB->xEventListItem ) ) != pdFALSE ) /*lint !e961.  The
  83              		.loc 1 1744 5 is_stmt 1 view .LVU19
  84              		.loc 1 1744 69 is_stmt 0 view .LVU20
  85 0028 1BB1     		cbz	r3, .L7
1727:Middlewares/Third_Party/FreeRTOS/Source/tasks.c **** 	const TCB_t * const pxTCB = ( TCB_t * ) xTask;
  86              		.loc 1 1727 13 view .LVU21
  87 002a 0020     		movs	r0, #0
  88              	.LVL3:
1727:Middlewares/Third_Party/FreeRTOS/Source/tasks.c **** 	const TCB_t * const pxTCB = ( TCB_t * ) xTask;
  89              		.loc 1 1727 13 view .LVU22
  90 002c 7047     		bx	lr
  91              	.LVL4:
  92              	.L6:
1727:Middlewares/Third_Party/FreeRTOS/Source/tasks.c **** 	const TCB_t * const pxTCB = ( TCB_t * ) xTask;
  93              		.loc 1 1727 13 view .LVU23
  94 002e 0020     		movs	r0, #0
  95              	.LVL5:
1727:Middlewares/Third_Party/FreeRTOS/Source/tasks.c **** 	const TCB_t * const pxTCB = ( TCB_t * ) xTask;
  96              		.loc 1 1727 13 view .LVU24
  97 0030 7047     		bx	lr
  98              	.LVL6:
  99              	.L7:
1745:Middlewares/Third_Party/FreeRTOS/Source/tasks.c **** 				{
1746:Middlewares/Third_Party/FreeRTOS/Source/tasks.c **** 					xReturn = pdTRUE;
 100              		.loc 1 1746 14 view .LVU25
 101 0032 0120     		movs	r0, #1
 102              	.LVL7:
1747:Middlewares/Third_Party/FreeRTOS/Source/tasks.c **** 				}
ARM GAS  /tmp/ccshf83P.s 			page 37


1748:Middlewares/Third_Party/FreeRTOS/Source/tasks.c **** 				else
1749:Middlewares/Third_Party/FreeRTOS/Source/tasks.c **** 				{
1750:Middlewares/Third_Party/FreeRTOS/Source/tasks.c **** 					mtCOVERAGE_TEST_MARKER();
1751:Middlewares/Third_Party/FreeRTOS/Source/tasks.c **** 				}
1752:Middlewares/Third_Party/FreeRTOS/Source/tasks.c **** 			}
1753:Middlewares/Third_Party/FreeRTOS/Source/tasks.c **** 			else
1754:Middlewares/Third_Party/FreeRTOS/Source/tasks.c **** 			{
1755:Middlewares/Third_Party/FreeRTOS/Source/tasks.c **** 				mtCOVERAGE_TEST_MARKER();
1756:Middlewares/Third_Party/FreeRTOS/Source/tasks.c **** 			}
1757:Middlewares/Third_Party/FreeRTOS/Source/tasks.c **** 		}
1758:Middlewares/Third_Party/FreeRTOS/Source/tasks.c **** 		else
1759:Middlewares/Third_Party/FreeRTOS/Source/tasks.c **** 		{
1760:Middlewares/Third_Party/FreeRTOS/Source/tasks.c **** 			mtCOVERAGE_TEST_MARKER();
 103              		.loc 1 1760 28 is_stmt 1 view .LVU26
1761:Middlewares/Third_Party/FreeRTOS/Source/tasks.c **** 		}
1762:Middlewares/Third_Party/FreeRTOS/Source/tasks.c **** 
1763:Middlewares/Third_Party/FreeRTOS/Source/tasks.c **** 		return xReturn;
 104              		.loc 1 1763 3 view .LVU27
1764:Middlewares/Third_Party/FreeRTOS/Source/tasks.c **** 	} /*lint !e818 xTask cannot be a pointer to const because it is a typedef. */
 105              		.loc 1 1764 2 is_stmt 0 view .LVU28
 106 0034 7047     		bx	lr
 107              	.L11:
 108 0036 00BF     		.align	2
 109              	.L10:
 110 0038 00000000 		.word	xSuspendedTaskList
 111 003c 00000000 		.word	xPendingReadyList
 112              		.cfi_endproc
 113              	.LFE16:
 115              		.section	.text.prvTaskCheckFreeStackSpace,"ax",%progbits
 116              		.align	1
 117              		.syntax unified
 118              		.thumb
 119              		.thumb_func
 121              	prvTaskCheckFreeStackSpace:
 122              	.LVL8:
 123              	.LFB46:
1765:Middlewares/Third_Party/FreeRTOS/Source/tasks.c **** 
1766:Middlewares/Third_Party/FreeRTOS/Source/tasks.c **** #endif /* INCLUDE_vTaskSuspend */
1767:Middlewares/Third_Party/FreeRTOS/Source/tasks.c **** /*-----------------------------------------------------------*/
1768:Middlewares/Third_Party/FreeRTOS/Source/tasks.c **** 
1769:Middlewares/Third_Party/FreeRTOS/Source/tasks.c **** #if ( INCLUDE_vTaskSuspend == 1 )
1770:Middlewares/Third_Party/FreeRTOS/Source/tasks.c **** 
1771:Middlewares/Third_Party/FreeRTOS/Source/tasks.c **** 	void vTaskResume( TaskHandle_t xTaskToResume )
1772:Middlewares/Third_Party/FreeRTOS/Source/tasks.c **** 	{
1773:Middlewares/Third_Party/FreeRTOS/Source/tasks.c **** 	TCB_t * const pxTCB = ( TCB_t * ) xTaskToResume;
1774:Middlewares/Third_Party/FreeRTOS/Source/tasks.c **** 
1775:Middlewares/Third_Party/FreeRTOS/Source/tasks.c **** 		/* It does not make sense to resume the calling task. */
1776:Middlewares/Third_Party/FreeRTOS/Source/tasks.c **** 		configASSERT( xTaskToResume );
1777:Middlewares/Third_Party/FreeRTOS/Source/tasks.c **** 
1778:Middlewares/Third_Party/FreeRTOS/Source/tasks.c **** 		/* The parameter cannot be NULL as it is impossible to resume the
1779:Middlewares/Third_Party/FreeRTOS/Source/tasks.c **** 		currently executing task. */
1780:Middlewares/Third_Party/FreeRTOS/Source/tasks.c **** 		if( ( pxTCB != NULL ) && ( pxTCB != pxCurrentTCB ) )
1781:Middlewares/Third_Party/FreeRTOS/Source/tasks.c **** 		{
1782:Middlewares/Third_Party/FreeRTOS/Source/tasks.c **** 			taskENTER_CRITICAL();
1783:Middlewares/Third_Party/FreeRTOS/Source/tasks.c **** 			{
1784:Middlewares/Third_Party/FreeRTOS/Source/tasks.c **** 				if( prvTaskIsTaskSuspended( pxTCB ) != pdFALSE )
1785:Middlewares/Third_Party/FreeRTOS/Source/tasks.c **** 				{
ARM GAS  /tmp/ccshf83P.s 			page 38


1786:Middlewares/Third_Party/FreeRTOS/Source/tasks.c **** 					traceTASK_RESUME( pxTCB );
1787:Middlewares/Third_Party/FreeRTOS/Source/tasks.c **** 
1788:Middlewares/Third_Party/FreeRTOS/Source/tasks.c **** 					/* The ready list can be accessed even if the scheduler is
1789:Middlewares/Third_Party/FreeRTOS/Source/tasks.c **** 					suspended because this is inside a critical section. */
1790:Middlewares/Third_Party/FreeRTOS/Source/tasks.c **** 					( void ) uxListRemove(  &( pxTCB->xStateListItem ) );
1791:Middlewares/Third_Party/FreeRTOS/Source/tasks.c **** 					prvAddTaskToReadyList( pxTCB );
1792:Middlewares/Third_Party/FreeRTOS/Source/tasks.c **** 
1793:Middlewares/Third_Party/FreeRTOS/Source/tasks.c **** 					/* A higher priority task may have just been resumed. */
1794:Middlewares/Third_Party/FreeRTOS/Source/tasks.c **** 					if( pxTCB->uxPriority >= pxCurrentTCB->uxPriority )
1795:Middlewares/Third_Party/FreeRTOS/Source/tasks.c **** 					{
1796:Middlewares/Third_Party/FreeRTOS/Source/tasks.c **** 						/* This yield may not cause the task just resumed to run,
1797:Middlewares/Third_Party/FreeRTOS/Source/tasks.c **** 						but will leave the lists in the correct state for the
1798:Middlewares/Third_Party/FreeRTOS/Source/tasks.c **** 						next yield. */
1799:Middlewares/Third_Party/FreeRTOS/Source/tasks.c **** 						taskYIELD_IF_USING_PREEMPTION();
1800:Middlewares/Third_Party/FreeRTOS/Source/tasks.c **** 					}
1801:Middlewares/Third_Party/FreeRTOS/Source/tasks.c **** 					else
1802:Middlewares/Third_Party/FreeRTOS/Source/tasks.c **** 					{
1803:Middlewares/Third_Party/FreeRTOS/Source/tasks.c **** 						mtCOVERAGE_TEST_MARKER();
1804:Middlewares/Third_Party/FreeRTOS/Source/tasks.c **** 					}
1805:Middlewares/Third_Party/FreeRTOS/Source/tasks.c **** 				}
1806:Middlewares/Third_Party/FreeRTOS/Source/tasks.c **** 				else
1807:Middlewares/Third_Party/FreeRTOS/Source/tasks.c **** 				{
1808:Middlewares/Third_Party/FreeRTOS/Source/tasks.c **** 					mtCOVERAGE_TEST_MARKER();
1809:Middlewares/Third_Party/FreeRTOS/Source/tasks.c **** 				}
1810:Middlewares/Third_Party/FreeRTOS/Source/tasks.c **** 			}
1811:Middlewares/Third_Party/FreeRTOS/Source/tasks.c **** 			taskEXIT_CRITICAL();
1812:Middlewares/Third_Party/FreeRTOS/Source/tasks.c **** 		}
1813:Middlewares/Third_Party/FreeRTOS/Source/tasks.c **** 		else
1814:Middlewares/Third_Party/FreeRTOS/Source/tasks.c **** 		{
1815:Middlewares/Third_Party/FreeRTOS/Source/tasks.c **** 			mtCOVERAGE_TEST_MARKER();
1816:Middlewares/Third_Party/FreeRTOS/Source/tasks.c **** 		}
1817:Middlewares/Third_Party/FreeRTOS/Source/tasks.c **** 	}
1818:Middlewares/Third_Party/FreeRTOS/Source/tasks.c **** 
1819:Middlewares/Third_Party/FreeRTOS/Source/tasks.c **** #endif /* INCLUDE_vTaskSuspend */
1820:Middlewares/Third_Party/FreeRTOS/Source/tasks.c **** 
1821:Middlewares/Third_Party/FreeRTOS/Source/tasks.c **** /*-----------------------------------------------------------*/
1822:Middlewares/Third_Party/FreeRTOS/Source/tasks.c **** 
1823:Middlewares/Third_Party/FreeRTOS/Source/tasks.c **** #if ( ( INCLUDE_xTaskResumeFromISR == 1 ) && ( INCLUDE_vTaskSuspend == 1 ) )
1824:Middlewares/Third_Party/FreeRTOS/Source/tasks.c **** 
1825:Middlewares/Third_Party/FreeRTOS/Source/tasks.c **** 	BaseType_t xTaskResumeFromISR( TaskHandle_t xTaskToResume )
1826:Middlewares/Third_Party/FreeRTOS/Source/tasks.c **** 	{
1827:Middlewares/Third_Party/FreeRTOS/Source/tasks.c **** 	BaseType_t xYieldRequired = pdFALSE;
1828:Middlewares/Third_Party/FreeRTOS/Source/tasks.c **** 	TCB_t * const pxTCB = ( TCB_t * ) xTaskToResume;
1829:Middlewares/Third_Party/FreeRTOS/Source/tasks.c **** 	UBaseType_t uxSavedInterruptStatus;
1830:Middlewares/Third_Party/FreeRTOS/Source/tasks.c **** 
1831:Middlewares/Third_Party/FreeRTOS/Source/tasks.c **** 		configASSERT( xTaskToResume );
1832:Middlewares/Third_Party/FreeRTOS/Source/tasks.c **** 
1833:Middlewares/Third_Party/FreeRTOS/Source/tasks.c **** 		/* RTOS ports that support interrupt nesting have the concept of a
1834:Middlewares/Third_Party/FreeRTOS/Source/tasks.c **** 		maximum	system call (or maximum API call) interrupt priority.
1835:Middlewares/Third_Party/FreeRTOS/Source/tasks.c **** 		Interrupts that are	above the maximum system call priority are keep
1836:Middlewares/Third_Party/FreeRTOS/Source/tasks.c **** 		permanently enabled, even when the RTOS kernel is in a critical section,
1837:Middlewares/Third_Party/FreeRTOS/Source/tasks.c **** 		but cannot make any calls to FreeRTOS API functions.  If configASSERT()
1838:Middlewares/Third_Party/FreeRTOS/Source/tasks.c **** 		is defined in FreeRTOSConfig.h then
1839:Middlewares/Third_Party/FreeRTOS/Source/tasks.c **** 		portASSERT_IF_INTERRUPT_PRIORITY_INVALID() will result in an assertion
1840:Middlewares/Third_Party/FreeRTOS/Source/tasks.c **** 		failure if a FreeRTOS API function is called from an interrupt that has
1841:Middlewares/Third_Party/FreeRTOS/Source/tasks.c **** 		been assigned a priority above the configured maximum system call
1842:Middlewares/Third_Party/FreeRTOS/Source/tasks.c **** 		priority.  Only FreeRTOS functions that end in FromISR can be called
ARM GAS  /tmp/ccshf83P.s 			page 39


1843:Middlewares/Third_Party/FreeRTOS/Source/tasks.c **** 		from interrupts	that have been assigned a priority at or (logically)
1844:Middlewares/Third_Party/FreeRTOS/Source/tasks.c **** 		below the maximum system call interrupt priority.  FreeRTOS maintains a
1845:Middlewares/Third_Party/FreeRTOS/Source/tasks.c **** 		separate interrupt safe API to ensure interrupt entry is as fast and as
1846:Middlewares/Third_Party/FreeRTOS/Source/tasks.c **** 		simple as possible.  More information (albeit Cortex-M specific) is
1847:Middlewares/Third_Party/FreeRTOS/Source/tasks.c **** 		provided on the following link:
1848:Middlewares/Third_Party/FreeRTOS/Source/tasks.c **** 		http://www.freertos.org/RTOS-Cortex-M3-M4.html */
1849:Middlewares/Third_Party/FreeRTOS/Source/tasks.c **** 		portASSERT_IF_INTERRUPT_PRIORITY_INVALID();
1850:Middlewares/Third_Party/FreeRTOS/Source/tasks.c **** 
1851:Middlewares/Third_Party/FreeRTOS/Source/tasks.c **** 		uxSavedInterruptStatus = portSET_INTERRUPT_MASK_FROM_ISR();
1852:Middlewares/Third_Party/FreeRTOS/Source/tasks.c **** 		{
1853:Middlewares/Third_Party/FreeRTOS/Source/tasks.c **** 			if( prvTaskIsTaskSuspended( pxTCB ) != pdFALSE )
1854:Middlewares/Third_Party/FreeRTOS/Source/tasks.c **** 			{
1855:Middlewares/Third_Party/FreeRTOS/Source/tasks.c **** 				traceTASK_RESUME_FROM_ISR( pxTCB );
1856:Middlewares/Third_Party/FreeRTOS/Source/tasks.c **** 
1857:Middlewares/Third_Party/FreeRTOS/Source/tasks.c **** 				/* Check the ready lists can be accessed. */
1858:Middlewares/Third_Party/FreeRTOS/Source/tasks.c **** 				if( uxSchedulerSuspended == ( UBaseType_t ) pdFALSE )
1859:Middlewares/Third_Party/FreeRTOS/Source/tasks.c **** 				{
1860:Middlewares/Third_Party/FreeRTOS/Source/tasks.c **** 					/* Ready lists can be accessed so move the task from the
1861:Middlewares/Third_Party/FreeRTOS/Source/tasks.c **** 					suspended list to the ready list directly. */
1862:Middlewares/Third_Party/FreeRTOS/Source/tasks.c **** 					if( pxTCB->uxPriority >= pxCurrentTCB->uxPriority )
1863:Middlewares/Third_Party/FreeRTOS/Source/tasks.c **** 					{
1864:Middlewares/Third_Party/FreeRTOS/Source/tasks.c **** 						xYieldRequired = pdTRUE;
1865:Middlewares/Third_Party/FreeRTOS/Source/tasks.c **** 					}
1866:Middlewares/Third_Party/FreeRTOS/Source/tasks.c **** 					else
1867:Middlewares/Third_Party/FreeRTOS/Source/tasks.c **** 					{
1868:Middlewares/Third_Party/FreeRTOS/Source/tasks.c **** 						mtCOVERAGE_TEST_MARKER();
1869:Middlewares/Third_Party/FreeRTOS/Source/tasks.c **** 					}
1870:Middlewares/Third_Party/FreeRTOS/Source/tasks.c **** 
1871:Middlewares/Third_Party/FreeRTOS/Source/tasks.c **** 					( void ) uxListRemove( &( pxTCB->xStateListItem ) );
1872:Middlewares/Third_Party/FreeRTOS/Source/tasks.c **** 					prvAddTaskToReadyList( pxTCB );
1873:Middlewares/Third_Party/FreeRTOS/Source/tasks.c **** 				}
1874:Middlewares/Third_Party/FreeRTOS/Source/tasks.c **** 				else
1875:Middlewares/Third_Party/FreeRTOS/Source/tasks.c **** 				{
1876:Middlewares/Third_Party/FreeRTOS/Source/tasks.c **** 					/* The delayed or ready lists cannot be accessed so the task
1877:Middlewares/Third_Party/FreeRTOS/Source/tasks.c **** 					is held in the pending ready list until the scheduler is
1878:Middlewares/Third_Party/FreeRTOS/Source/tasks.c **** 					unsuspended. */
1879:Middlewares/Third_Party/FreeRTOS/Source/tasks.c **** 					vListInsertEnd( &( xPendingReadyList ), &( pxTCB->xEventListItem ) );
1880:Middlewares/Third_Party/FreeRTOS/Source/tasks.c **** 				}
1881:Middlewares/Third_Party/FreeRTOS/Source/tasks.c **** 			}
1882:Middlewares/Third_Party/FreeRTOS/Source/tasks.c **** 			else
1883:Middlewares/Third_Party/FreeRTOS/Source/tasks.c **** 			{
1884:Middlewares/Third_Party/FreeRTOS/Source/tasks.c **** 				mtCOVERAGE_TEST_MARKER();
1885:Middlewares/Third_Party/FreeRTOS/Source/tasks.c **** 			}
1886:Middlewares/Third_Party/FreeRTOS/Source/tasks.c **** 		}
1887:Middlewares/Third_Party/FreeRTOS/Source/tasks.c **** 		portCLEAR_INTERRUPT_MASK_FROM_ISR( uxSavedInterruptStatus );
1888:Middlewares/Third_Party/FreeRTOS/Source/tasks.c **** 
1889:Middlewares/Third_Party/FreeRTOS/Source/tasks.c **** 		return xYieldRequired;
1890:Middlewares/Third_Party/FreeRTOS/Source/tasks.c **** 	}
1891:Middlewares/Third_Party/FreeRTOS/Source/tasks.c **** 
1892:Middlewares/Third_Party/FreeRTOS/Source/tasks.c **** #endif /* ( ( INCLUDE_xTaskResumeFromISR == 1 ) && ( INCLUDE_vTaskSuspend == 1 ) ) */
1893:Middlewares/Third_Party/FreeRTOS/Source/tasks.c **** /*-----------------------------------------------------------*/
1894:Middlewares/Third_Party/FreeRTOS/Source/tasks.c **** 
1895:Middlewares/Third_Party/FreeRTOS/Source/tasks.c **** void vTaskStartScheduler( void )
1896:Middlewares/Third_Party/FreeRTOS/Source/tasks.c **** {
1897:Middlewares/Third_Party/FreeRTOS/Source/tasks.c **** BaseType_t xReturn;
1898:Middlewares/Third_Party/FreeRTOS/Source/tasks.c **** 
1899:Middlewares/Third_Party/FreeRTOS/Source/tasks.c **** 	/* Add the idle task at the lowest priority. */
ARM GAS  /tmp/ccshf83P.s 			page 40


1900:Middlewares/Third_Party/FreeRTOS/Source/tasks.c **** 	#if( configSUPPORT_STATIC_ALLOCATION == 1 )
1901:Middlewares/Third_Party/FreeRTOS/Source/tasks.c **** 	{
1902:Middlewares/Third_Party/FreeRTOS/Source/tasks.c **** 		StaticTask_t *pxIdleTaskTCBBuffer = NULL;
1903:Middlewares/Third_Party/FreeRTOS/Source/tasks.c **** 		StackType_t *pxIdleTaskStackBuffer = NULL;
1904:Middlewares/Third_Party/FreeRTOS/Source/tasks.c **** 		uint32_t ulIdleTaskStackSize;
1905:Middlewares/Third_Party/FreeRTOS/Source/tasks.c **** 
1906:Middlewares/Third_Party/FreeRTOS/Source/tasks.c **** 		/* The Idle task is created using user provided RAM - obtain the
1907:Middlewares/Third_Party/FreeRTOS/Source/tasks.c **** 		address of the RAM then create the idle task. */
1908:Middlewares/Third_Party/FreeRTOS/Source/tasks.c **** 		vApplicationGetIdleTaskMemory( &pxIdleTaskTCBBuffer, &pxIdleTaskStackBuffer, &ulIdleTaskStackSize
1909:Middlewares/Third_Party/FreeRTOS/Source/tasks.c **** 		xIdleTaskHandle = xTaskCreateStatic(	prvIdleTask,
1910:Middlewares/Third_Party/FreeRTOS/Source/tasks.c **** 												configIDLE_TASK_NAME,
1911:Middlewares/Third_Party/FreeRTOS/Source/tasks.c **** 												ulIdleTaskStackSize,
1912:Middlewares/Third_Party/FreeRTOS/Source/tasks.c **** 												( void * ) NULL, /*lint !e961.  The cast is not redundant for all compilers. */
1913:Middlewares/Third_Party/FreeRTOS/Source/tasks.c **** 												( tskIDLE_PRIORITY | portPRIVILEGE_BIT ),
1914:Middlewares/Third_Party/FreeRTOS/Source/tasks.c **** 												pxIdleTaskStackBuffer,
1915:Middlewares/Third_Party/FreeRTOS/Source/tasks.c **** 												pxIdleTaskTCBBuffer ); /*lint !e961 MISRA exception, justified as it is not a redundant
1916:Middlewares/Third_Party/FreeRTOS/Source/tasks.c **** 
1917:Middlewares/Third_Party/FreeRTOS/Source/tasks.c **** 		if( xIdleTaskHandle != NULL )
1918:Middlewares/Third_Party/FreeRTOS/Source/tasks.c **** 		{
1919:Middlewares/Third_Party/FreeRTOS/Source/tasks.c **** 			xReturn = pdPASS;
1920:Middlewares/Third_Party/FreeRTOS/Source/tasks.c **** 		}
1921:Middlewares/Third_Party/FreeRTOS/Source/tasks.c **** 		else
1922:Middlewares/Third_Party/FreeRTOS/Source/tasks.c **** 		{
1923:Middlewares/Third_Party/FreeRTOS/Source/tasks.c **** 			xReturn = pdFAIL;
1924:Middlewares/Third_Party/FreeRTOS/Source/tasks.c **** 		}
1925:Middlewares/Third_Party/FreeRTOS/Source/tasks.c **** 	}
1926:Middlewares/Third_Party/FreeRTOS/Source/tasks.c **** 	#else
1927:Middlewares/Third_Party/FreeRTOS/Source/tasks.c **** 	{
1928:Middlewares/Third_Party/FreeRTOS/Source/tasks.c **** 		/* The Idle task is being created using dynamically allocated RAM. */
1929:Middlewares/Third_Party/FreeRTOS/Source/tasks.c **** 		xReturn = xTaskCreate(	prvIdleTask,
1930:Middlewares/Third_Party/FreeRTOS/Source/tasks.c **** 								configIDLE_TASK_NAME,
1931:Middlewares/Third_Party/FreeRTOS/Source/tasks.c **** 								configMINIMAL_STACK_SIZE,
1932:Middlewares/Third_Party/FreeRTOS/Source/tasks.c **** 								( void * ) NULL,
1933:Middlewares/Third_Party/FreeRTOS/Source/tasks.c **** 								( tskIDLE_PRIORITY | portPRIVILEGE_BIT ),
1934:Middlewares/Third_Party/FreeRTOS/Source/tasks.c **** 								&xIdleTaskHandle ); /*lint !e961 MISRA exception, justified as it is not a redundant explic
1935:Middlewares/Third_Party/FreeRTOS/Source/tasks.c **** 	}
1936:Middlewares/Third_Party/FreeRTOS/Source/tasks.c **** 	#endif /* configSUPPORT_STATIC_ALLOCATION */
1937:Middlewares/Third_Party/FreeRTOS/Source/tasks.c **** 
1938:Middlewares/Third_Party/FreeRTOS/Source/tasks.c **** 	#if ( configUSE_TIMERS == 1 )
1939:Middlewares/Third_Party/FreeRTOS/Source/tasks.c **** 	{
1940:Middlewares/Third_Party/FreeRTOS/Source/tasks.c **** 		if( xReturn == pdPASS )
1941:Middlewares/Third_Party/FreeRTOS/Source/tasks.c **** 		{
1942:Middlewares/Third_Party/FreeRTOS/Source/tasks.c **** 			xReturn = xTimerCreateTimerTask();
1943:Middlewares/Third_Party/FreeRTOS/Source/tasks.c **** 		}
1944:Middlewares/Third_Party/FreeRTOS/Source/tasks.c **** 		else
1945:Middlewares/Third_Party/FreeRTOS/Source/tasks.c **** 		{
1946:Middlewares/Third_Party/FreeRTOS/Source/tasks.c **** 			mtCOVERAGE_TEST_MARKER();
1947:Middlewares/Third_Party/FreeRTOS/Source/tasks.c **** 		}
1948:Middlewares/Third_Party/FreeRTOS/Source/tasks.c **** 	}
1949:Middlewares/Third_Party/FreeRTOS/Source/tasks.c **** 	#endif /* configUSE_TIMERS */
1950:Middlewares/Third_Party/FreeRTOS/Source/tasks.c **** 
1951:Middlewares/Third_Party/FreeRTOS/Source/tasks.c **** 	if( xReturn == pdPASS )
1952:Middlewares/Third_Party/FreeRTOS/Source/tasks.c **** 	{
1953:Middlewares/Third_Party/FreeRTOS/Source/tasks.c **** 		/* freertos_tasks_c_additions_init() should only be called if the user
1954:Middlewares/Third_Party/FreeRTOS/Source/tasks.c **** 		definable macro FREERTOS_TASKS_C_ADDITIONS_INIT() is defined, as that is
1955:Middlewares/Third_Party/FreeRTOS/Source/tasks.c **** 		the only macro called by the function. */
1956:Middlewares/Third_Party/FreeRTOS/Source/tasks.c **** 		#ifdef FREERTOS_TASKS_C_ADDITIONS_INIT
ARM GAS  /tmp/ccshf83P.s 			page 41


1957:Middlewares/Third_Party/FreeRTOS/Source/tasks.c **** 		{
1958:Middlewares/Third_Party/FreeRTOS/Source/tasks.c **** 			freertos_tasks_c_additions_init();
1959:Middlewares/Third_Party/FreeRTOS/Source/tasks.c **** 		}
1960:Middlewares/Third_Party/FreeRTOS/Source/tasks.c **** 		#endif
1961:Middlewares/Third_Party/FreeRTOS/Source/tasks.c **** 
1962:Middlewares/Third_Party/FreeRTOS/Source/tasks.c **** 		/* Interrupts are turned off here, to ensure a tick does not occur
1963:Middlewares/Third_Party/FreeRTOS/Source/tasks.c **** 		before or during the call to xPortStartScheduler().  The stacks of
1964:Middlewares/Third_Party/FreeRTOS/Source/tasks.c **** 		the created tasks contain a status word with interrupts switched on
1965:Middlewares/Third_Party/FreeRTOS/Source/tasks.c **** 		so interrupts will automatically get re-enabled when the first task
1966:Middlewares/Third_Party/FreeRTOS/Source/tasks.c **** 		starts to run. */
1967:Middlewares/Third_Party/FreeRTOS/Source/tasks.c **** 		portDISABLE_INTERRUPTS();
1968:Middlewares/Third_Party/FreeRTOS/Source/tasks.c **** 
1969:Middlewares/Third_Party/FreeRTOS/Source/tasks.c **** 		#if ( configUSE_NEWLIB_REENTRANT == 1 )
1970:Middlewares/Third_Party/FreeRTOS/Source/tasks.c **** 		{
1971:Middlewares/Third_Party/FreeRTOS/Source/tasks.c **** 			/* Switch Newlib's _impure_ptr variable to point to the _reent
1972:Middlewares/Third_Party/FreeRTOS/Source/tasks.c **** 			structure specific to the task that will run first. */
1973:Middlewares/Third_Party/FreeRTOS/Source/tasks.c **** 			_impure_ptr = &( pxCurrentTCB->xNewLib_reent );
1974:Middlewares/Third_Party/FreeRTOS/Source/tasks.c **** 		}
1975:Middlewares/Third_Party/FreeRTOS/Source/tasks.c **** 		#endif /* configUSE_NEWLIB_REENTRANT */
1976:Middlewares/Third_Party/FreeRTOS/Source/tasks.c **** 
1977:Middlewares/Third_Party/FreeRTOS/Source/tasks.c **** 		xNextTaskUnblockTime = portMAX_DELAY;
1978:Middlewares/Third_Party/FreeRTOS/Source/tasks.c **** 		xSchedulerRunning = pdTRUE;
1979:Middlewares/Third_Party/FreeRTOS/Source/tasks.c **** 		xTickCount = ( TickType_t ) 0U;
1980:Middlewares/Third_Party/FreeRTOS/Source/tasks.c **** 
1981:Middlewares/Third_Party/FreeRTOS/Source/tasks.c **** 		/* If configGENERATE_RUN_TIME_STATS is defined then the following
1982:Middlewares/Third_Party/FreeRTOS/Source/tasks.c **** 		macro must be defined to configure the timer/counter used to generate
1983:Middlewares/Third_Party/FreeRTOS/Source/tasks.c **** 		the run time counter time base.   NOTE:  If configGENERATE_RUN_TIME_STATS
1984:Middlewares/Third_Party/FreeRTOS/Source/tasks.c **** 		is set to 0 and the following line fails to build then ensure you do not
1985:Middlewares/Third_Party/FreeRTOS/Source/tasks.c **** 		have portCONFIGURE_TIMER_FOR_RUN_TIME_STATS() defined in your
1986:Middlewares/Third_Party/FreeRTOS/Source/tasks.c **** 		FreeRTOSConfig.h file. */
1987:Middlewares/Third_Party/FreeRTOS/Source/tasks.c **** 		portCONFIGURE_TIMER_FOR_RUN_TIME_STATS();
1988:Middlewares/Third_Party/FreeRTOS/Source/tasks.c **** 
1989:Middlewares/Third_Party/FreeRTOS/Source/tasks.c **** 		/* Setting up the timer tick is hardware specific and thus in the
1990:Middlewares/Third_Party/FreeRTOS/Source/tasks.c **** 		portable interface. */
1991:Middlewares/Third_Party/FreeRTOS/Source/tasks.c **** 		if( xPortStartScheduler() != pdFALSE )
1992:Middlewares/Third_Party/FreeRTOS/Source/tasks.c **** 		{
1993:Middlewares/Third_Party/FreeRTOS/Source/tasks.c **** 			/* Should not reach here as if the scheduler is running the
1994:Middlewares/Third_Party/FreeRTOS/Source/tasks.c **** 			function will not return. */
1995:Middlewares/Third_Party/FreeRTOS/Source/tasks.c **** 		}
1996:Middlewares/Third_Party/FreeRTOS/Source/tasks.c **** 		else
1997:Middlewares/Third_Party/FreeRTOS/Source/tasks.c **** 		{
1998:Middlewares/Third_Party/FreeRTOS/Source/tasks.c **** 			/* Should only reach here if a task calls xTaskEndScheduler(). */
1999:Middlewares/Third_Party/FreeRTOS/Source/tasks.c **** 		}
2000:Middlewares/Third_Party/FreeRTOS/Source/tasks.c **** 	}
2001:Middlewares/Third_Party/FreeRTOS/Source/tasks.c **** 	else
2002:Middlewares/Third_Party/FreeRTOS/Source/tasks.c **** 	{
2003:Middlewares/Third_Party/FreeRTOS/Source/tasks.c **** 		/* This line will only be reached if the kernel could not be started,
2004:Middlewares/Third_Party/FreeRTOS/Source/tasks.c **** 		because there was not enough FreeRTOS heap to create the idle task
2005:Middlewares/Third_Party/FreeRTOS/Source/tasks.c **** 		or the timer task. */
2006:Middlewares/Third_Party/FreeRTOS/Source/tasks.c **** 		configASSERT( xReturn != errCOULD_NOT_ALLOCATE_REQUIRED_MEMORY );
2007:Middlewares/Third_Party/FreeRTOS/Source/tasks.c **** 	}
2008:Middlewares/Third_Party/FreeRTOS/Source/tasks.c **** 
2009:Middlewares/Third_Party/FreeRTOS/Source/tasks.c **** 	/* Prevent compiler warnings if INCLUDE_xTaskGetIdleTaskHandle is set to 0,
2010:Middlewares/Third_Party/FreeRTOS/Source/tasks.c **** 	meaning xIdleTaskHandle is not used anywhere else. */
2011:Middlewares/Third_Party/FreeRTOS/Source/tasks.c **** 	( void ) xIdleTaskHandle;
2012:Middlewares/Third_Party/FreeRTOS/Source/tasks.c **** }
2013:Middlewares/Third_Party/FreeRTOS/Source/tasks.c **** /*-----------------------------------------------------------*/
ARM GAS  /tmp/ccshf83P.s 			page 42


2014:Middlewares/Third_Party/FreeRTOS/Source/tasks.c **** 
2015:Middlewares/Third_Party/FreeRTOS/Source/tasks.c **** void vTaskEndScheduler( void )
2016:Middlewares/Third_Party/FreeRTOS/Source/tasks.c **** {
2017:Middlewares/Third_Party/FreeRTOS/Source/tasks.c **** 	/* Stop the scheduler interrupts and call the portable scheduler end
2018:Middlewares/Third_Party/FreeRTOS/Source/tasks.c **** 	routine so the original ISRs can be restored if necessary.  The port
2019:Middlewares/Third_Party/FreeRTOS/Source/tasks.c **** 	layer must ensure interrupts enable	bit is left in the correct state. */
2020:Middlewares/Third_Party/FreeRTOS/Source/tasks.c **** 	portDISABLE_INTERRUPTS();
2021:Middlewares/Third_Party/FreeRTOS/Source/tasks.c **** 	xSchedulerRunning = pdFALSE;
2022:Middlewares/Third_Party/FreeRTOS/Source/tasks.c **** 	vPortEndScheduler();
2023:Middlewares/Third_Party/FreeRTOS/Source/tasks.c **** }
2024:Middlewares/Third_Party/FreeRTOS/Source/tasks.c **** /*----------------------------------------------------------*/
2025:Middlewares/Third_Party/FreeRTOS/Source/tasks.c **** 
2026:Middlewares/Third_Party/FreeRTOS/Source/tasks.c **** void vTaskSuspendAll( void )
2027:Middlewares/Third_Party/FreeRTOS/Source/tasks.c **** {
2028:Middlewares/Third_Party/FreeRTOS/Source/tasks.c **** 	/* A critical section is not required as the variable is of type
2029:Middlewares/Third_Party/FreeRTOS/Source/tasks.c **** 	BaseType_t.  Please read Richard Barry's reply in the following link to a
2030:Middlewares/Third_Party/FreeRTOS/Source/tasks.c **** 	post in the FreeRTOS support forum before reporting this as a bug! -
2031:Middlewares/Third_Party/FreeRTOS/Source/tasks.c **** 	http://goo.gl/wu4acr */
2032:Middlewares/Third_Party/FreeRTOS/Source/tasks.c **** 	++uxSchedulerSuspended;
2033:Middlewares/Third_Party/FreeRTOS/Source/tasks.c **** }
2034:Middlewares/Third_Party/FreeRTOS/Source/tasks.c **** /*----------------------------------------------------------*/
2035:Middlewares/Third_Party/FreeRTOS/Source/tasks.c **** 
2036:Middlewares/Third_Party/FreeRTOS/Source/tasks.c **** #if ( configUSE_TICKLESS_IDLE != 0 )
2037:Middlewares/Third_Party/FreeRTOS/Source/tasks.c **** 
2038:Middlewares/Third_Party/FreeRTOS/Source/tasks.c **** 	static TickType_t prvGetExpectedIdleTime( void )
2039:Middlewares/Third_Party/FreeRTOS/Source/tasks.c **** 	{
2040:Middlewares/Third_Party/FreeRTOS/Source/tasks.c **** 	TickType_t xReturn;
2041:Middlewares/Third_Party/FreeRTOS/Source/tasks.c **** 	UBaseType_t uxHigherPriorityReadyTasks = pdFALSE;
2042:Middlewares/Third_Party/FreeRTOS/Source/tasks.c **** 
2043:Middlewares/Third_Party/FreeRTOS/Source/tasks.c **** 		/* uxHigherPriorityReadyTasks takes care of the case where
2044:Middlewares/Third_Party/FreeRTOS/Source/tasks.c **** 		configUSE_PREEMPTION is 0, so there may be tasks above the idle priority
2045:Middlewares/Third_Party/FreeRTOS/Source/tasks.c **** 		task that are in the Ready state, even though the idle task is
2046:Middlewares/Third_Party/FreeRTOS/Source/tasks.c **** 		running. */
2047:Middlewares/Third_Party/FreeRTOS/Source/tasks.c **** 		#if( configUSE_PORT_OPTIMISED_TASK_SELECTION == 0 )
2048:Middlewares/Third_Party/FreeRTOS/Source/tasks.c **** 		{
2049:Middlewares/Third_Party/FreeRTOS/Source/tasks.c **** 			if( uxTopReadyPriority > tskIDLE_PRIORITY )
2050:Middlewares/Third_Party/FreeRTOS/Source/tasks.c **** 			{
2051:Middlewares/Third_Party/FreeRTOS/Source/tasks.c **** 				uxHigherPriorityReadyTasks = pdTRUE;
2052:Middlewares/Third_Party/FreeRTOS/Source/tasks.c **** 			}
2053:Middlewares/Third_Party/FreeRTOS/Source/tasks.c **** 		}
2054:Middlewares/Third_Party/FreeRTOS/Source/tasks.c **** 		#else
2055:Middlewares/Third_Party/FreeRTOS/Source/tasks.c **** 		{
2056:Middlewares/Third_Party/FreeRTOS/Source/tasks.c **** 			const UBaseType_t uxLeastSignificantBit = ( UBaseType_t ) 0x01;
2057:Middlewares/Third_Party/FreeRTOS/Source/tasks.c **** 
2058:Middlewares/Third_Party/FreeRTOS/Source/tasks.c **** 			/* When port optimised task selection is used the uxTopReadyPriority
2059:Middlewares/Third_Party/FreeRTOS/Source/tasks.c **** 			variable is used as a bit map.  If bits other than the least
2060:Middlewares/Third_Party/FreeRTOS/Source/tasks.c **** 			significant bit are set then there are tasks that have a priority
2061:Middlewares/Third_Party/FreeRTOS/Source/tasks.c **** 			above the idle priority that are in the Ready state.  This takes
2062:Middlewares/Third_Party/FreeRTOS/Source/tasks.c **** 			care of the case where the co-operative scheduler is in use. */
2063:Middlewares/Third_Party/FreeRTOS/Source/tasks.c **** 			if( uxTopReadyPriority > uxLeastSignificantBit )
2064:Middlewares/Third_Party/FreeRTOS/Source/tasks.c **** 			{
2065:Middlewares/Third_Party/FreeRTOS/Source/tasks.c **** 				uxHigherPriorityReadyTasks = pdTRUE;
2066:Middlewares/Third_Party/FreeRTOS/Source/tasks.c **** 			}
2067:Middlewares/Third_Party/FreeRTOS/Source/tasks.c **** 		}
2068:Middlewares/Third_Party/FreeRTOS/Source/tasks.c **** 		#endif
2069:Middlewares/Third_Party/FreeRTOS/Source/tasks.c **** 
2070:Middlewares/Third_Party/FreeRTOS/Source/tasks.c **** 		if( pxCurrentTCB->uxPriority > tskIDLE_PRIORITY )
ARM GAS  /tmp/ccshf83P.s 			page 43


2071:Middlewares/Third_Party/FreeRTOS/Source/tasks.c **** 		{
2072:Middlewares/Third_Party/FreeRTOS/Source/tasks.c **** 			xReturn = 0;
2073:Middlewares/Third_Party/FreeRTOS/Source/tasks.c **** 		}
2074:Middlewares/Third_Party/FreeRTOS/Source/tasks.c **** 		else if( listCURRENT_LIST_LENGTH( &( pxReadyTasksLists[ tskIDLE_PRIORITY ] ) ) > 1 )
2075:Middlewares/Third_Party/FreeRTOS/Source/tasks.c **** 		{
2076:Middlewares/Third_Party/FreeRTOS/Source/tasks.c **** 			/* There are other idle priority tasks in the ready state.  If
2077:Middlewares/Third_Party/FreeRTOS/Source/tasks.c **** 			time slicing is used then the very next tick interrupt must be
2078:Middlewares/Third_Party/FreeRTOS/Source/tasks.c **** 			processed. */
2079:Middlewares/Third_Party/FreeRTOS/Source/tasks.c **** 			xReturn = 0;
2080:Middlewares/Third_Party/FreeRTOS/Source/tasks.c **** 		}
2081:Middlewares/Third_Party/FreeRTOS/Source/tasks.c **** 		else if( uxHigherPriorityReadyTasks != pdFALSE )
2082:Middlewares/Third_Party/FreeRTOS/Source/tasks.c **** 		{
2083:Middlewares/Third_Party/FreeRTOS/Source/tasks.c **** 			/* There are tasks in the Ready state that have a priority above the
2084:Middlewares/Third_Party/FreeRTOS/Source/tasks.c **** 			idle priority.  This path can only be reached if
2085:Middlewares/Third_Party/FreeRTOS/Source/tasks.c **** 			configUSE_PREEMPTION is 0. */
2086:Middlewares/Third_Party/FreeRTOS/Source/tasks.c **** 			xReturn = 0;
2087:Middlewares/Third_Party/FreeRTOS/Source/tasks.c **** 		}
2088:Middlewares/Third_Party/FreeRTOS/Source/tasks.c **** 		else
2089:Middlewares/Third_Party/FreeRTOS/Source/tasks.c **** 		{
2090:Middlewares/Third_Party/FreeRTOS/Source/tasks.c **** 			xReturn = xNextTaskUnblockTime - xTickCount;
2091:Middlewares/Third_Party/FreeRTOS/Source/tasks.c **** 		}
2092:Middlewares/Third_Party/FreeRTOS/Source/tasks.c **** 
2093:Middlewares/Third_Party/FreeRTOS/Source/tasks.c **** 		return xReturn;
2094:Middlewares/Third_Party/FreeRTOS/Source/tasks.c **** 	}
2095:Middlewares/Third_Party/FreeRTOS/Source/tasks.c **** 
2096:Middlewares/Third_Party/FreeRTOS/Source/tasks.c **** #endif /* configUSE_TICKLESS_IDLE */
2097:Middlewares/Third_Party/FreeRTOS/Source/tasks.c **** /*----------------------------------------------------------*/
2098:Middlewares/Third_Party/FreeRTOS/Source/tasks.c **** 
2099:Middlewares/Third_Party/FreeRTOS/Source/tasks.c **** BaseType_t xTaskResumeAll( void )
2100:Middlewares/Third_Party/FreeRTOS/Source/tasks.c **** {
2101:Middlewares/Third_Party/FreeRTOS/Source/tasks.c **** TCB_t *pxTCB = NULL;
2102:Middlewares/Third_Party/FreeRTOS/Source/tasks.c **** BaseType_t xAlreadyYielded = pdFALSE;
2103:Middlewares/Third_Party/FreeRTOS/Source/tasks.c **** 
2104:Middlewares/Third_Party/FreeRTOS/Source/tasks.c **** 	/* If uxSchedulerSuspended is zero then this function does not match a
2105:Middlewares/Third_Party/FreeRTOS/Source/tasks.c **** 	previous call to vTaskSuspendAll(). */
2106:Middlewares/Third_Party/FreeRTOS/Source/tasks.c **** 	configASSERT( uxSchedulerSuspended );
2107:Middlewares/Third_Party/FreeRTOS/Source/tasks.c **** 
2108:Middlewares/Third_Party/FreeRTOS/Source/tasks.c **** 	/* It is possible that an ISR caused a task to be removed from an event
2109:Middlewares/Third_Party/FreeRTOS/Source/tasks.c **** 	list while the scheduler was suspended.  If this was the case then the
2110:Middlewares/Third_Party/FreeRTOS/Source/tasks.c **** 	removed task will have been added to the xPendingReadyList.  Once the
2111:Middlewares/Third_Party/FreeRTOS/Source/tasks.c **** 	scheduler has been resumed it is safe to move all the pending ready
2112:Middlewares/Third_Party/FreeRTOS/Source/tasks.c **** 	tasks from this list into their appropriate ready list. */
2113:Middlewares/Third_Party/FreeRTOS/Source/tasks.c **** 	taskENTER_CRITICAL();
2114:Middlewares/Third_Party/FreeRTOS/Source/tasks.c **** 	{
2115:Middlewares/Third_Party/FreeRTOS/Source/tasks.c **** 		--uxSchedulerSuspended;
2116:Middlewares/Third_Party/FreeRTOS/Source/tasks.c **** 
2117:Middlewares/Third_Party/FreeRTOS/Source/tasks.c **** 		if( uxSchedulerSuspended == ( UBaseType_t ) pdFALSE )
2118:Middlewares/Third_Party/FreeRTOS/Source/tasks.c **** 		{
2119:Middlewares/Third_Party/FreeRTOS/Source/tasks.c **** 			if( uxCurrentNumberOfTasks > ( UBaseType_t ) 0U )
2120:Middlewares/Third_Party/FreeRTOS/Source/tasks.c **** 			{
2121:Middlewares/Third_Party/FreeRTOS/Source/tasks.c **** 				/* Move any readied tasks from the pending list into the
2122:Middlewares/Third_Party/FreeRTOS/Source/tasks.c **** 				appropriate ready list. */
2123:Middlewares/Third_Party/FreeRTOS/Source/tasks.c **** 				while( listLIST_IS_EMPTY( &xPendingReadyList ) == pdFALSE )
2124:Middlewares/Third_Party/FreeRTOS/Source/tasks.c **** 				{
2125:Middlewares/Third_Party/FreeRTOS/Source/tasks.c **** 					pxTCB = ( TCB_t * ) listGET_OWNER_OF_HEAD_ENTRY( ( &xPendingReadyList ) );
2126:Middlewares/Third_Party/FreeRTOS/Source/tasks.c **** 					( void ) uxListRemove( &( pxTCB->xEventListItem ) );
2127:Middlewares/Third_Party/FreeRTOS/Source/tasks.c **** 					( void ) uxListRemove( &( pxTCB->xStateListItem ) );
ARM GAS  /tmp/ccshf83P.s 			page 44


2128:Middlewares/Third_Party/FreeRTOS/Source/tasks.c **** 					prvAddTaskToReadyList( pxTCB );
2129:Middlewares/Third_Party/FreeRTOS/Source/tasks.c **** 
2130:Middlewares/Third_Party/FreeRTOS/Source/tasks.c **** 					/* If the moved task has a priority higher than the current
2131:Middlewares/Third_Party/FreeRTOS/Source/tasks.c **** 					task then a yield must be performed. */
2132:Middlewares/Third_Party/FreeRTOS/Source/tasks.c **** 					if( pxTCB->uxPriority >= pxCurrentTCB->uxPriority )
2133:Middlewares/Third_Party/FreeRTOS/Source/tasks.c **** 					{
2134:Middlewares/Third_Party/FreeRTOS/Source/tasks.c **** 						xYieldPending = pdTRUE;
2135:Middlewares/Third_Party/FreeRTOS/Source/tasks.c **** 					}
2136:Middlewares/Third_Party/FreeRTOS/Source/tasks.c **** 					else
2137:Middlewares/Third_Party/FreeRTOS/Source/tasks.c **** 					{
2138:Middlewares/Third_Party/FreeRTOS/Source/tasks.c **** 						mtCOVERAGE_TEST_MARKER();
2139:Middlewares/Third_Party/FreeRTOS/Source/tasks.c **** 					}
2140:Middlewares/Third_Party/FreeRTOS/Source/tasks.c **** 				}
2141:Middlewares/Third_Party/FreeRTOS/Source/tasks.c **** 
2142:Middlewares/Third_Party/FreeRTOS/Source/tasks.c **** 				if( pxTCB != NULL )
2143:Middlewares/Third_Party/FreeRTOS/Source/tasks.c **** 				{
2144:Middlewares/Third_Party/FreeRTOS/Source/tasks.c **** 					/* A task was unblocked while the scheduler was suspended,
2145:Middlewares/Third_Party/FreeRTOS/Source/tasks.c **** 					which may have prevented the next unblock time from being
2146:Middlewares/Third_Party/FreeRTOS/Source/tasks.c **** 					re-calculated, in which case re-calculate it now.  Mainly
2147:Middlewares/Third_Party/FreeRTOS/Source/tasks.c **** 					important for low power tickless implementations, where
2148:Middlewares/Third_Party/FreeRTOS/Source/tasks.c **** 					this can prevent an unnecessary exit from low power
2149:Middlewares/Third_Party/FreeRTOS/Source/tasks.c **** 					state. */
2150:Middlewares/Third_Party/FreeRTOS/Source/tasks.c **** 					prvResetNextTaskUnblockTime();
2151:Middlewares/Third_Party/FreeRTOS/Source/tasks.c **** 				}
2152:Middlewares/Third_Party/FreeRTOS/Source/tasks.c **** 
2153:Middlewares/Third_Party/FreeRTOS/Source/tasks.c **** 				/* If any ticks occurred while the scheduler was suspended then
2154:Middlewares/Third_Party/FreeRTOS/Source/tasks.c **** 				they should be processed now.  This ensures the tick count does
2155:Middlewares/Third_Party/FreeRTOS/Source/tasks.c **** 				not	slip, and that any delayed tasks are resumed at the correct
2156:Middlewares/Third_Party/FreeRTOS/Source/tasks.c **** 				time. */
2157:Middlewares/Third_Party/FreeRTOS/Source/tasks.c **** 				{
2158:Middlewares/Third_Party/FreeRTOS/Source/tasks.c **** 					UBaseType_t uxPendedCounts = uxPendedTicks; /* Non-volatile copy. */
2159:Middlewares/Third_Party/FreeRTOS/Source/tasks.c **** 
2160:Middlewares/Third_Party/FreeRTOS/Source/tasks.c **** 					if( uxPendedCounts > ( UBaseType_t ) 0U )
2161:Middlewares/Third_Party/FreeRTOS/Source/tasks.c **** 					{
2162:Middlewares/Third_Party/FreeRTOS/Source/tasks.c **** 						do
2163:Middlewares/Third_Party/FreeRTOS/Source/tasks.c **** 						{
2164:Middlewares/Third_Party/FreeRTOS/Source/tasks.c **** 							if( xTaskIncrementTick() != pdFALSE )
2165:Middlewares/Third_Party/FreeRTOS/Source/tasks.c **** 							{
2166:Middlewares/Third_Party/FreeRTOS/Source/tasks.c **** 								xYieldPending = pdTRUE;
2167:Middlewares/Third_Party/FreeRTOS/Source/tasks.c **** 							}
2168:Middlewares/Third_Party/FreeRTOS/Source/tasks.c **** 							else
2169:Middlewares/Third_Party/FreeRTOS/Source/tasks.c **** 							{
2170:Middlewares/Third_Party/FreeRTOS/Source/tasks.c **** 								mtCOVERAGE_TEST_MARKER();
2171:Middlewares/Third_Party/FreeRTOS/Source/tasks.c **** 							}
2172:Middlewares/Third_Party/FreeRTOS/Source/tasks.c **** 							--uxPendedCounts;
2173:Middlewares/Third_Party/FreeRTOS/Source/tasks.c **** 						} while( uxPendedCounts > ( UBaseType_t ) 0U );
2174:Middlewares/Third_Party/FreeRTOS/Source/tasks.c **** 
2175:Middlewares/Third_Party/FreeRTOS/Source/tasks.c **** 						uxPendedTicks = 0;
2176:Middlewares/Third_Party/FreeRTOS/Source/tasks.c **** 					}
2177:Middlewares/Third_Party/FreeRTOS/Source/tasks.c **** 					else
2178:Middlewares/Third_Party/FreeRTOS/Source/tasks.c **** 					{
2179:Middlewares/Third_Party/FreeRTOS/Source/tasks.c **** 						mtCOVERAGE_TEST_MARKER();
2180:Middlewares/Third_Party/FreeRTOS/Source/tasks.c **** 					}
2181:Middlewares/Third_Party/FreeRTOS/Source/tasks.c **** 				}
2182:Middlewares/Third_Party/FreeRTOS/Source/tasks.c **** 
2183:Middlewares/Third_Party/FreeRTOS/Source/tasks.c **** 				if( xYieldPending != pdFALSE )
2184:Middlewares/Third_Party/FreeRTOS/Source/tasks.c **** 				{
ARM GAS  /tmp/ccshf83P.s 			page 45


2185:Middlewares/Third_Party/FreeRTOS/Source/tasks.c **** 					#if( configUSE_PREEMPTION != 0 )
2186:Middlewares/Third_Party/FreeRTOS/Source/tasks.c **** 					{
2187:Middlewares/Third_Party/FreeRTOS/Source/tasks.c **** 						xAlreadyYielded = pdTRUE;
2188:Middlewares/Third_Party/FreeRTOS/Source/tasks.c **** 					}
2189:Middlewares/Third_Party/FreeRTOS/Source/tasks.c **** 					#endif
2190:Middlewares/Third_Party/FreeRTOS/Source/tasks.c **** 					taskYIELD_IF_USING_PREEMPTION();
2191:Middlewares/Third_Party/FreeRTOS/Source/tasks.c **** 				}
2192:Middlewares/Third_Party/FreeRTOS/Source/tasks.c **** 				else
2193:Middlewares/Third_Party/FreeRTOS/Source/tasks.c **** 				{
2194:Middlewares/Third_Party/FreeRTOS/Source/tasks.c **** 					mtCOVERAGE_TEST_MARKER();
2195:Middlewares/Third_Party/FreeRTOS/Source/tasks.c **** 				}
2196:Middlewares/Third_Party/FreeRTOS/Source/tasks.c **** 			}
2197:Middlewares/Third_Party/FreeRTOS/Source/tasks.c **** 		}
2198:Middlewares/Third_Party/FreeRTOS/Source/tasks.c **** 		else
2199:Middlewares/Third_Party/FreeRTOS/Source/tasks.c **** 		{
2200:Middlewares/Third_Party/FreeRTOS/Source/tasks.c **** 			mtCOVERAGE_TEST_MARKER();
2201:Middlewares/Third_Party/FreeRTOS/Source/tasks.c **** 		}
2202:Middlewares/Third_Party/FreeRTOS/Source/tasks.c **** 	}
2203:Middlewares/Third_Party/FreeRTOS/Source/tasks.c **** 	taskEXIT_CRITICAL();
2204:Middlewares/Third_Party/FreeRTOS/Source/tasks.c **** 
2205:Middlewares/Third_Party/FreeRTOS/Source/tasks.c **** 	return xAlreadyYielded;
2206:Middlewares/Third_Party/FreeRTOS/Source/tasks.c **** }
2207:Middlewares/Third_Party/FreeRTOS/Source/tasks.c **** /*-----------------------------------------------------------*/
2208:Middlewares/Third_Party/FreeRTOS/Source/tasks.c **** 
2209:Middlewares/Third_Party/FreeRTOS/Source/tasks.c **** TickType_t xTaskGetTickCount( void )
2210:Middlewares/Third_Party/FreeRTOS/Source/tasks.c **** {
2211:Middlewares/Third_Party/FreeRTOS/Source/tasks.c **** TickType_t xTicks;
2212:Middlewares/Third_Party/FreeRTOS/Source/tasks.c **** 
2213:Middlewares/Third_Party/FreeRTOS/Source/tasks.c **** 	/* Critical section required if running on a 16 bit processor. */
2214:Middlewares/Third_Party/FreeRTOS/Source/tasks.c **** 	portTICK_TYPE_ENTER_CRITICAL();
2215:Middlewares/Third_Party/FreeRTOS/Source/tasks.c **** 	{
2216:Middlewares/Third_Party/FreeRTOS/Source/tasks.c **** 		xTicks = xTickCount;
2217:Middlewares/Third_Party/FreeRTOS/Source/tasks.c **** 	}
2218:Middlewares/Third_Party/FreeRTOS/Source/tasks.c **** 	portTICK_TYPE_EXIT_CRITICAL();
2219:Middlewares/Third_Party/FreeRTOS/Source/tasks.c **** 
2220:Middlewares/Third_Party/FreeRTOS/Source/tasks.c **** 	return xTicks;
2221:Middlewares/Third_Party/FreeRTOS/Source/tasks.c **** }
2222:Middlewares/Third_Party/FreeRTOS/Source/tasks.c **** /*-----------------------------------------------------------*/
2223:Middlewares/Third_Party/FreeRTOS/Source/tasks.c **** 
2224:Middlewares/Third_Party/FreeRTOS/Source/tasks.c **** TickType_t xTaskGetTickCountFromISR( void )
2225:Middlewares/Third_Party/FreeRTOS/Source/tasks.c **** {
2226:Middlewares/Third_Party/FreeRTOS/Source/tasks.c **** TickType_t xReturn;
2227:Middlewares/Third_Party/FreeRTOS/Source/tasks.c **** UBaseType_t uxSavedInterruptStatus;
2228:Middlewares/Third_Party/FreeRTOS/Source/tasks.c **** 
2229:Middlewares/Third_Party/FreeRTOS/Source/tasks.c **** 	/* RTOS ports that support interrupt nesting have the concept of a maximum
2230:Middlewares/Third_Party/FreeRTOS/Source/tasks.c **** 	system call (or maximum API call) interrupt priority.  Interrupts that are
2231:Middlewares/Third_Party/FreeRTOS/Source/tasks.c **** 	above the maximum system call priority are kept permanently enabled, even
2232:Middlewares/Third_Party/FreeRTOS/Source/tasks.c **** 	when the RTOS kernel is in a critical section, but cannot make any calls to
2233:Middlewares/Third_Party/FreeRTOS/Source/tasks.c **** 	FreeRTOS API functions.  If configASSERT() is defined in FreeRTOSConfig.h
2234:Middlewares/Third_Party/FreeRTOS/Source/tasks.c **** 	then portASSERT_IF_INTERRUPT_PRIORITY_INVALID() will result in an assertion
2235:Middlewares/Third_Party/FreeRTOS/Source/tasks.c **** 	failure if a FreeRTOS API function is called from an interrupt that has been
2236:Middlewares/Third_Party/FreeRTOS/Source/tasks.c **** 	assigned a priority above the configured maximum system call priority.
2237:Middlewares/Third_Party/FreeRTOS/Source/tasks.c **** 	Only FreeRTOS functions that end in FromISR can be called from interrupts
2238:Middlewares/Third_Party/FreeRTOS/Source/tasks.c **** 	that have been assigned a priority at or (logically) below the maximum
2239:Middlewares/Third_Party/FreeRTOS/Source/tasks.c **** 	system call	interrupt priority.  FreeRTOS maintains a separate interrupt
2240:Middlewares/Third_Party/FreeRTOS/Source/tasks.c **** 	safe API to ensure interrupt entry is as fast and as simple as possible.
2241:Middlewares/Third_Party/FreeRTOS/Source/tasks.c **** 	More information (albeit Cortex-M specific) is provided on the following
ARM GAS  /tmp/ccshf83P.s 			page 46


2242:Middlewares/Third_Party/FreeRTOS/Source/tasks.c **** 	link: http://www.freertos.org/RTOS-Cortex-M3-M4.html */
2243:Middlewares/Third_Party/FreeRTOS/Source/tasks.c **** 	portASSERT_IF_INTERRUPT_PRIORITY_INVALID();
2244:Middlewares/Third_Party/FreeRTOS/Source/tasks.c **** 
2245:Middlewares/Third_Party/FreeRTOS/Source/tasks.c **** 	uxSavedInterruptStatus = portTICK_TYPE_SET_INTERRUPT_MASK_FROM_ISR();
2246:Middlewares/Third_Party/FreeRTOS/Source/tasks.c **** 	{
2247:Middlewares/Third_Party/FreeRTOS/Source/tasks.c **** 		xReturn = xTickCount;
2248:Middlewares/Third_Party/FreeRTOS/Source/tasks.c **** 	}
2249:Middlewares/Third_Party/FreeRTOS/Source/tasks.c **** 	portTICK_TYPE_CLEAR_INTERRUPT_MASK_FROM_ISR( uxSavedInterruptStatus );
2250:Middlewares/Third_Party/FreeRTOS/Source/tasks.c **** 
2251:Middlewares/Third_Party/FreeRTOS/Source/tasks.c **** 	return xReturn;
2252:Middlewares/Third_Party/FreeRTOS/Source/tasks.c **** }
2253:Middlewares/Third_Party/FreeRTOS/Source/tasks.c **** /*-----------------------------------------------------------*/
2254:Middlewares/Third_Party/FreeRTOS/Source/tasks.c **** 
2255:Middlewares/Third_Party/FreeRTOS/Source/tasks.c **** UBaseType_t uxTaskGetNumberOfTasks( void )
2256:Middlewares/Third_Party/FreeRTOS/Source/tasks.c **** {
2257:Middlewares/Third_Party/FreeRTOS/Source/tasks.c **** 	/* A critical section is not required because the variables are of type
2258:Middlewares/Third_Party/FreeRTOS/Source/tasks.c **** 	BaseType_t. */
2259:Middlewares/Third_Party/FreeRTOS/Source/tasks.c **** 	return uxCurrentNumberOfTasks;
2260:Middlewares/Third_Party/FreeRTOS/Source/tasks.c **** }
2261:Middlewares/Third_Party/FreeRTOS/Source/tasks.c **** /*-----------------------------------------------------------*/
2262:Middlewares/Third_Party/FreeRTOS/Source/tasks.c **** 
2263:Middlewares/Third_Party/FreeRTOS/Source/tasks.c **** char *pcTaskGetName( TaskHandle_t xTaskToQuery ) /*lint !e971 Unqualified char types are allowed fo
2264:Middlewares/Third_Party/FreeRTOS/Source/tasks.c **** {
2265:Middlewares/Third_Party/FreeRTOS/Source/tasks.c **** TCB_t *pxTCB;
2266:Middlewares/Third_Party/FreeRTOS/Source/tasks.c **** 
2267:Middlewares/Third_Party/FreeRTOS/Source/tasks.c **** 	/* If null is passed in here then the name of the calling task is being
2268:Middlewares/Third_Party/FreeRTOS/Source/tasks.c **** 	queried. */
2269:Middlewares/Third_Party/FreeRTOS/Source/tasks.c **** 	pxTCB = prvGetTCBFromHandle( xTaskToQuery );
2270:Middlewares/Third_Party/FreeRTOS/Source/tasks.c **** 	configASSERT( pxTCB );
2271:Middlewares/Third_Party/FreeRTOS/Source/tasks.c **** 	return &( pxTCB->pcTaskName[ 0 ] );
2272:Middlewares/Third_Party/FreeRTOS/Source/tasks.c **** }
2273:Middlewares/Third_Party/FreeRTOS/Source/tasks.c **** /*-----------------------------------------------------------*/
2274:Middlewares/Third_Party/FreeRTOS/Source/tasks.c **** 
2275:Middlewares/Third_Party/FreeRTOS/Source/tasks.c **** #if ( INCLUDE_xTaskGetHandle == 1 )
2276:Middlewares/Third_Party/FreeRTOS/Source/tasks.c **** 
2277:Middlewares/Third_Party/FreeRTOS/Source/tasks.c **** 	static TCB_t *prvSearchForNameWithinSingleList( List_t *pxList, const char pcNameToQuery[] )
2278:Middlewares/Third_Party/FreeRTOS/Source/tasks.c **** 	{
2279:Middlewares/Third_Party/FreeRTOS/Source/tasks.c **** 	TCB_t *pxNextTCB, *pxFirstTCB, *pxReturn = NULL;
2280:Middlewares/Third_Party/FreeRTOS/Source/tasks.c **** 	UBaseType_t x;
2281:Middlewares/Third_Party/FreeRTOS/Source/tasks.c **** 	char cNextChar;
2282:Middlewares/Third_Party/FreeRTOS/Source/tasks.c **** 
2283:Middlewares/Third_Party/FreeRTOS/Source/tasks.c **** 		/* This function is called with the scheduler suspended. */
2284:Middlewares/Third_Party/FreeRTOS/Source/tasks.c **** 
2285:Middlewares/Third_Party/FreeRTOS/Source/tasks.c **** 		if( listCURRENT_LIST_LENGTH( pxList ) > ( UBaseType_t ) 0 )
2286:Middlewares/Third_Party/FreeRTOS/Source/tasks.c **** 		{
2287:Middlewares/Third_Party/FreeRTOS/Source/tasks.c **** 			listGET_OWNER_OF_NEXT_ENTRY( pxFirstTCB, pxList );
2288:Middlewares/Third_Party/FreeRTOS/Source/tasks.c **** 
2289:Middlewares/Third_Party/FreeRTOS/Source/tasks.c **** 			do
2290:Middlewares/Third_Party/FreeRTOS/Source/tasks.c **** 			{
2291:Middlewares/Third_Party/FreeRTOS/Source/tasks.c **** 				listGET_OWNER_OF_NEXT_ENTRY( pxNextTCB, pxList );
2292:Middlewares/Third_Party/FreeRTOS/Source/tasks.c **** 
2293:Middlewares/Third_Party/FreeRTOS/Source/tasks.c **** 				/* Check each character in the name looking for a match or
2294:Middlewares/Third_Party/FreeRTOS/Source/tasks.c **** 				mismatch. */
2295:Middlewares/Third_Party/FreeRTOS/Source/tasks.c **** 				for( x = ( UBaseType_t ) 0; x < ( UBaseType_t ) configMAX_TASK_NAME_LEN; x++ )
2296:Middlewares/Third_Party/FreeRTOS/Source/tasks.c **** 				{
2297:Middlewares/Third_Party/FreeRTOS/Source/tasks.c **** 					cNextChar = pxNextTCB->pcTaskName[ x ];
2298:Middlewares/Third_Party/FreeRTOS/Source/tasks.c **** 
ARM GAS  /tmp/ccshf83P.s 			page 47


2299:Middlewares/Third_Party/FreeRTOS/Source/tasks.c **** 					if( cNextChar != pcNameToQuery[ x ] )
2300:Middlewares/Third_Party/FreeRTOS/Source/tasks.c **** 					{
2301:Middlewares/Third_Party/FreeRTOS/Source/tasks.c **** 						/* Characters didn't match. */
2302:Middlewares/Third_Party/FreeRTOS/Source/tasks.c **** 						break;
2303:Middlewares/Third_Party/FreeRTOS/Source/tasks.c **** 					}
2304:Middlewares/Third_Party/FreeRTOS/Source/tasks.c **** 					else if( cNextChar == 0x00 )
2305:Middlewares/Third_Party/FreeRTOS/Source/tasks.c **** 					{
2306:Middlewares/Third_Party/FreeRTOS/Source/tasks.c **** 						/* Both strings terminated, a match must have been
2307:Middlewares/Third_Party/FreeRTOS/Source/tasks.c **** 						found. */
2308:Middlewares/Third_Party/FreeRTOS/Source/tasks.c **** 						pxReturn = pxNextTCB;
2309:Middlewares/Third_Party/FreeRTOS/Source/tasks.c **** 						break;
2310:Middlewares/Third_Party/FreeRTOS/Source/tasks.c **** 					}
2311:Middlewares/Third_Party/FreeRTOS/Source/tasks.c **** 					else
2312:Middlewares/Third_Party/FreeRTOS/Source/tasks.c **** 					{
2313:Middlewares/Third_Party/FreeRTOS/Source/tasks.c **** 						mtCOVERAGE_TEST_MARKER();
2314:Middlewares/Third_Party/FreeRTOS/Source/tasks.c **** 					}
2315:Middlewares/Third_Party/FreeRTOS/Source/tasks.c **** 				}
2316:Middlewares/Third_Party/FreeRTOS/Source/tasks.c **** 
2317:Middlewares/Third_Party/FreeRTOS/Source/tasks.c **** 				if( pxReturn != NULL )
2318:Middlewares/Third_Party/FreeRTOS/Source/tasks.c **** 				{
2319:Middlewares/Third_Party/FreeRTOS/Source/tasks.c **** 					/* The handle has been found. */
2320:Middlewares/Third_Party/FreeRTOS/Source/tasks.c **** 					break;
2321:Middlewares/Third_Party/FreeRTOS/Source/tasks.c **** 				}
2322:Middlewares/Third_Party/FreeRTOS/Source/tasks.c **** 
2323:Middlewares/Third_Party/FreeRTOS/Source/tasks.c **** 			} while( pxNextTCB != pxFirstTCB );
2324:Middlewares/Third_Party/FreeRTOS/Source/tasks.c **** 		}
2325:Middlewares/Third_Party/FreeRTOS/Source/tasks.c **** 		else
2326:Middlewares/Third_Party/FreeRTOS/Source/tasks.c **** 		{
2327:Middlewares/Third_Party/FreeRTOS/Source/tasks.c **** 			mtCOVERAGE_TEST_MARKER();
2328:Middlewares/Third_Party/FreeRTOS/Source/tasks.c **** 		}
2329:Middlewares/Third_Party/FreeRTOS/Source/tasks.c **** 
2330:Middlewares/Third_Party/FreeRTOS/Source/tasks.c **** 		return pxReturn;
2331:Middlewares/Third_Party/FreeRTOS/Source/tasks.c **** 	}
2332:Middlewares/Third_Party/FreeRTOS/Source/tasks.c **** 
2333:Middlewares/Third_Party/FreeRTOS/Source/tasks.c **** #endif /* INCLUDE_xTaskGetHandle */
2334:Middlewares/Third_Party/FreeRTOS/Source/tasks.c **** /*-----------------------------------------------------------*/
2335:Middlewares/Third_Party/FreeRTOS/Source/tasks.c **** 
2336:Middlewares/Third_Party/FreeRTOS/Source/tasks.c **** #if ( INCLUDE_xTaskGetHandle == 1 )
2337:Middlewares/Third_Party/FreeRTOS/Source/tasks.c **** 
2338:Middlewares/Third_Party/FreeRTOS/Source/tasks.c **** 	TaskHandle_t xTaskGetHandle( const char *pcNameToQuery ) /*lint !e971 Unqualified char types are a
2339:Middlewares/Third_Party/FreeRTOS/Source/tasks.c **** 	{
2340:Middlewares/Third_Party/FreeRTOS/Source/tasks.c **** 	UBaseType_t uxQueue = configMAX_PRIORITIES;
2341:Middlewares/Third_Party/FreeRTOS/Source/tasks.c **** 	TCB_t* pxTCB;
2342:Middlewares/Third_Party/FreeRTOS/Source/tasks.c **** 
2343:Middlewares/Third_Party/FreeRTOS/Source/tasks.c **** 		/* Task names will be truncated to configMAX_TASK_NAME_LEN - 1 bytes. */
2344:Middlewares/Third_Party/FreeRTOS/Source/tasks.c **** 		configASSERT( strlen( pcNameToQuery ) < configMAX_TASK_NAME_LEN );
2345:Middlewares/Third_Party/FreeRTOS/Source/tasks.c **** 
2346:Middlewares/Third_Party/FreeRTOS/Source/tasks.c **** 		vTaskSuspendAll();
2347:Middlewares/Third_Party/FreeRTOS/Source/tasks.c **** 		{
2348:Middlewares/Third_Party/FreeRTOS/Source/tasks.c **** 			/* Search the ready lists. */
2349:Middlewares/Third_Party/FreeRTOS/Source/tasks.c **** 			do
2350:Middlewares/Third_Party/FreeRTOS/Source/tasks.c **** 			{
2351:Middlewares/Third_Party/FreeRTOS/Source/tasks.c **** 				uxQueue--;
2352:Middlewares/Third_Party/FreeRTOS/Source/tasks.c **** 				pxTCB = prvSearchForNameWithinSingleList( ( List_t * ) &( pxReadyTasksLists[ uxQueue ] ), pcNam
2353:Middlewares/Third_Party/FreeRTOS/Source/tasks.c **** 
2354:Middlewares/Third_Party/FreeRTOS/Source/tasks.c **** 				if( pxTCB != NULL )
2355:Middlewares/Third_Party/FreeRTOS/Source/tasks.c **** 				{
ARM GAS  /tmp/ccshf83P.s 			page 48


2356:Middlewares/Third_Party/FreeRTOS/Source/tasks.c **** 					/* Found the handle. */
2357:Middlewares/Third_Party/FreeRTOS/Source/tasks.c **** 					break;
2358:Middlewares/Third_Party/FreeRTOS/Source/tasks.c **** 				}
2359:Middlewares/Third_Party/FreeRTOS/Source/tasks.c **** 
2360:Middlewares/Third_Party/FreeRTOS/Source/tasks.c **** 			} while( uxQueue > ( UBaseType_t ) tskIDLE_PRIORITY ); /*lint !e961 MISRA exception as the casts
2361:Middlewares/Third_Party/FreeRTOS/Source/tasks.c **** 
2362:Middlewares/Third_Party/FreeRTOS/Source/tasks.c **** 			/* Search the delayed lists. */
2363:Middlewares/Third_Party/FreeRTOS/Source/tasks.c **** 			if( pxTCB == NULL )
2364:Middlewares/Third_Party/FreeRTOS/Source/tasks.c **** 			{
2365:Middlewares/Third_Party/FreeRTOS/Source/tasks.c **** 				pxTCB = prvSearchForNameWithinSingleList( ( List_t * ) pxDelayedTaskList, pcNameToQuery );
2366:Middlewares/Third_Party/FreeRTOS/Source/tasks.c **** 			}
2367:Middlewares/Third_Party/FreeRTOS/Source/tasks.c **** 
2368:Middlewares/Third_Party/FreeRTOS/Source/tasks.c **** 			if( pxTCB == NULL )
2369:Middlewares/Third_Party/FreeRTOS/Source/tasks.c **** 			{
2370:Middlewares/Third_Party/FreeRTOS/Source/tasks.c **** 				pxTCB = prvSearchForNameWithinSingleList( ( List_t * ) pxOverflowDelayedTaskList, pcNameToQuery
2371:Middlewares/Third_Party/FreeRTOS/Source/tasks.c **** 			}
2372:Middlewares/Third_Party/FreeRTOS/Source/tasks.c **** 
2373:Middlewares/Third_Party/FreeRTOS/Source/tasks.c **** 			#if ( INCLUDE_vTaskSuspend == 1 )
2374:Middlewares/Third_Party/FreeRTOS/Source/tasks.c **** 			{
2375:Middlewares/Third_Party/FreeRTOS/Source/tasks.c **** 				if( pxTCB == NULL )
2376:Middlewares/Third_Party/FreeRTOS/Source/tasks.c **** 				{
2377:Middlewares/Third_Party/FreeRTOS/Source/tasks.c **** 					/* Search the suspended list. */
2378:Middlewares/Third_Party/FreeRTOS/Source/tasks.c **** 					pxTCB = prvSearchForNameWithinSingleList( &xSuspendedTaskList, pcNameToQuery );
2379:Middlewares/Third_Party/FreeRTOS/Source/tasks.c **** 				}
2380:Middlewares/Third_Party/FreeRTOS/Source/tasks.c **** 			}
2381:Middlewares/Third_Party/FreeRTOS/Source/tasks.c **** 			#endif
2382:Middlewares/Third_Party/FreeRTOS/Source/tasks.c **** 
2383:Middlewares/Third_Party/FreeRTOS/Source/tasks.c **** 			#if( INCLUDE_vTaskDelete == 1 )
2384:Middlewares/Third_Party/FreeRTOS/Source/tasks.c **** 			{
2385:Middlewares/Third_Party/FreeRTOS/Source/tasks.c **** 				if( pxTCB == NULL )
2386:Middlewares/Third_Party/FreeRTOS/Source/tasks.c **** 				{
2387:Middlewares/Third_Party/FreeRTOS/Source/tasks.c **** 					/* Search the deleted list. */
2388:Middlewares/Third_Party/FreeRTOS/Source/tasks.c **** 					pxTCB = prvSearchForNameWithinSingleList( &xTasksWaitingTermination, pcNameToQuery );
2389:Middlewares/Third_Party/FreeRTOS/Source/tasks.c **** 				}
2390:Middlewares/Third_Party/FreeRTOS/Source/tasks.c **** 			}
2391:Middlewares/Third_Party/FreeRTOS/Source/tasks.c **** 			#endif
2392:Middlewares/Third_Party/FreeRTOS/Source/tasks.c **** 		}
2393:Middlewares/Third_Party/FreeRTOS/Source/tasks.c **** 		( void ) xTaskResumeAll();
2394:Middlewares/Third_Party/FreeRTOS/Source/tasks.c **** 
2395:Middlewares/Third_Party/FreeRTOS/Source/tasks.c **** 		return ( TaskHandle_t ) pxTCB;
2396:Middlewares/Third_Party/FreeRTOS/Source/tasks.c **** 	}
2397:Middlewares/Third_Party/FreeRTOS/Source/tasks.c **** 
2398:Middlewares/Third_Party/FreeRTOS/Source/tasks.c **** #endif /* INCLUDE_xTaskGetHandle */
2399:Middlewares/Third_Party/FreeRTOS/Source/tasks.c **** /*-----------------------------------------------------------*/
2400:Middlewares/Third_Party/FreeRTOS/Source/tasks.c **** 
2401:Middlewares/Third_Party/FreeRTOS/Source/tasks.c **** #if ( configUSE_TRACE_FACILITY == 1 )
2402:Middlewares/Third_Party/FreeRTOS/Source/tasks.c **** 
2403:Middlewares/Third_Party/FreeRTOS/Source/tasks.c **** 	UBaseType_t uxTaskGetSystemState( TaskStatus_t * const pxTaskStatusArray, const UBaseType_t uxArra
2404:Middlewares/Third_Party/FreeRTOS/Source/tasks.c **** 	{
2405:Middlewares/Third_Party/FreeRTOS/Source/tasks.c **** 	UBaseType_t uxTask = 0, uxQueue = configMAX_PRIORITIES;
2406:Middlewares/Third_Party/FreeRTOS/Source/tasks.c **** 
2407:Middlewares/Third_Party/FreeRTOS/Source/tasks.c **** 		vTaskSuspendAll();
2408:Middlewares/Third_Party/FreeRTOS/Source/tasks.c **** 		{
2409:Middlewares/Third_Party/FreeRTOS/Source/tasks.c **** 			/* Is there a space in the array for each task in the system? */
2410:Middlewares/Third_Party/FreeRTOS/Source/tasks.c **** 			if( uxArraySize >= uxCurrentNumberOfTasks )
2411:Middlewares/Third_Party/FreeRTOS/Source/tasks.c **** 			{
2412:Middlewares/Third_Party/FreeRTOS/Source/tasks.c **** 				/* Fill in an TaskStatus_t structure with information on each
ARM GAS  /tmp/ccshf83P.s 			page 49


2413:Middlewares/Third_Party/FreeRTOS/Source/tasks.c **** 				task in the Ready state. */
2414:Middlewares/Third_Party/FreeRTOS/Source/tasks.c **** 				do
2415:Middlewares/Third_Party/FreeRTOS/Source/tasks.c **** 				{
2416:Middlewares/Third_Party/FreeRTOS/Source/tasks.c **** 					uxQueue--;
2417:Middlewares/Third_Party/FreeRTOS/Source/tasks.c **** 					uxTask += prvListTasksWithinSingleList( &( pxTaskStatusArray[ uxTask ] ), &( pxReadyTasksLists
2418:Middlewares/Third_Party/FreeRTOS/Source/tasks.c **** 
2419:Middlewares/Third_Party/FreeRTOS/Source/tasks.c **** 				} while( uxQueue > ( UBaseType_t ) tskIDLE_PRIORITY ); /*lint !e961 MISRA exception as the cast
2420:Middlewares/Third_Party/FreeRTOS/Source/tasks.c **** 
2421:Middlewares/Third_Party/FreeRTOS/Source/tasks.c **** 				/* Fill in an TaskStatus_t structure with information on each
2422:Middlewares/Third_Party/FreeRTOS/Source/tasks.c **** 				task in the Blocked state. */
2423:Middlewares/Third_Party/FreeRTOS/Source/tasks.c **** 				uxTask += prvListTasksWithinSingleList( &( pxTaskStatusArray[ uxTask ] ), ( List_t * ) pxDelaye
2424:Middlewares/Third_Party/FreeRTOS/Source/tasks.c **** 				uxTask += prvListTasksWithinSingleList( &( pxTaskStatusArray[ uxTask ] ), ( List_t * ) pxOverfl
2425:Middlewares/Third_Party/FreeRTOS/Source/tasks.c **** 
2426:Middlewares/Third_Party/FreeRTOS/Source/tasks.c **** 				#if( INCLUDE_vTaskDelete == 1 )
2427:Middlewares/Third_Party/FreeRTOS/Source/tasks.c **** 				{
2428:Middlewares/Third_Party/FreeRTOS/Source/tasks.c **** 					/* Fill in an TaskStatus_t structure with information on
2429:Middlewares/Third_Party/FreeRTOS/Source/tasks.c **** 					each task that has been deleted but not yet cleaned up. */
2430:Middlewares/Third_Party/FreeRTOS/Source/tasks.c **** 					uxTask += prvListTasksWithinSingleList( &( pxTaskStatusArray[ uxTask ] ), &xTasksWaitingTermin
2431:Middlewares/Third_Party/FreeRTOS/Source/tasks.c **** 				}
2432:Middlewares/Third_Party/FreeRTOS/Source/tasks.c **** 				#endif
2433:Middlewares/Third_Party/FreeRTOS/Source/tasks.c **** 
2434:Middlewares/Third_Party/FreeRTOS/Source/tasks.c **** 				#if ( INCLUDE_vTaskSuspend == 1 )
2435:Middlewares/Third_Party/FreeRTOS/Source/tasks.c **** 				{
2436:Middlewares/Third_Party/FreeRTOS/Source/tasks.c **** 					/* Fill in an TaskStatus_t structure with information on
2437:Middlewares/Third_Party/FreeRTOS/Source/tasks.c **** 					each task in the Suspended state. */
2438:Middlewares/Third_Party/FreeRTOS/Source/tasks.c **** 					uxTask += prvListTasksWithinSingleList( &( pxTaskStatusArray[ uxTask ] ), &xSuspendedTaskList,
2439:Middlewares/Third_Party/FreeRTOS/Source/tasks.c **** 				}
2440:Middlewares/Third_Party/FreeRTOS/Source/tasks.c **** 				#endif
2441:Middlewares/Third_Party/FreeRTOS/Source/tasks.c **** 
2442:Middlewares/Third_Party/FreeRTOS/Source/tasks.c **** 				#if ( configGENERATE_RUN_TIME_STATS == 1)
2443:Middlewares/Third_Party/FreeRTOS/Source/tasks.c **** 				{
2444:Middlewares/Third_Party/FreeRTOS/Source/tasks.c **** 					if( pulTotalRunTime != NULL )
2445:Middlewares/Third_Party/FreeRTOS/Source/tasks.c **** 					{
2446:Middlewares/Third_Party/FreeRTOS/Source/tasks.c **** 						#ifdef portALT_GET_RUN_TIME_COUNTER_VALUE
2447:Middlewares/Third_Party/FreeRTOS/Source/tasks.c **** 							portALT_GET_RUN_TIME_COUNTER_VALUE( ( *pulTotalRunTime ) );
2448:Middlewares/Third_Party/FreeRTOS/Source/tasks.c **** 						#else
2449:Middlewares/Third_Party/FreeRTOS/Source/tasks.c **** 							*pulTotalRunTime = portGET_RUN_TIME_COUNTER_VALUE();
2450:Middlewares/Third_Party/FreeRTOS/Source/tasks.c **** 						#endif
2451:Middlewares/Third_Party/FreeRTOS/Source/tasks.c **** 					}
2452:Middlewares/Third_Party/FreeRTOS/Source/tasks.c **** 				}
2453:Middlewares/Third_Party/FreeRTOS/Source/tasks.c **** 				#else
2454:Middlewares/Third_Party/FreeRTOS/Source/tasks.c **** 				{
2455:Middlewares/Third_Party/FreeRTOS/Source/tasks.c **** 					if( pulTotalRunTime != NULL )
2456:Middlewares/Third_Party/FreeRTOS/Source/tasks.c **** 					{
2457:Middlewares/Third_Party/FreeRTOS/Source/tasks.c **** 						*pulTotalRunTime = 0;
2458:Middlewares/Third_Party/FreeRTOS/Source/tasks.c **** 					}
2459:Middlewares/Third_Party/FreeRTOS/Source/tasks.c **** 				}
2460:Middlewares/Third_Party/FreeRTOS/Source/tasks.c **** 				#endif
2461:Middlewares/Third_Party/FreeRTOS/Source/tasks.c **** 			}
2462:Middlewares/Third_Party/FreeRTOS/Source/tasks.c **** 			else
2463:Middlewares/Third_Party/FreeRTOS/Source/tasks.c **** 			{
2464:Middlewares/Third_Party/FreeRTOS/Source/tasks.c **** 				mtCOVERAGE_TEST_MARKER();
2465:Middlewares/Third_Party/FreeRTOS/Source/tasks.c **** 			}
2466:Middlewares/Third_Party/FreeRTOS/Source/tasks.c **** 		}
2467:Middlewares/Third_Party/FreeRTOS/Source/tasks.c **** 		( void ) xTaskResumeAll();
2468:Middlewares/Third_Party/FreeRTOS/Source/tasks.c **** 
2469:Middlewares/Third_Party/FreeRTOS/Source/tasks.c **** 		return uxTask;
ARM GAS  /tmp/ccshf83P.s 			page 50


2470:Middlewares/Third_Party/FreeRTOS/Source/tasks.c **** 	}
2471:Middlewares/Third_Party/FreeRTOS/Source/tasks.c **** 
2472:Middlewares/Third_Party/FreeRTOS/Source/tasks.c **** #endif /* configUSE_TRACE_FACILITY */
2473:Middlewares/Third_Party/FreeRTOS/Source/tasks.c **** /*----------------------------------------------------------*/
2474:Middlewares/Third_Party/FreeRTOS/Source/tasks.c **** 
2475:Middlewares/Third_Party/FreeRTOS/Source/tasks.c **** #if ( INCLUDE_xTaskGetIdleTaskHandle == 1 )
2476:Middlewares/Third_Party/FreeRTOS/Source/tasks.c **** 
2477:Middlewares/Third_Party/FreeRTOS/Source/tasks.c **** 	TaskHandle_t xTaskGetIdleTaskHandle( void )
2478:Middlewares/Third_Party/FreeRTOS/Source/tasks.c **** 	{
2479:Middlewares/Third_Party/FreeRTOS/Source/tasks.c **** 		/* If xTaskGetIdleTaskHandle() is called before the scheduler has been
2480:Middlewares/Third_Party/FreeRTOS/Source/tasks.c **** 		started, then xIdleTaskHandle will be NULL. */
2481:Middlewares/Third_Party/FreeRTOS/Source/tasks.c **** 		configASSERT( ( xIdleTaskHandle != NULL ) );
2482:Middlewares/Third_Party/FreeRTOS/Source/tasks.c **** 		return xIdleTaskHandle;
2483:Middlewares/Third_Party/FreeRTOS/Source/tasks.c **** 	}
2484:Middlewares/Third_Party/FreeRTOS/Source/tasks.c **** 
2485:Middlewares/Third_Party/FreeRTOS/Source/tasks.c **** #endif /* INCLUDE_xTaskGetIdleTaskHandle */
2486:Middlewares/Third_Party/FreeRTOS/Source/tasks.c **** /*----------------------------------------------------------*/
2487:Middlewares/Third_Party/FreeRTOS/Source/tasks.c **** 
2488:Middlewares/Third_Party/FreeRTOS/Source/tasks.c **** /* This conditional compilation should use inequality to 0, not equality to 1.
2489:Middlewares/Third_Party/FreeRTOS/Source/tasks.c **** This is to ensure vTaskStepTick() is available when user defined low power mode
2490:Middlewares/Third_Party/FreeRTOS/Source/tasks.c **** implementations require configUSE_TICKLESS_IDLE to be set to a value other than
2491:Middlewares/Third_Party/FreeRTOS/Source/tasks.c **** 1. */
2492:Middlewares/Third_Party/FreeRTOS/Source/tasks.c **** #if ( configUSE_TICKLESS_IDLE != 0 )
2493:Middlewares/Third_Party/FreeRTOS/Source/tasks.c **** 
2494:Middlewares/Third_Party/FreeRTOS/Source/tasks.c **** 	void vTaskStepTick( const TickType_t xTicksToJump )
2495:Middlewares/Third_Party/FreeRTOS/Source/tasks.c **** 	{
2496:Middlewares/Third_Party/FreeRTOS/Source/tasks.c **** 		/* Correct the tick count value after a period during which the tick
2497:Middlewares/Third_Party/FreeRTOS/Source/tasks.c **** 		was suppressed.  Note this does *not* call the tick hook function for
2498:Middlewares/Third_Party/FreeRTOS/Source/tasks.c **** 		each stepped tick. */
2499:Middlewares/Third_Party/FreeRTOS/Source/tasks.c **** 		configASSERT( ( xTickCount + xTicksToJump ) <= xNextTaskUnblockTime );
2500:Middlewares/Third_Party/FreeRTOS/Source/tasks.c **** 		xTickCount += xTicksToJump;
2501:Middlewares/Third_Party/FreeRTOS/Source/tasks.c **** 		traceINCREASE_TICK_COUNT( xTicksToJump );
2502:Middlewares/Third_Party/FreeRTOS/Source/tasks.c **** 	}
2503:Middlewares/Third_Party/FreeRTOS/Source/tasks.c **** 
2504:Middlewares/Third_Party/FreeRTOS/Source/tasks.c **** #endif /* configUSE_TICKLESS_IDLE */
2505:Middlewares/Third_Party/FreeRTOS/Source/tasks.c **** /*----------------------------------------------------------*/
2506:Middlewares/Third_Party/FreeRTOS/Source/tasks.c **** 
2507:Middlewares/Third_Party/FreeRTOS/Source/tasks.c **** #if ( INCLUDE_xTaskAbortDelay == 1 )
2508:Middlewares/Third_Party/FreeRTOS/Source/tasks.c **** 
2509:Middlewares/Third_Party/FreeRTOS/Source/tasks.c **** 	BaseType_t xTaskAbortDelay( TaskHandle_t xTask )
2510:Middlewares/Third_Party/FreeRTOS/Source/tasks.c **** 	{
2511:Middlewares/Third_Party/FreeRTOS/Source/tasks.c **** 	TCB_t *pxTCB = ( TCB_t * ) xTask;
2512:Middlewares/Third_Party/FreeRTOS/Source/tasks.c **** 	BaseType_t xReturn;
2513:Middlewares/Third_Party/FreeRTOS/Source/tasks.c **** 
2514:Middlewares/Third_Party/FreeRTOS/Source/tasks.c **** 		configASSERT( pxTCB );
2515:Middlewares/Third_Party/FreeRTOS/Source/tasks.c **** 
2516:Middlewares/Third_Party/FreeRTOS/Source/tasks.c **** 		vTaskSuspendAll();
2517:Middlewares/Third_Party/FreeRTOS/Source/tasks.c **** 		{
2518:Middlewares/Third_Party/FreeRTOS/Source/tasks.c **** 			/* A task can only be prematurely removed from the Blocked state if
2519:Middlewares/Third_Party/FreeRTOS/Source/tasks.c **** 			it is actually in the Blocked state. */
2520:Middlewares/Third_Party/FreeRTOS/Source/tasks.c **** 			if( eTaskGetState( xTask ) == eBlocked )
2521:Middlewares/Third_Party/FreeRTOS/Source/tasks.c **** 			{
2522:Middlewares/Third_Party/FreeRTOS/Source/tasks.c **** 				xReturn = pdPASS;
2523:Middlewares/Third_Party/FreeRTOS/Source/tasks.c **** 
2524:Middlewares/Third_Party/FreeRTOS/Source/tasks.c **** 				/* Remove the reference to the task from the blocked list.  An
2525:Middlewares/Third_Party/FreeRTOS/Source/tasks.c **** 				interrupt won't touch the xStateListItem because the
2526:Middlewares/Third_Party/FreeRTOS/Source/tasks.c **** 				scheduler is suspended. */
ARM GAS  /tmp/ccshf83P.s 			page 51


2527:Middlewares/Third_Party/FreeRTOS/Source/tasks.c **** 				( void ) uxListRemove( &( pxTCB->xStateListItem ) );
2528:Middlewares/Third_Party/FreeRTOS/Source/tasks.c **** 
2529:Middlewares/Third_Party/FreeRTOS/Source/tasks.c **** 				/* Is the task waiting on an event also?  If so remove it from
2530:Middlewares/Third_Party/FreeRTOS/Source/tasks.c **** 				the event list too.  Interrupts can touch the event list item,
2531:Middlewares/Third_Party/FreeRTOS/Source/tasks.c **** 				even though the scheduler is suspended, so a critical section
2532:Middlewares/Third_Party/FreeRTOS/Source/tasks.c **** 				is used. */
2533:Middlewares/Third_Party/FreeRTOS/Source/tasks.c **** 				taskENTER_CRITICAL();
2534:Middlewares/Third_Party/FreeRTOS/Source/tasks.c **** 				{
2535:Middlewares/Third_Party/FreeRTOS/Source/tasks.c **** 					if( listLIST_ITEM_CONTAINER( &( pxTCB->xEventListItem ) ) != NULL )
2536:Middlewares/Third_Party/FreeRTOS/Source/tasks.c **** 					{
2537:Middlewares/Third_Party/FreeRTOS/Source/tasks.c **** 						( void ) uxListRemove( &( pxTCB->xEventListItem ) );
2538:Middlewares/Third_Party/FreeRTOS/Source/tasks.c **** 						pxTCB->ucDelayAborted = pdTRUE;
2539:Middlewares/Third_Party/FreeRTOS/Source/tasks.c **** 					}
2540:Middlewares/Third_Party/FreeRTOS/Source/tasks.c **** 					else
2541:Middlewares/Third_Party/FreeRTOS/Source/tasks.c **** 					{
2542:Middlewares/Third_Party/FreeRTOS/Source/tasks.c **** 						mtCOVERAGE_TEST_MARKER();
2543:Middlewares/Third_Party/FreeRTOS/Source/tasks.c **** 					}
2544:Middlewares/Third_Party/FreeRTOS/Source/tasks.c **** 				}
2545:Middlewares/Third_Party/FreeRTOS/Source/tasks.c **** 				taskEXIT_CRITICAL();
2546:Middlewares/Third_Party/FreeRTOS/Source/tasks.c **** 
2547:Middlewares/Third_Party/FreeRTOS/Source/tasks.c **** 				/* Place the unblocked task into the appropriate ready list. */
2548:Middlewares/Third_Party/FreeRTOS/Source/tasks.c **** 				prvAddTaskToReadyList( pxTCB );
2549:Middlewares/Third_Party/FreeRTOS/Source/tasks.c **** 
2550:Middlewares/Third_Party/FreeRTOS/Source/tasks.c **** 				/* A task being unblocked cannot cause an immediate context
2551:Middlewares/Third_Party/FreeRTOS/Source/tasks.c **** 				switch if preemption is turned off. */
2552:Middlewares/Third_Party/FreeRTOS/Source/tasks.c **** 				#if (  configUSE_PREEMPTION == 1 )
2553:Middlewares/Third_Party/FreeRTOS/Source/tasks.c **** 				{
2554:Middlewares/Third_Party/FreeRTOS/Source/tasks.c **** 					/* Preemption is on, but a context switch should only be
2555:Middlewares/Third_Party/FreeRTOS/Source/tasks.c **** 					performed if the unblocked task has a priority that is
2556:Middlewares/Third_Party/FreeRTOS/Source/tasks.c **** 					equal to or higher than the currently executing task. */
2557:Middlewares/Third_Party/FreeRTOS/Source/tasks.c **** 					if( pxTCB->uxPriority > pxCurrentTCB->uxPriority )
2558:Middlewares/Third_Party/FreeRTOS/Source/tasks.c **** 					{
2559:Middlewares/Third_Party/FreeRTOS/Source/tasks.c **** 						/* Pend the yield to be performed when the scheduler
2560:Middlewares/Third_Party/FreeRTOS/Source/tasks.c **** 						is unsuspended. */
2561:Middlewares/Third_Party/FreeRTOS/Source/tasks.c **** 						xYieldPending = pdTRUE;
2562:Middlewares/Third_Party/FreeRTOS/Source/tasks.c **** 					}
2563:Middlewares/Third_Party/FreeRTOS/Source/tasks.c **** 					else
2564:Middlewares/Third_Party/FreeRTOS/Source/tasks.c **** 					{
2565:Middlewares/Third_Party/FreeRTOS/Source/tasks.c **** 						mtCOVERAGE_TEST_MARKER();
2566:Middlewares/Third_Party/FreeRTOS/Source/tasks.c **** 					}
2567:Middlewares/Third_Party/FreeRTOS/Source/tasks.c **** 				}
2568:Middlewares/Third_Party/FreeRTOS/Source/tasks.c **** 				#endif /* configUSE_PREEMPTION */
2569:Middlewares/Third_Party/FreeRTOS/Source/tasks.c **** 			}
2570:Middlewares/Third_Party/FreeRTOS/Source/tasks.c **** 			else
2571:Middlewares/Third_Party/FreeRTOS/Source/tasks.c **** 			{
2572:Middlewares/Third_Party/FreeRTOS/Source/tasks.c **** 				xReturn = pdFAIL;
2573:Middlewares/Third_Party/FreeRTOS/Source/tasks.c **** 			}
2574:Middlewares/Third_Party/FreeRTOS/Source/tasks.c **** 		}
2575:Middlewares/Third_Party/FreeRTOS/Source/tasks.c **** 		( void ) xTaskResumeAll();
2576:Middlewares/Third_Party/FreeRTOS/Source/tasks.c **** 
2577:Middlewares/Third_Party/FreeRTOS/Source/tasks.c **** 		return xReturn;
2578:Middlewares/Third_Party/FreeRTOS/Source/tasks.c **** 	}
2579:Middlewares/Third_Party/FreeRTOS/Source/tasks.c **** 
2580:Middlewares/Third_Party/FreeRTOS/Source/tasks.c **** #endif /* INCLUDE_xTaskAbortDelay */
2581:Middlewares/Third_Party/FreeRTOS/Source/tasks.c **** /*----------------------------------------------------------*/
2582:Middlewares/Third_Party/FreeRTOS/Source/tasks.c **** 
2583:Middlewares/Third_Party/FreeRTOS/Source/tasks.c **** BaseType_t xTaskIncrementTick( void )
ARM GAS  /tmp/ccshf83P.s 			page 52


2584:Middlewares/Third_Party/FreeRTOS/Source/tasks.c **** {
2585:Middlewares/Third_Party/FreeRTOS/Source/tasks.c **** TCB_t * pxTCB;
2586:Middlewares/Third_Party/FreeRTOS/Source/tasks.c **** TickType_t xItemValue;
2587:Middlewares/Third_Party/FreeRTOS/Source/tasks.c **** BaseType_t xSwitchRequired = pdFALSE;
2588:Middlewares/Third_Party/FreeRTOS/Source/tasks.c **** 
2589:Middlewares/Third_Party/FreeRTOS/Source/tasks.c **** 	/* Called by the portable layer each time a tick interrupt occurs.
2590:Middlewares/Third_Party/FreeRTOS/Source/tasks.c **** 	Increments the tick then checks to see if the new tick value will cause any
2591:Middlewares/Third_Party/FreeRTOS/Source/tasks.c **** 	tasks to be unblocked. */
2592:Middlewares/Third_Party/FreeRTOS/Source/tasks.c **** 	traceTASK_INCREMENT_TICK( xTickCount );
2593:Middlewares/Third_Party/FreeRTOS/Source/tasks.c **** 	if( uxSchedulerSuspended == ( UBaseType_t ) pdFALSE )
2594:Middlewares/Third_Party/FreeRTOS/Source/tasks.c **** 	{
2595:Middlewares/Third_Party/FreeRTOS/Source/tasks.c **** 		/* Minor optimisation.  The tick count cannot change in this
2596:Middlewares/Third_Party/FreeRTOS/Source/tasks.c **** 		block. */
2597:Middlewares/Third_Party/FreeRTOS/Source/tasks.c **** 		const TickType_t xConstTickCount = xTickCount + ( TickType_t ) 1;
2598:Middlewares/Third_Party/FreeRTOS/Source/tasks.c **** 
2599:Middlewares/Third_Party/FreeRTOS/Source/tasks.c **** 		/* Increment the RTOS tick, switching the delayed and overflowed
2600:Middlewares/Third_Party/FreeRTOS/Source/tasks.c **** 		delayed lists if it wraps to 0. */
2601:Middlewares/Third_Party/FreeRTOS/Source/tasks.c **** 		xTickCount = xConstTickCount;
2602:Middlewares/Third_Party/FreeRTOS/Source/tasks.c **** 
2603:Middlewares/Third_Party/FreeRTOS/Source/tasks.c **** 		if( xConstTickCount == ( TickType_t ) 0U ) /*lint !e774 'if' does not always evaluate to false as
2604:Middlewares/Third_Party/FreeRTOS/Source/tasks.c **** 		{
2605:Middlewares/Third_Party/FreeRTOS/Source/tasks.c **** 			taskSWITCH_DELAYED_LISTS();
2606:Middlewares/Third_Party/FreeRTOS/Source/tasks.c **** 		}
2607:Middlewares/Third_Party/FreeRTOS/Source/tasks.c **** 		else
2608:Middlewares/Third_Party/FreeRTOS/Source/tasks.c **** 		{
2609:Middlewares/Third_Party/FreeRTOS/Source/tasks.c **** 			mtCOVERAGE_TEST_MARKER();
2610:Middlewares/Third_Party/FreeRTOS/Source/tasks.c **** 		}
2611:Middlewares/Third_Party/FreeRTOS/Source/tasks.c **** 
2612:Middlewares/Third_Party/FreeRTOS/Source/tasks.c **** 		/* See if this tick has made a timeout expire.  Tasks are stored in
2613:Middlewares/Third_Party/FreeRTOS/Source/tasks.c **** 		the	queue in the order of their wake time - meaning once one task
2614:Middlewares/Third_Party/FreeRTOS/Source/tasks.c **** 		has been found whose block time has not expired there is no need to
2615:Middlewares/Third_Party/FreeRTOS/Source/tasks.c **** 		look any further down the list. */
2616:Middlewares/Third_Party/FreeRTOS/Source/tasks.c **** 		if( xConstTickCount >= xNextTaskUnblockTime )
2617:Middlewares/Third_Party/FreeRTOS/Source/tasks.c **** 		{
2618:Middlewares/Third_Party/FreeRTOS/Source/tasks.c **** 			for( ;; )
2619:Middlewares/Third_Party/FreeRTOS/Source/tasks.c **** 			{
2620:Middlewares/Third_Party/FreeRTOS/Source/tasks.c **** 				if( listLIST_IS_EMPTY( pxDelayedTaskList ) != pdFALSE )
2621:Middlewares/Third_Party/FreeRTOS/Source/tasks.c **** 				{
2622:Middlewares/Third_Party/FreeRTOS/Source/tasks.c **** 					/* The delayed list is empty.  Set xNextTaskUnblockTime
2623:Middlewares/Third_Party/FreeRTOS/Source/tasks.c **** 					to the maximum possible value so it is extremely
2624:Middlewares/Third_Party/FreeRTOS/Source/tasks.c **** 					unlikely that the
2625:Middlewares/Third_Party/FreeRTOS/Source/tasks.c **** 					if( xTickCount >= xNextTaskUnblockTime ) test will pass
2626:Middlewares/Third_Party/FreeRTOS/Source/tasks.c **** 					next time through. */
2627:Middlewares/Third_Party/FreeRTOS/Source/tasks.c **** 					xNextTaskUnblockTime = portMAX_DELAY; /*lint !e961 MISRA exception as the casts are only redun
2628:Middlewares/Third_Party/FreeRTOS/Source/tasks.c **** 					break;
2629:Middlewares/Third_Party/FreeRTOS/Source/tasks.c **** 				}
2630:Middlewares/Third_Party/FreeRTOS/Source/tasks.c **** 				else
2631:Middlewares/Third_Party/FreeRTOS/Source/tasks.c **** 				{
2632:Middlewares/Third_Party/FreeRTOS/Source/tasks.c **** 					/* The delayed list is not empty, get the value of the
2633:Middlewares/Third_Party/FreeRTOS/Source/tasks.c **** 					item at the head of the delayed list.  This is the time
2634:Middlewares/Third_Party/FreeRTOS/Source/tasks.c **** 					at which the task at the head of the delayed list must
2635:Middlewares/Third_Party/FreeRTOS/Source/tasks.c **** 					be removed from the Blocked state. */
2636:Middlewares/Third_Party/FreeRTOS/Source/tasks.c **** 					pxTCB = ( TCB_t * ) listGET_OWNER_OF_HEAD_ENTRY( pxDelayedTaskList );
2637:Middlewares/Third_Party/FreeRTOS/Source/tasks.c **** 					xItemValue = listGET_LIST_ITEM_VALUE( &( pxTCB->xStateListItem ) );
2638:Middlewares/Third_Party/FreeRTOS/Source/tasks.c **** 
2639:Middlewares/Third_Party/FreeRTOS/Source/tasks.c **** 					if( xConstTickCount < xItemValue )
2640:Middlewares/Third_Party/FreeRTOS/Source/tasks.c **** 					{
ARM GAS  /tmp/ccshf83P.s 			page 53


2641:Middlewares/Third_Party/FreeRTOS/Source/tasks.c **** 						/* It is not time to unblock this item yet, but the
2642:Middlewares/Third_Party/FreeRTOS/Source/tasks.c **** 						item value is the time at which the task at the head
2643:Middlewares/Third_Party/FreeRTOS/Source/tasks.c **** 						of the blocked list must be removed from the Blocked
2644:Middlewares/Third_Party/FreeRTOS/Source/tasks.c **** 						state -	so record the item value in
2645:Middlewares/Third_Party/FreeRTOS/Source/tasks.c **** 						xNextTaskUnblockTime. */
2646:Middlewares/Third_Party/FreeRTOS/Source/tasks.c **** 						xNextTaskUnblockTime = xItemValue;
2647:Middlewares/Third_Party/FreeRTOS/Source/tasks.c **** 						break;
2648:Middlewares/Third_Party/FreeRTOS/Source/tasks.c **** 					}
2649:Middlewares/Third_Party/FreeRTOS/Source/tasks.c **** 					else
2650:Middlewares/Third_Party/FreeRTOS/Source/tasks.c **** 					{
2651:Middlewares/Third_Party/FreeRTOS/Source/tasks.c **** 						mtCOVERAGE_TEST_MARKER();
2652:Middlewares/Third_Party/FreeRTOS/Source/tasks.c **** 					}
2653:Middlewares/Third_Party/FreeRTOS/Source/tasks.c **** 
2654:Middlewares/Third_Party/FreeRTOS/Source/tasks.c **** 					/* It is time to remove the item from the Blocked state. */
2655:Middlewares/Third_Party/FreeRTOS/Source/tasks.c **** 					( void ) uxListRemove( &( pxTCB->xStateListItem ) );
2656:Middlewares/Third_Party/FreeRTOS/Source/tasks.c **** 
2657:Middlewares/Third_Party/FreeRTOS/Source/tasks.c **** 					/* Is the task waiting on an event also?  If so remove
2658:Middlewares/Third_Party/FreeRTOS/Source/tasks.c **** 					it from the event list. */
2659:Middlewares/Third_Party/FreeRTOS/Source/tasks.c **** 					if( listLIST_ITEM_CONTAINER( &( pxTCB->xEventListItem ) ) != NULL )
2660:Middlewares/Third_Party/FreeRTOS/Source/tasks.c **** 					{
2661:Middlewares/Third_Party/FreeRTOS/Source/tasks.c **** 						( void ) uxListRemove( &( pxTCB->xEventListItem ) );
2662:Middlewares/Third_Party/FreeRTOS/Source/tasks.c **** 					}
2663:Middlewares/Third_Party/FreeRTOS/Source/tasks.c **** 					else
2664:Middlewares/Third_Party/FreeRTOS/Source/tasks.c **** 					{
2665:Middlewares/Third_Party/FreeRTOS/Source/tasks.c **** 						mtCOVERAGE_TEST_MARKER();
2666:Middlewares/Third_Party/FreeRTOS/Source/tasks.c **** 					}
2667:Middlewares/Third_Party/FreeRTOS/Source/tasks.c **** 
2668:Middlewares/Third_Party/FreeRTOS/Source/tasks.c **** 					/* Place the unblocked task into the appropriate ready
2669:Middlewares/Third_Party/FreeRTOS/Source/tasks.c **** 					list. */
2670:Middlewares/Third_Party/FreeRTOS/Source/tasks.c **** 					prvAddTaskToReadyList( pxTCB );
2671:Middlewares/Third_Party/FreeRTOS/Source/tasks.c **** 
2672:Middlewares/Third_Party/FreeRTOS/Source/tasks.c **** 					/* A task being unblocked cannot cause an immediate
2673:Middlewares/Third_Party/FreeRTOS/Source/tasks.c **** 					context switch if preemption is turned off. */
2674:Middlewares/Third_Party/FreeRTOS/Source/tasks.c **** 					#if (  configUSE_PREEMPTION == 1 )
2675:Middlewares/Third_Party/FreeRTOS/Source/tasks.c **** 					{
2676:Middlewares/Third_Party/FreeRTOS/Source/tasks.c **** 						/* Preemption is on, but a context switch should
2677:Middlewares/Third_Party/FreeRTOS/Source/tasks.c **** 						only be performed if the unblocked task has a
2678:Middlewares/Third_Party/FreeRTOS/Source/tasks.c **** 						priority that is equal to or higher than the
2679:Middlewares/Third_Party/FreeRTOS/Source/tasks.c **** 						currently executing task. */
2680:Middlewares/Third_Party/FreeRTOS/Source/tasks.c **** 						if( pxTCB->uxPriority >= pxCurrentTCB->uxPriority )
2681:Middlewares/Third_Party/FreeRTOS/Source/tasks.c **** 						{
2682:Middlewares/Third_Party/FreeRTOS/Source/tasks.c **** 							xSwitchRequired = pdTRUE;
2683:Middlewares/Third_Party/FreeRTOS/Source/tasks.c **** 						}
2684:Middlewares/Third_Party/FreeRTOS/Source/tasks.c **** 						else
2685:Middlewares/Third_Party/FreeRTOS/Source/tasks.c **** 						{
2686:Middlewares/Third_Party/FreeRTOS/Source/tasks.c **** 							mtCOVERAGE_TEST_MARKER();
2687:Middlewares/Third_Party/FreeRTOS/Source/tasks.c **** 						}
2688:Middlewares/Third_Party/FreeRTOS/Source/tasks.c **** 					}
2689:Middlewares/Third_Party/FreeRTOS/Source/tasks.c **** 					#endif /* configUSE_PREEMPTION */
2690:Middlewares/Third_Party/FreeRTOS/Source/tasks.c **** 				}
2691:Middlewares/Third_Party/FreeRTOS/Source/tasks.c **** 			}
2692:Middlewares/Third_Party/FreeRTOS/Source/tasks.c **** 		}
2693:Middlewares/Third_Party/FreeRTOS/Source/tasks.c **** 
2694:Middlewares/Third_Party/FreeRTOS/Source/tasks.c **** 		/* Tasks of equal priority to the currently running task will share
2695:Middlewares/Third_Party/FreeRTOS/Source/tasks.c **** 		processing time (time slice) if preemption is on, and the application
2696:Middlewares/Third_Party/FreeRTOS/Source/tasks.c **** 		writer has not explicitly turned time slicing off. */
2697:Middlewares/Third_Party/FreeRTOS/Source/tasks.c **** 		#if ( ( configUSE_PREEMPTION == 1 ) && ( configUSE_TIME_SLICING == 1 ) )
ARM GAS  /tmp/ccshf83P.s 			page 54


2698:Middlewares/Third_Party/FreeRTOS/Source/tasks.c **** 		{
2699:Middlewares/Third_Party/FreeRTOS/Source/tasks.c **** 			if( listCURRENT_LIST_LENGTH( &( pxReadyTasksLists[ pxCurrentTCB->uxPriority ] ) ) > ( UBaseType_
2700:Middlewares/Third_Party/FreeRTOS/Source/tasks.c **** 			{
2701:Middlewares/Third_Party/FreeRTOS/Source/tasks.c **** 				xSwitchRequired = pdTRUE;
2702:Middlewares/Third_Party/FreeRTOS/Source/tasks.c **** 			}
2703:Middlewares/Third_Party/FreeRTOS/Source/tasks.c **** 			else
2704:Middlewares/Third_Party/FreeRTOS/Source/tasks.c **** 			{
2705:Middlewares/Third_Party/FreeRTOS/Source/tasks.c **** 				mtCOVERAGE_TEST_MARKER();
2706:Middlewares/Third_Party/FreeRTOS/Source/tasks.c **** 			}
2707:Middlewares/Third_Party/FreeRTOS/Source/tasks.c **** 		}
2708:Middlewares/Third_Party/FreeRTOS/Source/tasks.c **** 		#endif /* ( ( configUSE_PREEMPTION == 1 ) && ( configUSE_TIME_SLICING == 1 ) ) */
2709:Middlewares/Third_Party/FreeRTOS/Source/tasks.c **** 
2710:Middlewares/Third_Party/FreeRTOS/Source/tasks.c **** 		#if ( configUSE_TICK_HOOK == 1 )
2711:Middlewares/Third_Party/FreeRTOS/Source/tasks.c **** 		{
2712:Middlewares/Third_Party/FreeRTOS/Source/tasks.c **** 			/* Guard against the tick hook being called when the pended tick
2713:Middlewares/Third_Party/FreeRTOS/Source/tasks.c **** 			count is being unwound (when the scheduler is being unlocked). */
2714:Middlewares/Third_Party/FreeRTOS/Source/tasks.c **** 			if( uxPendedTicks == ( UBaseType_t ) 0U )
2715:Middlewares/Third_Party/FreeRTOS/Source/tasks.c **** 			{
2716:Middlewares/Third_Party/FreeRTOS/Source/tasks.c **** 				vApplicationTickHook();
2717:Middlewares/Third_Party/FreeRTOS/Source/tasks.c **** 			}
2718:Middlewares/Third_Party/FreeRTOS/Source/tasks.c **** 			else
2719:Middlewares/Third_Party/FreeRTOS/Source/tasks.c **** 			{
2720:Middlewares/Third_Party/FreeRTOS/Source/tasks.c **** 				mtCOVERAGE_TEST_MARKER();
2721:Middlewares/Third_Party/FreeRTOS/Source/tasks.c **** 			}
2722:Middlewares/Third_Party/FreeRTOS/Source/tasks.c **** 		}
2723:Middlewares/Third_Party/FreeRTOS/Source/tasks.c **** 		#endif /* configUSE_TICK_HOOK */
2724:Middlewares/Third_Party/FreeRTOS/Source/tasks.c **** 	}
2725:Middlewares/Third_Party/FreeRTOS/Source/tasks.c **** 	else
2726:Middlewares/Third_Party/FreeRTOS/Source/tasks.c **** 	{
2727:Middlewares/Third_Party/FreeRTOS/Source/tasks.c **** 		++uxPendedTicks;
2728:Middlewares/Third_Party/FreeRTOS/Source/tasks.c **** 
2729:Middlewares/Third_Party/FreeRTOS/Source/tasks.c **** 		/* The tick hook gets called at regular intervals, even if the
2730:Middlewares/Third_Party/FreeRTOS/Source/tasks.c **** 		scheduler is locked. */
2731:Middlewares/Third_Party/FreeRTOS/Source/tasks.c **** 		#if ( configUSE_TICK_HOOK == 1 )
2732:Middlewares/Third_Party/FreeRTOS/Source/tasks.c **** 		{
2733:Middlewares/Third_Party/FreeRTOS/Source/tasks.c **** 			vApplicationTickHook();
2734:Middlewares/Third_Party/FreeRTOS/Source/tasks.c **** 		}
2735:Middlewares/Third_Party/FreeRTOS/Source/tasks.c **** 		#endif
2736:Middlewares/Third_Party/FreeRTOS/Source/tasks.c **** 	}
2737:Middlewares/Third_Party/FreeRTOS/Source/tasks.c **** 
2738:Middlewares/Third_Party/FreeRTOS/Source/tasks.c **** 	#if ( configUSE_PREEMPTION == 1 )
2739:Middlewares/Third_Party/FreeRTOS/Source/tasks.c **** 	{
2740:Middlewares/Third_Party/FreeRTOS/Source/tasks.c **** 		if( xYieldPending != pdFALSE )
2741:Middlewares/Third_Party/FreeRTOS/Source/tasks.c **** 		{
2742:Middlewares/Third_Party/FreeRTOS/Source/tasks.c **** 			xSwitchRequired = pdTRUE;
2743:Middlewares/Third_Party/FreeRTOS/Source/tasks.c **** 		}
2744:Middlewares/Third_Party/FreeRTOS/Source/tasks.c **** 		else
2745:Middlewares/Third_Party/FreeRTOS/Source/tasks.c **** 		{
2746:Middlewares/Third_Party/FreeRTOS/Source/tasks.c **** 			mtCOVERAGE_TEST_MARKER();
2747:Middlewares/Third_Party/FreeRTOS/Source/tasks.c **** 		}
2748:Middlewares/Third_Party/FreeRTOS/Source/tasks.c **** 	}
2749:Middlewares/Third_Party/FreeRTOS/Source/tasks.c **** 	#endif /* configUSE_PREEMPTION */
2750:Middlewares/Third_Party/FreeRTOS/Source/tasks.c **** 
2751:Middlewares/Third_Party/FreeRTOS/Source/tasks.c **** 	return xSwitchRequired;
2752:Middlewares/Third_Party/FreeRTOS/Source/tasks.c **** }
2753:Middlewares/Third_Party/FreeRTOS/Source/tasks.c **** /*-----------------------------------------------------------*/
2754:Middlewares/Third_Party/FreeRTOS/Source/tasks.c **** 
ARM GAS  /tmp/ccshf83P.s 			page 55


2755:Middlewares/Third_Party/FreeRTOS/Source/tasks.c **** #if ( configUSE_APPLICATION_TASK_TAG == 1 )
2756:Middlewares/Third_Party/FreeRTOS/Source/tasks.c **** 
2757:Middlewares/Third_Party/FreeRTOS/Source/tasks.c **** 	void vTaskSetApplicationTaskTag( TaskHandle_t xTask, TaskHookFunction_t pxHookFunction )
2758:Middlewares/Third_Party/FreeRTOS/Source/tasks.c **** 	{
2759:Middlewares/Third_Party/FreeRTOS/Source/tasks.c **** 	TCB_t *xTCB;
2760:Middlewares/Third_Party/FreeRTOS/Source/tasks.c **** 
2761:Middlewares/Third_Party/FreeRTOS/Source/tasks.c **** 		/* If xTask is NULL then it is the task hook of the calling task that is
2762:Middlewares/Third_Party/FreeRTOS/Source/tasks.c **** 		getting set. */
2763:Middlewares/Third_Party/FreeRTOS/Source/tasks.c **** 		if( xTask == NULL )
2764:Middlewares/Third_Party/FreeRTOS/Source/tasks.c **** 		{
2765:Middlewares/Third_Party/FreeRTOS/Source/tasks.c **** 			xTCB = ( TCB_t * ) pxCurrentTCB;
2766:Middlewares/Third_Party/FreeRTOS/Source/tasks.c **** 		}
2767:Middlewares/Third_Party/FreeRTOS/Source/tasks.c **** 		else
2768:Middlewares/Third_Party/FreeRTOS/Source/tasks.c **** 		{
2769:Middlewares/Third_Party/FreeRTOS/Source/tasks.c **** 			xTCB = ( TCB_t * ) xTask;
2770:Middlewares/Third_Party/FreeRTOS/Source/tasks.c **** 		}
2771:Middlewares/Third_Party/FreeRTOS/Source/tasks.c **** 
2772:Middlewares/Third_Party/FreeRTOS/Source/tasks.c **** 		/* Save the hook function in the TCB.  A critical section is required as
2773:Middlewares/Third_Party/FreeRTOS/Source/tasks.c **** 		the value can be accessed from an interrupt. */
2774:Middlewares/Third_Party/FreeRTOS/Source/tasks.c **** 		taskENTER_CRITICAL();
2775:Middlewares/Third_Party/FreeRTOS/Source/tasks.c **** 			xTCB->pxTaskTag = pxHookFunction;
2776:Middlewares/Third_Party/FreeRTOS/Source/tasks.c **** 		taskEXIT_CRITICAL();
2777:Middlewares/Third_Party/FreeRTOS/Source/tasks.c **** 	}
2778:Middlewares/Third_Party/FreeRTOS/Source/tasks.c **** 
2779:Middlewares/Third_Party/FreeRTOS/Source/tasks.c **** #endif /* configUSE_APPLICATION_TASK_TAG */
2780:Middlewares/Third_Party/FreeRTOS/Source/tasks.c **** /*-----------------------------------------------------------*/
2781:Middlewares/Third_Party/FreeRTOS/Source/tasks.c **** 
2782:Middlewares/Third_Party/FreeRTOS/Source/tasks.c **** #if ( configUSE_APPLICATION_TASK_TAG == 1 )
2783:Middlewares/Third_Party/FreeRTOS/Source/tasks.c **** 
2784:Middlewares/Third_Party/FreeRTOS/Source/tasks.c **** 	TaskHookFunction_t xTaskGetApplicationTaskTag( TaskHandle_t xTask )
2785:Middlewares/Third_Party/FreeRTOS/Source/tasks.c **** 	{
2786:Middlewares/Third_Party/FreeRTOS/Source/tasks.c **** 	TCB_t *xTCB;
2787:Middlewares/Third_Party/FreeRTOS/Source/tasks.c **** 	TaskHookFunction_t xReturn;
2788:Middlewares/Third_Party/FreeRTOS/Source/tasks.c **** 
2789:Middlewares/Third_Party/FreeRTOS/Source/tasks.c **** 		/* If xTask is NULL then we are setting our own task hook. */
2790:Middlewares/Third_Party/FreeRTOS/Source/tasks.c **** 		if( xTask == NULL )
2791:Middlewares/Third_Party/FreeRTOS/Source/tasks.c **** 		{
2792:Middlewares/Third_Party/FreeRTOS/Source/tasks.c **** 			xTCB = ( TCB_t * ) pxCurrentTCB;
2793:Middlewares/Third_Party/FreeRTOS/Source/tasks.c **** 		}
2794:Middlewares/Third_Party/FreeRTOS/Source/tasks.c **** 		else
2795:Middlewares/Third_Party/FreeRTOS/Source/tasks.c **** 		{
2796:Middlewares/Third_Party/FreeRTOS/Source/tasks.c **** 			xTCB = ( TCB_t * ) xTask;
2797:Middlewares/Third_Party/FreeRTOS/Source/tasks.c **** 		}
2798:Middlewares/Third_Party/FreeRTOS/Source/tasks.c **** 
2799:Middlewares/Third_Party/FreeRTOS/Source/tasks.c **** 		/* Save the hook function in the TCB.  A critical section is required as
2800:Middlewares/Third_Party/FreeRTOS/Source/tasks.c **** 		the value can be accessed from an interrupt. */
2801:Middlewares/Third_Party/FreeRTOS/Source/tasks.c **** 		taskENTER_CRITICAL();
2802:Middlewares/Third_Party/FreeRTOS/Source/tasks.c **** 		{
2803:Middlewares/Third_Party/FreeRTOS/Source/tasks.c **** 			xReturn = xTCB->pxTaskTag;
2804:Middlewares/Third_Party/FreeRTOS/Source/tasks.c **** 		}
2805:Middlewares/Third_Party/FreeRTOS/Source/tasks.c **** 		taskEXIT_CRITICAL();
2806:Middlewares/Third_Party/FreeRTOS/Source/tasks.c **** 
2807:Middlewares/Third_Party/FreeRTOS/Source/tasks.c **** 		return xReturn;
2808:Middlewares/Third_Party/FreeRTOS/Source/tasks.c **** 	}
2809:Middlewares/Third_Party/FreeRTOS/Source/tasks.c **** 
2810:Middlewares/Third_Party/FreeRTOS/Source/tasks.c **** #endif /* configUSE_APPLICATION_TASK_TAG */
2811:Middlewares/Third_Party/FreeRTOS/Source/tasks.c **** /*-----------------------------------------------------------*/
ARM GAS  /tmp/ccshf83P.s 			page 56


2812:Middlewares/Third_Party/FreeRTOS/Source/tasks.c **** 
2813:Middlewares/Third_Party/FreeRTOS/Source/tasks.c **** #if ( configUSE_APPLICATION_TASK_TAG == 1 )
2814:Middlewares/Third_Party/FreeRTOS/Source/tasks.c **** 
2815:Middlewares/Third_Party/FreeRTOS/Source/tasks.c **** 	BaseType_t xTaskCallApplicationTaskHook( TaskHandle_t xTask, void *pvParameter )
2816:Middlewares/Third_Party/FreeRTOS/Source/tasks.c **** 	{
2817:Middlewares/Third_Party/FreeRTOS/Source/tasks.c **** 	TCB_t *xTCB;
2818:Middlewares/Third_Party/FreeRTOS/Source/tasks.c **** 	BaseType_t xReturn;
2819:Middlewares/Third_Party/FreeRTOS/Source/tasks.c **** 
2820:Middlewares/Third_Party/FreeRTOS/Source/tasks.c **** 		/* If xTask is NULL then we are calling our own task hook. */
2821:Middlewares/Third_Party/FreeRTOS/Source/tasks.c **** 		if( xTask == NULL )
2822:Middlewares/Third_Party/FreeRTOS/Source/tasks.c **** 		{
2823:Middlewares/Third_Party/FreeRTOS/Source/tasks.c **** 			xTCB = ( TCB_t * ) pxCurrentTCB;
2824:Middlewares/Third_Party/FreeRTOS/Source/tasks.c **** 		}
2825:Middlewares/Third_Party/FreeRTOS/Source/tasks.c **** 		else
2826:Middlewares/Third_Party/FreeRTOS/Source/tasks.c **** 		{
2827:Middlewares/Third_Party/FreeRTOS/Source/tasks.c **** 			xTCB = ( TCB_t * ) xTask;
2828:Middlewares/Third_Party/FreeRTOS/Source/tasks.c **** 		}
2829:Middlewares/Third_Party/FreeRTOS/Source/tasks.c **** 
2830:Middlewares/Third_Party/FreeRTOS/Source/tasks.c **** 		if( xTCB->pxTaskTag != NULL )
2831:Middlewares/Third_Party/FreeRTOS/Source/tasks.c **** 		{
2832:Middlewares/Third_Party/FreeRTOS/Source/tasks.c **** 			xReturn = xTCB->pxTaskTag( pvParameter );
2833:Middlewares/Third_Party/FreeRTOS/Source/tasks.c **** 		}
2834:Middlewares/Third_Party/FreeRTOS/Source/tasks.c **** 		else
2835:Middlewares/Third_Party/FreeRTOS/Source/tasks.c **** 		{
2836:Middlewares/Third_Party/FreeRTOS/Source/tasks.c **** 			xReturn = pdFAIL;
2837:Middlewares/Third_Party/FreeRTOS/Source/tasks.c **** 		}
2838:Middlewares/Third_Party/FreeRTOS/Source/tasks.c **** 
2839:Middlewares/Third_Party/FreeRTOS/Source/tasks.c **** 		return xReturn;
2840:Middlewares/Third_Party/FreeRTOS/Source/tasks.c **** 	}
2841:Middlewares/Third_Party/FreeRTOS/Source/tasks.c **** 
2842:Middlewares/Third_Party/FreeRTOS/Source/tasks.c **** #endif /* configUSE_APPLICATION_TASK_TAG */
2843:Middlewares/Third_Party/FreeRTOS/Source/tasks.c **** /*-----------------------------------------------------------*/
2844:Middlewares/Third_Party/FreeRTOS/Source/tasks.c **** 
2845:Middlewares/Third_Party/FreeRTOS/Source/tasks.c **** void vTaskSwitchContext( void )
2846:Middlewares/Third_Party/FreeRTOS/Source/tasks.c **** {
2847:Middlewares/Third_Party/FreeRTOS/Source/tasks.c **** 	if( uxSchedulerSuspended != ( UBaseType_t ) pdFALSE )
2848:Middlewares/Third_Party/FreeRTOS/Source/tasks.c **** 	{
2849:Middlewares/Third_Party/FreeRTOS/Source/tasks.c **** 		/* The scheduler is currently suspended - do not allow a context
2850:Middlewares/Third_Party/FreeRTOS/Source/tasks.c **** 		switch. */
2851:Middlewares/Third_Party/FreeRTOS/Source/tasks.c **** 		xYieldPending = pdTRUE;
2852:Middlewares/Third_Party/FreeRTOS/Source/tasks.c **** 	}
2853:Middlewares/Third_Party/FreeRTOS/Source/tasks.c **** 	else
2854:Middlewares/Third_Party/FreeRTOS/Source/tasks.c **** 	{
2855:Middlewares/Third_Party/FreeRTOS/Source/tasks.c **** 		xYieldPending = pdFALSE;
2856:Middlewares/Third_Party/FreeRTOS/Source/tasks.c **** 		traceTASK_SWITCHED_OUT();
2857:Middlewares/Third_Party/FreeRTOS/Source/tasks.c **** 
2858:Middlewares/Third_Party/FreeRTOS/Source/tasks.c **** 		#if ( configGENERATE_RUN_TIME_STATS == 1 )
2859:Middlewares/Third_Party/FreeRTOS/Source/tasks.c **** 		{
2860:Middlewares/Third_Party/FreeRTOS/Source/tasks.c **** 				#ifdef portALT_GET_RUN_TIME_COUNTER_VALUE
2861:Middlewares/Third_Party/FreeRTOS/Source/tasks.c **** 					portALT_GET_RUN_TIME_COUNTER_VALUE( ulTotalRunTime );
2862:Middlewares/Third_Party/FreeRTOS/Source/tasks.c **** 				#else
2863:Middlewares/Third_Party/FreeRTOS/Source/tasks.c **** 					ulTotalRunTime = portGET_RUN_TIME_COUNTER_VALUE();
2864:Middlewares/Third_Party/FreeRTOS/Source/tasks.c **** 				#endif
2865:Middlewares/Third_Party/FreeRTOS/Source/tasks.c **** 
2866:Middlewares/Third_Party/FreeRTOS/Source/tasks.c **** 				/* Add the amount of time the task has been running to the
2867:Middlewares/Third_Party/FreeRTOS/Source/tasks.c **** 				accumulated time so far.  The time the task started running was
2868:Middlewares/Third_Party/FreeRTOS/Source/tasks.c **** 				stored in ulTaskSwitchedInTime.  Note that there is no overflow
ARM GAS  /tmp/ccshf83P.s 			page 57


2869:Middlewares/Third_Party/FreeRTOS/Source/tasks.c **** 				protection here so count values are only valid until the timer
2870:Middlewares/Third_Party/FreeRTOS/Source/tasks.c **** 				overflows.  The guard against negative values is to protect
2871:Middlewares/Third_Party/FreeRTOS/Source/tasks.c **** 				against suspect run time stat counter implementations - which
2872:Middlewares/Third_Party/FreeRTOS/Source/tasks.c **** 				are provided by the application, not the kernel. */
2873:Middlewares/Third_Party/FreeRTOS/Source/tasks.c **** 				if( ulTotalRunTime > ulTaskSwitchedInTime )
2874:Middlewares/Third_Party/FreeRTOS/Source/tasks.c **** 				{
2875:Middlewares/Third_Party/FreeRTOS/Source/tasks.c **** 					pxCurrentTCB->ulRunTimeCounter += ( ulTotalRunTime - ulTaskSwitchedInTime );
2876:Middlewares/Third_Party/FreeRTOS/Source/tasks.c **** 				}
2877:Middlewares/Third_Party/FreeRTOS/Source/tasks.c **** 				else
2878:Middlewares/Third_Party/FreeRTOS/Source/tasks.c **** 				{
2879:Middlewares/Third_Party/FreeRTOS/Source/tasks.c **** 					mtCOVERAGE_TEST_MARKER();
2880:Middlewares/Third_Party/FreeRTOS/Source/tasks.c **** 				}
2881:Middlewares/Third_Party/FreeRTOS/Source/tasks.c **** 				ulTaskSwitchedInTime = ulTotalRunTime;
2882:Middlewares/Third_Party/FreeRTOS/Source/tasks.c **** 		}
2883:Middlewares/Third_Party/FreeRTOS/Source/tasks.c **** 		#endif /* configGENERATE_RUN_TIME_STATS */
2884:Middlewares/Third_Party/FreeRTOS/Source/tasks.c **** 
2885:Middlewares/Third_Party/FreeRTOS/Source/tasks.c **** 		/* Check for stack overflow, if configured. */
2886:Middlewares/Third_Party/FreeRTOS/Source/tasks.c **** 		taskCHECK_FOR_STACK_OVERFLOW();
2887:Middlewares/Third_Party/FreeRTOS/Source/tasks.c **** 
2888:Middlewares/Third_Party/FreeRTOS/Source/tasks.c **** 		/* Select a new task to run using either the generic C or port
2889:Middlewares/Third_Party/FreeRTOS/Source/tasks.c **** 		optimised asm code. */
2890:Middlewares/Third_Party/FreeRTOS/Source/tasks.c **** 		taskSELECT_HIGHEST_PRIORITY_TASK();
2891:Middlewares/Third_Party/FreeRTOS/Source/tasks.c **** 		traceTASK_SWITCHED_IN();
2892:Middlewares/Third_Party/FreeRTOS/Source/tasks.c **** 
2893:Middlewares/Third_Party/FreeRTOS/Source/tasks.c **** 		#if ( configUSE_NEWLIB_REENTRANT == 1 )
2894:Middlewares/Third_Party/FreeRTOS/Source/tasks.c **** 		{
2895:Middlewares/Third_Party/FreeRTOS/Source/tasks.c **** 			/* Switch Newlib's _impure_ptr variable to point to the _reent
2896:Middlewares/Third_Party/FreeRTOS/Source/tasks.c **** 			structure specific to this task. */
2897:Middlewares/Third_Party/FreeRTOS/Source/tasks.c **** 			_impure_ptr = &( pxCurrentTCB->xNewLib_reent );
2898:Middlewares/Third_Party/FreeRTOS/Source/tasks.c **** 		}
2899:Middlewares/Third_Party/FreeRTOS/Source/tasks.c **** 		#endif /* configUSE_NEWLIB_REENTRANT */
2900:Middlewares/Third_Party/FreeRTOS/Source/tasks.c **** 	}
2901:Middlewares/Third_Party/FreeRTOS/Source/tasks.c **** }
2902:Middlewares/Third_Party/FreeRTOS/Source/tasks.c **** /*-----------------------------------------------------------*/
2903:Middlewares/Third_Party/FreeRTOS/Source/tasks.c **** 
2904:Middlewares/Third_Party/FreeRTOS/Source/tasks.c **** void vTaskPlaceOnEventList( List_t * const pxEventList, const TickType_t xTicksToWait )
2905:Middlewares/Third_Party/FreeRTOS/Source/tasks.c **** {
2906:Middlewares/Third_Party/FreeRTOS/Source/tasks.c **** 	configASSERT( pxEventList );
2907:Middlewares/Third_Party/FreeRTOS/Source/tasks.c **** 
2908:Middlewares/Third_Party/FreeRTOS/Source/tasks.c **** 	/* THIS FUNCTION MUST BE CALLED WITH EITHER INTERRUPTS DISABLED OR THE
2909:Middlewares/Third_Party/FreeRTOS/Source/tasks.c **** 	SCHEDULER SUSPENDED AND THE QUEUE BEING ACCESSED LOCKED. */
2910:Middlewares/Third_Party/FreeRTOS/Source/tasks.c **** 
2911:Middlewares/Third_Party/FreeRTOS/Source/tasks.c **** 	/* Place the event list item of the TCB in the appropriate event list.
2912:Middlewares/Third_Party/FreeRTOS/Source/tasks.c **** 	This is placed in the list in priority order so the highest priority task
2913:Middlewares/Third_Party/FreeRTOS/Source/tasks.c **** 	is the first to be woken by the event.  The queue that contains the event
2914:Middlewares/Third_Party/FreeRTOS/Source/tasks.c **** 	list is locked, preventing simultaneous access from interrupts. */
2915:Middlewares/Third_Party/FreeRTOS/Source/tasks.c **** 	vListInsert( pxEventList, &( pxCurrentTCB->xEventListItem ) );
2916:Middlewares/Third_Party/FreeRTOS/Source/tasks.c **** 
2917:Middlewares/Third_Party/FreeRTOS/Source/tasks.c **** 	prvAddCurrentTaskToDelayedList( xTicksToWait, pdTRUE );
2918:Middlewares/Third_Party/FreeRTOS/Source/tasks.c **** }
2919:Middlewares/Third_Party/FreeRTOS/Source/tasks.c **** /*-----------------------------------------------------------*/
2920:Middlewares/Third_Party/FreeRTOS/Source/tasks.c **** 
2921:Middlewares/Third_Party/FreeRTOS/Source/tasks.c **** void vTaskPlaceOnUnorderedEventList( List_t * pxEventList, const TickType_t xItemValue, const TickT
2922:Middlewares/Third_Party/FreeRTOS/Source/tasks.c **** {
2923:Middlewares/Third_Party/FreeRTOS/Source/tasks.c **** 	configASSERT( pxEventList );
2924:Middlewares/Third_Party/FreeRTOS/Source/tasks.c **** 
2925:Middlewares/Third_Party/FreeRTOS/Source/tasks.c **** 	/* THIS FUNCTION MUST BE CALLED WITH THE SCHEDULER SUSPENDED.  It is used by
ARM GAS  /tmp/ccshf83P.s 			page 58


2926:Middlewares/Third_Party/FreeRTOS/Source/tasks.c **** 	the event groups implementation. */
2927:Middlewares/Third_Party/FreeRTOS/Source/tasks.c **** 	configASSERT( uxSchedulerSuspended != 0 );
2928:Middlewares/Third_Party/FreeRTOS/Source/tasks.c **** 
2929:Middlewares/Third_Party/FreeRTOS/Source/tasks.c **** 	/* Store the item value in the event list item.  It is safe to access the
2930:Middlewares/Third_Party/FreeRTOS/Source/tasks.c **** 	event list item here as interrupts won't access the event list item of a
2931:Middlewares/Third_Party/FreeRTOS/Source/tasks.c **** 	task that is not in the Blocked state. */
2932:Middlewares/Third_Party/FreeRTOS/Source/tasks.c **** 	listSET_LIST_ITEM_VALUE( &( pxCurrentTCB->xEventListItem ), xItemValue | taskEVENT_LIST_ITEM_VALUE
2933:Middlewares/Third_Party/FreeRTOS/Source/tasks.c **** 
2934:Middlewares/Third_Party/FreeRTOS/Source/tasks.c **** 	/* Place the event list item of the TCB at the end of the appropriate event
2935:Middlewares/Third_Party/FreeRTOS/Source/tasks.c **** 	list.  It is safe to access the event list here because it is part of an
2936:Middlewares/Third_Party/FreeRTOS/Source/tasks.c **** 	event group implementation - and interrupts don't access event groups
2937:Middlewares/Third_Party/FreeRTOS/Source/tasks.c **** 	directly (instead they access them indirectly by pending function calls to
2938:Middlewares/Third_Party/FreeRTOS/Source/tasks.c **** 	the task level). */
2939:Middlewares/Third_Party/FreeRTOS/Source/tasks.c **** 	vListInsertEnd( pxEventList, &( pxCurrentTCB->xEventListItem ) );
2940:Middlewares/Third_Party/FreeRTOS/Source/tasks.c **** 
2941:Middlewares/Third_Party/FreeRTOS/Source/tasks.c **** 	prvAddCurrentTaskToDelayedList( xTicksToWait, pdTRUE );
2942:Middlewares/Third_Party/FreeRTOS/Source/tasks.c **** }
2943:Middlewares/Third_Party/FreeRTOS/Source/tasks.c **** /*-----------------------------------------------------------*/
2944:Middlewares/Third_Party/FreeRTOS/Source/tasks.c **** 
2945:Middlewares/Third_Party/FreeRTOS/Source/tasks.c **** #if( configUSE_TIMERS == 1 )
2946:Middlewares/Third_Party/FreeRTOS/Source/tasks.c **** 
2947:Middlewares/Third_Party/FreeRTOS/Source/tasks.c **** 	void vTaskPlaceOnEventListRestricted( List_t * const pxEventList, TickType_t xTicksToWait, const B
2948:Middlewares/Third_Party/FreeRTOS/Source/tasks.c **** 	{
2949:Middlewares/Third_Party/FreeRTOS/Source/tasks.c **** 		configASSERT( pxEventList );
2950:Middlewares/Third_Party/FreeRTOS/Source/tasks.c **** 
2951:Middlewares/Third_Party/FreeRTOS/Source/tasks.c **** 		/* This function should not be called by application code hence the
2952:Middlewares/Third_Party/FreeRTOS/Source/tasks.c **** 		'Restricted' in its name.  It is not part of the public API.  It is
2953:Middlewares/Third_Party/FreeRTOS/Source/tasks.c **** 		designed for use by kernel code, and has special calling requirements -
2954:Middlewares/Third_Party/FreeRTOS/Source/tasks.c **** 		it should be called with the scheduler suspended. */
2955:Middlewares/Third_Party/FreeRTOS/Source/tasks.c **** 
2956:Middlewares/Third_Party/FreeRTOS/Source/tasks.c **** 
2957:Middlewares/Third_Party/FreeRTOS/Source/tasks.c **** 		/* Place the event list item of the TCB in the appropriate event list.
2958:Middlewares/Third_Party/FreeRTOS/Source/tasks.c **** 		In this case it is assume that this is the only task that is going to
2959:Middlewares/Third_Party/FreeRTOS/Source/tasks.c **** 		be waiting on this event list, so the faster vListInsertEnd() function
2960:Middlewares/Third_Party/FreeRTOS/Source/tasks.c **** 		can be used in place of vListInsert. */
2961:Middlewares/Third_Party/FreeRTOS/Source/tasks.c **** 		vListInsertEnd( pxEventList, &( pxCurrentTCB->xEventListItem ) );
2962:Middlewares/Third_Party/FreeRTOS/Source/tasks.c **** 
2963:Middlewares/Third_Party/FreeRTOS/Source/tasks.c **** 		/* If the task should block indefinitely then set the block time to a
2964:Middlewares/Third_Party/FreeRTOS/Source/tasks.c **** 		value that will be recognised as an indefinite delay inside the
2965:Middlewares/Third_Party/FreeRTOS/Source/tasks.c **** 		prvAddCurrentTaskToDelayedList() function. */
2966:Middlewares/Third_Party/FreeRTOS/Source/tasks.c **** 		if( xWaitIndefinitely != pdFALSE )
2967:Middlewares/Third_Party/FreeRTOS/Source/tasks.c **** 		{
2968:Middlewares/Third_Party/FreeRTOS/Source/tasks.c **** 			xTicksToWait = portMAX_DELAY;
2969:Middlewares/Third_Party/FreeRTOS/Source/tasks.c **** 		}
2970:Middlewares/Third_Party/FreeRTOS/Source/tasks.c **** 
2971:Middlewares/Third_Party/FreeRTOS/Source/tasks.c **** 		traceTASK_DELAY_UNTIL( ( xTickCount + xTicksToWait ) );
2972:Middlewares/Third_Party/FreeRTOS/Source/tasks.c **** 		prvAddCurrentTaskToDelayedList( xTicksToWait, xWaitIndefinitely );
2973:Middlewares/Third_Party/FreeRTOS/Source/tasks.c **** 	}
2974:Middlewares/Third_Party/FreeRTOS/Source/tasks.c **** 
2975:Middlewares/Third_Party/FreeRTOS/Source/tasks.c **** #endif /* configUSE_TIMERS */
2976:Middlewares/Third_Party/FreeRTOS/Source/tasks.c **** /*-----------------------------------------------------------*/
2977:Middlewares/Third_Party/FreeRTOS/Source/tasks.c **** 
2978:Middlewares/Third_Party/FreeRTOS/Source/tasks.c **** BaseType_t xTaskRemoveFromEventList( const List_t * const pxEventList )
2979:Middlewares/Third_Party/FreeRTOS/Source/tasks.c **** {
2980:Middlewares/Third_Party/FreeRTOS/Source/tasks.c **** TCB_t *pxUnblockedTCB;
2981:Middlewares/Third_Party/FreeRTOS/Source/tasks.c **** BaseType_t xReturn;
2982:Middlewares/Third_Party/FreeRTOS/Source/tasks.c **** 
ARM GAS  /tmp/ccshf83P.s 			page 59


2983:Middlewares/Third_Party/FreeRTOS/Source/tasks.c **** 	/* THIS FUNCTION MUST BE CALLED FROM A CRITICAL SECTION.  It can also be
2984:Middlewares/Third_Party/FreeRTOS/Source/tasks.c **** 	called from a critical section within an ISR. */
2985:Middlewares/Third_Party/FreeRTOS/Source/tasks.c **** 
2986:Middlewares/Third_Party/FreeRTOS/Source/tasks.c **** 	/* The event list is sorted in priority order, so the first in the list can
2987:Middlewares/Third_Party/FreeRTOS/Source/tasks.c **** 	be removed as it is known to be the highest priority.  Remove the TCB from
2988:Middlewares/Third_Party/FreeRTOS/Source/tasks.c **** 	the delayed list, and add it to the ready list.
2989:Middlewares/Third_Party/FreeRTOS/Source/tasks.c **** 
2990:Middlewares/Third_Party/FreeRTOS/Source/tasks.c **** 	If an event is for a queue that is locked then this function will never
2991:Middlewares/Third_Party/FreeRTOS/Source/tasks.c **** 	get called - the lock count on the queue will get modified instead.  This
2992:Middlewares/Third_Party/FreeRTOS/Source/tasks.c **** 	means exclusive access to the event list is guaranteed here.
2993:Middlewares/Third_Party/FreeRTOS/Source/tasks.c **** 
2994:Middlewares/Third_Party/FreeRTOS/Source/tasks.c **** 	This function assumes that a check has already been made to ensure that
2995:Middlewares/Third_Party/FreeRTOS/Source/tasks.c **** 	pxEventList is not empty. */
2996:Middlewares/Third_Party/FreeRTOS/Source/tasks.c **** 	pxUnblockedTCB = ( TCB_t * ) listGET_OWNER_OF_HEAD_ENTRY( pxEventList );
2997:Middlewares/Third_Party/FreeRTOS/Source/tasks.c **** 	configASSERT( pxUnblockedTCB );
2998:Middlewares/Third_Party/FreeRTOS/Source/tasks.c **** 	( void ) uxListRemove( &( pxUnblockedTCB->xEventListItem ) );
2999:Middlewares/Third_Party/FreeRTOS/Source/tasks.c **** 
3000:Middlewares/Third_Party/FreeRTOS/Source/tasks.c **** 	if( uxSchedulerSuspended == ( UBaseType_t ) pdFALSE )
3001:Middlewares/Third_Party/FreeRTOS/Source/tasks.c **** 	{
3002:Middlewares/Third_Party/FreeRTOS/Source/tasks.c **** 		( void ) uxListRemove( &( pxUnblockedTCB->xStateListItem ) );
3003:Middlewares/Third_Party/FreeRTOS/Source/tasks.c **** 		prvAddTaskToReadyList( pxUnblockedTCB );
3004:Middlewares/Third_Party/FreeRTOS/Source/tasks.c **** 	}
3005:Middlewares/Third_Party/FreeRTOS/Source/tasks.c **** 	else
3006:Middlewares/Third_Party/FreeRTOS/Source/tasks.c **** 	{
3007:Middlewares/Third_Party/FreeRTOS/Source/tasks.c **** 		/* The delayed and ready lists cannot be accessed, so hold this task
3008:Middlewares/Third_Party/FreeRTOS/Source/tasks.c **** 		pending until the scheduler is resumed. */
3009:Middlewares/Third_Party/FreeRTOS/Source/tasks.c **** 		vListInsertEnd( &( xPendingReadyList ), &( pxUnblockedTCB->xEventListItem ) );
3010:Middlewares/Third_Party/FreeRTOS/Source/tasks.c **** 	}
3011:Middlewares/Third_Party/FreeRTOS/Source/tasks.c **** 
3012:Middlewares/Third_Party/FreeRTOS/Source/tasks.c **** 	if( pxUnblockedTCB->uxPriority > pxCurrentTCB->uxPriority )
3013:Middlewares/Third_Party/FreeRTOS/Source/tasks.c **** 	{
3014:Middlewares/Third_Party/FreeRTOS/Source/tasks.c **** 		/* Return true if the task removed from the event list has a higher
3015:Middlewares/Third_Party/FreeRTOS/Source/tasks.c **** 		priority than the calling task.  This allows the calling task to know if
3016:Middlewares/Third_Party/FreeRTOS/Source/tasks.c **** 		it should force a context switch now. */
3017:Middlewares/Third_Party/FreeRTOS/Source/tasks.c **** 		xReturn = pdTRUE;
3018:Middlewares/Third_Party/FreeRTOS/Source/tasks.c **** 
3019:Middlewares/Third_Party/FreeRTOS/Source/tasks.c **** 		/* Mark that a yield is pending in case the user is not using the
3020:Middlewares/Third_Party/FreeRTOS/Source/tasks.c **** 		"xHigherPriorityTaskWoken" parameter to an ISR safe FreeRTOS function. */
3021:Middlewares/Third_Party/FreeRTOS/Source/tasks.c **** 		xYieldPending = pdTRUE;
3022:Middlewares/Third_Party/FreeRTOS/Source/tasks.c **** 	}
3023:Middlewares/Third_Party/FreeRTOS/Source/tasks.c **** 	else
3024:Middlewares/Third_Party/FreeRTOS/Source/tasks.c **** 	{
3025:Middlewares/Third_Party/FreeRTOS/Source/tasks.c **** 		xReturn = pdFALSE;
3026:Middlewares/Third_Party/FreeRTOS/Source/tasks.c **** 	}
3027:Middlewares/Third_Party/FreeRTOS/Source/tasks.c **** 
3028:Middlewares/Third_Party/FreeRTOS/Source/tasks.c **** 	#if( configUSE_TICKLESS_IDLE != 0 )
3029:Middlewares/Third_Party/FreeRTOS/Source/tasks.c **** 	{
3030:Middlewares/Third_Party/FreeRTOS/Source/tasks.c **** 		/* If a task is blocked on a kernel object then xNextTaskUnblockTime
3031:Middlewares/Third_Party/FreeRTOS/Source/tasks.c **** 		might be set to the blocked task's time out time.  If the task is
3032:Middlewares/Third_Party/FreeRTOS/Source/tasks.c **** 		unblocked for a reason other than a timeout xNextTaskUnblockTime is
3033:Middlewares/Third_Party/FreeRTOS/Source/tasks.c **** 		normally left unchanged, because it is automatically reset to a new
3034:Middlewares/Third_Party/FreeRTOS/Source/tasks.c **** 		value when the tick count equals xNextTaskUnblockTime.  However if
3035:Middlewares/Third_Party/FreeRTOS/Source/tasks.c **** 		tickless idling is used it might be more important to enter sleep mode
3036:Middlewares/Third_Party/FreeRTOS/Source/tasks.c **** 		at the earliest possible time - so reset xNextTaskUnblockTime here to
3037:Middlewares/Third_Party/FreeRTOS/Source/tasks.c **** 		ensure it is updated at the earliest possible time. */
3038:Middlewares/Third_Party/FreeRTOS/Source/tasks.c **** 		prvResetNextTaskUnblockTime();
3039:Middlewares/Third_Party/FreeRTOS/Source/tasks.c **** 	}
ARM GAS  /tmp/ccshf83P.s 			page 60


3040:Middlewares/Third_Party/FreeRTOS/Source/tasks.c **** 	#endif
3041:Middlewares/Third_Party/FreeRTOS/Source/tasks.c **** 
3042:Middlewares/Third_Party/FreeRTOS/Source/tasks.c **** 	return xReturn;
3043:Middlewares/Third_Party/FreeRTOS/Source/tasks.c **** }
3044:Middlewares/Third_Party/FreeRTOS/Source/tasks.c **** /*-----------------------------------------------------------*/
3045:Middlewares/Third_Party/FreeRTOS/Source/tasks.c **** 
3046:Middlewares/Third_Party/FreeRTOS/Source/tasks.c **** void vTaskRemoveFromUnorderedEventList( ListItem_t * pxEventListItem, const TickType_t xItemValue )
3047:Middlewares/Third_Party/FreeRTOS/Source/tasks.c **** {
3048:Middlewares/Third_Party/FreeRTOS/Source/tasks.c **** TCB_t *pxUnblockedTCB;
3049:Middlewares/Third_Party/FreeRTOS/Source/tasks.c **** 
3050:Middlewares/Third_Party/FreeRTOS/Source/tasks.c **** 	/* THIS FUNCTION MUST BE CALLED WITH THE SCHEDULER SUSPENDED.  It is used by
3051:Middlewares/Third_Party/FreeRTOS/Source/tasks.c **** 	the event flags implementation. */
3052:Middlewares/Third_Party/FreeRTOS/Source/tasks.c **** 	configASSERT( uxSchedulerSuspended != pdFALSE );
3053:Middlewares/Third_Party/FreeRTOS/Source/tasks.c **** 
3054:Middlewares/Third_Party/FreeRTOS/Source/tasks.c **** 	/* Store the new item value in the event list. */
3055:Middlewares/Third_Party/FreeRTOS/Source/tasks.c **** 	listSET_LIST_ITEM_VALUE( pxEventListItem, xItemValue | taskEVENT_LIST_ITEM_VALUE_IN_USE );
3056:Middlewares/Third_Party/FreeRTOS/Source/tasks.c **** 
3057:Middlewares/Third_Party/FreeRTOS/Source/tasks.c **** 	/* Remove the event list form the event flag.  Interrupts do not access
3058:Middlewares/Third_Party/FreeRTOS/Source/tasks.c **** 	event flags. */
3059:Middlewares/Third_Party/FreeRTOS/Source/tasks.c **** 	pxUnblockedTCB = ( TCB_t * ) listGET_LIST_ITEM_OWNER( pxEventListItem );
3060:Middlewares/Third_Party/FreeRTOS/Source/tasks.c **** 	configASSERT( pxUnblockedTCB );
3061:Middlewares/Third_Party/FreeRTOS/Source/tasks.c **** 	( void ) uxListRemove( pxEventListItem );
3062:Middlewares/Third_Party/FreeRTOS/Source/tasks.c **** 
3063:Middlewares/Third_Party/FreeRTOS/Source/tasks.c **** 	/* Remove the task from the delayed list and add it to the ready list.  The
3064:Middlewares/Third_Party/FreeRTOS/Source/tasks.c **** 	scheduler is suspended so interrupts will not be accessing the ready
3065:Middlewares/Third_Party/FreeRTOS/Source/tasks.c **** 	lists. */
3066:Middlewares/Third_Party/FreeRTOS/Source/tasks.c **** 	( void ) uxListRemove( &( pxUnblockedTCB->xStateListItem ) );
3067:Middlewares/Third_Party/FreeRTOS/Source/tasks.c **** 	prvAddTaskToReadyList( pxUnblockedTCB );
3068:Middlewares/Third_Party/FreeRTOS/Source/tasks.c **** 
3069:Middlewares/Third_Party/FreeRTOS/Source/tasks.c **** 	if( pxUnblockedTCB->uxPriority > pxCurrentTCB->uxPriority )
3070:Middlewares/Third_Party/FreeRTOS/Source/tasks.c **** 	{
3071:Middlewares/Third_Party/FreeRTOS/Source/tasks.c **** 		/* The unblocked task has a priority above that of the calling task, so
3072:Middlewares/Third_Party/FreeRTOS/Source/tasks.c **** 		a context switch is required.  This function is called with the
3073:Middlewares/Third_Party/FreeRTOS/Source/tasks.c **** 		scheduler suspended so xYieldPending is set so the context switch
3074:Middlewares/Third_Party/FreeRTOS/Source/tasks.c **** 		occurs immediately that the scheduler is resumed (unsuspended). */
3075:Middlewares/Third_Party/FreeRTOS/Source/tasks.c **** 		xYieldPending = pdTRUE;
3076:Middlewares/Third_Party/FreeRTOS/Source/tasks.c **** 	}
3077:Middlewares/Third_Party/FreeRTOS/Source/tasks.c **** }
3078:Middlewares/Third_Party/FreeRTOS/Source/tasks.c **** /*-----------------------------------------------------------*/
3079:Middlewares/Third_Party/FreeRTOS/Source/tasks.c **** 
3080:Middlewares/Third_Party/FreeRTOS/Source/tasks.c **** void vTaskSetTimeOutState( TimeOut_t * const pxTimeOut )
3081:Middlewares/Third_Party/FreeRTOS/Source/tasks.c **** {
3082:Middlewares/Third_Party/FreeRTOS/Source/tasks.c **** 	configASSERT( pxTimeOut );
3083:Middlewares/Third_Party/FreeRTOS/Source/tasks.c **** 	taskENTER_CRITICAL();
3084:Middlewares/Third_Party/FreeRTOS/Source/tasks.c **** 	{
3085:Middlewares/Third_Party/FreeRTOS/Source/tasks.c **** 		pxTimeOut->xOverflowCount = xNumOfOverflows;
3086:Middlewares/Third_Party/FreeRTOS/Source/tasks.c **** 		pxTimeOut->xTimeOnEntering = xTickCount;
3087:Middlewares/Third_Party/FreeRTOS/Source/tasks.c **** 	}
3088:Middlewares/Third_Party/FreeRTOS/Source/tasks.c **** 	taskEXIT_CRITICAL();
3089:Middlewares/Third_Party/FreeRTOS/Source/tasks.c **** }
3090:Middlewares/Third_Party/FreeRTOS/Source/tasks.c **** /*-----------------------------------------------------------*/
3091:Middlewares/Third_Party/FreeRTOS/Source/tasks.c **** 
3092:Middlewares/Third_Party/FreeRTOS/Source/tasks.c **** void vTaskInternalSetTimeOutState( TimeOut_t * const pxTimeOut )
3093:Middlewares/Third_Party/FreeRTOS/Source/tasks.c **** {
3094:Middlewares/Third_Party/FreeRTOS/Source/tasks.c **** 	/* For internal use only as it does not use a critical section. */
3095:Middlewares/Third_Party/FreeRTOS/Source/tasks.c **** 	pxTimeOut->xOverflowCount = xNumOfOverflows;
3096:Middlewares/Third_Party/FreeRTOS/Source/tasks.c **** 	pxTimeOut->xTimeOnEntering = xTickCount;
ARM GAS  /tmp/ccshf83P.s 			page 61


3097:Middlewares/Third_Party/FreeRTOS/Source/tasks.c **** }
3098:Middlewares/Third_Party/FreeRTOS/Source/tasks.c **** /*-----------------------------------------------------------*/
3099:Middlewares/Third_Party/FreeRTOS/Source/tasks.c **** 
3100:Middlewares/Third_Party/FreeRTOS/Source/tasks.c **** BaseType_t xTaskCheckForTimeOut( TimeOut_t * const pxTimeOut, TickType_t * const pxTicksToWait )
3101:Middlewares/Third_Party/FreeRTOS/Source/tasks.c **** {
3102:Middlewares/Third_Party/FreeRTOS/Source/tasks.c **** BaseType_t xReturn;
3103:Middlewares/Third_Party/FreeRTOS/Source/tasks.c **** 
3104:Middlewares/Third_Party/FreeRTOS/Source/tasks.c **** 	configASSERT( pxTimeOut );
3105:Middlewares/Third_Party/FreeRTOS/Source/tasks.c **** 	configASSERT( pxTicksToWait );
3106:Middlewares/Third_Party/FreeRTOS/Source/tasks.c **** 
3107:Middlewares/Third_Party/FreeRTOS/Source/tasks.c **** 	taskENTER_CRITICAL();
3108:Middlewares/Third_Party/FreeRTOS/Source/tasks.c **** 	{
3109:Middlewares/Third_Party/FreeRTOS/Source/tasks.c **** 		/* Minor optimisation.  The tick count cannot change in this block. */
3110:Middlewares/Third_Party/FreeRTOS/Source/tasks.c **** 		const TickType_t xConstTickCount = xTickCount;
3111:Middlewares/Third_Party/FreeRTOS/Source/tasks.c **** 		const TickType_t xElapsedTime = xConstTickCount - pxTimeOut->xTimeOnEntering;
3112:Middlewares/Third_Party/FreeRTOS/Source/tasks.c **** 
3113:Middlewares/Third_Party/FreeRTOS/Source/tasks.c **** 		#if( INCLUDE_xTaskAbortDelay == 1 )
3114:Middlewares/Third_Party/FreeRTOS/Source/tasks.c **** 			if( pxCurrentTCB->ucDelayAborted != pdFALSE )
3115:Middlewares/Third_Party/FreeRTOS/Source/tasks.c **** 			{
3116:Middlewares/Third_Party/FreeRTOS/Source/tasks.c **** 				/* The delay was aborted, which is not the same as a time out,
3117:Middlewares/Third_Party/FreeRTOS/Source/tasks.c **** 				but has the same result. */
3118:Middlewares/Third_Party/FreeRTOS/Source/tasks.c **** 				pxCurrentTCB->ucDelayAborted = pdFALSE;
3119:Middlewares/Third_Party/FreeRTOS/Source/tasks.c **** 				xReturn = pdTRUE;
3120:Middlewares/Third_Party/FreeRTOS/Source/tasks.c **** 			}
3121:Middlewares/Third_Party/FreeRTOS/Source/tasks.c **** 			else
3122:Middlewares/Third_Party/FreeRTOS/Source/tasks.c **** 		#endif
3123:Middlewares/Third_Party/FreeRTOS/Source/tasks.c **** 
3124:Middlewares/Third_Party/FreeRTOS/Source/tasks.c **** 		#if ( INCLUDE_vTaskSuspend == 1 )
3125:Middlewares/Third_Party/FreeRTOS/Source/tasks.c **** 			if( *pxTicksToWait == portMAX_DELAY )
3126:Middlewares/Third_Party/FreeRTOS/Source/tasks.c **** 			{
3127:Middlewares/Third_Party/FreeRTOS/Source/tasks.c **** 				/* If INCLUDE_vTaskSuspend is set to 1 and the block time
3128:Middlewares/Third_Party/FreeRTOS/Source/tasks.c **** 				specified is the maximum block time then the task should block
3129:Middlewares/Third_Party/FreeRTOS/Source/tasks.c **** 				indefinitely, and therefore never time out. */
3130:Middlewares/Third_Party/FreeRTOS/Source/tasks.c **** 				xReturn = pdFALSE;
3131:Middlewares/Third_Party/FreeRTOS/Source/tasks.c **** 			}
3132:Middlewares/Third_Party/FreeRTOS/Source/tasks.c **** 			else
3133:Middlewares/Third_Party/FreeRTOS/Source/tasks.c **** 		#endif
3134:Middlewares/Third_Party/FreeRTOS/Source/tasks.c **** 
3135:Middlewares/Third_Party/FreeRTOS/Source/tasks.c **** 		if( ( xNumOfOverflows != pxTimeOut->xOverflowCount ) && ( xConstTickCount >= pxTimeOut->xTimeOnEn
3136:Middlewares/Third_Party/FreeRTOS/Source/tasks.c **** 		{
3137:Middlewares/Third_Party/FreeRTOS/Source/tasks.c **** 			/* The tick count is greater than the time at which
3138:Middlewares/Third_Party/FreeRTOS/Source/tasks.c **** 			vTaskSetTimeout() was called, but has also overflowed since
3139:Middlewares/Third_Party/FreeRTOS/Source/tasks.c **** 			vTaskSetTimeOut() was called.  It must have wrapped all the way
3140:Middlewares/Third_Party/FreeRTOS/Source/tasks.c **** 			around and gone past again. This passed since vTaskSetTimeout()
3141:Middlewares/Third_Party/FreeRTOS/Source/tasks.c **** 			was called. */
3142:Middlewares/Third_Party/FreeRTOS/Source/tasks.c **** 			xReturn = pdTRUE;
3143:Middlewares/Third_Party/FreeRTOS/Source/tasks.c **** 		}
3144:Middlewares/Third_Party/FreeRTOS/Source/tasks.c **** 		else if( xElapsedTime < *pxTicksToWait ) /*lint !e961 Explicit casting is only redundant with som
3145:Middlewares/Third_Party/FreeRTOS/Source/tasks.c **** 		{
3146:Middlewares/Third_Party/FreeRTOS/Source/tasks.c **** 			/* Not a genuine timeout. Adjust parameters for time remaining. */
3147:Middlewares/Third_Party/FreeRTOS/Source/tasks.c **** 			*pxTicksToWait -= xElapsedTime;
3148:Middlewares/Third_Party/FreeRTOS/Source/tasks.c **** 			vTaskInternalSetTimeOutState( pxTimeOut );
3149:Middlewares/Third_Party/FreeRTOS/Source/tasks.c **** 			xReturn = pdFALSE;
3150:Middlewares/Third_Party/FreeRTOS/Source/tasks.c **** 		}
3151:Middlewares/Third_Party/FreeRTOS/Source/tasks.c **** 		else
3152:Middlewares/Third_Party/FreeRTOS/Source/tasks.c **** 		{
3153:Middlewares/Third_Party/FreeRTOS/Source/tasks.c **** 			*pxTicksToWait = 0;
ARM GAS  /tmp/ccshf83P.s 			page 62


3154:Middlewares/Third_Party/FreeRTOS/Source/tasks.c **** 			xReturn = pdTRUE;
3155:Middlewares/Third_Party/FreeRTOS/Source/tasks.c **** 		}
3156:Middlewares/Third_Party/FreeRTOS/Source/tasks.c **** 	}
3157:Middlewares/Third_Party/FreeRTOS/Source/tasks.c **** 	taskEXIT_CRITICAL();
3158:Middlewares/Third_Party/FreeRTOS/Source/tasks.c **** 
3159:Middlewares/Third_Party/FreeRTOS/Source/tasks.c **** 	return xReturn;
3160:Middlewares/Third_Party/FreeRTOS/Source/tasks.c **** }
3161:Middlewares/Third_Party/FreeRTOS/Source/tasks.c **** /*-----------------------------------------------------------*/
3162:Middlewares/Third_Party/FreeRTOS/Source/tasks.c **** 
3163:Middlewares/Third_Party/FreeRTOS/Source/tasks.c **** void vTaskMissedYield( void )
3164:Middlewares/Third_Party/FreeRTOS/Source/tasks.c **** {
3165:Middlewares/Third_Party/FreeRTOS/Source/tasks.c **** 	xYieldPending = pdTRUE;
3166:Middlewares/Third_Party/FreeRTOS/Source/tasks.c **** }
3167:Middlewares/Third_Party/FreeRTOS/Source/tasks.c **** /*-----------------------------------------------------------*/
3168:Middlewares/Third_Party/FreeRTOS/Source/tasks.c **** 
3169:Middlewares/Third_Party/FreeRTOS/Source/tasks.c **** #if ( configUSE_TRACE_FACILITY == 1 )
3170:Middlewares/Third_Party/FreeRTOS/Source/tasks.c **** 
3171:Middlewares/Third_Party/FreeRTOS/Source/tasks.c **** 	UBaseType_t uxTaskGetTaskNumber( TaskHandle_t xTask )
3172:Middlewares/Third_Party/FreeRTOS/Source/tasks.c **** 	{
3173:Middlewares/Third_Party/FreeRTOS/Source/tasks.c **** 	UBaseType_t uxReturn;
3174:Middlewares/Third_Party/FreeRTOS/Source/tasks.c **** 	TCB_t *pxTCB;
3175:Middlewares/Third_Party/FreeRTOS/Source/tasks.c **** 
3176:Middlewares/Third_Party/FreeRTOS/Source/tasks.c **** 		if( xTask != NULL )
3177:Middlewares/Third_Party/FreeRTOS/Source/tasks.c **** 		{
3178:Middlewares/Third_Party/FreeRTOS/Source/tasks.c **** 			pxTCB = ( TCB_t * ) xTask;
3179:Middlewares/Third_Party/FreeRTOS/Source/tasks.c **** 			uxReturn = pxTCB->uxTaskNumber;
3180:Middlewares/Third_Party/FreeRTOS/Source/tasks.c **** 		}
3181:Middlewares/Third_Party/FreeRTOS/Source/tasks.c **** 		else
3182:Middlewares/Third_Party/FreeRTOS/Source/tasks.c **** 		{
3183:Middlewares/Third_Party/FreeRTOS/Source/tasks.c **** 			uxReturn = 0U;
3184:Middlewares/Third_Party/FreeRTOS/Source/tasks.c **** 		}
3185:Middlewares/Third_Party/FreeRTOS/Source/tasks.c **** 
3186:Middlewares/Third_Party/FreeRTOS/Source/tasks.c **** 		return uxReturn;
3187:Middlewares/Third_Party/FreeRTOS/Source/tasks.c **** 	}
3188:Middlewares/Third_Party/FreeRTOS/Source/tasks.c **** 
3189:Middlewares/Third_Party/FreeRTOS/Source/tasks.c **** #endif /* configUSE_TRACE_FACILITY */
3190:Middlewares/Third_Party/FreeRTOS/Source/tasks.c **** /*-----------------------------------------------------------*/
3191:Middlewares/Third_Party/FreeRTOS/Source/tasks.c **** 
3192:Middlewares/Third_Party/FreeRTOS/Source/tasks.c **** #if ( configUSE_TRACE_FACILITY == 1 )
3193:Middlewares/Third_Party/FreeRTOS/Source/tasks.c **** 
3194:Middlewares/Third_Party/FreeRTOS/Source/tasks.c **** 	void vTaskSetTaskNumber( TaskHandle_t xTask, const UBaseType_t uxHandle )
3195:Middlewares/Third_Party/FreeRTOS/Source/tasks.c **** 	{
3196:Middlewares/Third_Party/FreeRTOS/Source/tasks.c **** 	TCB_t *pxTCB;
3197:Middlewares/Third_Party/FreeRTOS/Source/tasks.c **** 
3198:Middlewares/Third_Party/FreeRTOS/Source/tasks.c **** 		if( xTask != NULL )
3199:Middlewares/Third_Party/FreeRTOS/Source/tasks.c **** 		{
3200:Middlewares/Third_Party/FreeRTOS/Source/tasks.c **** 			pxTCB = ( TCB_t * ) xTask;
3201:Middlewares/Third_Party/FreeRTOS/Source/tasks.c **** 			pxTCB->uxTaskNumber = uxHandle;
3202:Middlewares/Third_Party/FreeRTOS/Source/tasks.c **** 		}
3203:Middlewares/Third_Party/FreeRTOS/Source/tasks.c **** 	}
3204:Middlewares/Third_Party/FreeRTOS/Source/tasks.c **** 
3205:Middlewares/Third_Party/FreeRTOS/Source/tasks.c **** #endif /* configUSE_TRACE_FACILITY */
3206:Middlewares/Third_Party/FreeRTOS/Source/tasks.c **** 
3207:Middlewares/Third_Party/FreeRTOS/Source/tasks.c **** /*
3208:Middlewares/Third_Party/FreeRTOS/Source/tasks.c ****  * -----------------------------------------------------------
3209:Middlewares/Third_Party/FreeRTOS/Source/tasks.c ****  * The Idle task.
3210:Middlewares/Third_Party/FreeRTOS/Source/tasks.c ****  * ----------------------------------------------------------
ARM GAS  /tmp/ccshf83P.s 			page 63


3211:Middlewares/Third_Party/FreeRTOS/Source/tasks.c ****  *
3212:Middlewares/Third_Party/FreeRTOS/Source/tasks.c ****  * The portTASK_FUNCTION() macro is used to allow port/compiler specific
3213:Middlewares/Third_Party/FreeRTOS/Source/tasks.c ****  * language extensions.  The equivalent prototype for this function is:
3214:Middlewares/Third_Party/FreeRTOS/Source/tasks.c ****  *
3215:Middlewares/Third_Party/FreeRTOS/Source/tasks.c ****  * void prvIdleTask( void *pvParameters );
3216:Middlewares/Third_Party/FreeRTOS/Source/tasks.c ****  *
3217:Middlewares/Third_Party/FreeRTOS/Source/tasks.c ****  */
3218:Middlewares/Third_Party/FreeRTOS/Source/tasks.c **** static portTASK_FUNCTION( prvIdleTask, pvParameters )
3219:Middlewares/Third_Party/FreeRTOS/Source/tasks.c **** {
3220:Middlewares/Third_Party/FreeRTOS/Source/tasks.c **** 	/* Stop warnings. */
3221:Middlewares/Third_Party/FreeRTOS/Source/tasks.c **** 	( void ) pvParameters;
3222:Middlewares/Third_Party/FreeRTOS/Source/tasks.c **** 
3223:Middlewares/Third_Party/FreeRTOS/Source/tasks.c **** 	/** THIS IS THE RTOS IDLE TASK - WHICH IS CREATED AUTOMATICALLY WHEN THE
3224:Middlewares/Third_Party/FreeRTOS/Source/tasks.c **** 	SCHEDULER IS STARTED. **/
3225:Middlewares/Third_Party/FreeRTOS/Source/tasks.c **** 
3226:Middlewares/Third_Party/FreeRTOS/Source/tasks.c **** 	/* In case a task that has a secure context deletes itself, in which case
3227:Middlewares/Third_Party/FreeRTOS/Source/tasks.c **** 	the idle task is responsible for deleting the task's secure context, if
3228:Middlewares/Third_Party/FreeRTOS/Source/tasks.c **** 	any. */
3229:Middlewares/Third_Party/FreeRTOS/Source/tasks.c **** 	portTASK_CALLS_SECURE_FUNCTIONS();
3230:Middlewares/Third_Party/FreeRTOS/Source/tasks.c **** 
3231:Middlewares/Third_Party/FreeRTOS/Source/tasks.c **** 	for( ;; )
3232:Middlewares/Third_Party/FreeRTOS/Source/tasks.c **** 	{
3233:Middlewares/Third_Party/FreeRTOS/Source/tasks.c **** 		/* See if any tasks have deleted themselves - if so then the idle task
3234:Middlewares/Third_Party/FreeRTOS/Source/tasks.c **** 		is responsible for freeing the deleted task's TCB and stack. */
3235:Middlewares/Third_Party/FreeRTOS/Source/tasks.c **** 		prvCheckTasksWaitingTermination();
3236:Middlewares/Third_Party/FreeRTOS/Source/tasks.c **** 
3237:Middlewares/Third_Party/FreeRTOS/Source/tasks.c **** 		#if ( configUSE_PREEMPTION == 0 )
3238:Middlewares/Third_Party/FreeRTOS/Source/tasks.c **** 		{
3239:Middlewares/Third_Party/FreeRTOS/Source/tasks.c **** 			/* If we are not using preemption we keep forcing a task switch to
3240:Middlewares/Third_Party/FreeRTOS/Source/tasks.c **** 			see if any other task has become available.  If we are using
3241:Middlewares/Third_Party/FreeRTOS/Source/tasks.c **** 			preemption we don't need to do this as any task becoming available
3242:Middlewares/Third_Party/FreeRTOS/Source/tasks.c **** 			will automatically get the processor anyway. */
3243:Middlewares/Third_Party/FreeRTOS/Source/tasks.c **** 			taskYIELD();
3244:Middlewares/Third_Party/FreeRTOS/Source/tasks.c **** 		}
3245:Middlewares/Third_Party/FreeRTOS/Source/tasks.c **** 		#endif /* configUSE_PREEMPTION */
3246:Middlewares/Third_Party/FreeRTOS/Source/tasks.c **** 
3247:Middlewares/Third_Party/FreeRTOS/Source/tasks.c **** 		#if ( ( configUSE_PREEMPTION == 1 ) && ( configIDLE_SHOULD_YIELD == 1 ) )
3248:Middlewares/Third_Party/FreeRTOS/Source/tasks.c **** 		{
3249:Middlewares/Third_Party/FreeRTOS/Source/tasks.c **** 			/* When using preemption tasks of equal priority will be
3250:Middlewares/Third_Party/FreeRTOS/Source/tasks.c **** 			timesliced.  If a task that is sharing the idle priority is ready
3251:Middlewares/Third_Party/FreeRTOS/Source/tasks.c **** 			to run then the idle task should yield before the end of the
3252:Middlewares/Third_Party/FreeRTOS/Source/tasks.c **** 			timeslice.
3253:Middlewares/Third_Party/FreeRTOS/Source/tasks.c **** 
3254:Middlewares/Third_Party/FreeRTOS/Source/tasks.c **** 			A critical region is not required here as we are just reading from
3255:Middlewares/Third_Party/FreeRTOS/Source/tasks.c **** 			the list, and an occasional incorrect value will not matter.  If
3256:Middlewares/Third_Party/FreeRTOS/Source/tasks.c **** 			the ready list at the idle priority contains more than one task
3257:Middlewares/Third_Party/FreeRTOS/Source/tasks.c **** 			then a task other than the idle task is ready to execute. */
3258:Middlewares/Third_Party/FreeRTOS/Source/tasks.c **** 			if( listCURRENT_LIST_LENGTH( &( pxReadyTasksLists[ tskIDLE_PRIORITY ] ) ) > ( UBaseType_t ) 1 )
3259:Middlewares/Third_Party/FreeRTOS/Source/tasks.c **** 			{
3260:Middlewares/Third_Party/FreeRTOS/Source/tasks.c **** 				taskYIELD();
3261:Middlewares/Third_Party/FreeRTOS/Source/tasks.c **** 			}
3262:Middlewares/Third_Party/FreeRTOS/Source/tasks.c **** 			else
3263:Middlewares/Third_Party/FreeRTOS/Source/tasks.c **** 			{
3264:Middlewares/Third_Party/FreeRTOS/Source/tasks.c **** 				mtCOVERAGE_TEST_MARKER();
3265:Middlewares/Third_Party/FreeRTOS/Source/tasks.c **** 			}
3266:Middlewares/Third_Party/FreeRTOS/Source/tasks.c **** 		}
3267:Middlewares/Third_Party/FreeRTOS/Source/tasks.c **** 		#endif /* ( ( configUSE_PREEMPTION == 1 ) && ( configIDLE_SHOULD_YIELD == 1 ) ) */
ARM GAS  /tmp/ccshf83P.s 			page 64


3268:Middlewares/Third_Party/FreeRTOS/Source/tasks.c **** 
3269:Middlewares/Third_Party/FreeRTOS/Source/tasks.c **** 		#if ( configUSE_IDLE_HOOK == 1 )
3270:Middlewares/Third_Party/FreeRTOS/Source/tasks.c **** 		{
3271:Middlewares/Third_Party/FreeRTOS/Source/tasks.c **** 			extern void vApplicationIdleHook( void );
3272:Middlewares/Third_Party/FreeRTOS/Source/tasks.c **** 
3273:Middlewares/Third_Party/FreeRTOS/Source/tasks.c **** 			/* Call the user defined function from within the idle task.  This
3274:Middlewares/Third_Party/FreeRTOS/Source/tasks.c **** 			allows the application designer to add background functionality
3275:Middlewares/Third_Party/FreeRTOS/Source/tasks.c **** 			without the overhead of a separate task.
3276:Middlewares/Third_Party/FreeRTOS/Source/tasks.c **** 			NOTE: vApplicationIdleHook() MUST NOT, UNDER ANY CIRCUMSTANCES,
3277:Middlewares/Third_Party/FreeRTOS/Source/tasks.c **** 			CALL A FUNCTION THAT MIGHT BLOCK. */
3278:Middlewares/Third_Party/FreeRTOS/Source/tasks.c **** 			vApplicationIdleHook();
3279:Middlewares/Third_Party/FreeRTOS/Source/tasks.c **** 		}
3280:Middlewares/Third_Party/FreeRTOS/Source/tasks.c **** 		#endif /* configUSE_IDLE_HOOK */
3281:Middlewares/Third_Party/FreeRTOS/Source/tasks.c **** 
3282:Middlewares/Third_Party/FreeRTOS/Source/tasks.c **** 		/* This conditional compilation should use inequality to 0, not equality
3283:Middlewares/Third_Party/FreeRTOS/Source/tasks.c **** 		to 1.  This is to ensure portSUPPRESS_TICKS_AND_SLEEP() is called when
3284:Middlewares/Third_Party/FreeRTOS/Source/tasks.c **** 		user defined low power mode	implementations require
3285:Middlewares/Third_Party/FreeRTOS/Source/tasks.c **** 		configUSE_TICKLESS_IDLE to be set to a value other than 1. */
3286:Middlewares/Third_Party/FreeRTOS/Source/tasks.c **** 		#if ( configUSE_TICKLESS_IDLE != 0 )
3287:Middlewares/Third_Party/FreeRTOS/Source/tasks.c **** 		{
3288:Middlewares/Third_Party/FreeRTOS/Source/tasks.c **** 		TickType_t xExpectedIdleTime;
3289:Middlewares/Third_Party/FreeRTOS/Source/tasks.c **** 
3290:Middlewares/Third_Party/FreeRTOS/Source/tasks.c **** 			/* It is not desirable to suspend then resume the scheduler on
3291:Middlewares/Third_Party/FreeRTOS/Source/tasks.c **** 			each iteration of the idle task.  Therefore, a preliminary
3292:Middlewares/Third_Party/FreeRTOS/Source/tasks.c **** 			test of the expected idle time is performed without the
3293:Middlewares/Third_Party/FreeRTOS/Source/tasks.c **** 			scheduler suspended.  The result here is not necessarily
3294:Middlewares/Third_Party/FreeRTOS/Source/tasks.c **** 			valid. */
3295:Middlewares/Third_Party/FreeRTOS/Source/tasks.c **** 			xExpectedIdleTime = prvGetExpectedIdleTime();
3296:Middlewares/Third_Party/FreeRTOS/Source/tasks.c **** 
3297:Middlewares/Third_Party/FreeRTOS/Source/tasks.c **** 			if( xExpectedIdleTime >= configEXPECTED_IDLE_TIME_BEFORE_SLEEP )
3298:Middlewares/Third_Party/FreeRTOS/Source/tasks.c **** 			{
3299:Middlewares/Third_Party/FreeRTOS/Source/tasks.c **** 				vTaskSuspendAll();
3300:Middlewares/Third_Party/FreeRTOS/Source/tasks.c **** 				{
3301:Middlewares/Third_Party/FreeRTOS/Source/tasks.c **** 					/* Now the scheduler is suspended, the expected idle
3302:Middlewares/Third_Party/FreeRTOS/Source/tasks.c **** 					time can be sampled again, and this time its value can
3303:Middlewares/Third_Party/FreeRTOS/Source/tasks.c **** 					be used. */
3304:Middlewares/Third_Party/FreeRTOS/Source/tasks.c **** 					configASSERT( xNextTaskUnblockTime >= xTickCount );
3305:Middlewares/Third_Party/FreeRTOS/Source/tasks.c **** 					xExpectedIdleTime = prvGetExpectedIdleTime();
3306:Middlewares/Third_Party/FreeRTOS/Source/tasks.c **** 
3307:Middlewares/Third_Party/FreeRTOS/Source/tasks.c **** 					/* Define the following macro to set xExpectedIdleTime to 0
3308:Middlewares/Third_Party/FreeRTOS/Source/tasks.c **** 					if the application does not want
3309:Middlewares/Third_Party/FreeRTOS/Source/tasks.c **** 					portSUPPRESS_TICKS_AND_SLEEP() to be called. */
3310:Middlewares/Third_Party/FreeRTOS/Source/tasks.c **** 					configPRE_SUPPRESS_TICKS_AND_SLEEP_PROCESSING( xExpectedIdleTime );
3311:Middlewares/Third_Party/FreeRTOS/Source/tasks.c **** 
3312:Middlewares/Third_Party/FreeRTOS/Source/tasks.c **** 					if( xExpectedIdleTime >= configEXPECTED_IDLE_TIME_BEFORE_SLEEP )
3313:Middlewares/Third_Party/FreeRTOS/Source/tasks.c **** 					{
3314:Middlewares/Third_Party/FreeRTOS/Source/tasks.c **** 						traceLOW_POWER_IDLE_BEGIN();
3315:Middlewares/Third_Party/FreeRTOS/Source/tasks.c **** 						portSUPPRESS_TICKS_AND_SLEEP( xExpectedIdleTime );
3316:Middlewares/Third_Party/FreeRTOS/Source/tasks.c **** 						traceLOW_POWER_IDLE_END();
3317:Middlewares/Third_Party/FreeRTOS/Source/tasks.c **** 					}
3318:Middlewares/Third_Party/FreeRTOS/Source/tasks.c **** 					else
3319:Middlewares/Third_Party/FreeRTOS/Source/tasks.c **** 					{
3320:Middlewares/Third_Party/FreeRTOS/Source/tasks.c **** 						mtCOVERAGE_TEST_MARKER();
3321:Middlewares/Third_Party/FreeRTOS/Source/tasks.c **** 					}
3322:Middlewares/Third_Party/FreeRTOS/Source/tasks.c **** 				}
3323:Middlewares/Third_Party/FreeRTOS/Source/tasks.c **** 				( void ) xTaskResumeAll();
3324:Middlewares/Third_Party/FreeRTOS/Source/tasks.c **** 			}
ARM GAS  /tmp/ccshf83P.s 			page 65


3325:Middlewares/Third_Party/FreeRTOS/Source/tasks.c **** 			else
3326:Middlewares/Third_Party/FreeRTOS/Source/tasks.c **** 			{
3327:Middlewares/Third_Party/FreeRTOS/Source/tasks.c **** 				mtCOVERAGE_TEST_MARKER();
3328:Middlewares/Third_Party/FreeRTOS/Source/tasks.c **** 			}
3329:Middlewares/Third_Party/FreeRTOS/Source/tasks.c **** 		}
3330:Middlewares/Third_Party/FreeRTOS/Source/tasks.c **** 		#endif /* configUSE_TICKLESS_IDLE */
3331:Middlewares/Third_Party/FreeRTOS/Source/tasks.c **** 	}
3332:Middlewares/Third_Party/FreeRTOS/Source/tasks.c **** }
3333:Middlewares/Third_Party/FreeRTOS/Source/tasks.c **** /*-----------------------------------------------------------*/
3334:Middlewares/Third_Party/FreeRTOS/Source/tasks.c **** 
3335:Middlewares/Third_Party/FreeRTOS/Source/tasks.c **** #if( configUSE_TICKLESS_IDLE != 0 )
3336:Middlewares/Third_Party/FreeRTOS/Source/tasks.c **** 
3337:Middlewares/Third_Party/FreeRTOS/Source/tasks.c **** 	eSleepModeStatus eTaskConfirmSleepModeStatus( void )
3338:Middlewares/Third_Party/FreeRTOS/Source/tasks.c **** 	{
3339:Middlewares/Third_Party/FreeRTOS/Source/tasks.c **** 	/* The idle task exists in addition to the application tasks. */
3340:Middlewares/Third_Party/FreeRTOS/Source/tasks.c **** 	const UBaseType_t uxNonApplicationTasks = 1;
3341:Middlewares/Third_Party/FreeRTOS/Source/tasks.c **** 	eSleepModeStatus eReturn = eStandardSleep;
3342:Middlewares/Third_Party/FreeRTOS/Source/tasks.c **** 
3343:Middlewares/Third_Party/FreeRTOS/Source/tasks.c **** 		if( listCURRENT_LIST_LENGTH( &xPendingReadyList ) != 0 )
3344:Middlewares/Third_Party/FreeRTOS/Source/tasks.c **** 		{
3345:Middlewares/Third_Party/FreeRTOS/Source/tasks.c **** 			/* A task was made ready while the scheduler was suspended. */
3346:Middlewares/Third_Party/FreeRTOS/Source/tasks.c **** 			eReturn = eAbortSleep;
3347:Middlewares/Third_Party/FreeRTOS/Source/tasks.c **** 		}
3348:Middlewares/Third_Party/FreeRTOS/Source/tasks.c **** 		else if( xYieldPending != pdFALSE )
3349:Middlewares/Third_Party/FreeRTOS/Source/tasks.c **** 		{
3350:Middlewares/Third_Party/FreeRTOS/Source/tasks.c **** 			/* A yield was pended while the scheduler was suspended. */
3351:Middlewares/Third_Party/FreeRTOS/Source/tasks.c **** 			eReturn = eAbortSleep;
3352:Middlewares/Third_Party/FreeRTOS/Source/tasks.c **** 		}
3353:Middlewares/Third_Party/FreeRTOS/Source/tasks.c **** 		else
3354:Middlewares/Third_Party/FreeRTOS/Source/tasks.c **** 		{
3355:Middlewares/Third_Party/FreeRTOS/Source/tasks.c **** 			/* If all the tasks are in the suspended list (which might mean they
3356:Middlewares/Third_Party/FreeRTOS/Source/tasks.c **** 			have an infinite block time rather than actually being suspended)
3357:Middlewares/Third_Party/FreeRTOS/Source/tasks.c **** 			then it is safe to turn all clocks off and just wait for external
3358:Middlewares/Third_Party/FreeRTOS/Source/tasks.c **** 			interrupts. */
3359:Middlewares/Third_Party/FreeRTOS/Source/tasks.c **** 			if( listCURRENT_LIST_LENGTH( &xSuspendedTaskList ) == ( uxCurrentNumberOfTasks - uxNonApplicatio
3360:Middlewares/Third_Party/FreeRTOS/Source/tasks.c **** 			{
3361:Middlewares/Third_Party/FreeRTOS/Source/tasks.c **** 				eReturn = eNoTasksWaitingTimeout;
3362:Middlewares/Third_Party/FreeRTOS/Source/tasks.c **** 			}
3363:Middlewares/Third_Party/FreeRTOS/Source/tasks.c **** 			else
3364:Middlewares/Third_Party/FreeRTOS/Source/tasks.c **** 			{
3365:Middlewares/Third_Party/FreeRTOS/Source/tasks.c **** 				mtCOVERAGE_TEST_MARKER();
3366:Middlewares/Third_Party/FreeRTOS/Source/tasks.c **** 			}
3367:Middlewares/Third_Party/FreeRTOS/Source/tasks.c **** 		}
3368:Middlewares/Third_Party/FreeRTOS/Source/tasks.c **** 
3369:Middlewares/Third_Party/FreeRTOS/Source/tasks.c **** 		return eReturn;
3370:Middlewares/Third_Party/FreeRTOS/Source/tasks.c **** 	}
3371:Middlewares/Third_Party/FreeRTOS/Source/tasks.c **** 
3372:Middlewares/Third_Party/FreeRTOS/Source/tasks.c **** #endif /* configUSE_TICKLESS_IDLE */
3373:Middlewares/Third_Party/FreeRTOS/Source/tasks.c **** /*-----------------------------------------------------------*/
3374:Middlewares/Third_Party/FreeRTOS/Source/tasks.c **** 
3375:Middlewares/Third_Party/FreeRTOS/Source/tasks.c **** #if ( configNUM_THREAD_LOCAL_STORAGE_POINTERS != 0 )
3376:Middlewares/Third_Party/FreeRTOS/Source/tasks.c **** 
3377:Middlewares/Third_Party/FreeRTOS/Source/tasks.c **** 	void vTaskSetThreadLocalStoragePointer( TaskHandle_t xTaskToSet, BaseType_t xIndex, void *pvValue 
3378:Middlewares/Third_Party/FreeRTOS/Source/tasks.c **** 	{
3379:Middlewares/Third_Party/FreeRTOS/Source/tasks.c **** 	TCB_t *pxTCB;
3380:Middlewares/Third_Party/FreeRTOS/Source/tasks.c **** 
3381:Middlewares/Third_Party/FreeRTOS/Source/tasks.c **** 		if( xIndex < configNUM_THREAD_LOCAL_STORAGE_POINTERS )
ARM GAS  /tmp/ccshf83P.s 			page 66


3382:Middlewares/Third_Party/FreeRTOS/Source/tasks.c **** 		{
3383:Middlewares/Third_Party/FreeRTOS/Source/tasks.c **** 			pxTCB = prvGetTCBFromHandle( xTaskToSet );
3384:Middlewares/Third_Party/FreeRTOS/Source/tasks.c **** 			pxTCB->pvThreadLocalStoragePointers[ xIndex ] = pvValue;
3385:Middlewares/Third_Party/FreeRTOS/Source/tasks.c **** 		}
3386:Middlewares/Third_Party/FreeRTOS/Source/tasks.c **** 	}
3387:Middlewares/Third_Party/FreeRTOS/Source/tasks.c **** 
3388:Middlewares/Third_Party/FreeRTOS/Source/tasks.c **** #endif /* configNUM_THREAD_LOCAL_STORAGE_POINTERS */
3389:Middlewares/Third_Party/FreeRTOS/Source/tasks.c **** /*-----------------------------------------------------------*/
3390:Middlewares/Third_Party/FreeRTOS/Source/tasks.c **** 
3391:Middlewares/Third_Party/FreeRTOS/Source/tasks.c **** #if ( configNUM_THREAD_LOCAL_STORAGE_POINTERS != 0 )
3392:Middlewares/Third_Party/FreeRTOS/Source/tasks.c **** 
3393:Middlewares/Third_Party/FreeRTOS/Source/tasks.c **** 	void *pvTaskGetThreadLocalStoragePointer( TaskHandle_t xTaskToQuery, BaseType_t xIndex )
3394:Middlewares/Third_Party/FreeRTOS/Source/tasks.c **** 	{
3395:Middlewares/Third_Party/FreeRTOS/Source/tasks.c **** 	void *pvReturn = NULL;
3396:Middlewares/Third_Party/FreeRTOS/Source/tasks.c **** 	TCB_t *pxTCB;
3397:Middlewares/Third_Party/FreeRTOS/Source/tasks.c **** 
3398:Middlewares/Third_Party/FreeRTOS/Source/tasks.c **** 		if( xIndex < configNUM_THREAD_LOCAL_STORAGE_POINTERS )
3399:Middlewares/Third_Party/FreeRTOS/Source/tasks.c **** 		{
3400:Middlewares/Third_Party/FreeRTOS/Source/tasks.c **** 			pxTCB = prvGetTCBFromHandle( xTaskToQuery );
3401:Middlewares/Third_Party/FreeRTOS/Source/tasks.c **** 			pvReturn = pxTCB->pvThreadLocalStoragePointers[ xIndex ];
3402:Middlewares/Third_Party/FreeRTOS/Source/tasks.c **** 		}
3403:Middlewares/Third_Party/FreeRTOS/Source/tasks.c **** 		else
3404:Middlewares/Third_Party/FreeRTOS/Source/tasks.c **** 		{
3405:Middlewares/Third_Party/FreeRTOS/Source/tasks.c **** 			pvReturn = NULL;
3406:Middlewares/Third_Party/FreeRTOS/Source/tasks.c **** 		}
3407:Middlewares/Third_Party/FreeRTOS/Source/tasks.c **** 
3408:Middlewares/Third_Party/FreeRTOS/Source/tasks.c **** 		return pvReturn;
3409:Middlewares/Third_Party/FreeRTOS/Source/tasks.c **** 	}
3410:Middlewares/Third_Party/FreeRTOS/Source/tasks.c **** 
3411:Middlewares/Third_Party/FreeRTOS/Source/tasks.c **** #endif /* configNUM_THREAD_LOCAL_STORAGE_POINTERS */
3412:Middlewares/Third_Party/FreeRTOS/Source/tasks.c **** /*-----------------------------------------------------------*/
3413:Middlewares/Third_Party/FreeRTOS/Source/tasks.c **** 
3414:Middlewares/Third_Party/FreeRTOS/Source/tasks.c **** #if ( portUSING_MPU_WRAPPERS == 1 )
3415:Middlewares/Third_Party/FreeRTOS/Source/tasks.c **** 
3416:Middlewares/Third_Party/FreeRTOS/Source/tasks.c **** 	void vTaskAllocateMPURegions( TaskHandle_t xTaskToModify, const MemoryRegion_t * const xRegions )
3417:Middlewares/Third_Party/FreeRTOS/Source/tasks.c **** 	{
3418:Middlewares/Third_Party/FreeRTOS/Source/tasks.c **** 	TCB_t *pxTCB;
3419:Middlewares/Third_Party/FreeRTOS/Source/tasks.c **** 
3420:Middlewares/Third_Party/FreeRTOS/Source/tasks.c **** 		/* If null is passed in here then we are modifying the MPU settings of
3421:Middlewares/Third_Party/FreeRTOS/Source/tasks.c **** 		the calling task. */
3422:Middlewares/Third_Party/FreeRTOS/Source/tasks.c **** 		pxTCB = prvGetTCBFromHandle( xTaskToModify );
3423:Middlewares/Third_Party/FreeRTOS/Source/tasks.c **** 
3424:Middlewares/Third_Party/FreeRTOS/Source/tasks.c **** 		vPortStoreTaskMPUSettings( &( pxTCB->xMPUSettings ), xRegions, NULL, 0 );
3425:Middlewares/Third_Party/FreeRTOS/Source/tasks.c **** 	}
3426:Middlewares/Third_Party/FreeRTOS/Source/tasks.c **** 
3427:Middlewares/Third_Party/FreeRTOS/Source/tasks.c **** #endif /* portUSING_MPU_WRAPPERS */
3428:Middlewares/Third_Party/FreeRTOS/Source/tasks.c **** /*-----------------------------------------------------------*/
3429:Middlewares/Third_Party/FreeRTOS/Source/tasks.c **** 
3430:Middlewares/Third_Party/FreeRTOS/Source/tasks.c **** static void prvInitialiseTaskLists( void )
3431:Middlewares/Third_Party/FreeRTOS/Source/tasks.c **** {
3432:Middlewares/Third_Party/FreeRTOS/Source/tasks.c **** UBaseType_t uxPriority;
3433:Middlewares/Third_Party/FreeRTOS/Source/tasks.c **** 
3434:Middlewares/Third_Party/FreeRTOS/Source/tasks.c **** 	for( uxPriority = ( UBaseType_t ) 0U; uxPriority < ( UBaseType_t ) configMAX_PRIORITIES; uxPriorit
3435:Middlewares/Third_Party/FreeRTOS/Source/tasks.c **** 	{
3436:Middlewares/Third_Party/FreeRTOS/Source/tasks.c **** 		vListInitialise( &( pxReadyTasksLists[ uxPriority ] ) );
3437:Middlewares/Third_Party/FreeRTOS/Source/tasks.c **** 	}
3438:Middlewares/Third_Party/FreeRTOS/Source/tasks.c **** 
ARM GAS  /tmp/ccshf83P.s 			page 67


3439:Middlewares/Third_Party/FreeRTOS/Source/tasks.c **** 	vListInitialise( &xDelayedTaskList1 );
3440:Middlewares/Third_Party/FreeRTOS/Source/tasks.c **** 	vListInitialise( &xDelayedTaskList2 );
3441:Middlewares/Third_Party/FreeRTOS/Source/tasks.c **** 	vListInitialise( &xPendingReadyList );
3442:Middlewares/Third_Party/FreeRTOS/Source/tasks.c **** 
3443:Middlewares/Third_Party/FreeRTOS/Source/tasks.c **** 	#if ( INCLUDE_vTaskDelete == 1 )
3444:Middlewares/Third_Party/FreeRTOS/Source/tasks.c **** 	{
3445:Middlewares/Third_Party/FreeRTOS/Source/tasks.c **** 		vListInitialise( &xTasksWaitingTermination );
3446:Middlewares/Third_Party/FreeRTOS/Source/tasks.c **** 	}
3447:Middlewares/Third_Party/FreeRTOS/Source/tasks.c **** 	#endif /* INCLUDE_vTaskDelete */
3448:Middlewares/Third_Party/FreeRTOS/Source/tasks.c **** 
3449:Middlewares/Third_Party/FreeRTOS/Source/tasks.c **** 	#if ( INCLUDE_vTaskSuspend == 1 )
3450:Middlewares/Third_Party/FreeRTOS/Source/tasks.c **** 	{
3451:Middlewares/Third_Party/FreeRTOS/Source/tasks.c **** 		vListInitialise( &xSuspendedTaskList );
3452:Middlewares/Third_Party/FreeRTOS/Source/tasks.c **** 	}
3453:Middlewares/Third_Party/FreeRTOS/Source/tasks.c **** 	#endif /* INCLUDE_vTaskSuspend */
3454:Middlewares/Third_Party/FreeRTOS/Source/tasks.c **** 
3455:Middlewares/Third_Party/FreeRTOS/Source/tasks.c **** 	/* Start with pxDelayedTaskList using list1 and the pxOverflowDelayedTaskList
3456:Middlewares/Third_Party/FreeRTOS/Source/tasks.c **** 	using list2. */
3457:Middlewares/Third_Party/FreeRTOS/Source/tasks.c **** 	pxDelayedTaskList = &xDelayedTaskList1;
3458:Middlewares/Third_Party/FreeRTOS/Source/tasks.c **** 	pxOverflowDelayedTaskList = &xDelayedTaskList2;
3459:Middlewares/Third_Party/FreeRTOS/Source/tasks.c **** }
3460:Middlewares/Third_Party/FreeRTOS/Source/tasks.c **** /*-----------------------------------------------------------*/
3461:Middlewares/Third_Party/FreeRTOS/Source/tasks.c **** 
3462:Middlewares/Third_Party/FreeRTOS/Source/tasks.c **** static void prvCheckTasksWaitingTermination( void )
3463:Middlewares/Third_Party/FreeRTOS/Source/tasks.c **** {
3464:Middlewares/Third_Party/FreeRTOS/Source/tasks.c **** 
3465:Middlewares/Third_Party/FreeRTOS/Source/tasks.c **** 	/** THIS FUNCTION IS CALLED FROM THE RTOS IDLE TASK **/
3466:Middlewares/Third_Party/FreeRTOS/Source/tasks.c **** 
3467:Middlewares/Third_Party/FreeRTOS/Source/tasks.c **** 	#if ( INCLUDE_vTaskDelete == 1 )
3468:Middlewares/Third_Party/FreeRTOS/Source/tasks.c **** 	{
3469:Middlewares/Third_Party/FreeRTOS/Source/tasks.c **** 		TCB_t *pxTCB;
3470:Middlewares/Third_Party/FreeRTOS/Source/tasks.c **** 
3471:Middlewares/Third_Party/FreeRTOS/Source/tasks.c **** 		/* uxDeletedTasksWaitingCleanUp is used to prevent vTaskSuspendAll()
3472:Middlewares/Third_Party/FreeRTOS/Source/tasks.c **** 		being called too often in the idle task. */
3473:Middlewares/Third_Party/FreeRTOS/Source/tasks.c **** 		while( uxDeletedTasksWaitingCleanUp > ( UBaseType_t ) 0U )
3474:Middlewares/Third_Party/FreeRTOS/Source/tasks.c **** 		{
3475:Middlewares/Third_Party/FreeRTOS/Source/tasks.c **** 			taskENTER_CRITICAL();
3476:Middlewares/Third_Party/FreeRTOS/Source/tasks.c **** 			{
3477:Middlewares/Third_Party/FreeRTOS/Source/tasks.c **** 				pxTCB = ( TCB_t * ) listGET_OWNER_OF_HEAD_ENTRY( ( &xTasksWaitingTermination ) );
3478:Middlewares/Third_Party/FreeRTOS/Source/tasks.c **** 				( void ) uxListRemove( &( pxTCB->xStateListItem ) );
3479:Middlewares/Third_Party/FreeRTOS/Source/tasks.c **** 				--uxCurrentNumberOfTasks;
3480:Middlewares/Third_Party/FreeRTOS/Source/tasks.c **** 				--uxDeletedTasksWaitingCleanUp;
3481:Middlewares/Third_Party/FreeRTOS/Source/tasks.c **** 			}
3482:Middlewares/Third_Party/FreeRTOS/Source/tasks.c **** 			taskEXIT_CRITICAL();
3483:Middlewares/Third_Party/FreeRTOS/Source/tasks.c **** 
3484:Middlewares/Third_Party/FreeRTOS/Source/tasks.c **** 			prvDeleteTCB( pxTCB );
3485:Middlewares/Third_Party/FreeRTOS/Source/tasks.c **** 		}
3486:Middlewares/Third_Party/FreeRTOS/Source/tasks.c **** 	}
3487:Middlewares/Third_Party/FreeRTOS/Source/tasks.c **** 	#endif /* INCLUDE_vTaskDelete */
3488:Middlewares/Third_Party/FreeRTOS/Source/tasks.c **** }
3489:Middlewares/Third_Party/FreeRTOS/Source/tasks.c **** /*-----------------------------------------------------------*/
3490:Middlewares/Third_Party/FreeRTOS/Source/tasks.c **** 
3491:Middlewares/Third_Party/FreeRTOS/Source/tasks.c **** #if( configUSE_TRACE_FACILITY == 1 )
3492:Middlewares/Third_Party/FreeRTOS/Source/tasks.c **** 
3493:Middlewares/Third_Party/FreeRTOS/Source/tasks.c **** 	void vTaskGetInfo( TaskHandle_t xTask, TaskStatus_t *pxTaskStatus, BaseType_t xGetFreeStackSpace, 
3494:Middlewares/Third_Party/FreeRTOS/Source/tasks.c **** 	{
3495:Middlewares/Third_Party/FreeRTOS/Source/tasks.c **** 	TCB_t *pxTCB;
ARM GAS  /tmp/ccshf83P.s 			page 68


3496:Middlewares/Third_Party/FreeRTOS/Source/tasks.c **** 
3497:Middlewares/Third_Party/FreeRTOS/Source/tasks.c **** 		/* xTask is NULL then get the state of the calling task. */
3498:Middlewares/Third_Party/FreeRTOS/Source/tasks.c **** 		pxTCB = prvGetTCBFromHandle( xTask );
3499:Middlewares/Third_Party/FreeRTOS/Source/tasks.c **** 
3500:Middlewares/Third_Party/FreeRTOS/Source/tasks.c **** 		pxTaskStatus->xHandle = ( TaskHandle_t ) pxTCB;
3501:Middlewares/Third_Party/FreeRTOS/Source/tasks.c **** 		pxTaskStatus->pcTaskName = ( const char * ) &( pxTCB->pcTaskName [ 0 ] );
3502:Middlewares/Third_Party/FreeRTOS/Source/tasks.c **** 		pxTaskStatus->uxCurrentPriority = pxTCB->uxPriority;
3503:Middlewares/Third_Party/FreeRTOS/Source/tasks.c **** 		pxTaskStatus->pxStackBase = pxTCB->pxStack;
3504:Middlewares/Third_Party/FreeRTOS/Source/tasks.c **** 		pxTaskStatus->xTaskNumber = pxTCB->uxTCBNumber;
3505:Middlewares/Third_Party/FreeRTOS/Source/tasks.c **** 
3506:Middlewares/Third_Party/FreeRTOS/Source/tasks.c **** 		#if ( configUSE_MUTEXES == 1 )
3507:Middlewares/Third_Party/FreeRTOS/Source/tasks.c **** 		{
3508:Middlewares/Third_Party/FreeRTOS/Source/tasks.c **** 			pxTaskStatus->uxBasePriority = pxTCB->uxBasePriority;
3509:Middlewares/Third_Party/FreeRTOS/Source/tasks.c **** 		}
3510:Middlewares/Third_Party/FreeRTOS/Source/tasks.c **** 		#else
3511:Middlewares/Third_Party/FreeRTOS/Source/tasks.c **** 		{
3512:Middlewares/Third_Party/FreeRTOS/Source/tasks.c **** 			pxTaskStatus->uxBasePriority = 0;
3513:Middlewares/Third_Party/FreeRTOS/Source/tasks.c **** 		}
3514:Middlewares/Third_Party/FreeRTOS/Source/tasks.c **** 		#endif
3515:Middlewares/Third_Party/FreeRTOS/Source/tasks.c **** 
3516:Middlewares/Third_Party/FreeRTOS/Source/tasks.c **** 		#if ( configGENERATE_RUN_TIME_STATS == 1 )
3517:Middlewares/Third_Party/FreeRTOS/Source/tasks.c **** 		{
3518:Middlewares/Third_Party/FreeRTOS/Source/tasks.c **** 			pxTaskStatus->ulRunTimeCounter = pxTCB->ulRunTimeCounter;
3519:Middlewares/Third_Party/FreeRTOS/Source/tasks.c **** 		}
3520:Middlewares/Third_Party/FreeRTOS/Source/tasks.c **** 		#else
3521:Middlewares/Third_Party/FreeRTOS/Source/tasks.c **** 		{
3522:Middlewares/Third_Party/FreeRTOS/Source/tasks.c **** 			pxTaskStatus->ulRunTimeCounter = 0;
3523:Middlewares/Third_Party/FreeRTOS/Source/tasks.c **** 		}
3524:Middlewares/Third_Party/FreeRTOS/Source/tasks.c **** 		#endif
3525:Middlewares/Third_Party/FreeRTOS/Source/tasks.c **** 
3526:Middlewares/Third_Party/FreeRTOS/Source/tasks.c **** 		/* Obtaining the task state is a little fiddly, so is only done if the
3527:Middlewares/Third_Party/FreeRTOS/Source/tasks.c **** 		value of eState passed into this function is eInvalid - otherwise the
3528:Middlewares/Third_Party/FreeRTOS/Source/tasks.c **** 		state is just set to whatever is passed in. */
3529:Middlewares/Third_Party/FreeRTOS/Source/tasks.c **** 		if( eState != eInvalid )
3530:Middlewares/Third_Party/FreeRTOS/Source/tasks.c **** 		{
3531:Middlewares/Third_Party/FreeRTOS/Source/tasks.c **** 			if( pxTCB == pxCurrentTCB )
3532:Middlewares/Third_Party/FreeRTOS/Source/tasks.c **** 			{
3533:Middlewares/Third_Party/FreeRTOS/Source/tasks.c **** 				pxTaskStatus->eCurrentState = eRunning;
3534:Middlewares/Third_Party/FreeRTOS/Source/tasks.c **** 			}
3535:Middlewares/Third_Party/FreeRTOS/Source/tasks.c **** 			else
3536:Middlewares/Third_Party/FreeRTOS/Source/tasks.c **** 			{
3537:Middlewares/Third_Party/FreeRTOS/Source/tasks.c **** 				pxTaskStatus->eCurrentState = eState;
3538:Middlewares/Third_Party/FreeRTOS/Source/tasks.c **** 
3539:Middlewares/Third_Party/FreeRTOS/Source/tasks.c **** 				#if ( INCLUDE_vTaskSuspend == 1 )
3540:Middlewares/Third_Party/FreeRTOS/Source/tasks.c **** 				{
3541:Middlewares/Third_Party/FreeRTOS/Source/tasks.c **** 					/* If the task is in the suspended list then there is a
3542:Middlewares/Third_Party/FreeRTOS/Source/tasks.c **** 					chance it is actually just blocked indefinitely - so really
3543:Middlewares/Third_Party/FreeRTOS/Source/tasks.c **** 					it should be reported as being in the Blocked state. */
3544:Middlewares/Third_Party/FreeRTOS/Source/tasks.c **** 					if( eState == eSuspended )
3545:Middlewares/Third_Party/FreeRTOS/Source/tasks.c **** 					{
3546:Middlewares/Third_Party/FreeRTOS/Source/tasks.c **** 						vTaskSuspendAll();
3547:Middlewares/Third_Party/FreeRTOS/Source/tasks.c **** 						{
3548:Middlewares/Third_Party/FreeRTOS/Source/tasks.c **** 							if( listLIST_ITEM_CONTAINER( &( pxTCB->xEventListItem ) ) != NULL )
3549:Middlewares/Third_Party/FreeRTOS/Source/tasks.c **** 							{
3550:Middlewares/Third_Party/FreeRTOS/Source/tasks.c **** 								pxTaskStatus->eCurrentState = eBlocked;
3551:Middlewares/Third_Party/FreeRTOS/Source/tasks.c **** 							}
3552:Middlewares/Third_Party/FreeRTOS/Source/tasks.c **** 						}
ARM GAS  /tmp/ccshf83P.s 			page 69


3553:Middlewares/Third_Party/FreeRTOS/Source/tasks.c **** 						( void ) xTaskResumeAll();
3554:Middlewares/Third_Party/FreeRTOS/Source/tasks.c **** 					}
3555:Middlewares/Third_Party/FreeRTOS/Source/tasks.c **** 				}
3556:Middlewares/Third_Party/FreeRTOS/Source/tasks.c **** 				#endif /* INCLUDE_vTaskSuspend */
3557:Middlewares/Third_Party/FreeRTOS/Source/tasks.c **** 			}
3558:Middlewares/Third_Party/FreeRTOS/Source/tasks.c **** 		}
3559:Middlewares/Third_Party/FreeRTOS/Source/tasks.c **** 		else
3560:Middlewares/Third_Party/FreeRTOS/Source/tasks.c **** 		{
3561:Middlewares/Third_Party/FreeRTOS/Source/tasks.c **** 			pxTaskStatus->eCurrentState = eTaskGetState( pxTCB );
3562:Middlewares/Third_Party/FreeRTOS/Source/tasks.c **** 		}
3563:Middlewares/Third_Party/FreeRTOS/Source/tasks.c **** 
3564:Middlewares/Third_Party/FreeRTOS/Source/tasks.c **** 		/* Obtaining the stack space takes some time, so the xGetFreeStackSpace
3565:Middlewares/Third_Party/FreeRTOS/Source/tasks.c **** 		parameter is provided to allow it to be skipped. */
3566:Middlewares/Third_Party/FreeRTOS/Source/tasks.c **** 		if( xGetFreeStackSpace != pdFALSE )
3567:Middlewares/Third_Party/FreeRTOS/Source/tasks.c **** 		{
3568:Middlewares/Third_Party/FreeRTOS/Source/tasks.c **** 			#if ( portSTACK_GROWTH > 0 )
3569:Middlewares/Third_Party/FreeRTOS/Source/tasks.c **** 			{
3570:Middlewares/Third_Party/FreeRTOS/Source/tasks.c **** 				pxTaskStatus->usStackHighWaterMark = prvTaskCheckFreeStackSpace( ( uint8_t * ) pxTCB->pxEndOfSt
3571:Middlewares/Third_Party/FreeRTOS/Source/tasks.c **** 			}
3572:Middlewares/Third_Party/FreeRTOS/Source/tasks.c **** 			#else
3573:Middlewares/Third_Party/FreeRTOS/Source/tasks.c **** 			{
3574:Middlewares/Third_Party/FreeRTOS/Source/tasks.c **** 				pxTaskStatus->usStackHighWaterMark = prvTaskCheckFreeStackSpace( ( uint8_t * ) pxTCB->pxStack )
3575:Middlewares/Third_Party/FreeRTOS/Source/tasks.c **** 			}
3576:Middlewares/Third_Party/FreeRTOS/Source/tasks.c **** 			#endif
3577:Middlewares/Third_Party/FreeRTOS/Source/tasks.c **** 		}
3578:Middlewares/Third_Party/FreeRTOS/Source/tasks.c **** 		else
3579:Middlewares/Third_Party/FreeRTOS/Source/tasks.c **** 		{
3580:Middlewares/Third_Party/FreeRTOS/Source/tasks.c **** 			pxTaskStatus->usStackHighWaterMark = 0;
3581:Middlewares/Third_Party/FreeRTOS/Source/tasks.c **** 		}
3582:Middlewares/Third_Party/FreeRTOS/Source/tasks.c **** 	}
3583:Middlewares/Third_Party/FreeRTOS/Source/tasks.c **** 
3584:Middlewares/Third_Party/FreeRTOS/Source/tasks.c **** #endif /* configUSE_TRACE_FACILITY */
3585:Middlewares/Third_Party/FreeRTOS/Source/tasks.c **** /*-----------------------------------------------------------*/
3586:Middlewares/Third_Party/FreeRTOS/Source/tasks.c **** 
3587:Middlewares/Third_Party/FreeRTOS/Source/tasks.c **** #if ( configUSE_TRACE_FACILITY == 1 )
3588:Middlewares/Third_Party/FreeRTOS/Source/tasks.c **** 
3589:Middlewares/Third_Party/FreeRTOS/Source/tasks.c **** 	static UBaseType_t prvListTasksWithinSingleList( TaskStatus_t *pxTaskStatusArray, List_t *pxList, 
3590:Middlewares/Third_Party/FreeRTOS/Source/tasks.c **** 	{
3591:Middlewares/Third_Party/FreeRTOS/Source/tasks.c **** 	configLIST_VOLATILE TCB_t *pxNextTCB, *pxFirstTCB;
3592:Middlewares/Third_Party/FreeRTOS/Source/tasks.c **** 	UBaseType_t uxTask = 0;
3593:Middlewares/Third_Party/FreeRTOS/Source/tasks.c **** 
3594:Middlewares/Third_Party/FreeRTOS/Source/tasks.c **** 		if( listCURRENT_LIST_LENGTH( pxList ) > ( UBaseType_t ) 0 )
3595:Middlewares/Third_Party/FreeRTOS/Source/tasks.c **** 		{
3596:Middlewares/Third_Party/FreeRTOS/Source/tasks.c **** 			listGET_OWNER_OF_NEXT_ENTRY( pxFirstTCB, pxList );
3597:Middlewares/Third_Party/FreeRTOS/Source/tasks.c **** 
3598:Middlewares/Third_Party/FreeRTOS/Source/tasks.c **** 			/* Populate an TaskStatus_t structure within the
3599:Middlewares/Third_Party/FreeRTOS/Source/tasks.c **** 			pxTaskStatusArray array for each task that is referenced from
3600:Middlewares/Third_Party/FreeRTOS/Source/tasks.c **** 			pxList.  See the definition of TaskStatus_t in task.h for the
3601:Middlewares/Third_Party/FreeRTOS/Source/tasks.c **** 			meaning of each TaskStatus_t structure member. */
3602:Middlewares/Third_Party/FreeRTOS/Source/tasks.c **** 			do
3603:Middlewares/Third_Party/FreeRTOS/Source/tasks.c **** 			{
3604:Middlewares/Third_Party/FreeRTOS/Source/tasks.c **** 				listGET_OWNER_OF_NEXT_ENTRY( pxNextTCB, pxList );
3605:Middlewares/Third_Party/FreeRTOS/Source/tasks.c **** 				vTaskGetInfo( ( TaskHandle_t ) pxNextTCB, &( pxTaskStatusArray[ uxTask ] ), pdTRUE, eState );
3606:Middlewares/Third_Party/FreeRTOS/Source/tasks.c **** 				uxTask++;
3607:Middlewares/Third_Party/FreeRTOS/Source/tasks.c **** 			} while( pxNextTCB != pxFirstTCB );
3608:Middlewares/Third_Party/FreeRTOS/Source/tasks.c **** 		}
3609:Middlewares/Third_Party/FreeRTOS/Source/tasks.c **** 		else
ARM GAS  /tmp/ccshf83P.s 			page 70


3610:Middlewares/Third_Party/FreeRTOS/Source/tasks.c **** 		{
3611:Middlewares/Third_Party/FreeRTOS/Source/tasks.c **** 			mtCOVERAGE_TEST_MARKER();
3612:Middlewares/Third_Party/FreeRTOS/Source/tasks.c **** 		}
3613:Middlewares/Third_Party/FreeRTOS/Source/tasks.c **** 
3614:Middlewares/Third_Party/FreeRTOS/Source/tasks.c **** 		return uxTask;
3615:Middlewares/Third_Party/FreeRTOS/Source/tasks.c **** 	}
3616:Middlewares/Third_Party/FreeRTOS/Source/tasks.c **** 
3617:Middlewares/Third_Party/FreeRTOS/Source/tasks.c **** #endif /* configUSE_TRACE_FACILITY */
3618:Middlewares/Third_Party/FreeRTOS/Source/tasks.c **** /*-----------------------------------------------------------*/
3619:Middlewares/Third_Party/FreeRTOS/Source/tasks.c **** 
3620:Middlewares/Third_Party/FreeRTOS/Source/tasks.c **** #if ( ( configUSE_TRACE_FACILITY == 1 ) || ( INCLUDE_uxTaskGetStackHighWaterMark == 1 ) )
3621:Middlewares/Third_Party/FreeRTOS/Source/tasks.c **** 
3622:Middlewares/Third_Party/FreeRTOS/Source/tasks.c **** 	static uint16_t prvTaskCheckFreeStackSpace( const uint8_t * pucStackByte )
3623:Middlewares/Third_Party/FreeRTOS/Source/tasks.c **** 	{
 124              		.loc 1 3623 2 is_stmt 1 view -0
 125              		.cfi_startproc
 126              		@ args = 0, pretend = 0, frame = 0
 127              		@ frame_needed = 0, uses_anonymous_args = 0
 128              		@ link register save eliminated.
3624:Middlewares/Third_Party/FreeRTOS/Source/tasks.c **** 	uint32_t ulCount = 0U;
 129              		.loc 1 3624 2 view .LVU30
3625:Middlewares/Third_Party/FreeRTOS/Source/tasks.c **** 
3626:Middlewares/Third_Party/FreeRTOS/Source/tasks.c **** 		while( *pucStackByte == ( uint8_t ) tskSTACK_FILL_BYTE )
 130              		.loc 1 3626 3 view .LVU31
3624:Middlewares/Third_Party/FreeRTOS/Source/tasks.c **** 	uint32_t ulCount = 0U;
 131              		.loc 1 3624 11 is_stmt 0 view .LVU32
 132 0000 0023     		movs	r3, #0
 133              		.loc 1 3626 8 view .LVU33
 134 0002 01E0     		b	.L13
 135              	.LVL9:
 136              	.L14:
3627:Middlewares/Third_Party/FreeRTOS/Source/tasks.c **** 		{
3628:Middlewares/Third_Party/FreeRTOS/Source/tasks.c **** 			pucStackByte -= portSTACK_GROWTH;
 137              		.loc 1 3628 4 is_stmt 1 view .LVU34
 138              		.loc 1 3628 17 is_stmt 0 view .LVU35
 139 0004 0130     		adds	r0, r0, #1
 140              	.LVL10:
3629:Middlewares/Third_Party/FreeRTOS/Source/tasks.c **** 			ulCount++;
 141              		.loc 1 3629 4 is_stmt 1 view .LVU36
 142              		.loc 1 3629 11 is_stmt 0 view .LVU37
 143 0006 0133     		adds	r3, r3, #1
 144              	.LVL11:
 145              	.L13:
3626:Middlewares/Third_Party/FreeRTOS/Source/tasks.c **** 		{
 146              		.loc 1 3626 24 is_stmt 1 view .LVU38
3626:Middlewares/Third_Party/FreeRTOS/Source/tasks.c **** 		{
 147              		.loc 1 3626 10 is_stmt 0 view .LVU39
 148 0008 0278     		ldrb	r2, [r0]	@ zero_extendqisi2
3626:Middlewares/Third_Party/FreeRTOS/Source/tasks.c **** 		{
 149              		.loc 1 3626 24 view .LVU40
 150 000a A52A     		cmp	r2, #165
 151 000c FAD0     		beq	.L14
3630:Middlewares/Third_Party/FreeRTOS/Source/tasks.c **** 		}
3631:Middlewares/Third_Party/FreeRTOS/Source/tasks.c **** 
3632:Middlewares/Third_Party/FreeRTOS/Source/tasks.c **** 		ulCount /= ( uint32_t ) sizeof( StackType_t ); /*lint !e961 Casting is not redundant on smaller a
 152              		.loc 1 3632 3 is_stmt 1 view .LVU41
 153              	.LVL12:
ARM GAS  /tmp/ccshf83P.s 			page 71


3633:Middlewares/Third_Party/FreeRTOS/Source/tasks.c **** 
3634:Middlewares/Third_Party/FreeRTOS/Source/tasks.c **** 		return ( uint16_t ) ulCount;
 154              		.loc 1 3634 3 view .LVU42
3635:Middlewares/Third_Party/FreeRTOS/Source/tasks.c **** 	}
 155              		.loc 1 3635 2 is_stmt 0 view .LVU43
 156 000e C3F38F00 		ubfx	r0, r3, #2, #16
 157              	.LVL13:
 158              		.loc 1 3635 2 view .LVU44
 159 0012 7047     		bx	lr
 160              		.cfi_endproc
 161              	.LFE46:
 163              		.section	.text.prvResetNextTaskUnblockTime,"ax",%progbits
 164              		.align	1
 165              		.syntax unified
 166              		.thumb
 167              		.thumb_func
 169              	prvResetNextTaskUnblockTime:
 170              	.LFB49:
3636:Middlewares/Third_Party/FreeRTOS/Source/tasks.c **** 
3637:Middlewares/Third_Party/FreeRTOS/Source/tasks.c **** #endif /* ( ( configUSE_TRACE_FACILITY == 1 ) || ( INCLUDE_uxTaskGetStackHighWaterMark == 1 ) ) */
3638:Middlewares/Third_Party/FreeRTOS/Source/tasks.c **** /*-----------------------------------------------------------*/
3639:Middlewares/Third_Party/FreeRTOS/Source/tasks.c **** 
3640:Middlewares/Third_Party/FreeRTOS/Source/tasks.c **** #if ( INCLUDE_uxTaskGetStackHighWaterMark == 1 )
3641:Middlewares/Third_Party/FreeRTOS/Source/tasks.c **** 
3642:Middlewares/Third_Party/FreeRTOS/Source/tasks.c **** 	UBaseType_t uxTaskGetStackHighWaterMark( TaskHandle_t xTask )
3643:Middlewares/Third_Party/FreeRTOS/Source/tasks.c **** 	{
3644:Middlewares/Third_Party/FreeRTOS/Source/tasks.c **** 	TCB_t *pxTCB;
3645:Middlewares/Third_Party/FreeRTOS/Source/tasks.c **** 	uint8_t *pucEndOfStack;
3646:Middlewares/Third_Party/FreeRTOS/Source/tasks.c **** 	UBaseType_t uxReturn;
3647:Middlewares/Third_Party/FreeRTOS/Source/tasks.c **** 
3648:Middlewares/Third_Party/FreeRTOS/Source/tasks.c **** 		pxTCB = prvGetTCBFromHandle( xTask );
3649:Middlewares/Third_Party/FreeRTOS/Source/tasks.c **** 
3650:Middlewares/Third_Party/FreeRTOS/Source/tasks.c **** 		#if portSTACK_GROWTH < 0
3651:Middlewares/Third_Party/FreeRTOS/Source/tasks.c **** 		{
3652:Middlewares/Third_Party/FreeRTOS/Source/tasks.c **** 			pucEndOfStack = ( uint8_t * ) pxTCB->pxStack;
3653:Middlewares/Third_Party/FreeRTOS/Source/tasks.c **** 		}
3654:Middlewares/Third_Party/FreeRTOS/Source/tasks.c **** 		#else
3655:Middlewares/Third_Party/FreeRTOS/Source/tasks.c **** 		{
3656:Middlewares/Third_Party/FreeRTOS/Source/tasks.c **** 			pucEndOfStack = ( uint8_t * ) pxTCB->pxEndOfStack;
3657:Middlewares/Third_Party/FreeRTOS/Source/tasks.c **** 		}
3658:Middlewares/Third_Party/FreeRTOS/Source/tasks.c **** 		#endif
3659:Middlewares/Third_Party/FreeRTOS/Source/tasks.c **** 
3660:Middlewares/Third_Party/FreeRTOS/Source/tasks.c **** 		uxReturn = ( UBaseType_t ) prvTaskCheckFreeStackSpace( pucEndOfStack );
3661:Middlewares/Third_Party/FreeRTOS/Source/tasks.c **** 
3662:Middlewares/Third_Party/FreeRTOS/Source/tasks.c **** 		return uxReturn;
3663:Middlewares/Third_Party/FreeRTOS/Source/tasks.c **** 	}
3664:Middlewares/Third_Party/FreeRTOS/Source/tasks.c **** 
3665:Middlewares/Third_Party/FreeRTOS/Source/tasks.c **** #endif /* INCLUDE_uxTaskGetStackHighWaterMark */
3666:Middlewares/Third_Party/FreeRTOS/Source/tasks.c **** /*-----------------------------------------------------------*/
3667:Middlewares/Third_Party/FreeRTOS/Source/tasks.c **** 
3668:Middlewares/Third_Party/FreeRTOS/Source/tasks.c **** #if ( INCLUDE_vTaskDelete == 1 )
3669:Middlewares/Third_Party/FreeRTOS/Source/tasks.c **** 
3670:Middlewares/Third_Party/FreeRTOS/Source/tasks.c **** 	static void prvDeleteTCB( TCB_t *pxTCB )
3671:Middlewares/Third_Party/FreeRTOS/Source/tasks.c **** 	{
3672:Middlewares/Third_Party/FreeRTOS/Source/tasks.c **** 		/* This call is required specifically for the TriCore port.  It must be
3673:Middlewares/Third_Party/FreeRTOS/Source/tasks.c **** 		above the vPortFree() calls.  The call is also used by ports/demos that
3674:Middlewares/Third_Party/FreeRTOS/Source/tasks.c **** 		want to allocate and clean RAM statically. */
ARM GAS  /tmp/ccshf83P.s 			page 72


3675:Middlewares/Third_Party/FreeRTOS/Source/tasks.c **** 		portCLEAN_UP_TCB( pxTCB );
3676:Middlewares/Third_Party/FreeRTOS/Source/tasks.c **** 
3677:Middlewares/Third_Party/FreeRTOS/Source/tasks.c **** 		/* Free up the memory allocated by the scheduler for the task.  It is up
3678:Middlewares/Third_Party/FreeRTOS/Source/tasks.c **** 		to the task to free any memory allocated at the application level. */
3679:Middlewares/Third_Party/FreeRTOS/Source/tasks.c **** 		#if ( configUSE_NEWLIB_REENTRANT == 1 )
3680:Middlewares/Third_Party/FreeRTOS/Source/tasks.c **** 		{
3681:Middlewares/Third_Party/FreeRTOS/Source/tasks.c **** 			_reclaim_reent( &( pxTCB->xNewLib_reent ) );
3682:Middlewares/Third_Party/FreeRTOS/Source/tasks.c **** 		}
3683:Middlewares/Third_Party/FreeRTOS/Source/tasks.c **** 		#endif /* configUSE_NEWLIB_REENTRANT */
3684:Middlewares/Third_Party/FreeRTOS/Source/tasks.c **** 
3685:Middlewares/Third_Party/FreeRTOS/Source/tasks.c **** 		#if( ( configSUPPORT_DYNAMIC_ALLOCATION == 1 ) && ( configSUPPORT_STATIC_ALLOCATION == 0 ) && ( p
3686:Middlewares/Third_Party/FreeRTOS/Source/tasks.c **** 		{
3687:Middlewares/Third_Party/FreeRTOS/Source/tasks.c **** 			/* The task can only have been allocated dynamically - free both
3688:Middlewares/Third_Party/FreeRTOS/Source/tasks.c **** 			the stack and TCB. */
3689:Middlewares/Third_Party/FreeRTOS/Source/tasks.c **** 			vPortFree( pxTCB->pxStack );
3690:Middlewares/Third_Party/FreeRTOS/Source/tasks.c **** 			vPortFree( pxTCB );
3691:Middlewares/Third_Party/FreeRTOS/Source/tasks.c **** 		}
3692:Middlewares/Third_Party/FreeRTOS/Source/tasks.c **** 		#elif( tskSTATIC_AND_DYNAMIC_ALLOCATION_POSSIBLE != 0 ) /*lint !e731 Macro has been consolidated 
3693:Middlewares/Third_Party/FreeRTOS/Source/tasks.c **** 		{
3694:Middlewares/Third_Party/FreeRTOS/Source/tasks.c **** 			/* The task could have been allocated statically or dynamically, so
3695:Middlewares/Third_Party/FreeRTOS/Source/tasks.c **** 			check what was statically allocated before trying to free the
3696:Middlewares/Third_Party/FreeRTOS/Source/tasks.c **** 			memory. */
3697:Middlewares/Third_Party/FreeRTOS/Source/tasks.c **** 			if( pxTCB->ucStaticallyAllocated == tskDYNAMICALLY_ALLOCATED_STACK_AND_TCB )
3698:Middlewares/Third_Party/FreeRTOS/Source/tasks.c **** 			{
3699:Middlewares/Third_Party/FreeRTOS/Source/tasks.c **** 				/* Both the stack and TCB were allocated dynamically, so both
3700:Middlewares/Third_Party/FreeRTOS/Source/tasks.c **** 				must be freed. */
3701:Middlewares/Third_Party/FreeRTOS/Source/tasks.c **** 				vPortFree( pxTCB->pxStack );
3702:Middlewares/Third_Party/FreeRTOS/Source/tasks.c **** 				vPortFree( pxTCB );
3703:Middlewares/Third_Party/FreeRTOS/Source/tasks.c **** 			}
3704:Middlewares/Third_Party/FreeRTOS/Source/tasks.c **** 			else if( pxTCB->ucStaticallyAllocated == tskSTATICALLY_ALLOCATED_STACK_ONLY )
3705:Middlewares/Third_Party/FreeRTOS/Source/tasks.c **** 			{
3706:Middlewares/Third_Party/FreeRTOS/Source/tasks.c **** 				/* Only the stack was statically allocated, so the TCB is the
3707:Middlewares/Third_Party/FreeRTOS/Source/tasks.c **** 				only memory that must be freed. */
3708:Middlewares/Third_Party/FreeRTOS/Source/tasks.c **** 				vPortFree( pxTCB );
3709:Middlewares/Third_Party/FreeRTOS/Source/tasks.c **** 			}
3710:Middlewares/Third_Party/FreeRTOS/Source/tasks.c **** 			else
3711:Middlewares/Third_Party/FreeRTOS/Source/tasks.c **** 			{
3712:Middlewares/Third_Party/FreeRTOS/Source/tasks.c **** 				/* Neither the stack nor the TCB were allocated dynamically, so
3713:Middlewares/Third_Party/FreeRTOS/Source/tasks.c **** 				nothing needs to be freed. */
3714:Middlewares/Third_Party/FreeRTOS/Source/tasks.c **** 				configASSERT( pxTCB->ucStaticallyAllocated == tskSTATICALLY_ALLOCATED_STACK_AND_TCB	);
3715:Middlewares/Third_Party/FreeRTOS/Source/tasks.c **** 				mtCOVERAGE_TEST_MARKER();
3716:Middlewares/Third_Party/FreeRTOS/Source/tasks.c **** 			}
3717:Middlewares/Third_Party/FreeRTOS/Source/tasks.c **** 		}
3718:Middlewares/Third_Party/FreeRTOS/Source/tasks.c **** 		#endif /* configSUPPORT_DYNAMIC_ALLOCATION */
3719:Middlewares/Third_Party/FreeRTOS/Source/tasks.c **** 	}
3720:Middlewares/Third_Party/FreeRTOS/Source/tasks.c **** 
3721:Middlewares/Third_Party/FreeRTOS/Source/tasks.c **** #endif /* INCLUDE_vTaskDelete */
3722:Middlewares/Third_Party/FreeRTOS/Source/tasks.c **** /*-----------------------------------------------------------*/
3723:Middlewares/Third_Party/FreeRTOS/Source/tasks.c **** 
3724:Middlewares/Third_Party/FreeRTOS/Source/tasks.c **** static void prvResetNextTaskUnblockTime( void )
3725:Middlewares/Third_Party/FreeRTOS/Source/tasks.c **** {
 171              		.loc 1 3725 1 is_stmt 1 view -0
 172              		.cfi_startproc
 173              		@ args = 0, pretend = 0, frame = 0
 174              		@ frame_needed = 0, uses_anonymous_args = 0
 175              		@ link register save eliminated.
3726:Middlewares/Third_Party/FreeRTOS/Source/tasks.c **** TCB_t *pxTCB;
ARM GAS  /tmp/ccshf83P.s 			page 73


 176              		.loc 1 3726 1 view .LVU46
3727:Middlewares/Third_Party/FreeRTOS/Source/tasks.c **** 
3728:Middlewares/Third_Party/FreeRTOS/Source/tasks.c **** 	if( listLIST_IS_EMPTY( pxDelayedTaskList ) != pdFALSE )
 177              		.loc 1 3728 2 view .LVU47
 178              		.loc 1 3728 6 is_stmt 0 view .LVU48
 179 0000 084B     		ldr	r3, .L18
 180 0002 1B68     		ldr	r3, [r3]
 181 0004 1B68     		ldr	r3, [r3]
 182              		.loc 1 3728 45 view .LVU49
 183 0006 23B9     		cbnz	r3, .L16
3729:Middlewares/Third_Party/FreeRTOS/Source/tasks.c **** 	{
3730:Middlewares/Third_Party/FreeRTOS/Source/tasks.c **** 		/* The new current delayed list is empty.  Set xNextTaskUnblockTime to
3731:Middlewares/Third_Party/FreeRTOS/Source/tasks.c **** 		the maximum possible value so it is	extremely unlikely that the
3732:Middlewares/Third_Party/FreeRTOS/Source/tasks.c **** 		if( xTickCount >= xNextTaskUnblockTime ) test will pass until
3733:Middlewares/Third_Party/FreeRTOS/Source/tasks.c **** 		there is an item in the delayed list. */
3734:Middlewares/Third_Party/FreeRTOS/Source/tasks.c **** 		xNextTaskUnblockTime = portMAX_DELAY;
 184              		.loc 1 3734 3 is_stmt 1 view .LVU50
 185              		.loc 1 3734 24 is_stmt 0 view .LVU51
 186 0008 074B     		ldr	r3, .L18+4
 187 000a 4FF0FF32 		mov	r2, #-1
 188 000e 1A60     		str	r2, [r3]
 189 0010 7047     		bx	lr
 190              	.L16:
3735:Middlewares/Third_Party/FreeRTOS/Source/tasks.c **** 	}
3736:Middlewares/Third_Party/FreeRTOS/Source/tasks.c **** 	else
3737:Middlewares/Third_Party/FreeRTOS/Source/tasks.c **** 	{
3738:Middlewares/Third_Party/FreeRTOS/Source/tasks.c **** 		/* The new current delayed list is not empty, get the value of
3739:Middlewares/Third_Party/FreeRTOS/Source/tasks.c **** 		the item at the head of the delayed list.  This is the time at
3740:Middlewares/Third_Party/FreeRTOS/Source/tasks.c **** 		which the task at the head of the delayed list should be removed
3741:Middlewares/Third_Party/FreeRTOS/Source/tasks.c **** 		from the Blocked state. */
3742:Middlewares/Third_Party/FreeRTOS/Source/tasks.c **** 		( pxTCB ) = ( TCB_t * ) listGET_OWNER_OF_HEAD_ENTRY( pxDelayedTaskList );
 191              		.loc 1 3742 3 is_stmt 1 view .LVU52
 192              		.loc 1 3742 27 is_stmt 0 view .LVU53
 193 0012 044B     		ldr	r3, .L18
 194 0014 1B68     		ldr	r3, [r3]
 195 0016 DB68     		ldr	r3, [r3, #12]
 196              		.loc 1 3742 13 view .LVU54
 197 0018 DB68     		ldr	r3, [r3, #12]
 198              	.LVL14:
3743:Middlewares/Third_Party/FreeRTOS/Source/tasks.c **** 		xNextTaskUnblockTime = listGET_LIST_ITEM_VALUE( &( ( pxTCB )->xStateListItem ) );
 199              		.loc 1 3743 3 is_stmt 1 view .LVU55
 200              		.loc 1 3743 26 is_stmt 0 view .LVU56
 201 001a 5A68     		ldr	r2, [r3, #4]
 202              		.loc 1 3743 24 view .LVU57
 203 001c 024B     		ldr	r3, .L18+4
 204              	.LVL15:
 205              		.loc 1 3743 24 view .LVU58
 206 001e 1A60     		str	r2, [r3]
3744:Middlewares/Third_Party/FreeRTOS/Source/tasks.c **** 	}
3745:Middlewares/Third_Party/FreeRTOS/Source/tasks.c **** }
 207              		.loc 1 3745 1 view .LVU59
 208 0020 7047     		bx	lr
 209              	.L19:
 210 0022 00BF     		.align	2
 211              	.L18:
 212 0024 00000000 		.word	pxDelayedTaskList
 213 0028 00000000 		.word	xNextTaskUnblockTime
ARM GAS  /tmp/ccshf83P.s 			page 74


 214              		.cfi_endproc
 215              	.LFE49:
 217              		.section	.text.prvInitialiseNewTask,"ax",%progbits
 218              		.align	1
 219              		.syntax unified
 220              		.thumb
 221              		.thumb_func
 223              	prvInitialiseNewTask:
 224              	.LVL16:
 225              	.LFB6:
 825:Middlewares/Third_Party/FreeRTOS/Source/tasks.c **** StackType_t *pxTopOfStack;
 226              		.loc 1 825 1 is_stmt 1 view -0
 227              		.cfi_startproc
 228              		@ args = 16, pretend = 0, frame = 0
 229              		@ frame_needed = 0, uses_anonymous_args = 0
 825:Middlewares/Third_Party/FreeRTOS/Source/tasks.c **** StackType_t *pxTopOfStack;
 230              		.loc 1 825 1 is_stmt 0 view .LVU61
 231 0000 2DE9F047 		push	{r4, r5, r6, r7, r8, r9, r10, lr}
 232              		.cfi_def_cfa_offset 32
 233              		.cfi_offset 4, -32
 234              		.cfi_offset 5, -28
 235              		.cfi_offset 6, -24
 236              		.cfi_offset 7, -20
 237              		.cfi_offset 8, -16
 238              		.cfi_offset 9, -12
 239              		.cfi_offset 10, -8
 240              		.cfi_offset 14, -4
 241 0004 8046     		mov	r8, r0
 242 0006 0D46     		mov	r5, r1
 243 0008 1746     		mov	r7, r2
 244 000a 9946     		mov	r9, r3
 245 000c 089E     		ldr	r6, [sp, #32]
 246 000e DDF824A0 		ldr	r10, [sp, #36]
 247 0012 0A9C     		ldr	r4, [sp, #40]
 826:Middlewares/Third_Party/FreeRTOS/Source/tasks.c **** UBaseType_t x;
 248              		.loc 1 826 1 is_stmt 1 view .LVU62
 827:Middlewares/Third_Party/FreeRTOS/Source/tasks.c **** 
 249              		.loc 1 827 1 view .LVU63
 847:Middlewares/Third_Party/FreeRTOS/Source/tasks.c **** 	}
 250              		.loc 1 847 3 view .LVU64
 847:Middlewares/Third_Party/FreeRTOS/Source/tasks.c **** 	}
 251              		.loc 1 847 12 is_stmt 0 view .LVU65
 252 0014 9200     		lsls	r2, r2, #2
 253              	.LVL17:
 847:Middlewares/Third_Party/FreeRTOS/Source/tasks.c **** 	}
 254              		.loc 1 847 12 view .LVU66
 255 0016 A521     		movs	r1, #165
 256              	.LVL18:
 847:Middlewares/Third_Party/FreeRTOS/Source/tasks.c **** 	}
 257              		.loc 1 847 12 view .LVU67
 258 0018 206B     		ldr	r0, [r4, #48]
 259              	.LVL19:
 847:Middlewares/Third_Party/FreeRTOS/Source/tasks.c **** 	}
 260              		.loc 1 847 12 view .LVU68
 261 001a FFF7FEFF 		bl	memset
 262              	.LVL20:
 857:Middlewares/Third_Party/FreeRTOS/Source/tasks.c **** 		pxTopOfStack = ( StackType_t * ) ( ( ( portPOINTER_SIZE_TYPE ) pxTopOfStack ) & ( ~( ( portPOINTE
ARM GAS  /tmp/ccshf83P.s 			page 75


 263              		.loc 1 857 3 is_stmt 1 view .LVU69
 857:Middlewares/Third_Party/FreeRTOS/Source/tasks.c **** 		pxTopOfStack = ( StackType_t * ) ( ( ( portPOINTER_SIZE_TYPE ) pxTopOfStack ) & ( ~( ( portPOINTE
 264              		.loc 1 857 26 is_stmt 0 view .LVU70
 265 001e 236B     		ldr	r3, [r4, #48]
 857:Middlewares/Third_Party/FreeRTOS/Source/tasks.c **** 		pxTopOfStack = ( StackType_t * ) ( ( ( portPOINTER_SIZE_TYPE ) pxTopOfStack ) & ( ~( ( portPOINTE
 266              		.loc 1 857 36 view .LVU71
 267 0020 07F18042 		add	r2, r7, #1073741824
 268 0024 013A     		subs	r2, r2, #1
 857:Middlewares/Third_Party/FreeRTOS/Source/tasks.c **** 		pxTopOfStack = ( StackType_t * ) ( ( ( portPOINTER_SIZE_TYPE ) pxTopOfStack ) & ( ~( ( portPOINTE
 269              		.loc 1 857 16 view .LVU72
 270 0026 03EB8207 		add	r7, r3, r2, lsl #2
 271              	.LVL21:
 858:Middlewares/Third_Party/FreeRTOS/Source/tasks.c **** 
 272              		.loc 1 858 3 is_stmt 1 view .LVU73
 858:Middlewares/Third_Party/FreeRTOS/Source/tasks.c **** 
 273              		.loc 1 858 81 is_stmt 0 view .LVU74
 274 002a 27F00707 		bic	r7, r7, #7
 275              	.LVL22:
 861:Middlewares/Third_Party/FreeRTOS/Source/tasks.c **** 
 276              		.loc 1 861 3 is_stmt 1 view .LVU75
 861:Middlewares/Third_Party/FreeRTOS/Source/tasks.c **** 
 277              		.loc 1 861 124 discriminator 2 view .LVU76
 885:Middlewares/Third_Party/FreeRTOS/Source/tasks.c **** 	{
 278              		.loc 1 885 2 view .LVU77
 885:Middlewares/Third_Party/FreeRTOS/Source/tasks.c **** 	{
 279              		.loc 1 885 9 is_stmt 0 view .LVU78
 280 002e 4FF0000C 		mov	ip, #0
 281              	.LVL23:
 282              	.L21:
 885:Middlewares/Third_Party/FreeRTOS/Source/tasks.c **** 	{
 283              		.loc 1 885 32 is_stmt 1 discriminator 1 view .LVU79
 284 0032 BCF10F0F 		cmp	ip, #15
 285 0036 09D8     		bhi	.L22
 887:Middlewares/Third_Party/FreeRTOS/Source/tasks.c **** 
 286              		.loc 1 887 3 view .LVU80
 887:Middlewares/Third_Party/FreeRTOS/Source/tasks.c **** 
 287              		.loc 1 887 37 is_stmt 0 view .LVU81
 288 0038 15F80C30 		ldrb	r3, [r5, ip]	@ zero_extendqisi2
 887:Middlewares/Third_Party/FreeRTOS/Source/tasks.c **** 
 289              		.loc 1 887 29 view .LVU82
 290 003c 04EB0C02 		add	r2, r4, ip
 291 0040 82F83430 		strb	r3, [r2, #52]
 892:Middlewares/Third_Party/FreeRTOS/Source/tasks.c **** 		{
 292              		.loc 1 892 3 is_stmt 1 view .LVU83
 892:Middlewares/Third_Party/FreeRTOS/Source/tasks.c **** 		{
 293              		.loc 1 892 5 is_stmt 0 view .LVU84
 294 0044 13B1     		cbz	r3, .L22
 898:Middlewares/Third_Party/FreeRTOS/Source/tasks.c **** 		}
 295              		.loc 1 898 28 is_stmt 1 view .LVU85
 885:Middlewares/Third_Party/FreeRTOS/Source/tasks.c **** 	{
 296              		.loc 1 885 76 discriminator 2 view .LVU86
 297 0046 0CF1010C 		add	ip, ip, #1
 298              	.LVL24:
 885:Middlewares/Third_Party/FreeRTOS/Source/tasks.c **** 	{
 299              		.loc 1 885 76 is_stmt 0 discriminator 2 view .LVU87
 300 004a F2E7     		b	.L21
 301              	.L22:
ARM GAS  /tmp/ccshf83P.s 			page 76


 904:Middlewares/Third_Party/FreeRTOS/Source/tasks.c **** 
 302              		.loc 1 904 2 is_stmt 1 view .LVU88
 904:Middlewares/Third_Party/FreeRTOS/Source/tasks.c **** 
 303              		.loc 1 904 54 is_stmt 0 view .LVU89
 304 004c 0023     		movs	r3, #0
 305 004e 84F84330 		strb	r3, [r4, #67]
 908:Middlewares/Third_Party/FreeRTOS/Source/tasks.c **** 	{
 306              		.loc 1 908 2 is_stmt 1 view .LVU90
 908:Middlewares/Third_Party/FreeRTOS/Source/tasks.c **** 	{
 307              		.loc 1 908 4 is_stmt 0 view .LVU91
 308 0052 372E     		cmp	r6, #55
 309 0054 00D9     		bls	.L24
 910:Middlewares/Third_Party/FreeRTOS/Source/tasks.c **** 	}
 310              		.loc 1 910 14 view .LVU92
 311 0056 3726     		movs	r6, #55
 312              	.L24:
 313              	.LVL25:
 914:Middlewares/Third_Party/FreeRTOS/Source/tasks.c **** 	}
 314              		.loc 1 914 27 is_stmt 1 view .LVU93
 917:Middlewares/Third_Party/FreeRTOS/Source/tasks.c **** 	#if ( configUSE_MUTEXES == 1 )
 315              		.loc 1 917 2 view .LVU94
 917:Middlewares/Third_Party/FreeRTOS/Source/tasks.c **** 	#if ( configUSE_MUTEXES == 1 )
 316              		.loc 1 917 23 is_stmt 0 view .LVU95
 317 0058 E662     		str	r6, [r4, #44]
 920:Middlewares/Third_Party/FreeRTOS/Source/tasks.c **** 		pxNewTCB->uxMutexesHeld = 0;
 318              		.loc 1 920 3 is_stmt 1 view .LVU96
 920:Middlewares/Third_Party/FreeRTOS/Source/tasks.c **** 		pxNewTCB->uxMutexesHeld = 0;
 319              		.loc 1 920 28 is_stmt 0 view .LVU97
 320 005a E664     		str	r6, [r4, #76]
 921:Middlewares/Third_Party/FreeRTOS/Source/tasks.c **** 	}
 321              		.loc 1 921 3 is_stmt 1 view .LVU98
 921:Middlewares/Third_Party/FreeRTOS/Source/tasks.c **** 	}
 322              		.loc 1 921 27 is_stmt 0 view .LVU99
 323 005c 0025     		movs	r5, #0
 324              	.LVL26:
 921:Middlewares/Third_Party/FreeRTOS/Source/tasks.c **** 	}
 325              		.loc 1 921 27 view .LVU100
 326 005e 2565     		str	r5, [r4, #80]
 925:Middlewares/Third_Party/FreeRTOS/Source/tasks.c **** 	vListInitialiseItem( &( pxNewTCB->xEventListItem ) );
 327              		.loc 1 925 2 is_stmt 1 view .LVU101
 328 0060 201D     		adds	r0, r4, #4
 329 0062 FFF7FEFF 		bl	vListInitialiseItem
 330              	.LVL27:
 926:Middlewares/Third_Party/FreeRTOS/Source/tasks.c **** 
 331              		.loc 1 926 2 view .LVU102
 332 0066 04F11800 		add	r0, r4, #24
 333 006a FFF7FEFF 		bl	vListInitialiseItem
 334              	.LVL28:
 930:Middlewares/Third_Party/FreeRTOS/Source/tasks.c **** 
 335              		.loc 1 930 2 view .LVU103
 336 006e 2461     		str	r4, [r4, #16]
 933:Middlewares/Third_Party/FreeRTOS/Source/tasks.c **** 	listSET_LIST_ITEM_OWNER( &( pxNewTCB->xEventListItem ), pxNewTCB );
 337              		.loc 1 933 2 view .LVU104
 338 0070 C6F13806 		rsb	r6, r6, #56
 339              	.LVL29:
 933:Middlewares/Third_Party/FreeRTOS/Source/tasks.c **** 	listSET_LIST_ITEM_OWNER( &( pxNewTCB->xEventListItem ), pxNewTCB );
 340              		.loc 1 933 2 is_stmt 0 view .LVU105
ARM GAS  /tmp/ccshf83P.s 			page 77


 341 0074 A661     		str	r6, [r4, #24]
 934:Middlewares/Third_Party/FreeRTOS/Source/tasks.c **** 
 342              		.loc 1 934 2 is_stmt 1 view .LVU106
 343 0076 6462     		str	r4, [r4, #36]
 961:Middlewares/Third_Party/FreeRTOS/Source/tasks.c **** 	}
 344              		.loc 1 961 3 view .LVU107
 976:Middlewares/Third_Party/FreeRTOS/Source/tasks.c **** 		pxNewTCB->ucNotifyState = taskNOT_WAITING_NOTIFICATION;
 345              		.loc 1 976 3 view .LVU108
 976:Middlewares/Third_Party/FreeRTOS/Source/tasks.c **** 		pxNewTCB->ucNotifyState = taskNOT_WAITING_NOTIFICATION;
 346              		.loc 1 976 29 is_stmt 0 view .LVU109
 347 0078 C4F87851 		str	r5, [r4, #376]
 977:Middlewares/Third_Party/FreeRTOS/Source/tasks.c **** 	}
 348              		.loc 1 977 3 is_stmt 1 view .LVU110
 977:Middlewares/Third_Party/FreeRTOS/Source/tasks.c **** 	}
 349              		.loc 1 977 27 is_stmt 0 view .LVU111
 350 007c 84F87C51 		strb	r5, [r4, #380]
 984:Middlewares/Third_Party/FreeRTOS/Source/tasks.c **** 	}
 351              		.loc 1 984 3 is_stmt 1 view .LVU112
 352 0080 4FF49072 		mov	r2, #288
 353 0084 2946     		mov	r1, r5
 354 0086 04F15800 		add	r0, r4, #88
 355 008a FFF7FEFF 		bl	memset
 356              	.LVL30:
 984:Middlewares/Third_Party/FreeRTOS/Source/tasks.c **** 	}
 357              		.loc 1 984 3 discriminator 1 view .LVU113
 358 008e 194B     		ldr	r3, .L28
 359 0090 E365     		str	r3, [r4, #92]
 984:Middlewares/Third_Party/FreeRTOS/Source/tasks.c **** 	}
 360              		.loc 1 984 3 discriminator 1 view .LVU114
 361 0092 03F16802 		add	r2, r3, #104
 362 0096 2266     		str	r2, [r4, #96]
 984:Middlewares/Third_Party/FreeRTOS/Source/tasks.c **** 	}
 363              		.loc 1 984 3 discriminator 1 view .LVU115
 364 0098 D033     		adds	r3, r3, #208
 365 009a 6366     		str	r3, [r4, #100]
 984:Middlewares/Third_Party/FreeRTOS/Source/tasks.c **** 	}
 366              		.loc 1 984 3 discriminator 1 view .LVU116
 367 009c 0122     		movs	r2, #1
 368 009e 0023     		movs	r3, #0
 369 00a0 C4E93C23 		strd	r2, [r4, #240]
 984:Middlewares/Third_Party/FreeRTOS/Source/tasks.c **** 	}
 370              		.loc 1 984 3 discriminator 1 view .LVU117
 371 00a4 43F20E33 		movw	r3, #13070
 372 00a8 A4F8F830 		strh	r3, [r4, #248]	@ movhi
 984:Middlewares/Third_Party/FreeRTOS/Source/tasks.c **** 	}
 373              		.loc 1 984 3 discriminator 1 view .LVU118
 374 00ac 4AF6CD33 		movw	r3, #43981
 375 00b0 A4F8FA30 		strh	r3, [r4, #250]	@ movhi
 984:Middlewares/Third_Party/FreeRTOS/Source/tasks.c **** 	}
 376              		.loc 1 984 3 discriminator 1 view .LVU119
 377 00b4 41F23423 		movw	r3, #4660
 378 00b8 A4F8FC30 		strh	r3, [r4, #252]	@ movhi
 984:Middlewares/Third_Party/FreeRTOS/Source/tasks.c **** 	}
 379              		.loc 1 984 3 discriminator 1 view .LVU120
 380 00bc 4EF26D63 		movw	r3, #58989
 381 00c0 A4F8FE30 		strh	r3, [r4, #254]	@ movhi
 984:Middlewares/Third_Party/FreeRTOS/Source/tasks.c **** 	}
ARM GAS  /tmp/ccshf83P.s 			page 78


 382              		.loc 1 984 3 discriminator 1 view .LVU121
 383 00c4 4DF6EC63 		movw	r3, #57068
 384 00c8 A4F80031 		strh	r3, [r4, #256]	@ movhi
 984:Middlewares/Third_Party/FreeRTOS/Source/tasks.c **** 	}
 385              		.loc 1 984 3 discriminator 1 view .LVU122
 386 00cc 0523     		movs	r3, #5
 387 00ce A4F80231 		strh	r3, [r4, #258]	@ movhi
 984:Middlewares/Third_Party/FreeRTOS/Source/tasks.c **** 	}
 388              		.loc 1 984 3 discriminator 1 view .LVU123
 389 00d2 0B23     		movs	r3, #11
 390 00d4 A4F80431 		strh	r3, [r4, #260]	@ movhi
 984:Middlewares/Third_Party/FreeRTOS/Source/tasks.c **** 	}
 391              		.loc 1 984 3 discriminator 1 view .LVU124
 984:Middlewares/Third_Party/FreeRTOS/Source/tasks.c **** 	}
 392              		.loc 1 984 54 discriminator 1 view .LVU125
1004:Middlewares/Third_Party/FreeRTOS/Source/tasks.c **** 	}
 393              		.loc 1 1004 3 view .LVU126
1004:Middlewares/Third_Party/FreeRTOS/Source/tasks.c **** 	}
 394              		.loc 1 1004 28 is_stmt 0 view .LVU127
 395 00d8 4A46     		mov	r2, r9
 396 00da 4146     		mov	r1, r8
 397 00dc 3846     		mov	r0, r7
 398 00de FFF7FEFF 		bl	pxPortInitialiseStack
 399              	.LVL31:
1004:Middlewares/Third_Party/FreeRTOS/Source/tasks.c **** 	}
 400              		.loc 1 1004 26 discriminator 1 view .LVU128
 401 00e2 2060     		str	r0, [r4]
1008:Middlewares/Third_Party/FreeRTOS/Source/tasks.c **** 	{
 402              		.loc 1 1008 2 is_stmt 1 view .LVU129
1008:Middlewares/Third_Party/FreeRTOS/Source/tasks.c **** 	{
 403              		.loc 1 1008 4 is_stmt 0 view .LVU130
 404 00e4 BAF1000F 		cmp	r10, #0
 405 00e8 01D0     		beq	.L20
1012:Middlewares/Third_Party/FreeRTOS/Source/tasks.c **** 	}
 406              		.loc 1 1012 3 is_stmt 1 view .LVU131
1012:Middlewares/Third_Party/FreeRTOS/Source/tasks.c **** 	}
 407              		.loc 1 1012 18 is_stmt 0 view .LVU132
 408 00ea CAF80040 		str	r4, [r10]
1016:Middlewares/Third_Party/FreeRTOS/Source/tasks.c **** 	}
 409              		.loc 1 1016 27 is_stmt 1 view .LVU133
 410              	.L20:
1018:Middlewares/Third_Party/FreeRTOS/Source/tasks.c **** /*-----------------------------------------------------------*/
 411              		.loc 1 1018 1 is_stmt 0 view .LVU134
 412 00ee BDE8F087 		pop	{r4, r5, r6, r7, r8, r9, r10, pc}
 413              	.LVL32:
 414              	.L29:
1018:Middlewares/Third_Party/FreeRTOS/Source/tasks.c **** /*-----------------------------------------------------------*/
 415              		.loc 1 1018 1 view .LVU135
 416 00f2 00BF     		.align	2
 417              	.L28:
 418 00f4 00000000 		.word	__sf
 419              		.cfi_endproc
 420              	.LFE6:
 422              		.section	.text.prvInitialiseTaskLists,"ax",%progbits
 423              		.align	1
 424              		.syntax unified
 425              		.thumb
ARM GAS  /tmp/ccshf83P.s 			page 79


 426              		.thumb_func
 428              	prvInitialiseTaskLists:
 429              	.LFB42:
3431:Middlewares/Third_Party/FreeRTOS/Source/tasks.c **** UBaseType_t uxPriority;
 430              		.loc 1 3431 1 is_stmt 1 view -0
 431              		.cfi_startproc
 432              		@ args = 0, pretend = 0, frame = 0
 433              		@ frame_needed = 0, uses_anonymous_args = 0
 434 0000 38B5     		push	{r3, r4, r5, lr}
 435              		.cfi_def_cfa_offset 16
 436              		.cfi_offset 3, -16
 437              		.cfi_offset 4, -12
 438              		.cfi_offset 5, -8
 439              		.cfi_offset 14, -4
3432:Middlewares/Third_Party/FreeRTOS/Source/tasks.c **** 
 440              		.loc 1 3432 1 view .LVU137
3434:Middlewares/Third_Party/FreeRTOS/Source/tasks.c **** 	{
 441              		.loc 1 3434 2 view .LVU138
 442              	.LVL33:
3434:Middlewares/Third_Party/FreeRTOS/Source/tasks.c **** 	{
 443              		.loc 1 3434 18 is_stmt 0 view .LVU139
 444 0002 0024     		movs	r4, #0
3434:Middlewares/Third_Party/FreeRTOS/Source/tasks.c **** 	{
 445              		.loc 1 3434 2 view .LVU140
 446 0004 07E0     		b	.L31
 447              	.LVL34:
 448              	.L32:
3436:Middlewares/Third_Party/FreeRTOS/Source/tasks.c **** 	}
 449              		.loc 1 3436 3 is_stmt 1 view .LVU141
 450 0006 04EB8402 		add	r2, r4, r4, lsl #2
 451 000a 9300     		lsls	r3, r2, #2
 452 000c 0E48     		ldr	r0, .L34
 453 000e 1844     		add	r0, r0, r3
 454 0010 FFF7FEFF 		bl	vListInitialise
 455              	.LVL35:
3434:Middlewares/Third_Party/FreeRTOS/Source/tasks.c **** 	{
 456              		.loc 1 3434 101 discriminator 3 view .LVU142
 457 0014 0134     		adds	r4, r4, #1
 458              	.LVL36:
 459              	.L31:
3434:Middlewares/Third_Party/FreeRTOS/Source/tasks.c **** 	{
 460              		.loc 1 3434 51 discriminator 1 view .LVU143
 461 0016 372C     		cmp	r4, #55
 462 0018 F5D9     		bls	.L32
3439:Middlewares/Third_Party/FreeRTOS/Source/tasks.c **** 	vListInitialise( &xDelayedTaskList2 );
 463              		.loc 1 3439 2 view .LVU144
 464 001a 0C4D     		ldr	r5, .L34+4
 465 001c 2846     		mov	r0, r5
 466 001e FFF7FEFF 		bl	vListInitialise
 467              	.LVL37:
3440:Middlewares/Third_Party/FreeRTOS/Source/tasks.c **** 	vListInitialise( &xPendingReadyList );
 468              		.loc 1 3440 2 view .LVU145
 469 0022 0B4C     		ldr	r4, .L34+8
 470              	.LVL38:
3440:Middlewares/Third_Party/FreeRTOS/Source/tasks.c **** 	vListInitialise( &xPendingReadyList );
 471              		.loc 1 3440 2 is_stmt 0 view .LVU146
 472 0024 2046     		mov	r0, r4
ARM GAS  /tmp/ccshf83P.s 			page 80


 473 0026 FFF7FEFF 		bl	vListInitialise
 474              	.LVL39:
3441:Middlewares/Third_Party/FreeRTOS/Source/tasks.c **** 
 475              		.loc 1 3441 2 is_stmt 1 view .LVU147
 476 002a 0A48     		ldr	r0, .L34+12
 477 002c FFF7FEFF 		bl	vListInitialise
 478              	.LVL40:
3445:Middlewares/Third_Party/FreeRTOS/Source/tasks.c **** 	}
 479              		.loc 1 3445 3 view .LVU148
 480 0030 0948     		ldr	r0, .L34+16
 481 0032 FFF7FEFF 		bl	vListInitialise
 482              	.LVL41:
3451:Middlewares/Third_Party/FreeRTOS/Source/tasks.c **** 	}
 483              		.loc 1 3451 3 view .LVU149
 484 0036 0948     		ldr	r0, .L34+20
 485 0038 FFF7FEFF 		bl	vListInitialise
 486              	.LVL42:
3457:Middlewares/Third_Party/FreeRTOS/Source/tasks.c **** 	pxOverflowDelayedTaskList = &xDelayedTaskList2;
 487              		.loc 1 3457 2 view .LVU150
3457:Middlewares/Third_Party/FreeRTOS/Source/tasks.c **** 	pxOverflowDelayedTaskList = &xDelayedTaskList2;
 488              		.loc 1 3457 20 is_stmt 0 view .LVU151
 489 003c 084B     		ldr	r3, .L34+24
 490 003e 1D60     		str	r5, [r3]
3458:Middlewares/Third_Party/FreeRTOS/Source/tasks.c **** }
 491              		.loc 1 3458 2 is_stmt 1 view .LVU152
3458:Middlewares/Third_Party/FreeRTOS/Source/tasks.c **** }
 492              		.loc 1 3458 28 is_stmt 0 view .LVU153
 493 0040 084B     		ldr	r3, .L34+28
 494 0042 1C60     		str	r4, [r3]
3459:Middlewares/Third_Party/FreeRTOS/Source/tasks.c **** /*-----------------------------------------------------------*/
 495              		.loc 1 3459 1 view .LVU154
 496 0044 38BD     		pop	{r3, r4, r5, pc}
 497              	.L35:
 498 0046 00BF     		.align	2
 499              	.L34:
 500 0048 00000000 		.word	pxReadyTasksLists
 501 004c 00000000 		.word	xDelayedTaskList1
 502 0050 00000000 		.word	xDelayedTaskList2
 503 0054 00000000 		.word	xPendingReadyList
 504 0058 00000000 		.word	xTasksWaitingTermination
 505 005c 00000000 		.word	xSuspendedTaskList
 506 0060 00000000 		.word	pxDelayedTaskList
 507 0064 00000000 		.word	pxOverflowDelayedTaskList
 508              		.cfi_endproc
 509              	.LFE42:
 511              		.section	.text.prvAddNewTaskToReadyList,"ax",%progbits
 512              		.align	1
 513              		.syntax unified
 514              		.thumb
 515              		.thumb_func
 517              	prvAddNewTaskToReadyList:
 518              	.LVL43:
 519              	.LFB7:
1022:Middlewares/Third_Party/FreeRTOS/Source/tasks.c **** 	/* Ensure interrupts don't access the task lists while the lists are being
 520              		.loc 1 1022 1 is_stmt 1 view -0
 521              		.cfi_startproc
 522              		@ args = 0, pretend = 0, frame = 0
ARM GAS  /tmp/ccshf83P.s 			page 81


 523              		@ frame_needed = 0, uses_anonymous_args = 0
1022:Middlewares/Third_Party/FreeRTOS/Source/tasks.c **** 	/* Ensure interrupts don't access the task lists while the lists are being
 524              		.loc 1 1022 1 is_stmt 0 view .LVU156
 525 0000 10B5     		push	{r4, lr}
 526              		.cfi_def_cfa_offset 8
 527              		.cfi_offset 4, -8
 528              		.cfi_offset 14, -4
 529 0002 0446     		mov	r4, r0
1025:Middlewares/Third_Party/FreeRTOS/Source/tasks.c **** 	{
 530              		.loc 1 1025 2 is_stmt 1 view .LVU157
 531 0004 FFF7FEFF 		bl	vPortEnterCritical
 532              	.LVL44:
1027:Middlewares/Third_Party/FreeRTOS/Source/tasks.c **** 		if( pxCurrentTCB == NULL )
 533              		.loc 1 1027 3 view .LVU158
1027:Middlewares/Third_Party/FreeRTOS/Source/tasks.c **** 		if( pxCurrentTCB == NULL )
 534              		.loc 1 1027 25 is_stmt 0 view .LVU159
 535 0008 224A     		ldr	r2, .L44
 536 000a 1368     		ldr	r3, [r2]
 537 000c 0133     		adds	r3, r3, #1
 538 000e 1360     		str	r3, [r2]
1028:Middlewares/Third_Party/FreeRTOS/Source/tasks.c **** 		{
 539              		.loc 1 1028 3 is_stmt 1 view .LVU160
1028:Middlewares/Third_Party/FreeRTOS/Source/tasks.c **** 		{
 540              		.loc 1 1028 20 is_stmt 0 view .LVU161
 541 0010 214B     		ldr	r3, .L44+4
 542 0012 1B68     		ldr	r3, [r3]
1028:Middlewares/Third_Party/FreeRTOS/Source/tasks.c **** 		{
 543              		.loc 1 1028 5 view .LVU162
 544 0014 5BB1     		cbz	r3, .L42
1051:Middlewares/Third_Party/FreeRTOS/Source/tasks.c **** 			{
 545              		.loc 1 1051 4 is_stmt 1 view .LVU163
1051:Middlewares/Third_Party/FreeRTOS/Source/tasks.c **** 			{
 546              		.loc 1 1051 26 is_stmt 0 view .LVU164
 547 0016 214B     		ldr	r3, .L44+8
 548 0018 1B68     		ldr	r3, [r3]
1051:Middlewares/Third_Party/FreeRTOS/Source/tasks.c **** 			{
 549              		.loc 1 1051 6 view .LVU165
 550 001a 6BB9     		cbnz	r3, .L38
1053:Middlewares/Third_Party/FreeRTOS/Source/tasks.c **** 				{
 551              		.loc 1 1053 5 is_stmt 1 view .LVU166
1053:Middlewares/Third_Party/FreeRTOS/Source/tasks.c **** 				{
 552              		.loc 1 1053 21 is_stmt 0 view .LVU167
 553 001c 1E4B     		ldr	r3, .L44+4
 554 001e 1B68     		ldr	r3, [r3]
 555 0020 DA6A     		ldr	r2, [r3, #44]
1053:Middlewares/Third_Party/FreeRTOS/Source/tasks.c **** 				{
 556              		.loc 1 1053 45 view .LVU168
 557 0022 E36A     		ldr	r3, [r4, #44]
1053:Middlewares/Third_Party/FreeRTOS/Source/tasks.c **** 				{
 558              		.loc 1 1053 7 view .LVU169
 559 0024 9A42     		cmp	r2, r3
 560 0026 07D8     		bhi	.L38
1055:Middlewares/Third_Party/FreeRTOS/Source/tasks.c **** 				}
 561              		.loc 1 1055 6 is_stmt 1 view .LVU170
1055:Middlewares/Third_Party/FreeRTOS/Source/tasks.c **** 				}
 562              		.loc 1 1055 19 is_stmt 0 view .LVU171
 563 0028 1B4B     		ldr	r3, .L44+4
ARM GAS  /tmp/ccshf83P.s 			page 82


 564 002a 1C60     		str	r4, [r3]
 565 002c 04E0     		b	.L38
 566              	.L42:
1032:Middlewares/Third_Party/FreeRTOS/Source/tasks.c **** 
 567              		.loc 1 1032 4 is_stmt 1 view .LVU172
1032:Middlewares/Third_Party/FreeRTOS/Source/tasks.c **** 
 568              		.loc 1 1032 17 is_stmt 0 view .LVU173
 569 002e 1A4B     		ldr	r3, .L44+4
 570 0030 1C60     		str	r4, [r3]
1034:Middlewares/Third_Party/FreeRTOS/Source/tasks.c **** 			{
 571              		.loc 1 1034 4 is_stmt 1 view .LVU174
1034:Middlewares/Third_Party/FreeRTOS/Source/tasks.c **** 			{
 572              		.loc 1 1034 31 is_stmt 0 view .LVU175
 573 0032 1368     		ldr	r3, [r2]
1034:Middlewares/Third_Party/FreeRTOS/Source/tasks.c **** 			{
 574              		.loc 1 1034 6 view .LVU176
 575 0034 012B     		cmp	r3, #1
 576 0036 29D0     		beq	.L43
 577              	.L38:
1064:Middlewares/Third_Party/FreeRTOS/Source/tasks.c **** 			}
 578              		.loc 1 1064 29 is_stmt 1 view .LVU177
1068:Middlewares/Third_Party/FreeRTOS/Source/tasks.c **** 
 579              		.loc 1 1068 3 view .LVU178
1068:Middlewares/Third_Party/FreeRTOS/Source/tasks.c **** 
 580              		.loc 1 1068 15 is_stmt 0 view .LVU179
 581 0038 194A     		ldr	r2, .L44+12
 582 003a 1368     		ldr	r3, [r2]
 583 003c 0133     		adds	r3, r3, #1
 584 003e 1360     		str	r3, [r2]
1073:Middlewares/Third_Party/FreeRTOS/Source/tasks.c **** 		}
 585              		.loc 1 1073 4 is_stmt 1 view .LVU180
1073:Middlewares/Third_Party/FreeRTOS/Source/tasks.c **** 		}
 586              		.loc 1 1073 26 is_stmt 0 view .LVU181
 587 0040 6364     		str	r3, [r4, #68]
1076:Middlewares/Third_Party/FreeRTOS/Source/tasks.c **** 
 588              		.loc 1 1076 31 is_stmt 1 view .LVU182
1078:Middlewares/Third_Party/FreeRTOS/Source/tasks.c **** 
 589              		.loc 1 1078 3 view .LVU183
1078:Middlewares/Third_Party/FreeRTOS/Source/tasks.c **** 
 590              		.loc 1 1078 3 view .LVU184
 591 0042 E06A     		ldr	r0, [r4, #44]
 592 0044 174B     		ldr	r3, .L44+16
 593 0046 1B68     		ldr	r3, [r3]
 594 0048 9842     		cmp	r0, r3
 595 004a 01D9     		bls	.L39
1078:Middlewares/Third_Party/FreeRTOS/Source/tasks.c **** 
 596              		.loc 1 1078 3 discriminator 1 view .LVU185
 597 004c 154B     		ldr	r3, .L44+16
 598 004e 1860     		str	r0, [r3]
 599              	.L39:
1078:Middlewares/Third_Party/FreeRTOS/Source/tasks.c **** 
 600              		.loc 1 1078 3 discriminator 3 view .LVU186
1078:Middlewares/Third_Party/FreeRTOS/Source/tasks.c **** 
 601              		.loc 1 1078 3 discriminator 3 view .LVU187
 602 0050 00EB8000 		add	r0, r0, r0, lsl #2
 603 0054 211D     		adds	r1, r4, #4
 604 0056 144B     		ldr	r3, .L44+20
ARM GAS  /tmp/ccshf83P.s 			page 83


 605 0058 03EB8000 		add	r0, r3, r0, lsl #2
 606 005c FFF7FEFF 		bl	vListInsertEnd
 607              	.LVL45:
1078:Middlewares/Third_Party/FreeRTOS/Source/tasks.c **** 
 608              		.loc 1 1078 36 discriminator 1 view .LVU188
1080:Middlewares/Third_Party/FreeRTOS/Source/tasks.c **** 	}
 609              		.loc 1 1080 3 view .LVU189
1082:Middlewares/Third_Party/FreeRTOS/Source/tasks.c **** 
 610              		.loc 1 1082 2 view .LVU190
 611 0060 FFF7FEFF 		bl	vPortExitCritical
 612              	.LVL46:
1084:Middlewares/Third_Party/FreeRTOS/Source/tasks.c **** 	{
 613              		.loc 1 1084 2 view .LVU191
1084:Middlewares/Third_Party/FreeRTOS/Source/tasks.c **** 	{
 614              		.loc 1 1084 24 is_stmt 0 view .LVU192
 615 0064 0D4B     		ldr	r3, .L44+8
 616 0066 1B68     		ldr	r3, [r3]
1084:Middlewares/Third_Party/FreeRTOS/Source/tasks.c **** 	{
 617              		.loc 1 1084 4 view .LVU193
 618 0068 7BB1     		cbz	r3, .L36
1088:Middlewares/Third_Party/FreeRTOS/Source/tasks.c **** 		{
 619              		.loc 1 1088 3 is_stmt 1 view .LVU194
1088:Middlewares/Third_Party/FreeRTOS/Source/tasks.c **** 		{
 620              		.loc 1 1088 19 is_stmt 0 view .LVU195
 621 006a 0B4B     		ldr	r3, .L44+4
 622 006c 1B68     		ldr	r3, [r3]
 623 006e DA6A     		ldr	r2, [r3, #44]
1088:Middlewares/Third_Party/FreeRTOS/Source/tasks.c **** 		{
 624              		.loc 1 1088 42 view .LVU196
 625 0070 E36A     		ldr	r3, [r4, #44]
1088:Middlewares/Third_Party/FreeRTOS/Source/tasks.c **** 		{
 626              		.loc 1 1088 5 view .LVU197
 627 0072 9A42     		cmp	r2, r3
 628 0074 09D2     		bcs	.L36
1090:Middlewares/Third_Party/FreeRTOS/Source/tasks.c **** 		}
 629              		.loc 1 1090 4 is_stmt 1 view .LVU198
 630 0076 4FF0E023 		mov	r3, #-536813568
 631 007a 4FF08052 		mov	r2, #268435456
 632 007e C3F8042D 		str	r2, [r3, #3332]
1090:Middlewares/Third_Party/FreeRTOS/Source/tasks.c **** 		}
 633              		.loc 1 1090 4 view .LVU199
 634              		.syntax unified
 635              	@ 1090 "Middlewares/Third_Party/FreeRTOS/Source/tasks.c" 1
 636 0082 BFF34F8F 		dsb
 637              	@ 0 "" 2
1090:Middlewares/Third_Party/FreeRTOS/Source/tasks.c **** 		}
 638              		.loc 1 1090 4 view .LVU200
 639              	@ 1090 "Middlewares/Third_Party/FreeRTOS/Source/tasks.c" 1
 640 0086 BFF36F8F 		isb
 641              	@ 0 "" 2
1090:Middlewares/Third_Party/FreeRTOS/Source/tasks.c **** 		}
 642              		.loc 1 1090 35 view .LVU201
1099:Middlewares/Third_Party/FreeRTOS/Source/tasks.c **** 	}
 643              		.loc 1 1099 27 view .LVU202
 644              		.thumb
 645              		.syntax unified
 646              	.L36:
ARM GAS  /tmp/ccshf83P.s 			page 84


1101:Middlewares/Third_Party/FreeRTOS/Source/tasks.c **** /*-----------------------------------------------------------*/
 647              		.loc 1 1101 1 is_stmt 0 view .LVU203
 648 008a 10BD     		pop	{r4, pc}
 649              	.LVL47:
 650              	.L43:
1039:Middlewares/Third_Party/FreeRTOS/Source/tasks.c **** 			}
 651              		.loc 1 1039 5 is_stmt 1 view .LVU204
 652 008c FFF7FEFF 		bl	prvInitialiseTaskLists
 653              	.LVL48:
 654 0090 D2E7     		b	.L38
 655              	.L45:
 656 0092 00BF     		.align	2
 657              	.L44:
 658 0094 00000000 		.word	uxCurrentNumberOfTasks
 659 0098 00000000 		.word	pxCurrentTCB
 660 009c 00000000 		.word	xSchedulerRunning
 661 00a0 00000000 		.word	uxTaskNumber
 662 00a4 00000000 		.word	uxTopReadyPriority
 663 00a8 00000000 		.word	pxReadyTasksLists
 664              		.cfi_endproc
 665              	.LFE7:
 667              		.section	.text.prvDeleteTCB,"ax",%progbits
 668              		.align	1
 669              		.syntax unified
 670              		.thumb
 671              		.thumb_func
 673              	prvDeleteTCB:
 674              	.LVL49:
 675              	.LFB48:
3671:Middlewares/Third_Party/FreeRTOS/Source/tasks.c **** 		/* This call is required specifically for the TriCore port.  It must be
 676              		.loc 1 3671 2 view -0
 677              		.cfi_startproc
 678              		@ args = 0, pretend = 0, frame = 0
 679              		@ frame_needed = 0, uses_anonymous_args = 0
3671:Middlewares/Third_Party/FreeRTOS/Source/tasks.c **** 		/* This call is required specifically for the TriCore port.  It must be
 680              		.loc 1 3671 2 is_stmt 0 view .LVU206
 681 0000 10B5     		push	{r4, lr}
 682              		.cfi_def_cfa_offset 8
 683              		.cfi_offset 4, -8
 684              		.cfi_offset 14, -4
 685 0002 0446     		mov	r4, r0
3675:Middlewares/Third_Party/FreeRTOS/Source/tasks.c **** 
 686              		.loc 1 3675 3 is_stmt 1 view .LVU207
3681:Middlewares/Third_Party/FreeRTOS/Source/tasks.c **** 		}
 687              		.loc 1 3681 4 view .LVU208
 688 0004 5830     		adds	r0, r0, #88
 689              	.LVL50:
3681:Middlewares/Third_Party/FreeRTOS/Source/tasks.c **** 		}
 690              		.loc 1 3681 4 is_stmt 0 view .LVU209
 691 0006 FFF7FEFF 		bl	_reclaim_reent
 692              	.LVL51:
3697:Middlewares/Third_Party/FreeRTOS/Source/tasks.c **** 			{
 693              		.loc 1 3697 4 is_stmt 1 view .LVU210
3697:Middlewares/Third_Party/FreeRTOS/Source/tasks.c **** 			{
 694              		.loc 1 3697 13 is_stmt 0 view .LVU211
 695 000a 94F87D31 		ldrb	r3, [r4, #381]	@ zero_extendqisi2
3697:Middlewares/Third_Party/FreeRTOS/Source/tasks.c **** 			{
ARM GAS  /tmp/ccshf83P.s 			page 85


 696              		.loc 1 3697 6 view .LVU212
 697 000e 63B1     		cbz	r3, .L52
3704:Middlewares/Third_Party/FreeRTOS/Source/tasks.c **** 			{
 698              		.loc 1 3704 9 is_stmt 1 view .LVU213
3704:Middlewares/Third_Party/FreeRTOS/Source/tasks.c **** 			{
 699              		.loc 1 3704 11 is_stmt 0 view .LVU214
 700 0010 012B     		cmp	r3, #1
 701 0012 11D0     		beq	.L53
3714:Middlewares/Third_Party/FreeRTOS/Source/tasks.c **** 				mtCOVERAGE_TEST_MARKER();
 702              		.loc 1 3714 5 is_stmt 1 view .LVU215
 703 0014 022B     		cmp	r3, #2
 704 0016 0ED0     		beq	.L46
3714:Middlewares/Third_Party/FreeRTOS/Source/tasks.c **** 				mtCOVERAGE_TEST_MARKER();
 705              		.loc 1 3714 5 discriminator 1 view .LVU216
 706              	.LBB115:
 707              	.LBI115:
 191:Middlewares/Third_Party/FreeRTOS/Source/portable/GCC/ARM_CM3/portmacro.h **** {
 708              		.loc 2 191 30 view .LVU217
 709              	.LBB116:
 193:Middlewares/Third_Party/FreeRTOS/Source/portable/GCC/ARM_CM3/portmacro.h **** 
 710              		.loc 2 193 1 view .LVU218
 711              		.loc 2 195 2 view .LVU219
 712              		.syntax unified
 713              	@ 195 "Middlewares/Third_Party/FreeRTOS/Source/portable/GCC/ARM_CM3/portmacro.h" 1
 714 0018 4FF05003 			mov r3, #80												
 715 001c 83F31188 		msr basepri, r3											
 716 0020 BFF36F8F 		isb														
 717 0024 BFF34F8F 		dsb														
 718              	
 719              	@ 0 "" 2
 720              		.thumb
 721              		.syntax unified
 722              	.L50:
 723              	.LBE116:
 724              	.LBE115:
3714:Middlewares/Third_Party/FreeRTOS/Source/tasks.c **** 				mtCOVERAGE_TEST_MARKER();
 725              		.loc 1 3714 5 discriminator 3 view .LVU220
3714:Middlewares/Third_Party/FreeRTOS/Source/tasks.c **** 				mtCOVERAGE_TEST_MARKER();
 726              		.loc 1 3714 5 discriminator 3 view .LVU221
 727 0028 FEE7     		b	.L50
 728              	.L52:
3701:Middlewares/Third_Party/FreeRTOS/Source/tasks.c **** 				vPortFree( pxTCB );
 729              		.loc 1 3701 5 view .LVU222
 730 002a 206B     		ldr	r0, [r4, #48]
 731 002c FFF7FEFF 		bl	vPortFree
 732              	.LVL52:
3702:Middlewares/Third_Party/FreeRTOS/Source/tasks.c **** 			}
 733              		.loc 1 3702 5 view .LVU223
 734 0030 2046     		mov	r0, r4
 735 0032 FFF7FEFF 		bl	vPortFree
 736              	.LVL53:
 737              	.L46:
3719:Middlewares/Third_Party/FreeRTOS/Source/tasks.c **** 
 738              		.loc 1 3719 2 is_stmt 0 view .LVU224
 739 0036 10BD     		pop	{r4, pc}
 740              	.LVL54:
 741              	.L53:
ARM GAS  /tmp/ccshf83P.s 			page 86


3708:Middlewares/Third_Party/FreeRTOS/Source/tasks.c **** 			}
 742              		.loc 1 3708 5 is_stmt 1 view .LVU225
 743 0038 2046     		mov	r0, r4
 744 003a FFF7FEFF 		bl	vPortFree
 745              	.LVL55:
 746 003e FAE7     		b	.L46
 747              		.cfi_endproc
 748              	.LFE48:
 750              		.section	.text.prvCheckTasksWaitingTermination,"ax",%progbits
 751              		.align	1
 752              		.syntax unified
 753              		.thumb
 754              		.thumb_func
 756              	prvCheckTasksWaitingTermination:
 757              	.LFB43:
3463:Middlewares/Third_Party/FreeRTOS/Source/tasks.c **** 
 758              		.loc 1 3463 1 view -0
 759              		.cfi_startproc
 760              		@ args = 0, pretend = 0, frame = 0
 761              		@ frame_needed = 0, uses_anonymous_args = 0
 762              	.LBB117:
3469:Middlewares/Third_Party/FreeRTOS/Source/tasks.c **** 
 763              		.loc 1 3469 3 view .LVU227
3473:Middlewares/Third_Party/FreeRTOS/Source/tasks.c **** 		{
 764              		.loc 1 3473 3 view .LVU228
3473:Middlewares/Third_Party/FreeRTOS/Source/tasks.c **** 		{
 765              		.loc 1 3473 39 view .LVU229
 766 0000 0F4B     		ldr	r3, .L61
 767 0002 1B68     		ldr	r3, [r3]
 768 0004 D3B1     		cbz	r3, .L60
 769              	.LBE117:
3463:Middlewares/Third_Party/FreeRTOS/Source/tasks.c **** 
 770              		.loc 1 3463 1 is_stmt 0 view .LVU230
 771 0006 10B5     		push	{r4, lr}
 772              		.cfi_def_cfa_offset 8
 773              		.cfi_offset 4, -8
 774              		.cfi_offset 14, -4
 775              	.L56:
 776              	.LBB118:
3475:Middlewares/Third_Party/FreeRTOS/Source/tasks.c **** 			{
 777              		.loc 1 3475 4 is_stmt 1 view .LVU231
 778 0008 FFF7FEFF 		bl	vPortEnterCritical
 779              	.LVL56:
3477:Middlewares/Third_Party/FreeRTOS/Source/tasks.c **** 				( void ) uxListRemove( &( pxTCB->xStateListItem ) );
 780              		.loc 1 3477 5 view .LVU232
3477:Middlewares/Third_Party/FreeRTOS/Source/tasks.c **** 				( void ) uxListRemove( &( pxTCB->xStateListItem ) );
 781              		.loc 1 3477 25 is_stmt 0 view .LVU233
 782 000c 0D4B     		ldr	r3, .L61+4
 783 000e DB68     		ldr	r3, [r3, #12]
3477:Middlewares/Third_Party/FreeRTOS/Source/tasks.c **** 				( void ) uxListRemove( &( pxTCB->xStateListItem ) );
 784              		.loc 1 3477 11 view .LVU234
 785 0010 DC68     		ldr	r4, [r3, #12]
 786              	.LVL57:
3478:Middlewares/Third_Party/FreeRTOS/Source/tasks.c **** 				--uxCurrentNumberOfTasks;
 787              		.loc 1 3478 5 is_stmt 1 view .LVU235
3478:Middlewares/Third_Party/FreeRTOS/Source/tasks.c **** 				--uxCurrentNumberOfTasks;
 788              		.loc 1 3478 14 is_stmt 0 view .LVU236
ARM GAS  /tmp/ccshf83P.s 			page 87


 789 0012 201D     		adds	r0, r4, #4
 790 0014 FFF7FEFF 		bl	uxListRemove
 791              	.LVL58:
3479:Middlewares/Third_Party/FreeRTOS/Source/tasks.c **** 				--uxDeletedTasksWaitingCleanUp;
 792              		.loc 1 3479 5 is_stmt 1 view .LVU237
 793 0018 0B4A     		ldr	r2, .L61+8
 794 001a 1368     		ldr	r3, [r2]
 795 001c 013B     		subs	r3, r3, #1
 796 001e 1360     		str	r3, [r2]
3480:Middlewares/Third_Party/FreeRTOS/Source/tasks.c **** 			}
 797              		.loc 1 3480 5 view .LVU238
 798 0020 074A     		ldr	r2, .L61
 799 0022 1368     		ldr	r3, [r2]
 800 0024 013B     		subs	r3, r3, #1
 801 0026 1360     		str	r3, [r2]
3482:Middlewares/Third_Party/FreeRTOS/Source/tasks.c **** 
 802              		.loc 1 3482 4 view .LVU239
 803 0028 FFF7FEFF 		bl	vPortExitCritical
 804              	.LVL59:
3484:Middlewares/Third_Party/FreeRTOS/Source/tasks.c **** 		}
 805              		.loc 1 3484 4 view .LVU240
 806 002c 2046     		mov	r0, r4
 807 002e FFF7FEFF 		bl	prvDeleteTCB
 808              	.LVL60:
3473:Middlewares/Third_Party/FreeRTOS/Source/tasks.c **** 		{
 809              		.loc 1 3473 39 view .LVU241
 810 0032 034B     		ldr	r3, .L61
 811 0034 1B68     		ldr	r3, [r3]
 812 0036 002B     		cmp	r3, #0
 813 0038 E6D1     		bne	.L56
 814              	.LBE118:
3488:Middlewares/Third_Party/FreeRTOS/Source/tasks.c **** /*-----------------------------------------------------------*/
 815              		.loc 1 3488 1 is_stmt 0 view .LVU242
 816 003a 10BD     		pop	{r4, pc}
 817              	.LVL61:
 818              	.L60:
 819              		.cfi_def_cfa_offset 0
 820              		.cfi_restore 4
 821              		.cfi_restore 14
3488:Middlewares/Third_Party/FreeRTOS/Source/tasks.c **** /*-----------------------------------------------------------*/
 822              		.loc 1 3488 1 view .LVU243
 823 003c 7047     		bx	lr
 824              	.L62:
 825 003e 00BF     		.align	2
 826              	.L61:
 827 0040 00000000 		.word	uxDeletedTasksWaitingCleanUp
 828 0044 00000000 		.word	xTasksWaitingTermination
 829 0048 00000000 		.word	uxCurrentNumberOfTasks
 830              		.cfi_endproc
 831              	.LFE43:
 833              		.section	.text.prvIdleTask,"ax",%progbits
 834              		.align	1
 835              		.syntax unified
 836              		.thumb
 837              		.thumb_func
 839              	prvIdleTask:
 840              	.LFB41:
ARM GAS  /tmp/ccshf83P.s 			page 88


3219:Middlewares/Third_Party/FreeRTOS/Source/tasks.c **** 	/* Stop warnings. */
 841              		.loc 1 3219 1 is_stmt 1 view -0
 842              		.cfi_startproc
 843              		@ Volatile: function does not return.
 844              		@ args = 0, pretend = 0, frame = 0
 845              		@ frame_needed = 0, uses_anonymous_args = 0
 846              	.LVL62:
3219:Middlewares/Third_Party/FreeRTOS/Source/tasks.c **** 	/* Stop warnings. */
 847              		.loc 1 3219 1 is_stmt 0 view .LVU245
 848 0000 08B5     		push	{r3, lr}
 849              		.cfi_def_cfa_offset 8
 850              		.cfi_offset 3, -8
 851              		.cfi_offset 14, -4
 852              	.LVL63:
 853              	.L64:
3221:Middlewares/Third_Party/FreeRTOS/Source/tasks.c **** 
 854              		.loc 1 3221 2 is_stmt 1 view .LVU246
3229:Middlewares/Third_Party/FreeRTOS/Source/tasks.c **** 
 855              		.loc 1 3229 35 view .LVU247
3231:Middlewares/Third_Party/FreeRTOS/Source/tasks.c **** 	{
 856              		.loc 1 3231 2 view .LVU248
3235:Middlewares/Third_Party/FreeRTOS/Source/tasks.c **** 
 857              		.loc 1 3235 3 view .LVU249
 858 0002 FFF7FEFF 		bl	prvCheckTasksWaitingTermination
 859              	.LVL64:
3258:Middlewares/Third_Party/FreeRTOS/Source/tasks.c **** 			{
 860              		.loc 1 3258 4 view .LVU250
3258:Middlewares/Third_Party/FreeRTOS/Source/tasks.c **** 			{
 861              		.loc 1 3258 8 is_stmt 0 view .LVU251
 862 0006 074B     		ldr	r3, .L67
 863 0008 1B68     		ldr	r3, [r3]
3258:Middlewares/Third_Party/FreeRTOS/Source/tasks.c **** 			{
 864              		.loc 1 3258 6 view .LVU252
 865 000a 012B     		cmp	r3, #1
 866 000c F9D9     		bls	.L64
3260:Middlewares/Third_Party/FreeRTOS/Source/tasks.c **** 			}
 867              		.loc 1 3260 5 is_stmt 1 view .LVU253
 868 000e 4FF0E023 		mov	r3, #-536813568
 869 0012 4FF08052 		mov	r2, #268435456
 870 0016 C3F8042D 		str	r2, [r3, #3332]
3260:Middlewares/Third_Party/FreeRTOS/Source/tasks.c **** 			}
 871              		.loc 1 3260 5 view .LVU254
 872              		.syntax unified
 873              	@ 3260 "Middlewares/Third_Party/FreeRTOS/Source/tasks.c" 1
 874 001a BFF34F8F 		dsb
 875              	@ 0 "" 2
3260:Middlewares/Third_Party/FreeRTOS/Source/tasks.c **** 			}
 876              		.loc 1 3260 5 view .LVU255
 877              	@ 3260 "Middlewares/Third_Party/FreeRTOS/Source/tasks.c" 1
 878 001e BFF36F8F 		isb
 879              	@ 0 "" 2
3260:Middlewares/Third_Party/FreeRTOS/Source/tasks.c **** 			}
 880              		.loc 1 3260 16 view .LVU256
 881              		.thumb
 882              		.syntax unified
 883 0022 EEE7     		b	.L64
 884              	.L68:
ARM GAS  /tmp/ccshf83P.s 			page 89


 885              		.align	2
 886              	.L67:
 887 0024 00000000 		.word	pxReadyTasksLists
 888              		.cfi_endproc
 889              	.LFE41:
 891              		.section	.text.prvAddCurrentTaskToDelayedList,"ax",%progbits
 892              		.align	1
 893              		.syntax unified
 894              		.thumb
 895              		.thumb_func
 897              	prvAddCurrentTaskToDelayedList:
 898              	.LVL65:
 899              	.LFB63:
3746:Middlewares/Third_Party/FreeRTOS/Source/tasks.c **** /*-----------------------------------------------------------*/
3747:Middlewares/Third_Party/FreeRTOS/Source/tasks.c **** 
3748:Middlewares/Third_Party/FreeRTOS/Source/tasks.c **** #if ( ( INCLUDE_xTaskGetCurrentTaskHandle == 1 ) || ( configUSE_MUTEXES == 1 ) )
3749:Middlewares/Third_Party/FreeRTOS/Source/tasks.c **** 
3750:Middlewares/Third_Party/FreeRTOS/Source/tasks.c **** 	TaskHandle_t xTaskGetCurrentTaskHandle( void )
3751:Middlewares/Third_Party/FreeRTOS/Source/tasks.c **** 	{
3752:Middlewares/Third_Party/FreeRTOS/Source/tasks.c **** 	TaskHandle_t xReturn;
3753:Middlewares/Third_Party/FreeRTOS/Source/tasks.c **** 
3754:Middlewares/Third_Party/FreeRTOS/Source/tasks.c **** 		/* A critical section is not required as this is not called from
3755:Middlewares/Third_Party/FreeRTOS/Source/tasks.c **** 		an interrupt and the current TCB will always be the same for any
3756:Middlewares/Third_Party/FreeRTOS/Source/tasks.c **** 		individual execution thread. */
3757:Middlewares/Third_Party/FreeRTOS/Source/tasks.c **** 		xReturn = pxCurrentTCB;
3758:Middlewares/Third_Party/FreeRTOS/Source/tasks.c **** 
3759:Middlewares/Third_Party/FreeRTOS/Source/tasks.c **** 		return xReturn;
3760:Middlewares/Third_Party/FreeRTOS/Source/tasks.c **** 	}
3761:Middlewares/Third_Party/FreeRTOS/Source/tasks.c **** 
3762:Middlewares/Third_Party/FreeRTOS/Source/tasks.c **** #endif /* ( ( INCLUDE_xTaskGetCurrentTaskHandle == 1 ) || ( configUSE_MUTEXES == 1 ) ) */
3763:Middlewares/Third_Party/FreeRTOS/Source/tasks.c **** /*-----------------------------------------------------------*/
3764:Middlewares/Third_Party/FreeRTOS/Source/tasks.c **** 
3765:Middlewares/Third_Party/FreeRTOS/Source/tasks.c **** #if ( ( INCLUDE_xTaskGetSchedulerState == 1 ) || ( configUSE_TIMERS == 1 ) )
3766:Middlewares/Third_Party/FreeRTOS/Source/tasks.c **** 
3767:Middlewares/Third_Party/FreeRTOS/Source/tasks.c **** 	BaseType_t xTaskGetSchedulerState( void )
3768:Middlewares/Third_Party/FreeRTOS/Source/tasks.c **** 	{
3769:Middlewares/Third_Party/FreeRTOS/Source/tasks.c **** 	BaseType_t xReturn;
3770:Middlewares/Third_Party/FreeRTOS/Source/tasks.c **** 
3771:Middlewares/Third_Party/FreeRTOS/Source/tasks.c **** 		if( xSchedulerRunning == pdFALSE )
3772:Middlewares/Third_Party/FreeRTOS/Source/tasks.c **** 		{
3773:Middlewares/Third_Party/FreeRTOS/Source/tasks.c **** 			xReturn = taskSCHEDULER_NOT_STARTED;
3774:Middlewares/Third_Party/FreeRTOS/Source/tasks.c **** 		}
3775:Middlewares/Third_Party/FreeRTOS/Source/tasks.c **** 		else
3776:Middlewares/Third_Party/FreeRTOS/Source/tasks.c **** 		{
3777:Middlewares/Third_Party/FreeRTOS/Source/tasks.c **** 			if( uxSchedulerSuspended == ( UBaseType_t ) pdFALSE )
3778:Middlewares/Third_Party/FreeRTOS/Source/tasks.c **** 			{
3779:Middlewares/Third_Party/FreeRTOS/Source/tasks.c **** 				xReturn = taskSCHEDULER_RUNNING;
3780:Middlewares/Third_Party/FreeRTOS/Source/tasks.c **** 			}
3781:Middlewares/Third_Party/FreeRTOS/Source/tasks.c **** 			else
3782:Middlewares/Third_Party/FreeRTOS/Source/tasks.c **** 			{
3783:Middlewares/Third_Party/FreeRTOS/Source/tasks.c **** 				xReturn = taskSCHEDULER_SUSPENDED;
3784:Middlewares/Third_Party/FreeRTOS/Source/tasks.c **** 			}
3785:Middlewares/Third_Party/FreeRTOS/Source/tasks.c **** 		}
3786:Middlewares/Third_Party/FreeRTOS/Source/tasks.c **** 
3787:Middlewares/Third_Party/FreeRTOS/Source/tasks.c **** 		return xReturn;
3788:Middlewares/Third_Party/FreeRTOS/Source/tasks.c **** 	}
3789:Middlewares/Third_Party/FreeRTOS/Source/tasks.c **** 
ARM GAS  /tmp/ccshf83P.s 			page 90


3790:Middlewares/Third_Party/FreeRTOS/Source/tasks.c **** #endif /* ( ( INCLUDE_xTaskGetSchedulerState == 1 ) || ( configUSE_TIMERS == 1 ) ) */
3791:Middlewares/Third_Party/FreeRTOS/Source/tasks.c **** /*-----------------------------------------------------------*/
3792:Middlewares/Third_Party/FreeRTOS/Source/tasks.c **** 
3793:Middlewares/Third_Party/FreeRTOS/Source/tasks.c **** #if ( configUSE_MUTEXES == 1 )
3794:Middlewares/Third_Party/FreeRTOS/Source/tasks.c **** 
3795:Middlewares/Third_Party/FreeRTOS/Source/tasks.c **** 	BaseType_t xTaskPriorityInherit( TaskHandle_t const pxMutexHolder )
3796:Middlewares/Third_Party/FreeRTOS/Source/tasks.c **** 	{
3797:Middlewares/Third_Party/FreeRTOS/Source/tasks.c **** 	TCB_t * const pxMutexHolderTCB = ( TCB_t * ) pxMutexHolder;
3798:Middlewares/Third_Party/FreeRTOS/Source/tasks.c **** 	BaseType_t xReturn = pdFALSE;
3799:Middlewares/Third_Party/FreeRTOS/Source/tasks.c **** 
3800:Middlewares/Third_Party/FreeRTOS/Source/tasks.c **** 		/* If the mutex was given back by an interrupt while the queue was
3801:Middlewares/Third_Party/FreeRTOS/Source/tasks.c **** 		locked then the mutex holder might now be NULL.  _RB_ Is this still
3802:Middlewares/Third_Party/FreeRTOS/Source/tasks.c **** 		needed as interrupts can no longer use mutexes? */
3803:Middlewares/Third_Party/FreeRTOS/Source/tasks.c **** 		if( pxMutexHolder != NULL )
3804:Middlewares/Third_Party/FreeRTOS/Source/tasks.c **** 		{
3805:Middlewares/Third_Party/FreeRTOS/Source/tasks.c **** 			/* If the holder of the mutex has a priority below the priority of
3806:Middlewares/Third_Party/FreeRTOS/Source/tasks.c **** 			the task attempting to obtain the mutex then it will temporarily
3807:Middlewares/Third_Party/FreeRTOS/Source/tasks.c **** 			inherit the priority of the task attempting to obtain the mutex. */
3808:Middlewares/Third_Party/FreeRTOS/Source/tasks.c **** 			if( pxMutexHolderTCB->uxPriority < pxCurrentTCB->uxPriority )
3809:Middlewares/Third_Party/FreeRTOS/Source/tasks.c **** 			{
3810:Middlewares/Third_Party/FreeRTOS/Source/tasks.c **** 				/* Adjust the mutex holder state to account for its new
3811:Middlewares/Third_Party/FreeRTOS/Source/tasks.c **** 				priority.  Only reset the event list item value if the value is
3812:Middlewares/Third_Party/FreeRTOS/Source/tasks.c **** 				not being used for anything else. */
3813:Middlewares/Third_Party/FreeRTOS/Source/tasks.c **** 				if( ( listGET_LIST_ITEM_VALUE( &( pxMutexHolderTCB->xEventListItem ) ) & taskEVENT_LIST_ITEM_VA
3814:Middlewares/Third_Party/FreeRTOS/Source/tasks.c **** 				{
3815:Middlewares/Third_Party/FreeRTOS/Source/tasks.c **** 					listSET_LIST_ITEM_VALUE( &( pxMutexHolderTCB->xEventListItem ), ( TickType_t ) configMAX_PRIOR
3816:Middlewares/Third_Party/FreeRTOS/Source/tasks.c **** 				}
3817:Middlewares/Third_Party/FreeRTOS/Source/tasks.c **** 				else
3818:Middlewares/Third_Party/FreeRTOS/Source/tasks.c **** 				{
3819:Middlewares/Third_Party/FreeRTOS/Source/tasks.c **** 					mtCOVERAGE_TEST_MARKER();
3820:Middlewares/Third_Party/FreeRTOS/Source/tasks.c **** 				}
3821:Middlewares/Third_Party/FreeRTOS/Source/tasks.c **** 
3822:Middlewares/Third_Party/FreeRTOS/Source/tasks.c **** 				/* If the task being modified is in the ready state it will need
3823:Middlewares/Third_Party/FreeRTOS/Source/tasks.c **** 				to be moved into a new list. */
3824:Middlewares/Third_Party/FreeRTOS/Source/tasks.c **** 				if( listIS_CONTAINED_WITHIN( &( pxReadyTasksLists[ pxMutexHolderTCB->uxPriority ] ), &( pxMutex
3825:Middlewares/Third_Party/FreeRTOS/Source/tasks.c **** 				{
3826:Middlewares/Third_Party/FreeRTOS/Source/tasks.c **** 					if( uxListRemove( &( pxMutexHolderTCB->xStateListItem ) ) == ( UBaseType_t ) 0 )
3827:Middlewares/Third_Party/FreeRTOS/Source/tasks.c **** 					{
3828:Middlewares/Third_Party/FreeRTOS/Source/tasks.c **** 						taskRESET_READY_PRIORITY( pxMutexHolderTCB->uxPriority );
3829:Middlewares/Third_Party/FreeRTOS/Source/tasks.c **** 					}
3830:Middlewares/Third_Party/FreeRTOS/Source/tasks.c **** 					else
3831:Middlewares/Third_Party/FreeRTOS/Source/tasks.c **** 					{
3832:Middlewares/Third_Party/FreeRTOS/Source/tasks.c **** 						mtCOVERAGE_TEST_MARKER();
3833:Middlewares/Third_Party/FreeRTOS/Source/tasks.c **** 					}
3834:Middlewares/Third_Party/FreeRTOS/Source/tasks.c **** 
3835:Middlewares/Third_Party/FreeRTOS/Source/tasks.c **** 					/* Inherit the priority before being moved into the new list. */
3836:Middlewares/Third_Party/FreeRTOS/Source/tasks.c **** 					pxMutexHolderTCB->uxPriority = pxCurrentTCB->uxPriority;
3837:Middlewares/Third_Party/FreeRTOS/Source/tasks.c **** 					prvAddTaskToReadyList( pxMutexHolderTCB );
3838:Middlewares/Third_Party/FreeRTOS/Source/tasks.c **** 				}
3839:Middlewares/Third_Party/FreeRTOS/Source/tasks.c **** 				else
3840:Middlewares/Third_Party/FreeRTOS/Source/tasks.c **** 				{
3841:Middlewares/Third_Party/FreeRTOS/Source/tasks.c **** 					/* Just inherit the priority. */
3842:Middlewares/Third_Party/FreeRTOS/Source/tasks.c **** 					pxMutexHolderTCB->uxPriority = pxCurrentTCB->uxPriority;
3843:Middlewares/Third_Party/FreeRTOS/Source/tasks.c **** 				}
3844:Middlewares/Third_Party/FreeRTOS/Source/tasks.c **** 
3845:Middlewares/Third_Party/FreeRTOS/Source/tasks.c **** 				traceTASK_PRIORITY_INHERIT( pxMutexHolderTCB, pxCurrentTCB->uxPriority );
3846:Middlewares/Third_Party/FreeRTOS/Source/tasks.c **** 
ARM GAS  /tmp/ccshf83P.s 			page 91


3847:Middlewares/Third_Party/FreeRTOS/Source/tasks.c **** 				/* Inheritance occurred. */
3848:Middlewares/Third_Party/FreeRTOS/Source/tasks.c **** 				xReturn = pdTRUE;
3849:Middlewares/Third_Party/FreeRTOS/Source/tasks.c **** 			}
3850:Middlewares/Third_Party/FreeRTOS/Source/tasks.c **** 			else
3851:Middlewares/Third_Party/FreeRTOS/Source/tasks.c **** 			{
3852:Middlewares/Third_Party/FreeRTOS/Source/tasks.c **** 				if( pxMutexHolderTCB->uxBasePriority < pxCurrentTCB->uxPriority )
3853:Middlewares/Third_Party/FreeRTOS/Source/tasks.c **** 				{
3854:Middlewares/Third_Party/FreeRTOS/Source/tasks.c **** 					/* The base priority of the mutex holder is lower than the
3855:Middlewares/Third_Party/FreeRTOS/Source/tasks.c **** 					priority of the task attempting to take the mutex, but the
3856:Middlewares/Third_Party/FreeRTOS/Source/tasks.c **** 					current priority of the mutex holder is not lower than the
3857:Middlewares/Third_Party/FreeRTOS/Source/tasks.c **** 					priority of the task attempting to take the mutex.
3858:Middlewares/Third_Party/FreeRTOS/Source/tasks.c **** 					Therefore the mutex holder must have already inherited a
3859:Middlewares/Third_Party/FreeRTOS/Source/tasks.c **** 					priority, but inheritance would have occurred if that had
3860:Middlewares/Third_Party/FreeRTOS/Source/tasks.c **** 					not been the case. */
3861:Middlewares/Third_Party/FreeRTOS/Source/tasks.c **** 					xReturn = pdTRUE;
3862:Middlewares/Third_Party/FreeRTOS/Source/tasks.c **** 				}
3863:Middlewares/Third_Party/FreeRTOS/Source/tasks.c **** 				else
3864:Middlewares/Third_Party/FreeRTOS/Source/tasks.c **** 				{
3865:Middlewares/Third_Party/FreeRTOS/Source/tasks.c **** 					mtCOVERAGE_TEST_MARKER();
3866:Middlewares/Third_Party/FreeRTOS/Source/tasks.c **** 				}
3867:Middlewares/Third_Party/FreeRTOS/Source/tasks.c **** 			}
3868:Middlewares/Third_Party/FreeRTOS/Source/tasks.c **** 		}
3869:Middlewares/Third_Party/FreeRTOS/Source/tasks.c **** 		else
3870:Middlewares/Third_Party/FreeRTOS/Source/tasks.c **** 		{
3871:Middlewares/Third_Party/FreeRTOS/Source/tasks.c **** 			mtCOVERAGE_TEST_MARKER();
3872:Middlewares/Third_Party/FreeRTOS/Source/tasks.c **** 		}
3873:Middlewares/Third_Party/FreeRTOS/Source/tasks.c **** 
3874:Middlewares/Third_Party/FreeRTOS/Source/tasks.c **** 		return xReturn;
3875:Middlewares/Third_Party/FreeRTOS/Source/tasks.c **** 	}
3876:Middlewares/Third_Party/FreeRTOS/Source/tasks.c **** 
3877:Middlewares/Third_Party/FreeRTOS/Source/tasks.c **** #endif /* configUSE_MUTEXES */
3878:Middlewares/Third_Party/FreeRTOS/Source/tasks.c **** /*-----------------------------------------------------------*/
3879:Middlewares/Third_Party/FreeRTOS/Source/tasks.c **** 
3880:Middlewares/Third_Party/FreeRTOS/Source/tasks.c **** #if ( configUSE_MUTEXES == 1 )
3881:Middlewares/Third_Party/FreeRTOS/Source/tasks.c **** 
3882:Middlewares/Third_Party/FreeRTOS/Source/tasks.c **** 	BaseType_t xTaskPriorityDisinherit( TaskHandle_t const pxMutexHolder )
3883:Middlewares/Third_Party/FreeRTOS/Source/tasks.c **** 	{
3884:Middlewares/Third_Party/FreeRTOS/Source/tasks.c **** 	TCB_t * const pxTCB = ( TCB_t * ) pxMutexHolder;
3885:Middlewares/Third_Party/FreeRTOS/Source/tasks.c **** 	BaseType_t xReturn = pdFALSE;
3886:Middlewares/Third_Party/FreeRTOS/Source/tasks.c **** 
3887:Middlewares/Third_Party/FreeRTOS/Source/tasks.c **** 		if( pxMutexHolder != NULL )
3888:Middlewares/Third_Party/FreeRTOS/Source/tasks.c **** 		{
3889:Middlewares/Third_Party/FreeRTOS/Source/tasks.c **** 			/* A task can only have an inherited priority if it holds the mutex.
3890:Middlewares/Third_Party/FreeRTOS/Source/tasks.c **** 			If the mutex is held by a task then it cannot be given from an
3891:Middlewares/Third_Party/FreeRTOS/Source/tasks.c **** 			interrupt, and if a mutex is given by the holding task then it must
3892:Middlewares/Third_Party/FreeRTOS/Source/tasks.c **** 			be the running state task. */
3893:Middlewares/Third_Party/FreeRTOS/Source/tasks.c **** 			configASSERT( pxTCB == pxCurrentTCB );
3894:Middlewares/Third_Party/FreeRTOS/Source/tasks.c **** 			configASSERT( pxTCB->uxMutexesHeld );
3895:Middlewares/Third_Party/FreeRTOS/Source/tasks.c **** 			( pxTCB->uxMutexesHeld )--;
3896:Middlewares/Third_Party/FreeRTOS/Source/tasks.c **** 
3897:Middlewares/Third_Party/FreeRTOS/Source/tasks.c **** 			/* Has the holder of the mutex inherited the priority of another
3898:Middlewares/Third_Party/FreeRTOS/Source/tasks.c **** 			task? */
3899:Middlewares/Third_Party/FreeRTOS/Source/tasks.c **** 			if( pxTCB->uxPriority != pxTCB->uxBasePriority )
3900:Middlewares/Third_Party/FreeRTOS/Source/tasks.c **** 			{
3901:Middlewares/Third_Party/FreeRTOS/Source/tasks.c **** 				/* Only disinherit if no other mutexes are held. */
3902:Middlewares/Third_Party/FreeRTOS/Source/tasks.c **** 				if( pxTCB->uxMutexesHeld == ( UBaseType_t ) 0 )
3903:Middlewares/Third_Party/FreeRTOS/Source/tasks.c **** 				{
ARM GAS  /tmp/ccshf83P.s 			page 92


3904:Middlewares/Third_Party/FreeRTOS/Source/tasks.c **** 					/* A task can only have an inherited priority if it holds
3905:Middlewares/Third_Party/FreeRTOS/Source/tasks.c **** 					the mutex.  If the mutex is held by a task then it cannot be
3906:Middlewares/Third_Party/FreeRTOS/Source/tasks.c **** 					given from an interrupt, and if a mutex is given by the
3907:Middlewares/Third_Party/FreeRTOS/Source/tasks.c **** 					holding task then it must be the running state task.  Remove
3908:Middlewares/Third_Party/FreeRTOS/Source/tasks.c **** 					the holding task from the ready list. */
3909:Middlewares/Third_Party/FreeRTOS/Source/tasks.c **** 					if( uxListRemove( &( pxTCB->xStateListItem ) ) == ( UBaseType_t ) 0 )
3910:Middlewares/Third_Party/FreeRTOS/Source/tasks.c **** 					{
3911:Middlewares/Third_Party/FreeRTOS/Source/tasks.c **** 						taskRESET_READY_PRIORITY( pxTCB->uxPriority );
3912:Middlewares/Third_Party/FreeRTOS/Source/tasks.c **** 					}
3913:Middlewares/Third_Party/FreeRTOS/Source/tasks.c **** 					else
3914:Middlewares/Third_Party/FreeRTOS/Source/tasks.c **** 					{
3915:Middlewares/Third_Party/FreeRTOS/Source/tasks.c **** 						mtCOVERAGE_TEST_MARKER();
3916:Middlewares/Third_Party/FreeRTOS/Source/tasks.c **** 					}
3917:Middlewares/Third_Party/FreeRTOS/Source/tasks.c **** 
3918:Middlewares/Third_Party/FreeRTOS/Source/tasks.c **** 					/* Disinherit the priority before adding the task into the
3919:Middlewares/Third_Party/FreeRTOS/Source/tasks.c **** 					new	ready list. */
3920:Middlewares/Third_Party/FreeRTOS/Source/tasks.c **** 					traceTASK_PRIORITY_DISINHERIT( pxTCB, pxTCB->uxBasePriority );
3921:Middlewares/Third_Party/FreeRTOS/Source/tasks.c **** 					pxTCB->uxPriority = pxTCB->uxBasePriority;
3922:Middlewares/Third_Party/FreeRTOS/Source/tasks.c **** 
3923:Middlewares/Third_Party/FreeRTOS/Source/tasks.c **** 					/* Reset the event list item value.  It cannot be in use for
3924:Middlewares/Third_Party/FreeRTOS/Source/tasks.c **** 					any other purpose if this task is running, and it must be
3925:Middlewares/Third_Party/FreeRTOS/Source/tasks.c **** 					running to give back the mutex. */
3926:Middlewares/Third_Party/FreeRTOS/Source/tasks.c **** 					listSET_LIST_ITEM_VALUE( &( pxTCB->xEventListItem ), ( TickType_t ) configMAX_PRIORITIES - ( T
3927:Middlewares/Third_Party/FreeRTOS/Source/tasks.c **** 					prvAddTaskToReadyList( pxTCB );
3928:Middlewares/Third_Party/FreeRTOS/Source/tasks.c **** 
3929:Middlewares/Third_Party/FreeRTOS/Source/tasks.c **** 					/* Return true to indicate that a context switch is required.
3930:Middlewares/Third_Party/FreeRTOS/Source/tasks.c **** 					This is only actually required in the corner case whereby
3931:Middlewares/Third_Party/FreeRTOS/Source/tasks.c **** 					multiple mutexes were held and the mutexes were given back
3932:Middlewares/Third_Party/FreeRTOS/Source/tasks.c **** 					in an order different to that in which they were taken.
3933:Middlewares/Third_Party/FreeRTOS/Source/tasks.c **** 					If a context switch did not occur when the first mutex was
3934:Middlewares/Third_Party/FreeRTOS/Source/tasks.c **** 					returned, even if a task was waiting on it, then a context
3935:Middlewares/Third_Party/FreeRTOS/Source/tasks.c **** 					switch should occur when the last mutex is returned whether
3936:Middlewares/Third_Party/FreeRTOS/Source/tasks.c **** 					a task is waiting on it or not. */
3937:Middlewares/Third_Party/FreeRTOS/Source/tasks.c **** 					xReturn = pdTRUE;
3938:Middlewares/Third_Party/FreeRTOS/Source/tasks.c **** 				}
3939:Middlewares/Third_Party/FreeRTOS/Source/tasks.c **** 				else
3940:Middlewares/Third_Party/FreeRTOS/Source/tasks.c **** 				{
3941:Middlewares/Third_Party/FreeRTOS/Source/tasks.c **** 					mtCOVERAGE_TEST_MARKER();
3942:Middlewares/Third_Party/FreeRTOS/Source/tasks.c **** 				}
3943:Middlewares/Third_Party/FreeRTOS/Source/tasks.c **** 			}
3944:Middlewares/Third_Party/FreeRTOS/Source/tasks.c **** 			else
3945:Middlewares/Third_Party/FreeRTOS/Source/tasks.c **** 			{
3946:Middlewares/Third_Party/FreeRTOS/Source/tasks.c **** 				mtCOVERAGE_TEST_MARKER();
3947:Middlewares/Third_Party/FreeRTOS/Source/tasks.c **** 			}
3948:Middlewares/Third_Party/FreeRTOS/Source/tasks.c **** 		}
3949:Middlewares/Third_Party/FreeRTOS/Source/tasks.c **** 		else
3950:Middlewares/Third_Party/FreeRTOS/Source/tasks.c **** 		{
3951:Middlewares/Third_Party/FreeRTOS/Source/tasks.c **** 			mtCOVERAGE_TEST_MARKER();
3952:Middlewares/Third_Party/FreeRTOS/Source/tasks.c **** 		}
3953:Middlewares/Third_Party/FreeRTOS/Source/tasks.c **** 
3954:Middlewares/Third_Party/FreeRTOS/Source/tasks.c **** 		return xReturn;
3955:Middlewares/Third_Party/FreeRTOS/Source/tasks.c **** 	}
3956:Middlewares/Third_Party/FreeRTOS/Source/tasks.c **** 
3957:Middlewares/Third_Party/FreeRTOS/Source/tasks.c **** #endif /* configUSE_MUTEXES */
3958:Middlewares/Third_Party/FreeRTOS/Source/tasks.c **** /*-----------------------------------------------------------*/
3959:Middlewares/Third_Party/FreeRTOS/Source/tasks.c **** 
3960:Middlewares/Third_Party/FreeRTOS/Source/tasks.c **** #if ( configUSE_MUTEXES == 1 )
ARM GAS  /tmp/ccshf83P.s 			page 93


3961:Middlewares/Third_Party/FreeRTOS/Source/tasks.c **** 
3962:Middlewares/Third_Party/FreeRTOS/Source/tasks.c **** 	void vTaskPriorityDisinheritAfterTimeout( TaskHandle_t const pxMutexHolder, UBaseType_t uxHighestP
3963:Middlewares/Third_Party/FreeRTOS/Source/tasks.c **** 	{
3964:Middlewares/Third_Party/FreeRTOS/Source/tasks.c **** 	TCB_t * const pxTCB = ( TCB_t * ) pxMutexHolder;
3965:Middlewares/Third_Party/FreeRTOS/Source/tasks.c **** 	UBaseType_t uxPriorityUsedOnEntry, uxPriorityToUse;
3966:Middlewares/Third_Party/FreeRTOS/Source/tasks.c **** 	const UBaseType_t uxOnlyOneMutexHeld = ( UBaseType_t ) 1;
3967:Middlewares/Third_Party/FreeRTOS/Source/tasks.c **** 
3968:Middlewares/Third_Party/FreeRTOS/Source/tasks.c **** 		if( pxMutexHolder != NULL )
3969:Middlewares/Third_Party/FreeRTOS/Source/tasks.c **** 		{
3970:Middlewares/Third_Party/FreeRTOS/Source/tasks.c **** 			/* If pxMutexHolder is not NULL then the holder must hold at least
3971:Middlewares/Third_Party/FreeRTOS/Source/tasks.c **** 			one mutex. */
3972:Middlewares/Third_Party/FreeRTOS/Source/tasks.c **** 			configASSERT( pxTCB->uxMutexesHeld );
3973:Middlewares/Third_Party/FreeRTOS/Source/tasks.c **** 
3974:Middlewares/Third_Party/FreeRTOS/Source/tasks.c **** 			/* Determine the priority to which the priority of the task that
3975:Middlewares/Third_Party/FreeRTOS/Source/tasks.c **** 			holds the mutex should be set.  This will be the greater of the
3976:Middlewares/Third_Party/FreeRTOS/Source/tasks.c **** 			holding task's base priority and the priority of the highest
3977:Middlewares/Third_Party/FreeRTOS/Source/tasks.c **** 			priority task that is waiting to obtain the mutex. */
3978:Middlewares/Third_Party/FreeRTOS/Source/tasks.c **** 			if( pxTCB->uxBasePriority < uxHighestPriorityWaitingTask )
3979:Middlewares/Third_Party/FreeRTOS/Source/tasks.c **** 			{
3980:Middlewares/Third_Party/FreeRTOS/Source/tasks.c **** 				uxPriorityToUse = uxHighestPriorityWaitingTask;
3981:Middlewares/Third_Party/FreeRTOS/Source/tasks.c **** 			}
3982:Middlewares/Third_Party/FreeRTOS/Source/tasks.c **** 			else
3983:Middlewares/Third_Party/FreeRTOS/Source/tasks.c **** 			{
3984:Middlewares/Third_Party/FreeRTOS/Source/tasks.c **** 				uxPriorityToUse = pxTCB->uxBasePriority;
3985:Middlewares/Third_Party/FreeRTOS/Source/tasks.c **** 			}
3986:Middlewares/Third_Party/FreeRTOS/Source/tasks.c **** 
3987:Middlewares/Third_Party/FreeRTOS/Source/tasks.c **** 			/* Does the priority need to change? */
3988:Middlewares/Third_Party/FreeRTOS/Source/tasks.c **** 			if( pxTCB->uxPriority != uxPriorityToUse )
3989:Middlewares/Third_Party/FreeRTOS/Source/tasks.c **** 			{
3990:Middlewares/Third_Party/FreeRTOS/Source/tasks.c **** 				/* Only disinherit if no other mutexes are held.  This is a
3991:Middlewares/Third_Party/FreeRTOS/Source/tasks.c **** 				simplification in the priority inheritance implementation.  If
3992:Middlewares/Third_Party/FreeRTOS/Source/tasks.c **** 				the task that holds the mutex is also holding other mutexes then
3993:Middlewares/Third_Party/FreeRTOS/Source/tasks.c **** 				the other mutexes may have caused the priority inheritance. */
3994:Middlewares/Third_Party/FreeRTOS/Source/tasks.c **** 				if( pxTCB->uxMutexesHeld == uxOnlyOneMutexHeld )
3995:Middlewares/Third_Party/FreeRTOS/Source/tasks.c **** 				{
3996:Middlewares/Third_Party/FreeRTOS/Source/tasks.c **** 					/* If a task has timed out because it already holds the
3997:Middlewares/Third_Party/FreeRTOS/Source/tasks.c **** 					mutex it was trying to obtain then it cannot of inherited
3998:Middlewares/Third_Party/FreeRTOS/Source/tasks.c **** 					its own priority. */
3999:Middlewares/Third_Party/FreeRTOS/Source/tasks.c **** 					configASSERT( pxTCB != pxCurrentTCB );
4000:Middlewares/Third_Party/FreeRTOS/Source/tasks.c **** 
4001:Middlewares/Third_Party/FreeRTOS/Source/tasks.c **** 					/* Disinherit the priority, remembering the previous
4002:Middlewares/Third_Party/FreeRTOS/Source/tasks.c **** 					priority to facilitate determining the subject task's
4003:Middlewares/Third_Party/FreeRTOS/Source/tasks.c **** 					state. */
4004:Middlewares/Third_Party/FreeRTOS/Source/tasks.c **** 					traceTASK_PRIORITY_DISINHERIT( pxTCB, pxTCB->uxBasePriority );
4005:Middlewares/Third_Party/FreeRTOS/Source/tasks.c **** 					uxPriorityUsedOnEntry = pxTCB->uxPriority;
4006:Middlewares/Third_Party/FreeRTOS/Source/tasks.c **** 					pxTCB->uxPriority = uxPriorityToUse;
4007:Middlewares/Third_Party/FreeRTOS/Source/tasks.c **** 
4008:Middlewares/Third_Party/FreeRTOS/Source/tasks.c **** 					/* Only reset the event list item value if the value is not
4009:Middlewares/Third_Party/FreeRTOS/Source/tasks.c **** 					being used for anything else. */
4010:Middlewares/Third_Party/FreeRTOS/Source/tasks.c **** 					if( ( listGET_LIST_ITEM_VALUE( &( pxTCB->xEventListItem ) ) & taskEVENT_LIST_ITEM_VALUE_IN_USE
4011:Middlewares/Third_Party/FreeRTOS/Source/tasks.c **** 					{
4012:Middlewares/Third_Party/FreeRTOS/Source/tasks.c **** 						listSET_LIST_ITEM_VALUE( &( pxTCB->xEventListItem ), ( TickType_t ) configMAX_PRIORITIES - ( 
4013:Middlewares/Third_Party/FreeRTOS/Source/tasks.c **** 					}
4014:Middlewares/Third_Party/FreeRTOS/Source/tasks.c **** 					else
4015:Middlewares/Third_Party/FreeRTOS/Source/tasks.c **** 					{
4016:Middlewares/Third_Party/FreeRTOS/Source/tasks.c **** 						mtCOVERAGE_TEST_MARKER();
4017:Middlewares/Third_Party/FreeRTOS/Source/tasks.c **** 					}
ARM GAS  /tmp/ccshf83P.s 			page 94


4018:Middlewares/Third_Party/FreeRTOS/Source/tasks.c **** 
4019:Middlewares/Third_Party/FreeRTOS/Source/tasks.c **** 					/* If the running task is not the task that holds the mutex
4020:Middlewares/Third_Party/FreeRTOS/Source/tasks.c **** 					then the task that holds the mutex could be in either the
4021:Middlewares/Third_Party/FreeRTOS/Source/tasks.c **** 					Ready, Blocked or Suspended states.  Only remove the task
4022:Middlewares/Third_Party/FreeRTOS/Source/tasks.c **** 					from its current state list if it is in the Ready state as
4023:Middlewares/Third_Party/FreeRTOS/Source/tasks.c **** 					the task's priority is going to change and there is one
4024:Middlewares/Third_Party/FreeRTOS/Source/tasks.c **** 					Ready list per priority. */
4025:Middlewares/Third_Party/FreeRTOS/Source/tasks.c **** 					if( listIS_CONTAINED_WITHIN( &( pxReadyTasksLists[ uxPriorityUsedOnEntry ] ), &( pxTCB->xState
4026:Middlewares/Third_Party/FreeRTOS/Source/tasks.c **** 					{
4027:Middlewares/Third_Party/FreeRTOS/Source/tasks.c **** 						if( uxListRemove( &( pxTCB->xStateListItem ) ) == ( UBaseType_t ) 0 )
4028:Middlewares/Third_Party/FreeRTOS/Source/tasks.c **** 						{
4029:Middlewares/Third_Party/FreeRTOS/Source/tasks.c **** 							taskRESET_READY_PRIORITY( pxTCB->uxPriority );
4030:Middlewares/Third_Party/FreeRTOS/Source/tasks.c **** 						}
4031:Middlewares/Third_Party/FreeRTOS/Source/tasks.c **** 						else
4032:Middlewares/Third_Party/FreeRTOS/Source/tasks.c **** 						{
4033:Middlewares/Third_Party/FreeRTOS/Source/tasks.c **** 							mtCOVERAGE_TEST_MARKER();
4034:Middlewares/Third_Party/FreeRTOS/Source/tasks.c **** 						}
4035:Middlewares/Third_Party/FreeRTOS/Source/tasks.c **** 
4036:Middlewares/Third_Party/FreeRTOS/Source/tasks.c **** 						prvAddTaskToReadyList( pxTCB );
4037:Middlewares/Third_Party/FreeRTOS/Source/tasks.c **** 					}
4038:Middlewares/Third_Party/FreeRTOS/Source/tasks.c **** 					else
4039:Middlewares/Third_Party/FreeRTOS/Source/tasks.c **** 					{
4040:Middlewares/Third_Party/FreeRTOS/Source/tasks.c **** 						mtCOVERAGE_TEST_MARKER();
4041:Middlewares/Third_Party/FreeRTOS/Source/tasks.c **** 					}
4042:Middlewares/Third_Party/FreeRTOS/Source/tasks.c **** 				}
4043:Middlewares/Third_Party/FreeRTOS/Source/tasks.c **** 				else
4044:Middlewares/Third_Party/FreeRTOS/Source/tasks.c **** 				{
4045:Middlewares/Third_Party/FreeRTOS/Source/tasks.c **** 					mtCOVERAGE_TEST_MARKER();
4046:Middlewares/Third_Party/FreeRTOS/Source/tasks.c **** 				}
4047:Middlewares/Third_Party/FreeRTOS/Source/tasks.c **** 			}
4048:Middlewares/Third_Party/FreeRTOS/Source/tasks.c **** 			else
4049:Middlewares/Third_Party/FreeRTOS/Source/tasks.c **** 			{
4050:Middlewares/Third_Party/FreeRTOS/Source/tasks.c **** 				mtCOVERAGE_TEST_MARKER();
4051:Middlewares/Third_Party/FreeRTOS/Source/tasks.c **** 			}
4052:Middlewares/Third_Party/FreeRTOS/Source/tasks.c **** 		}
4053:Middlewares/Third_Party/FreeRTOS/Source/tasks.c **** 		else
4054:Middlewares/Third_Party/FreeRTOS/Source/tasks.c **** 		{
4055:Middlewares/Third_Party/FreeRTOS/Source/tasks.c **** 			mtCOVERAGE_TEST_MARKER();
4056:Middlewares/Third_Party/FreeRTOS/Source/tasks.c **** 		}
4057:Middlewares/Third_Party/FreeRTOS/Source/tasks.c **** 	}
4058:Middlewares/Third_Party/FreeRTOS/Source/tasks.c **** 
4059:Middlewares/Third_Party/FreeRTOS/Source/tasks.c **** #endif /* configUSE_MUTEXES */
4060:Middlewares/Third_Party/FreeRTOS/Source/tasks.c **** /*-----------------------------------------------------------*/
4061:Middlewares/Third_Party/FreeRTOS/Source/tasks.c **** 
4062:Middlewares/Third_Party/FreeRTOS/Source/tasks.c **** #if ( portCRITICAL_NESTING_IN_TCB == 1 )
4063:Middlewares/Third_Party/FreeRTOS/Source/tasks.c **** 
4064:Middlewares/Third_Party/FreeRTOS/Source/tasks.c **** 	void vTaskEnterCritical( void )
4065:Middlewares/Third_Party/FreeRTOS/Source/tasks.c **** 	{
4066:Middlewares/Third_Party/FreeRTOS/Source/tasks.c **** 		portDISABLE_INTERRUPTS();
4067:Middlewares/Third_Party/FreeRTOS/Source/tasks.c **** 
4068:Middlewares/Third_Party/FreeRTOS/Source/tasks.c **** 		if( xSchedulerRunning != pdFALSE )
4069:Middlewares/Third_Party/FreeRTOS/Source/tasks.c **** 		{
4070:Middlewares/Third_Party/FreeRTOS/Source/tasks.c **** 			( pxCurrentTCB->uxCriticalNesting )++;
4071:Middlewares/Third_Party/FreeRTOS/Source/tasks.c **** 
4072:Middlewares/Third_Party/FreeRTOS/Source/tasks.c **** 			/* This is not the interrupt safe version of the enter critical
4073:Middlewares/Third_Party/FreeRTOS/Source/tasks.c **** 			function so	assert() if it is being called from an interrupt
4074:Middlewares/Third_Party/FreeRTOS/Source/tasks.c **** 			context.  Only API functions that end in "FromISR" can be used in an
ARM GAS  /tmp/ccshf83P.s 			page 95


4075:Middlewares/Third_Party/FreeRTOS/Source/tasks.c **** 			interrupt.  Only assert if the critical nesting count is 1 to
4076:Middlewares/Third_Party/FreeRTOS/Source/tasks.c **** 			protect against recursive calls if the assert function also uses a
4077:Middlewares/Third_Party/FreeRTOS/Source/tasks.c **** 			critical section. */
4078:Middlewares/Third_Party/FreeRTOS/Source/tasks.c **** 			if( pxCurrentTCB->uxCriticalNesting == 1 )
4079:Middlewares/Third_Party/FreeRTOS/Source/tasks.c **** 			{
4080:Middlewares/Third_Party/FreeRTOS/Source/tasks.c **** 				portASSERT_IF_IN_ISR();
4081:Middlewares/Third_Party/FreeRTOS/Source/tasks.c **** 			}
4082:Middlewares/Third_Party/FreeRTOS/Source/tasks.c **** 		}
4083:Middlewares/Third_Party/FreeRTOS/Source/tasks.c **** 		else
4084:Middlewares/Third_Party/FreeRTOS/Source/tasks.c **** 		{
4085:Middlewares/Third_Party/FreeRTOS/Source/tasks.c **** 			mtCOVERAGE_TEST_MARKER();
4086:Middlewares/Third_Party/FreeRTOS/Source/tasks.c **** 		}
4087:Middlewares/Third_Party/FreeRTOS/Source/tasks.c **** 	}
4088:Middlewares/Third_Party/FreeRTOS/Source/tasks.c **** 
4089:Middlewares/Third_Party/FreeRTOS/Source/tasks.c **** #endif /* portCRITICAL_NESTING_IN_TCB */
4090:Middlewares/Third_Party/FreeRTOS/Source/tasks.c **** /*-----------------------------------------------------------*/
4091:Middlewares/Third_Party/FreeRTOS/Source/tasks.c **** 
4092:Middlewares/Third_Party/FreeRTOS/Source/tasks.c **** #if ( portCRITICAL_NESTING_IN_TCB == 1 )
4093:Middlewares/Third_Party/FreeRTOS/Source/tasks.c **** 
4094:Middlewares/Third_Party/FreeRTOS/Source/tasks.c **** 	void vTaskExitCritical( void )
4095:Middlewares/Third_Party/FreeRTOS/Source/tasks.c **** 	{
4096:Middlewares/Third_Party/FreeRTOS/Source/tasks.c **** 		if( xSchedulerRunning != pdFALSE )
4097:Middlewares/Third_Party/FreeRTOS/Source/tasks.c **** 		{
4098:Middlewares/Third_Party/FreeRTOS/Source/tasks.c **** 			if( pxCurrentTCB->uxCriticalNesting > 0U )
4099:Middlewares/Third_Party/FreeRTOS/Source/tasks.c **** 			{
4100:Middlewares/Third_Party/FreeRTOS/Source/tasks.c **** 				( pxCurrentTCB->uxCriticalNesting )--;
4101:Middlewares/Third_Party/FreeRTOS/Source/tasks.c **** 
4102:Middlewares/Third_Party/FreeRTOS/Source/tasks.c **** 				if( pxCurrentTCB->uxCriticalNesting == 0U )
4103:Middlewares/Third_Party/FreeRTOS/Source/tasks.c **** 				{
4104:Middlewares/Third_Party/FreeRTOS/Source/tasks.c **** 					portENABLE_INTERRUPTS();
4105:Middlewares/Third_Party/FreeRTOS/Source/tasks.c **** 				}
4106:Middlewares/Third_Party/FreeRTOS/Source/tasks.c **** 				else
4107:Middlewares/Third_Party/FreeRTOS/Source/tasks.c **** 				{
4108:Middlewares/Third_Party/FreeRTOS/Source/tasks.c **** 					mtCOVERAGE_TEST_MARKER();
4109:Middlewares/Third_Party/FreeRTOS/Source/tasks.c **** 				}
4110:Middlewares/Third_Party/FreeRTOS/Source/tasks.c **** 			}
4111:Middlewares/Third_Party/FreeRTOS/Source/tasks.c **** 			else
4112:Middlewares/Third_Party/FreeRTOS/Source/tasks.c **** 			{
4113:Middlewares/Third_Party/FreeRTOS/Source/tasks.c **** 				mtCOVERAGE_TEST_MARKER();
4114:Middlewares/Third_Party/FreeRTOS/Source/tasks.c **** 			}
4115:Middlewares/Third_Party/FreeRTOS/Source/tasks.c **** 		}
4116:Middlewares/Third_Party/FreeRTOS/Source/tasks.c **** 		else
4117:Middlewares/Third_Party/FreeRTOS/Source/tasks.c **** 		{
4118:Middlewares/Third_Party/FreeRTOS/Source/tasks.c **** 			mtCOVERAGE_TEST_MARKER();
4119:Middlewares/Third_Party/FreeRTOS/Source/tasks.c **** 		}
4120:Middlewares/Third_Party/FreeRTOS/Source/tasks.c **** 	}
4121:Middlewares/Third_Party/FreeRTOS/Source/tasks.c **** 
4122:Middlewares/Third_Party/FreeRTOS/Source/tasks.c **** #endif /* portCRITICAL_NESTING_IN_TCB */
4123:Middlewares/Third_Party/FreeRTOS/Source/tasks.c **** /*-----------------------------------------------------------*/
4124:Middlewares/Third_Party/FreeRTOS/Source/tasks.c **** 
4125:Middlewares/Third_Party/FreeRTOS/Source/tasks.c **** #if ( ( configUSE_TRACE_FACILITY == 1 ) && ( configUSE_STATS_FORMATTING_FUNCTIONS > 0 ) )
4126:Middlewares/Third_Party/FreeRTOS/Source/tasks.c **** 
4127:Middlewares/Third_Party/FreeRTOS/Source/tasks.c **** 	static char *prvWriteNameToBuffer( char *pcBuffer, const char *pcTaskName )
4128:Middlewares/Third_Party/FreeRTOS/Source/tasks.c **** 	{
4129:Middlewares/Third_Party/FreeRTOS/Source/tasks.c **** 	size_t x;
4130:Middlewares/Third_Party/FreeRTOS/Source/tasks.c **** 
4131:Middlewares/Third_Party/FreeRTOS/Source/tasks.c **** 		/* Start by copying the entire string. */
ARM GAS  /tmp/ccshf83P.s 			page 96


4132:Middlewares/Third_Party/FreeRTOS/Source/tasks.c **** 		strcpy( pcBuffer, pcTaskName );
4133:Middlewares/Third_Party/FreeRTOS/Source/tasks.c **** 
4134:Middlewares/Third_Party/FreeRTOS/Source/tasks.c **** 		/* Pad the end of the string with spaces to ensure columns line up when
4135:Middlewares/Third_Party/FreeRTOS/Source/tasks.c **** 		printed out. */
4136:Middlewares/Third_Party/FreeRTOS/Source/tasks.c **** 		for( x = strlen( pcBuffer ); x < ( size_t ) ( configMAX_TASK_NAME_LEN - 1 ); x++ )
4137:Middlewares/Third_Party/FreeRTOS/Source/tasks.c **** 		{
4138:Middlewares/Third_Party/FreeRTOS/Source/tasks.c **** 			pcBuffer[ x ] = ' ';
4139:Middlewares/Third_Party/FreeRTOS/Source/tasks.c **** 		}
4140:Middlewares/Third_Party/FreeRTOS/Source/tasks.c **** 
4141:Middlewares/Third_Party/FreeRTOS/Source/tasks.c **** 		/* Terminate. */
4142:Middlewares/Third_Party/FreeRTOS/Source/tasks.c **** 		pcBuffer[ x ] = 0x00;
4143:Middlewares/Third_Party/FreeRTOS/Source/tasks.c **** 
4144:Middlewares/Third_Party/FreeRTOS/Source/tasks.c **** 		/* Return the new end of string. */
4145:Middlewares/Third_Party/FreeRTOS/Source/tasks.c **** 		return &( pcBuffer[ x ] );
4146:Middlewares/Third_Party/FreeRTOS/Source/tasks.c **** 	}
4147:Middlewares/Third_Party/FreeRTOS/Source/tasks.c **** 
4148:Middlewares/Third_Party/FreeRTOS/Source/tasks.c **** #endif /* ( configUSE_TRACE_FACILITY == 1 ) && ( configUSE_STATS_FORMATTING_FUNCTIONS > 0 ) */
4149:Middlewares/Third_Party/FreeRTOS/Source/tasks.c **** /*-----------------------------------------------------------*/
4150:Middlewares/Third_Party/FreeRTOS/Source/tasks.c **** 
4151:Middlewares/Third_Party/FreeRTOS/Source/tasks.c **** #if ( ( configUSE_TRACE_FACILITY == 1 ) && ( configUSE_STATS_FORMATTING_FUNCTIONS > 0 ) && ( config
4152:Middlewares/Third_Party/FreeRTOS/Source/tasks.c **** 
4153:Middlewares/Third_Party/FreeRTOS/Source/tasks.c **** 	void vTaskList( char * pcWriteBuffer )
4154:Middlewares/Third_Party/FreeRTOS/Source/tasks.c **** 	{
4155:Middlewares/Third_Party/FreeRTOS/Source/tasks.c **** 	TaskStatus_t *pxTaskStatusArray;
4156:Middlewares/Third_Party/FreeRTOS/Source/tasks.c **** 	volatile UBaseType_t uxArraySize, x;
4157:Middlewares/Third_Party/FreeRTOS/Source/tasks.c **** 	char cStatus;
4158:Middlewares/Third_Party/FreeRTOS/Source/tasks.c **** 
4159:Middlewares/Third_Party/FreeRTOS/Source/tasks.c **** 		/*
4160:Middlewares/Third_Party/FreeRTOS/Source/tasks.c **** 		 * PLEASE NOTE:
4161:Middlewares/Third_Party/FreeRTOS/Source/tasks.c **** 		 *
4162:Middlewares/Third_Party/FreeRTOS/Source/tasks.c **** 		 * This function is provided for convenience only, and is used by many
4163:Middlewares/Third_Party/FreeRTOS/Source/tasks.c **** 		 * of the demo applications.  Do not consider it to be part of the
4164:Middlewares/Third_Party/FreeRTOS/Source/tasks.c **** 		 * scheduler.
4165:Middlewares/Third_Party/FreeRTOS/Source/tasks.c **** 		 *
4166:Middlewares/Third_Party/FreeRTOS/Source/tasks.c **** 		 * vTaskList() calls uxTaskGetSystemState(), then formats part of the
4167:Middlewares/Third_Party/FreeRTOS/Source/tasks.c **** 		 * uxTaskGetSystemState() output into a human readable table that
4168:Middlewares/Third_Party/FreeRTOS/Source/tasks.c **** 		 * displays task names, states and stack usage.
4169:Middlewares/Third_Party/FreeRTOS/Source/tasks.c **** 		 *
4170:Middlewares/Third_Party/FreeRTOS/Source/tasks.c **** 		 * vTaskList() has a dependency on the sprintf() C library function that
4171:Middlewares/Third_Party/FreeRTOS/Source/tasks.c **** 		 * might bloat the code size, use a lot of stack, and provide different
4172:Middlewares/Third_Party/FreeRTOS/Source/tasks.c **** 		 * results on different platforms.  An alternative, tiny, third party,
4173:Middlewares/Third_Party/FreeRTOS/Source/tasks.c **** 		 * and limited functionality implementation of sprintf() is provided in
4174:Middlewares/Third_Party/FreeRTOS/Source/tasks.c **** 		 * many of the FreeRTOS/Demo sub-directories in a file called
4175:Middlewares/Third_Party/FreeRTOS/Source/tasks.c **** 		 * printf-stdarg.c (note printf-stdarg.c does not provide a full
4176:Middlewares/Third_Party/FreeRTOS/Source/tasks.c **** 		 * snprintf() implementation!).
4177:Middlewares/Third_Party/FreeRTOS/Source/tasks.c **** 		 *
4178:Middlewares/Third_Party/FreeRTOS/Source/tasks.c **** 		 * It is recommended that production systems call uxTaskGetSystemState()
4179:Middlewares/Third_Party/FreeRTOS/Source/tasks.c **** 		 * directly to get access to raw stats data, rather than indirectly
4180:Middlewares/Third_Party/FreeRTOS/Source/tasks.c **** 		 * through a call to vTaskList().
4181:Middlewares/Third_Party/FreeRTOS/Source/tasks.c **** 		 */
4182:Middlewares/Third_Party/FreeRTOS/Source/tasks.c **** 
4183:Middlewares/Third_Party/FreeRTOS/Source/tasks.c **** 
4184:Middlewares/Third_Party/FreeRTOS/Source/tasks.c **** 		/* Make sure the write buffer does not contain a string. */
4185:Middlewares/Third_Party/FreeRTOS/Source/tasks.c **** 		*pcWriteBuffer = 0x00;
4186:Middlewares/Third_Party/FreeRTOS/Source/tasks.c **** 
4187:Middlewares/Third_Party/FreeRTOS/Source/tasks.c **** 		/* Take a snapshot of the number of tasks in case it changes while this
4188:Middlewares/Third_Party/FreeRTOS/Source/tasks.c **** 		function is executing. */
ARM GAS  /tmp/ccshf83P.s 			page 97


4189:Middlewares/Third_Party/FreeRTOS/Source/tasks.c **** 		uxArraySize = uxCurrentNumberOfTasks;
4190:Middlewares/Third_Party/FreeRTOS/Source/tasks.c **** 
4191:Middlewares/Third_Party/FreeRTOS/Source/tasks.c **** 		/* Allocate an array index for each task.  NOTE!  if
4192:Middlewares/Third_Party/FreeRTOS/Source/tasks.c **** 		configSUPPORT_DYNAMIC_ALLOCATION is set to 0 then pvPortMalloc() will
4193:Middlewares/Third_Party/FreeRTOS/Source/tasks.c **** 		equate to NULL. */
4194:Middlewares/Third_Party/FreeRTOS/Source/tasks.c **** 		pxTaskStatusArray = pvPortMalloc( uxCurrentNumberOfTasks * sizeof( TaskStatus_t ) );
4195:Middlewares/Third_Party/FreeRTOS/Source/tasks.c **** 
4196:Middlewares/Third_Party/FreeRTOS/Source/tasks.c **** 		if( pxTaskStatusArray != NULL )
4197:Middlewares/Third_Party/FreeRTOS/Source/tasks.c **** 		{
4198:Middlewares/Third_Party/FreeRTOS/Source/tasks.c **** 			/* Generate the (binary) data. */
4199:Middlewares/Third_Party/FreeRTOS/Source/tasks.c **** 			uxArraySize = uxTaskGetSystemState( pxTaskStatusArray, uxArraySize, NULL );
4200:Middlewares/Third_Party/FreeRTOS/Source/tasks.c **** 
4201:Middlewares/Third_Party/FreeRTOS/Source/tasks.c **** 			/* Create a human readable table from the binary data. */
4202:Middlewares/Third_Party/FreeRTOS/Source/tasks.c **** 			for( x = 0; x < uxArraySize; x++ )
4203:Middlewares/Third_Party/FreeRTOS/Source/tasks.c **** 			{
4204:Middlewares/Third_Party/FreeRTOS/Source/tasks.c **** 				switch( pxTaskStatusArray[ x ].eCurrentState )
4205:Middlewares/Third_Party/FreeRTOS/Source/tasks.c **** 				{
4206:Middlewares/Third_Party/FreeRTOS/Source/tasks.c **** 					case eRunning:		cStatus = tskRUNNING_CHAR;
4207:Middlewares/Third_Party/FreeRTOS/Source/tasks.c **** 										break;
4208:Middlewares/Third_Party/FreeRTOS/Source/tasks.c **** 
4209:Middlewares/Third_Party/FreeRTOS/Source/tasks.c **** 					case eReady:		cStatus = tskREADY_CHAR;
4210:Middlewares/Third_Party/FreeRTOS/Source/tasks.c **** 										break;
4211:Middlewares/Third_Party/FreeRTOS/Source/tasks.c **** 
4212:Middlewares/Third_Party/FreeRTOS/Source/tasks.c **** 					case eBlocked:		cStatus = tskBLOCKED_CHAR;
4213:Middlewares/Third_Party/FreeRTOS/Source/tasks.c **** 										break;
4214:Middlewares/Third_Party/FreeRTOS/Source/tasks.c **** 
4215:Middlewares/Third_Party/FreeRTOS/Source/tasks.c **** 					case eSuspended:	cStatus = tskSUSPENDED_CHAR;
4216:Middlewares/Third_Party/FreeRTOS/Source/tasks.c **** 										break;
4217:Middlewares/Third_Party/FreeRTOS/Source/tasks.c **** 
4218:Middlewares/Third_Party/FreeRTOS/Source/tasks.c **** 					case eDeleted:		cStatus = tskDELETED_CHAR;
4219:Middlewares/Third_Party/FreeRTOS/Source/tasks.c **** 										break;
4220:Middlewares/Third_Party/FreeRTOS/Source/tasks.c **** 
4221:Middlewares/Third_Party/FreeRTOS/Source/tasks.c **** 					default:			/* Should not get here, but it is included
4222:Middlewares/Third_Party/FreeRTOS/Source/tasks.c **** 										to prevent static checking errors. */
4223:Middlewares/Third_Party/FreeRTOS/Source/tasks.c **** 										cStatus = 0x00;
4224:Middlewares/Third_Party/FreeRTOS/Source/tasks.c **** 										break;
4225:Middlewares/Third_Party/FreeRTOS/Source/tasks.c **** 				}
4226:Middlewares/Third_Party/FreeRTOS/Source/tasks.c **** 
4227:Middlewares/Third_Party/FreeRTOS/Source/tasks.c **** 				/* Write the task name to the string, padding with spaces so it
4228:Middlewares/Third_Party/FreeRTOS/Source/tasks.c **** 				can be printed in tabular form more easily. */
4229:Middlewares/Third_Party/FreeRTOS/Source/tasks.c **** 				pcWriteBuffer = prvWriteNameToBuffer( pcWriteBuffer, pxTaskStatusArray[ x ].pcTaskName );
4230:Middlewares/Third_Party/FreeRTOS/Source/tasks.c **** 
4231:Middlewares/Third_Party/FreeRTOS/Source/tasks.c **** 				/* Write the rest of the string. */
4232:Middlewares/Third_Party/FreeRTOS/Source/tasks.c **** 				sprintf( pcWriteBuffer, "\t%c\t%u\t%u\t%u\r\n", cStatus, ( unsigned int ) pxTaskStatusArray[ x 
4233:Middlewares/Third_Party/FreeRTOS/Source/tasks.c **** 				pcWriteBuffer += strlen( pcWriteBuffer );
4234:Middlewares/Third_Party/FreeRTOS/Source/tasks.c **** 			}
4235:Middlewares/Third_Party/FreeRTOS/Source/tasks.c **** 
4236:Middlewares/Third_Party/FreeRTOS/Source/tasks.c **** 			/* Free the array again.  NOTE!  If configSUPPORT_DYNAMIC_ALLOCATION
4237:Middlewares/Third_Party/FreeRTOS/Source/tasks.c **** 			is 0 then vPortFree() will be #defined to nothing. */
4238:Middlewares/Third_Party/FreeRTOS/Source/tasks.c **** 			vPortFree( pxTaskStatusArray );
4239:Middlewares/Third_Party/FreeRTOS/Source/tasks.c **** 		}
4240:Middlewares/Third_Party/FreeRTOS/Source/tasks.c **** 		else
4241:Middlewares/Third_Party/FreeRTOS/Source/tasks.c **** 		{
4242:Middlewares/Third_Party/FreeRTOS/Source/tasks.c **** 			mtCOVERAGE_TEST_MARKER();
4243:Middlewares/Third_Party/FreeRTOS/Source/tasks.c **** 		}
4244:Middlewares/Third_Party/FreeRTOS/Source/tasks.c **** 	}
4245:Middlewares/Third_Party/FreeRTOS/Source/tasks.c **** 
ARM GAS  /tmp/ccshf83P.s 			page 98


4246:Middlewares/Third_Party/FreeRTOS/Source/tasks.c **** #endif /* ( ( configUSE_TRACE_FACILITY == 1 ) && ( configUSE_STATS_FORMATTING_FUNCTIONS > 0 ) && ( 
4247:Middlewares/Third_Party/FreeRTOS/Source/tasks.c **** /*----------------------------------------------------------*/
4248:Middlewares/Third_Party/FreeRTOS/Source/tasks.c **** 
4249:Middlewares/Third_Party/FreeRTOS/Source/tasks.c **** #if ( ( configGENERATE_RUN_TIME_STATS == 1 ) && ( configUSE_STATS_FORMATTING_FUNCTIONS > 0 ) && ( c
4250:Middlewares/Third_Party/FreeRTOS/Source/tasks.c **** 
4251:Middlewares/Third_Party/FreeRTOS/Source/tasks.c **** 	void vTaskGetRunTimeStats( char *pcWriteBuffer )
4252:Middlewares/Third_Party/FreeRTOS/Source/tasks.c **** 	{
4253:Middlewares/Third_Party/FreeRTOS/Source/tasks.c **** 	TaskStatus_t *pxTaskStatusArray;
4254:Middlewares/Third_Party/FreeRTOS/Source/tasks.c **** 	volatile UBaseType_t uxArraySize, x;
4255:Middlewares/Third_Party/FreeRTOS/Source/tasks.c **** 	uint32_t ulTotalTime, ulStatsAsPercentage;
4256:Middlewares/Third_Party/FreeRTOS/Source/tasks.c **** 
4257:Middlewares/Third_Party/FreeRTOS/Source/tasks.c **** 		#if( configUSE_TRACE_FACILITY != 1 )
4258:Middlewares/Third_Party/FreeRTOS/Source/tasks.c **** 		{
4259:Middlewares/Third_Party/FreeRTOS/Source/tasks.c **** 			#error configUSE_TRACE_FACILITY must also be set to 1 in FreeRTOSConfig.h to use vTaskGetRunTime
4260:Middlewares/Third_Party/FreeRTOS/Source/tasks.c **** 		}
4261:Middlewares/Third_Party/FreeRTOS/Source/tasks.c **** 		#endif
4262:Middlewares/Third_Party/FreeRTOS/Source/tasks.c **** 
4263:Middlewares/Third_Party/FreeRTOS/Source/tasks.c **** 		/*
4264:Middlewares/Third_Party/FreeRTOS/Source/tasks.c **** 		 * PLEASE NOTE:
4265:Middlewares/Third_Party/FreeRTOS/Source/tasks.c **** 		 *
4266:Middlewares/Third_Party/FreeRTOS/Source/tasks.c **** 		 * This function is provided for convenience only, and is used by many
4267:Middlewares/Third_Party/FreeRTOS/Source/tasks.c **** 		 * of the demo applications.  Do not consider it to be part of the
4268:Middlewares/Third_Party/FreeRTOS/Source/tasks.c **** 		 * scheduler.
4269:Middlewares/Third_Party/FreeRTOS/Source/tasks.c **** 		 *
4270:Middlewares/Third_Party/FreeRTOS/Source/tasks.c **** 		 * vTaskGetRunTimeStats() calls uxTaskGetSystemState(), then formats part
4271:Middlewares/Third_Party/FreeRTOS/Source/tasks.c **** 		 * of the uxTaskGetSystemState() output into a human readable table that
4272:Middlewares/Third_Party/FreeRTOS/Source/tasks.c **** 		 * displays the amount of time each task has spent in the Running state
4273:Middlewares/Third_Party/FreeRTOS/Source/tasks.c **** 		 * in both absolute and percentage terms.
4274:Middlewares/Third_Party/FreeRTOS/Source/tasks.c **** 		 *
4275:Middlewares/Third_Party/FreeRTOS/Source/tasks.c **** 		 * vTaskGetRunTimeStats() has a dependency on the sprintf() C library
4276:Middlewares/Third_Party/FreeRTOS/Source/tasks.c **** 		 * function that might bloat the code size, use a lot of stack, and
4277:Middlewares/Third_Party/FreeRTOS/Source/tasks.c **** 		 * provide different results on different platforms.  An alternative,
4278:Middlewares/Third_Party/FreeRTOS/Source/tasks.c **** 		 * tiny, third party, and limited functionality implementation of
4279:Middlewares/Third_Party/FreeRTOS/Source/tasks.c **** 		 * sprintf() is provided in many of the FreeRTOS/Demo sub-directories in
4280:Middlewares/Third_Party/FreeRTOS/Source/tasks.c **** 		 * a file called printf-stdarg.c (note printf-stdarg.c does not provide
4281:Middlewares/Third_Party/FreeRTOS/Source/tasks.c **** 		 * a full snprintf() implementation!).
4282:Middlewares/Third_Party/FreeRTOS/Source/tasks.c **** 		 *
4283:Middlewares/Third_Party/FreeRTOS/Source/tasks.c **** 		 * It is recommended that production systems call uxTaskGetSystemState()
4284:Middlewares/Third_Party/FreeRTOS/Source/tasks.c **** 		 * directly to get access to raw stats data, rather than indirectly
4285:Middlewares/Third_Party/FreeRTOS/Source/tasks.c **** 		 * through a call to vTaskGetRunTimeStats().
4286:Middlewares/Third_Party/FreeRTOS/Source/tasks.c **** 		 */
4287:Middlewares/Third_Party/FreeRTOS/Source/tasks.c **** 
4288:Middlewares/Third_Party/FreeRTOS/Source/tasks.c **** 		/* Make sure the write buffer does not contain a string. */
4289:Middlewares/Third_Party/FreeRTOS/Source/tasks.c **** 		*pcWriteBuffer = 0x00;
4290:Middlewares/Third_Party/FreeRTOS/Source/tasks.c **** 
4291:Middlewares/Third_Party/FreeRTOS/Source/tasks.c **** 		/* Take a snapshot of the number of tasks in case it changes while this
4292:Middlewares/Third_Party/FreeRTOS/Source/tasks.c **** 		function is executing. */
4293:Middlewares/Third_Party/FreeRTOS/Source/tasks.c **** 		uxArraySize = uxCurrentNumberOfTasks;
4294:Middlewares/Third_Party/FreeRTOS/Source/tasks.c **** 
4295:Middlewares/Third_Party/FreeRTOS/Source/tasks.c **** 		/* Allocate an array index for each task.  NOTE!  If
4296:Middlewares/Third_Party/FreeRTOS/Source/tasks.c **** 		configSUPPORT_DYNAMIC_ALLOCATION is set to 0 then pvPortMalloc() will
4297:Middlewares/Third_Party/FreeRTOS/Source/tasks.c **** 		equate to NULL. */
4298:Middlewares/Third_Party/FreeRTOS/Source/tasks.c **** 		pxTaskStatusArray = pvPortMalloc( uxCurrentNumberOfTasks * sizeof( TaskStatus_t ) );
4299:Middlewares/Third_Party/FreeRTOS/Source/tasks.c **** 
4300:Middlewares/Third_Party/FreeRTOS/Source/tasks.c **** 		if( pxTaskStatusArray != NULL )
4301:Middlewares/Third_Party/FreeRTOS/Source/tasks.c **** 		{
4302:Middlewares/Third_Party/FreeRTOS/Source/tasks.c **** 			/* Generate the (binary) data. */
ARM GAS  /tmp/ccshf83P.s 			page 99


4303:Middlewares/Third_Party/FreeRTOS/Source/tasks.c **** 			uxArraySize = uxTaskGetSystemState( pxTaskStatusArray, uxArraySize, &ulTotalTime );
4304:Middlewares/Third_Party/FreeRTOS/Source/tasks.c **** 
4305:Middlewares/Third_Party/FreeRTOS/Source/tasks.c **** 			/* For percentage calculations. */
4306:Middlewares/Third_Party/FreeRTOS/Source/tasks.c **** 			ulTotalTime /= 100UL;
4307:Middlewares/Third_Party/FreeRTOS/Source/tasks.c **** 
4308:Middlewares/Third_Party/FreeRTOS/Source/tasks.c **** 			/* Avoid divide by zero errors. */
4309:Middlewares/Third_Party/FreeRTOS/Source/tasks.c **** 			if( ulTotalTime > 0 )
4310:Middlewares/Third_Party/FreeRTOS/Source/tasks.c **** 			{
4311:Middlewares/Third_Party/FreeRTOS/Source/tasks.c **** 				/* Create a human readable table from the binary data. */
4312:Middlewares/Third_Party/FreeRTOS/Source/tasks.c **** 				for( x = 0; x < uxArraySize; x++ )
4313:Middlewares/Third_Party/FreeRTOS/Source/tasks.c **** 				{
4314:Middlewares/Third_Party/FreeRTOS/Source/tasks.c **** 					/* What percentage of the total run time has the task used?
4315:Middlewares/Third_Party/FreeRTOS/Source/tasks.c **** 					This will always be rounded down to the nearest integer.
4316:Middlewares/Third_Party/FreeRTOS/Source/tasks.c **** 					ulTotalRunTimeDiv100 has already been divided by 100. */
4317:Middlewares/Third_Party/FreeRTOS/Source/tasks.c **** 					ulStatsAsPercentage = pxTaskStatusArray[ x ].ulRunTimeCounter / ulTotalTime;
4318:Middlewares/Third_Party/FreeRTOS/Source/tasks.c **** 
4319:Middlewares/Third_Party/FreeRTOS/Source/tasks.c **** 					/* Write the task name to the string, padding with
4320:Middlewares/Third_Party/FreeRTOS/Source/tasks.c **** 					spaces so it can be printed in tabular form more
4321:Middlewares/Third_Party/FreeRTOS/Source/tasks.c **** 					easily. */
4322:Middlewares/Third_Party/FreeRTOS/Source/tasks.c **** 					pcWriteBuffer = prvWriteNameToBuffer( pcWriteBuffer, pxTaskStatusArray[ x ].pcTaskName );
4323:Middlewares/Third_Party/FreeRTOS/Source/tasks.c **** 
4324:Middlewares/Third_Party/FreeRTOS/Source/tasks.c **** 					if( ulStatsAsPercentage > 0UL )
4325:Middlewares/Third_Party/FreeRTOS/Source/tasks.c **** 					{
4326:Middlewares/Third_Party/FreeRTOS/Source/tasks.c **** 						#ifdef portLU_PRINTF_SPECIFIER_REQUIRED
4327:Middlewares/Third_Party/FreeRTOS/Source/tasks.c **** 						{
4328:Middlewares/Third_Party/FreeRTOS/Source/tasks.c **** 							sprintf( pcWriteBuffer, "\t%lu\t\t%lu%%\r\n", pxTaskStatusArray[ x ].ulRunTimeCounter, ulSta
4329:Middlewares/Third_Party/FreeRTOS/Source/tasks.c **** 						}
4330:Middlewares/Third_Party/FreeRTOS/Source/tasks.c **** 						#else
4331:Middlewares/Third_Party/FreeRTOS/Source/tasks.c **** 						{
4332:Middlewares/Third_Party/FreeRTOS/Source/tasks.c **** 							/* sizeof( int ) == sizeof( long ) so a smaller
4333:Middlewares/Third_Party/FreeRTOS/Source/tasks.c **** 							printf() library can be used. */
4334:Middlewares/Third_Party/FreeRTOS/Source/tasks.c **** 							sprintf( pcWriteBuffer, "\t%u\t\t%u%%\r\n", ( unsigned int ) pxTaskStatusArray[ x ].ulRunTim
4335:Middlewares/Third_Party/FreeRTOS/Source/tasks.c **** 						}
4336:Middlewares/Third_Party/FreeRTOS/Source/tasks.c **** 						#endif
4337:Middlewares/Third_Party/FreeRTOS/Source/tasks.c **** 					}
4338:Middlewares/Third_Party/FreeRTOS/Source/tasks.c **** 					else
4339:Middlewares/Third_Party/FreeRTOS/Source/tasks.c **** 					{
4340:Middlewares/Third_Party/FreeRTOS/Source/tasks.c **** 						/* If the percentage is zero here then the task has
4341:Middlewares/Third_Party/FreeRTOS/Source/tasks.c **** 						consumed less than 1% of the total run time. */
4342:Middlewares/Third_Party/FreeRTOS/Source/tasks.c **** 						#ifdef portLU_PRINTF_SPECIFIER_REQUIRED
4343:Middlewares/Third_Party/FreeRTOS/Source/tasks.c **** 						{
4344:Middlewares/Third_Party/FreeRTOS/Source/tasks.c **** 							sprintf( pcWriteBuffer, "\t%lu\t\t<1%%\r\n", pxTaskStatusArray[ x ].ulRunTimeCounter );
4345:Middlewares/Third_Party/FreeRTOS/Source/tasks.c **** 						}
4346:Middlewares/Third_Party/FreeRTOS/Source/tasks.c **** 						#else
4347:Middlewares/Third_Party/FreeRTOS/Source/tasks.c **** 						{
4348:Middlewares/Third_Party/FreeRTOS/Source/tasks.c **** 							/* sizeof( int ) == sizeof( long ) so a smaller
4349:Middlewares/Third_Party/FreeRTOS/Source/tasks.c **** 							printf() library can be used. */
4350:Middlewares/Third_Party/FreeRTOS/Source/tasks.c **** 							sprintf( pcWriteBuffer, "\t%u\t\t<1%%\r\n", ( unsigned int ) pxTaskStatusArray[ x ].ulRunTim
4351:Middlewares/Third_Party/FreeRTOS/Source/tasks.c **** 						}
4352:Middlewares/Third_Party/FreeRTOS/Source/tasks.c **** 						#endif
4353:Middlewares/Third_Party/FreeRTOS/Source/tasks.c **** 					}
4354:Middlewares/Third_Party/FreeRTOS/Source/tasks.c **** 
4355:Middlewares/Third_Party/FreeRTOS/Source/tasks.c **** 					pcWriteBuffer += strlen( pcWriteBuffer );
4356:Middlewares/Third_Party/FreeRTOS/Source/tasks.c **** 				}
4357:Middlewares/Third_Party/FreeRTOS/Source/tasks.c **** 			}
4358:Middlewares/Third_Party/FreeRTOS/Source/tasks.c **** 			else
4359:Middlewares/Third_Party/FreeRTOS/Source/tasks.c **** 			{
ARM GAS  /tmp/ccshf83P.s 			page 100


4360:Middlewares/Third_Party/FreeRTOS/Source/tasks.c **** 				mtCOVERAGE_TEST_MARKER();
4361:Middlewares/Third_Party/FreeRTOS/Source/tasks.c **** 			}
4362:Middlewares/Third_Party/FreeRTOS/Source/tasks.c **** 
4363:Middlewares/Third_Party/FreeRTOS/Source/tasks.c **** 			/* Free the array again.  NOTE!  If configSUPPORT_DYNAMIC_ALLOCATION
4364:Middlewares/Third_Party/FreeRTOS/Source/tasks.c **** 			is 0 then vPortFree() will be #defined to nothing. */
4365:Middlewares/Third_Party/FreeRTOS/Source/tasks.c **** 			vPortFree( pxTaskStatusArray );
4366:Middlewares/Third_Party/FreeRTOS/Source/tasks.c **** 		}
4367:Middlewares/Third_Party/FreeRTOS/Source/tasks.c **** 		else
4368:Middlewares/Third_Party/FreeRTOS/Source/tasks.c **** 		{
4369:Middlewares/Third_Party/FreeRTOS/Source/tasks.c **** 			mtCOVERAGE_TEST_MARKER();
4370:Middlewares/Third_Party/FreeRTOS/Source/tasks.c **** 		}
4371:Middlewares/Third_Party/FreeRTOS/Source/tasks.c **** 	}
4372:Middlewares/Third_Party/FreeRTOS/Source/tasks.c **** 
4373:Middlewares/Third_Party/FreeRTOS/Source/tasks.c **** #endif /* ( ( configGENERATE_RUN_TIME_STATS == 1 ) && ( configUSE_STATS_FORMATTING_FUNCTIONS > 0 ) 
4374:Middlewares/Third_Party/FreeRTOS/Source/tasks.c **** /*-----------------------------------------------------------*/
4375:Middlewares/Third_Party/FreeRTOS/Source/tasks.c **** 
4376:Middlewares/Third_Party/FreeRTOS/Source/tasks.c **** TickType_t uxTaskResetEventItemValue( void )
4377:Middlewares/Third_Party/FreeRTOS/Source/tasks.c **** {
4378:Middlewares/Third_Party/FreeRTOS/Source/tasks.c **** TickType_t uxReturn;
4379:Middlewares/Third_Party/FreeRTOS/Source/tasks.c **** 
4380:Middlewares/Third_Party/FreeRTOS/Source/tasks.c **** 	uxReturn = listGET_LIST_ITEM_VALUE( &( pxCurrentTCB->xEventListItem ) );
4381:Middlewares/Third_Party/FreeRTOS/Source/tasks.c **** 
4382:Middlewares/Third_Party/FreeRTOS/Source/tasks.c **** 	/* Reset the event list item to its normal value - so it can be used with
4383:Middlewares/Third_Party/FreeRTOS/Source/tasks.c **** 	queues and semaphores. */
4384:Middlewares/Third_Party/FreeRTOS/Source/tasks.c **** 	listSET_LIST_ITEM_VALUE( &( pxCurrentTCB->xEventListItem ), ( ( TickType_t ) configMAX_PRIORITIES 
4385:Middlewares/Third_Party/FreeRTOS/Source/tasks.c **** 
4386:Middlewares/Third_Party/FreeRTOS/Source/tasks.c **** 	return uxReturn;
4387:Middlewares/Third_Party/FreeRTOS/Source/tasks.c **** }
4388:Middlewares/Third_Party/FreeRTOS/Source/tasks.c **** /*-----------------------------------------------------------*/
4389:Middlewares/Third_Party/FreeRTOS/Source/tasks.c **** 
4390:Middlewares/Third_Party/FreeRTOS/Source/tasks.c **** #if ( configUSE_MUTEXES == 1 )
4391:Middlewares/Third_Party/FreeRTOS/Source/tasks.c **** 
4392:Middlewares/Third_Party/FreeRTOS/Source/tasks.c **** 	void *pvTaskIncrementMutexHeldCount( void )
4393:Middlewares/Third_Party/FreeRTOS/Source/tasks.c **** 	{
4394:Middlewares/Third_Party/FreeRTOS/Source/tasks.c **** 		/* If xSemaphoreCreateMutex() is called before any tasks have been created
4395:Middlewares/Third_Party/FreeRTOS/Source/tasks.c **** 		then pxCurrentTCB will be NULL. */
4396:Middlewares/Third_Party/FreeRTOS/Source/tasks.c **** 		if( pxCurrentTCB != NULL )
4397:Middlewares/Third_Party/FreeRTOS/Source/tasks.c **** 		{
4398:Middlewares/Third_Party/FreeRTOS/Source/tasks.c **** 			( pxCurrentTCB->uxMutexesHeld )++;
4399:Middlewares/Third_Party/FreeRTOS/Source/tasks.c **** 		}
4400:Middlewares/Third_Party/FreeRTOS/Source/tasks.c **** 
4401:Middlewares/Third_Party/FreeRTOS/Source/tasks.c **** 		return pxCurrentTCB;
4402:Middlewares/Third_Party/FreeRTOS/Source/tasks.c **** 	}
4403:Middlewares/Third_Party/FreeRTOS/Source/tasks.c **** 
4404:Middlewares/Third_Party/FreeRTOS/Source/tasks.c **** #endif /* configUSE_MUTEXES */
4405:Middlewares/Third_Party/FreeRTOS/Source/tasks.c **** /*-----------------------------------------------------------*/
4406:Middlewares/Third_Party/FreeRTOS/Source/tasks.c **** 
4407:Middlewares/Third_Party/FreeRTOS/Source/tasks.c **** #if( configUSE_TASK_NOTIFICATIONS == 1 )
4408:Middlewares/Third_Party/FreeRTOS/Source/tasks.c **** 
4409:Middlewares/Third_Party/FreeRTOS/Source/tasks.c **** 	uint32_t ulTaskNotifyTake( BaseType_t xClearCountOnExit, TickType_t xTicksToWait )
4410:Middlewares/Third_Party/FreeRTOS/Source/tasks.c **** 	{
4411:Middlewares/Third_Party/FreeRTOS/Source/tasks.c **** 	uint32_t ulReturn;
4412:Middlewares/Third_Party/FreeRTOS/Source/tasks.c **** 
4413:Middlewares/Third_Party/FreeRTOS/Source/tasks.c **** 		taskENTER_CRITICAL();
4414:Middlewares/Third_Party/FreeRTOS/Source/tasks.c **** 		{
4415:Middlewares/Third_Party/FreeRTOS/Source/tasks.c **** 			/* Only block if the notification count is not already non-zero. */
4416:Middlewares/Third_Party/FreeRTOS/Source/tasks.c **** 			if( pxCurrentTCB->ulNotifiedValue == 0UL )
ARM GAS  /tmp/ccshf83P.s 			page 101


4417:Middlewares/Third_Party/FreeRTOS/Source/tasks.c **** 			{
4418:Middlewares/Third_Party/FreeRTOS/Source/tasks.c **** 				/* Mark this task as waiting for a notification. */
4419:Middlewares/Third_Party/FreeRTOS/Source/tasks.c **** 				pxCurrentTCB->ucNotifyState = taskWAITING_NOTIFICATION;
4420:Middlewares/Third_Party/FreeRTOS/Source/tasks.c **** 
4421:Middlewares/Third_Party/FreeRTOS/Source/tasks.c **** 				if( xTicksToWait > ( TickType_t ) 0 )
4422:Middlewares/Third_Party/FreeRTOS/Source/tasks.c **** 				{
4423:Middlewares/Third_Party/FreeRTOS/Source/tasks.c **** 					prvAddCurrentTaskToDelayedList( xTicksToWait, pdTRUE );
4424:Middlewares/Third_Party/FreeRTOS/Source/tasks.c **** 					traceTASK_NOTIFY_TAKE_BLOCK();
4425:Middlewares/Third_Party/FreeRTOS/Source/tasks.c **** 
4426:Middlewares/Third_Party/FreeRTOS/Source/tasks.c **** 					/* All ports are written to allow a yield in a critical
4427:Middlewares/Third_Party/FreeRTOS/Source/tasks.c **** 					section (some will yield immediately, others wait until the
4428:Middlewares/Third_Party/FreeRTOS/Source/tasks.c **** 					critical section exits) - but it is not something that
4429:Middlewares/Third_Party/FreeRTOS/Source/tasks.c **** 					application code should ever do. */
4430:Middlewares/Third_Party/FreeRTOS/Source/tasks.c **** 					portYIELD_WITHIN_API();
4431:Middlewares/Third_Party/FreeRTOS/Source/tasks.c **** 				}
4432:Middlewares/Third_Party/FreeRTOS/Source/tasks.c **** 				else
4433:Middlewares/Third_Party/FreeRTOS/Source/tasks.c **** 				{
4434:Middlewares/Third_Party/FreeRTOS/Source/tasks.c **** 					mtCOVERAGE_TEST_MARKER();
4435:Middlewares/Third_Party/FreeRTOS/Source/tasks.c **** 				}
4436:Middlewares/Third_Party/FreeRTOS/Source/tasks.c **** 			}
4437:Middlewares/Third_Party/FreeRTOS/Source/tasks.c **** 			else
4438:Middlewares/Third_Party/FreeRTOS/Source/tasks.c **** 			{
4439:Middlewares/Third_Party/FreeRTOS/Source/tasks.c **** 				mtCOVERAGE_TEST_MARKER();
4440:Middlewares/Third_Party/FreeRTOS/Source/tasks.c **** 			}
4441:Middlewares/Third_Party/FreeRTOS/Source/tasks.c **** 		}
4442:Middlewares/Third_Party/FreeRTOS/Source/tasks.c **** 		taskEXIT_CRITICAL();
4443:Middlewares/Third_Party/FreeRTOS/Source/tasks.c **** 
4444:Middlewares/Third_Party/FreeRTOS/Source/tasks.c **** 		taskENTER_CRITICAL();
4445:Middlewares/Third_Party/FreeRTOS/Source/tasks.c **** 		{
4446:Middlewares/Third_Party/FreeRTOS/Source/tasks.c **** 			traceTASK_NOTIFY_TAKE();
4447:Middlewares/Third_Party/FreeRTOS/Source/tasks.c **** 			ulReturn = pxCurrentTCB->ulNotifiedValue;
4448:Middlewares/Third_Party/FreeRTOS/Source/tasks.c **** 
4449:Middlewares/Third_Party/FreeRTOS/Source/tasks.c **** 			if( ulReturn != 0UL )
4450:Middlewares/Third_Party/FreeRTOS/Source/tasks.c **** 			{
4451:Middlewares/Third_Party/FreeRTOS/Source/tasks.c **** 				if( xClearCountOnExit != pdFALSE )
4452:Middlewares/Third_Party/FreeRTOS/Source/tasks.c **** 				{
4453:Middlewares/Third_Party/FreeRTOS/Source/tasks.c **** 					pxCurrentTCB->ulNotifiedValue = 0UL;
4454:Middlewares/Third_Party/FreeRTOS/Source/tasks.c **** 				}
4455:Middlewares/Third_Party/FreeRTOS/Source/tasks.c **** 				else
4456:Middlewares/Third_Party/FreeRTOS/Source/tasks.c **** 				{
4457:Middlewares/Third_Party/FreeRTOS/Source/tasks.c **** 					pxCurrentTCB->ulNotifiedValue = ulReturn - ( uint32_t ) 1;
4458:Middlewares/Third_Party/FreeRTOS/Source/tasks.c **** 				}
4459:Middlewares/Third_Party/FreeRTOS/Source/tasks.c **** 			}
4460:Middlewares/Third_Party/FreeRTOS/Source/tasks.c **** 			else
4461:Middlewares/Third_Party/FreeRTOS/Source/tasks.c **** 			{
4462:Middlewares/Third_Party/FreeRTOS/Source/tasks.c **** 				mtCOVERAGE_TEST_MARKER();
4463:Middlewares/Third_Party/FreeRTOS/Source/tasks.c **** 			}
4464:Middlewares/Third_Party/FreeRTOS/Source/tasks.c **** 
4465:Middlewares/Third_Party/FreeRTOS/Source/tasks.c **** 			pxCurrentTCB->ucNotifyState = taskNOT_WAITING_NOTIFICATION;
4466:Middlewares/Third_Party/FreeRTOS/Source/tasks.c **** 		}
4467:Middlewares/Third_Party/FreeRTOS/Source/tasks.c **** 		taskEXIT_CRITICAL();
4468:Middlewares/Third_Party/FreeRTOS/Source/tasks.c **** 
4469:Middlewares/Third_Party/FreeRTOS/Source/tasks.c **** 		return ulReturn;
4470:Middlewares/Third_Party/FreeRTOS/Source/tasks.c **** 	}
4471:Middlewares/Third_Party/FreeRTOS/Source/tasks.c **** 
4472:Middlewares/Third_Party/FreeRTOS/Source/tasks.c **** #endif /* configUSE_TASK_NOTIFICATIONS */
4473:Middlewares/Third_Party/FreeRTOS/Source/tasks.c **** /*-----------------------------------------------------------*/
ARM GAS  /tmp/ccshf83P.s 			page 102


4474:Middlewares/Third_Party/FreeRTOS/Source/tasks.c **** 
4475:Middlewares/Third_Party/FreeRTOS/Source/tasks.c **** #if( configUSE_TASK_NOTIFICATIONS == 1 )
4476:Middlewares/Third_Party/FreeRTOS/Source/tasks.c **** 
4477:Middlewares/Third_Party/FreeRTOS/Source/tasks.c **** 	BaseType_t xTaskNotifyWait( uint32_t ulBitsToClearOnEntry, uint32_t ulBitsToClearOnExit, uint32_t 
4478:Middlewares/Third_Party/FreeRTOS/Source/tasks.c **** 	{
4479:Middlewares/Third_Party/FreeRTOS/Source/tasks.c **** 	BaseType_t xReturn;
4480:Middlewares/Third_Party/FreeRTOS/Source/tasks.c **** 
4481:Middlewares/Third_Party/FreeRTOS/Source/tasks.c **** 		taskENTER_CRITICAL();
4482:Middlewares/Third_Party/FreeRTOS/Source/tasks.c **** 		{
4483:Middlewares/Third_Party/FreeRTOS/Source/tasks.c **** 			/* Only block if a notification is not already pending. */
4484:Middlewares/Third_Party/FreeRTOS/Source/tasks.c **** 			if( pxCurrentTCB->ucNotifyState != taskNOTIFICATION_RECEIVED )
4485:Middlewares/Third_Party/FreeRTOS/Source/tasks.c **** 			{
4486:Middlewares/Third_Party/FreeRTOS/Source/tasks.c **** 				/* Clear bits in the task's notification value as bits may get
4487:Middlewares/Third_Party/FreeRTOS/Source/tasks.c **** 				set	by the notifying task or interrupt.  This can be used to
4488:Middlewares/Third_Party/FreeRTOS/Source/tasks.c **** 				clear the value to zero. */
4489:Middlewares/Third_Party/FreeRTOS/Source/tasks.c **** 				pxCurrentTCB->ulNotifiedValue &= ~ulBitsToClearOnEntry;
4490:Middlewares/Third_Party/FreeRTOS/Source/tasks.c **** 
4491:Middlewares/Third_Party/FreeRTOS/Source/tasks.c **** 				/* Mark this task as waiting for a notification. */
4492:Middlewares/Third_Party/FreeRTOS/Source/tasks.c **** 				pxCurrentTCB->ucNotifyState = taskWAITING_NOTIFICATION;
4493:Middlewares/Third_Party/FreeRTOS/Source/tasks.c **** 
4494:Middlewares/Third_Party/FreeRTOS/Source/tasks.c **** 				if( xTicksToWait > ( TickType_t ) 0 )
4495:Middlewares/Third_Party/FreeRTOS/Source/tasks.c **** 				{
4496:Middlewares/Third_Party/FreeRTOS/Source/tasks.c **** 					prvAddCurrentTaskToDelayedList( xTicksToWait, pdTRUE );
4497:Middlewares/Third_Party/FreeRTOS/Source/tasks.c **** 					traceTASK_NOTIFY_WAIT_BLOCK();
4498:Middlewares/Third_Party/FreeRTOS/Source/tasks.c **** 
4499:Middlewares/Third_Party/FreeRTOS/Source/tasks.c **** 					/* All ports are written to allow a yield in a critical
4500:Middlewares/Third_Party/FreeRTOS/Source/tasks.c **** 					section (some will yield immediately, others wait until the
4501:Middlewares/Third_Party/FreeRTOS/Source/tasks.c **** 					critical section exits) - but it is not something that
4502:Middlewares/Third_Party/FreeRTOS/Source/tasks.c **** 					application code should ever do. */
4503:Middlewares/Third_Party/FreeRTOS/Source/tasks.c **** 					portYIELD_WITHIN_API();
4504:Middlewares/Third_Party/FreeRTOS/Source/tasks.c **** 				}
4505:Middlewares/Third_Party/FreeRTOS/Source/tasks.c **** 				else
4506:Middlewares/Third_Party/FreeRTOS/Source/tasks.c **** 				{
4507:Middlewares/Third_Party/FreeRTOS/Source/tasks.c **** 					mtCOVERAGE_TEST_MARKER();
4508:Middlewares/Third_Party/FreeRTOS/Source/tasks.c **** 				}
4509:Middlewares/Third_Party/FreeRTOS/Source/tasks.c **** 			}
4510:Middlewares/Third_Party/FreeRTOS/Source/tasks.c **** 			else
4511:Middlewares/Third_Party/FreeRTOS/Source/tasks.c **** 			{
4512:Middlewares/Third_Party/FreeRTOS/Source/tasks.c **** 				mtCOVERAGE_TEST_MARKER();
4513:Middlewares/Third_Party/FreeRTOS/Source/tasks.c **** 			}
4514:Middlewares/Third_Party/FreeRTOS/Source/tasks.c **** 		}
4515:Middlewares/Third_Party/FreeRTOS/Source/tasks.c **** 		taskEXIT_CRITICAL();
4516:Middlewares/Third_Party/FreeRTOS/Source/tasks.c **** 
4517:Middlewares/Third_Party/FreeRTOS/Source/tasks.c **** 		taskENTER_CRITICAL();
4518:Middlewares/Third_Party/FreeRTOS/Source/tasks.c **** 		{
4519:Middlewares/Third_Party/FreeRTOS/Source/tasks.c **** 			traceTASK_NOTIFY_WAIT();
4520:Middlewares/Third_Party/FreeRTOS/Source/tasks.c **** 
4521:Middlewares/Third_Party/FreeRTOS/Source/tasks.c **** 			if( pulNotificationValue != NULL )
4522:Middlewares/Third_Party/FreeRTOS/Source/tasks.c **** 			{
4523:Middlewares/Third_Party/FreeRTOS/Source/tasks.c **** 				/* Output the current notification value, which may or may not
4524:Middlewares/Third_Party/FreeRTOS/Source/tasks.c **** 				have changed. */
4525:Middlewares/Third_Party/FreeRTOS/Source/tasks.c **** 				*pulNotificationValue = pxCurrentTCB->ulNotifiedValue;
4526:Middlewares/Third_Party/FreeRTOS/Source/tasks.c **** 			}
4527:Middlewares/Third_Party/FreeRTOS/Source/tasks.c **** 
4528:Middlewares/Third_Party/FreeRTOS/Source/tasks.c **** 			/* If ucNotifyValue is set then either the task never entered the
4529:Middlewares/Third_Party/FreeRTOS/Source/tasks.c **** 			blocked state (because a notification was already pending) or the
4530:Middlewares/Third_Party/FreeRTOS/Source/tasks.c **** 			task unblocked because of a notification.  Otherwise the task
ARM GAS  /tmp/ccshf83P.s 			page 103


4531:Middlewares/Third_Party/FreeRTOS/Source/tasks.c **** 			unblocked because of a timeout. */
4532:Middlewares/Third_Party/FreeRTOS/Source/tasks.c **** 			if( pxCurrentTCB->ucNotifyState != taskNOTIFICATION_RECEIVED )
4533:Middlewares/Third_Party/FreeRTOS/Source/tasks.c **** 			{
4534:Middlewares/Third_Party/FreeRTOS/Source/tasks.c **** 				/* A notification was not received. */
4535:Middlewares/Third_Party/FreeRTOS/Source/tasks.c **** 				xReturn = pdFALSE;
4536:Middlewares/Third_Party/FreeRTOS/Source/tasks.c **** 			}
4537:Middlewares/Third_Party/FreeRTOS/Source/tasks.c **** 			else
4538:Middlewares/Third_Party/FreeRTOS/Source/tasks.c **** 			{
4539:Middlewares/Third_Party/FreeRTOS/Source/tasks.c **** 				/* A notification was already pending or a notification was
4540:Middlewares/Third_Party/FreeRTOS/Source/tasks.c **** 				received while the task was waiting. */
4541:Middlewares/Third_Party/FreeRTOS/Source/tasks.c **** 				pxCurrentTCB->ulNotifiedValue &= ~ulBitsToClearOnExit;
4542:Middlewares/Third_Party/FreeRTOS/Source/tasks.c **** 				xReturn = pdTRUE;
4543:Middlewares/Third_Party/FreeRTOS/Source/tasks.c **** 			}
4544:Middlewares/Third_Party/FreeRTOS/Source/tasks.c **** 
4545:Middlewares/Third_Party/FreeRTOS/Source/tasks.c **** 			pxCurrentTCB->ucNotifyState = taskNOT_WAITING_NOTIFICATION;
4546:Middlewares/Third_Party/FreeRTOS/Source/tasks.c **** 		}
4547:Middlewares/Third_Party/FreeRTOS/Source/tasks.c **** 		taskEXIT_CRITICAL();
4548:Middlewares/Third_Party/FreeRTOS/Source/tasks.c **** 
4549:Middlewares/Third_Party/FreeRTOS/Source/tasks.c **** 		return xReturn;
4550:Middlewares/Third_Party/FreeRTOS/Source/tasks.c **** 	}
4551:Middlewares/Third_Party/FreeRTOS/Source/tasks.c **** 
4552:Middlewares/Third_Party/FreeRTOS/Source/tasks.c **** #endif /* configUSE_TASK_NOTIFICATIONS */
4553:Middlewares/Third_Party/FreeRTOS/Source/tasks.c **** /*-----------------------------------------------------------*/
4554:Middlewares/Third_Party/FreeRTOS/Source/tasks.c **** 
4555:Middlewares/Third_Party/FreeRTOS/Source/tasks.c **** #if( configUSE_TASK_NOTIFICATIONS == 1 )
4556:Middlewares/Third_Party/FreeRTOS/Source/tasks.c **** 
4557:Middlewares/Third_Party/FreeRTOS/Source/tasks.c **** 	BaseType_t xTaskGenericNotify( TaskHandle_t xTaskToNotify, uint32_t ulValue, eNotifyAction eAction
4558:Middlewares/Third_Party/FreeRTOS/Source/tasks.c **** 	{
4559:Middlewares/Third_Party/FreeRTOS/Source/tasks.c **** 	TCB_t * pxTCB;
4560:Middlewares/Third_Party/FreeRTOS/Source/tasks.c **** 	BaseType_t xReturn = pdPASS;
4561:Middlewares/Third_Party/FreeRTOS/Source/tasks.c **** 	uint8_t ucOriginalNotifyState;
4562:Middlewares/Third_Party/FreeRTOS/Source/tasks.c **** 
4563:Middlewares/Third_Party/FreeRTOS/Source/tasks.c **** 		configASSERT( xTaskToNotify );
4564:Middlewares/Third_Party/FreeRTOS/Source/tasks.c **** 		pxTCB = ( TCB_t * ) xTaskToNotify;
4565:Middlewares/Third_Party/FreeRTOS/Source/tasks.c **** 
4566:Middlewares/Third_Party/FreeRTOS/Source/tasks.c **** 		taskENTER_CRITICAL();
4567:Middlewares/Third_Party/FreeRTOS/Source/tasks.c **** 		{
4568:Middlewares/Third_Party/FreeRTOS/Source/tasks.c **** 			if( pulPreviousNotificationValue != NULL )
4569:Middlewares/Third_Party/FreeRTOS/Source/tasks.c **** 			{
4570:Middlewares/Third_Party/FreeRTOS/Source/tasks.c **** 				*pulPreviousNotificationValue = pxTCB->ulNotifiedValue;
4571:Middlewares/Third_Party/FreeRTOS/Source/tasks.c **** 			}
4572:Middlewares/Third_Party/FreeRTOS/Source/tasks.c **** 
4573:Middlewares/Third_Party/FreeRTOS/Source/tasks.c **** 			ucOriginalNotifyState = pxTCB->ucNotifyState;
4574:Middlewares/Third_Party/FreeRTOS/Source/tasks.c **** 
4575:Middlewares/Third_Party/FreeRTOS/Source/tasks.c **** 			pxTCB->ucNotifyState = taskNOTIFICATION_RECEIVED;
4576:Middlewares/Third_Party/FreeRTOS/Source/tasks.c **** 
4577:Middlewares/Third_Party/FreeRTOS/Source/tasks.c **** 			switch( eAction )
4578:Middlewares/Third_Party/FreeRTOS/Source/tasks.c **** 			{
4579:Middlewares/Third_Party/FreeRTOS/Source/tasks.c **** 				case eSetBits	:
4580:Middlewares/Third_Party/FreeRTOS/Source/tasks.c **** 					pxTCB->ulNotifiedValue |= ulValue;
4581:Middlewares/Third_Party/FreeRTOS/Source/tasks.c **** 					break;
4582:Middlewares/Third_Party/FreeRTOS/Source/tasks.c **** 
4583:Middlewares/Third_Party/FreeRTOS/Source/tasks.c **** 				case eIncrement	:
4584:Middlewares/Third_Party/FreeRTOS/Source/tasks.c **** 					( pxTCB->ulNotifiedValue )++;
4585:Middlewares/Third_Party/FreeRTOS/Source/tasks.c **** 					break;
4586:Middlewares/Third_Party/FreeRTOS/Source/tasks.c **** 
4587:Middlewares/Third_Party/FreeRTOS/Source/tasks.c **** 				case eSetValueWithOverwrite	:
ARM GAS  /tmp/ccshf83P.s 			page 104


4588:Middlewares/Third_Party/FreeRTOS/Source/tasks.c **** 					pxTCB->ulNotifiedValue = ulValue;
4589:Middlewares/Third_Party/FreeRTOS/Source/tasks.c **** 					break;
4590:Middlewares/Third_Party/FreeRTOS/Source/tasks.c **** 
4591:Middlewares/Third_Party/FreeRTOS/Source/tasks.c **** 				case eSetValueWithoutOverwrite :
4592:Middlewares/Third_Party/FreeRTOS/Source/tasks.c **** 					if( ucOriginalNotifyState != taskNOTIFICATION_RECEIVED )
4593:Middlewares/Third_Party/FreeRTOS/Source/tasks.c **** 					{
4594:Middlewares/Third_Party/FreeRTOS/Source/tasks.c **** 						pxTCB->ulNotifiedValue = ulValue;
4595:Middlewares/Third_Party/FreeRTOS/Source/tasks.c **** 					}
4596:Middlewares/Third_Party/FreeRTOS/Source/tasks.c **** 					else
4597:Middlewares/Third_Party/FreeRTOS/Source/tasks.c **** 					{
4598:Middlewares/Third_Party/FreeRTOS/Source/tasks.c **** 						/* The value could not be written to the task. */
4599:Middlewares/Third_Party/FreeRTOS/Source/tasks.c **** 						xReturn = pdFAIL;
4600:Middlewares/Third_Party/FreeRTOS/Source/tasks.c **** 					}
4601:Middlewares/Third_Party/FreeRTOS/Source/tasks.c **** 					break;
4602:Middlewares/Third_Party/FreeRTOS/Source/tasks.c **** 
4603:Middlewares/Third_Party/FreeRTOS/Source/tasks.c **** 				case eNoAction:
4604:Middlewares/Third_Party/FreeRTOS/Source/tasks.c **** 					/* The task is being notified without its notify value being
4605:Middlewares/Third_Party/FreeRTOS/Source/tasks.c **** 					updated. */
4606:Middlewares/Third_Party/FreeRTOS/Source/tasks.c **** 					break;
4607:Middlewares/Third_Party/FreeRTOS/Source/tasks.c **** 			}
4608:Middlewares/Third_Party/FreeRTOS/Source/tasks.c **** 
4609:Middlewares/Third_Party/FreeRTOS/Source/tasks.c **** 			traceTASK_NOTIFY();
4610:Middlewares/Third_Party/FreeRTOS/Source/tasks.c **** 
4611:Middlewares/Third_Party/FreeRTOS/Source/tasks.c **** 			/* If the task is in the blocked state specifically to wait for a
4612:Middlewares/Third_Party/FreeRTOS/Source/tasks.c **** 			notification then unblock it now. */
4613:Middlewares/Third_Party/FreeRTOS/Source/tasks.c **** 			if( ucOriginalNotifyState == taskWAITING_NOTIFICATION )
4614:Middlewares/Third_Party/FreeRTOS/Source/tasks.c **** 			{
4615:Middlewares/Third_Party/FreeRTOS/Source/tasks.c **** 				( void ) uxListRemove( &( pxTCB->xStateListItem ) );
4616:Middlewares/Third_Party/FreeRTOS/Source/tasks.c **** 				prvAddTaskToReadyList( pxTCB );
4617:Middlewares/Third_Party/FreeRTOS/Source/tasks.c **** 
4618:Middlewares/Third_Party/FreeRTOS/Source/tasks.c **** 				/* The task should not have been on an event list. */
4619:Middlewares/Third_Party/FreeRTOS/Source/tasks.c **** 				configASSERT( listLIST_ITEM_CONTAINER( &( pxTCB->xEventListItem ) ) == NULL );
4620:Middlewares/Third_Party/FreeRTOS/Source/tasks.c **** 
4621:Middlewares/Third_Party/FreeRTOS/Source/tasks.c **** 				#if( configUSE_TICKLESS_IDLE != 0 )
4622:Middlewares/Third_Party/FreeRTOS/Source/tasks.c **** 				{
4623:Middlewares/Third_Party/FreeRTOS/Source/tasks.c **** 					/* If a task is blocked waiting for a notification then
4624:Middlewares/Third_Party/FreeRTOS/Source/tasks.c **** 					xNextTaskUnblockTime might be set to the blocked task's time
4625:Middlewares/Third_Party/FreeRTOS/Source/tasks.c **** 					out time.  If the task is unblocked for a reason other than
4626:Middlewares/Third_Party/FreeRTOS/Source/tasks.c **** 					a timeout xNextTaskUnblockTime is normally left unchanged,
4627:Middlewares/Third_Party/FreeRTOS/Source/tasks.c **** 					because it will automatically get reset to a new value when
4628:Middlewares/Third_Party/FreeRTOS/Source/tasks.c **** 					the tick count equals xNextTaskUnblockTime.  However if
4629:Middlewares/Third_Party/FreeRTOS/Source/tasks.c **** 					tickless idling is used it might be more important to enter
4630:Middlewares/Third_Party/FreeRTOS/Source/tasks.c **** 					sleep mode at the earliest possible time - so reset
4631:Middlewares/Third_Party/FreeRTOS/Source/tasks.c **** 					xNextTaskUnblockTime here to ensure it is updated at the
4632:Middlewares/Third_Party/FreeRTOS/Source/tasks.c **** 					earliest possible time. */
4633:Middlewares/Third_Party/FreeRTOS/Source/tasks.c **** 					prvResetNextTaskUnblockTime();
4634:Middlewares/Third_Party/FreeRTOS/Source/tasks.c **** 				}
4635:Middlewares/Third_Party/FreeRTOS/Source/tasks.c **** 				#endif
4636:Middlewares/Third_Party/FreeRTOS/Source/tasks.c **** 
4637:Middlewares/Third_Party/FreeRTOS/Source/tasks.c **** 				if( pxTCB->uxPriority > pxCurrentTCB->uxPriority )
4638:Middlewares/Third_Party/FreeRTOS/Source/tasks.c **** 				{
4639:Middlewares/Third_Party/FreeRTOS/Source/tasks.c **** 					/* The notified task has a priority above the currently
4640:Middlewares/Third_Party/FreeRTOS/Source/tasks.c **** 					executing task so a yield is required. */
4641:Middlewares/Third_Party/FreeRTOS/Source/tasks.c **** 					taskYIELD_IF_USING_PREEMPTION();
4642:Middlewares/Third_Party/FreeRTOS/Source/tasks.c **** 				}
4643:Middlewares/Third_Party/FreeRTOS/Source/tasks.c **** 				else
4644:Middlewares/Third_Party/FreeRTOS/Source/tasks.c **** 				{
ARM GAS  /tmp/ccshf83P.s 			page 105


4645:Middlewares/Third_Party/FreeRTOS/Source/tasks.c **** 					mtCOVERAGE_TEST_MARKER();
4646:Middlewares/Third_Party/FreeRTOS/Source/tasks.c **** 				}
4647:Middlewares/Third_Party/FreeRTOS/Source/tasks.c **** 			}
4648:Middlewares/Third_Party/FreeRTOS/Source/tasks.c **** 			else
4649:Middlewares/Third_Party/FreeRTOS/Source/tasks.c **** 			{
4650:Middlewares/Third_Party/FreeRTOS/Source/tasks.c **** 				mtCOVERAGE_TEST_MARKER();
4651:Middlewares/Third_Party/FreeRTOS/Source/tasks.c **** 			}
4652:Middlewares/Third_Party/FreeRTOS/Source/tasks.c **** 		}
4653:Middlewares/Third_Party/FreeRTOS/Source/tasks.c **** 		taskEXIT_CRITICAL();
4654:Middlewares/Third_Party/FreeRTOS/Source/tasks.c **** 
4655:Middlewares/Third_Party/FreeRTOS/Source/tasks.c **** 		return xReturn;
4656:Middlewares/Third_Party/FreeRTOS/Source/tasks.c **** 	}
4657:Middlewares/Third_Party/FreeRTOS/Source/tasks.c **** 
4658:Middlewares/Third_Party/FreeRTOS/Source/tasks.c **** #endif /* configUSE_TASK_NOTIFICATIONS */
4659:Middlewares/Third_Party/FreeRTOS/Source/tasks.c **** /*-----------------------------------------------------------*/
4660:Middlewares/Third_Party/FreeRTOS/Source/tasks.c **** 
4661:Middlewares/Third_Party/FreeRTOS/Source/tasks.c **** #if( configUSE_TASK_NOTIFICATIONS == 1 )
4662:Middlewares/Third_Party/FreeRTOS/Source/tasks.c **** 
4663:Middlewares/Third_Party/FreeRTOS/Source/tasks.c **** 	BaseType_t xTaskGenericNotifyFromISR( TaskHandle_t xTaskToNotify, uint32_t ulValue, eNotifyAction 
4664:Middlewares/Third_Party/FreeRTOS/Source/tasks.c **** 	{
4665:Middlewares/Third_Party/FreeRTOS/Source/tasks.c **** 	TCB_t * pxTCB;
4666:Middlewares/Third_Party/FreeRTOS/Source/tasks.c **** 	uint8_t ucOriginalNotifyState;
4667:Middlewares/Third_Party/FreeRTOS/Source/tasks.c **** 	BaseType_t xReturn = pdPASS;
4668:Middlewares/Third_Party/FreeRTOS/Source/tasks.c **** 	UBaseType_t uxSavedInterruptStatus;
4669:Middlewares/Third_Party/FreeRTOS/Source/tasks.c **** 
4670:Middlewares/Third_Party/FreeRTOS/Source/tasks.c **** 		configASSERT( xTaskToNotify );
4671:Middlewares/Third_Party/FreeRTOS/Source/tasks.c **** 
4672:Middlewares/Third_Party/FreeRTOS/Source/tasks.c **** 		/* RTOS ports that support interrupt nesting have the concept of a
4673:Middlewares/Third_Party/FreeRTOS/Source/tasks.c **** 		maximum	system call (or maximum API call) interrupt priority.
4674:Middlewares/Third_Party/FreeRTOS/Source/tasks.c **** 		Interrupts that are	above the maximum system call priority are keep
4675:Middlewares/Third_Party/FreeRTOS/Source/tasks.c **** 		permanently enabled, even when the RTOS kernel is in a critical section,
4676:Middlewares/Third_Party/FreeRTOS/Source/tasks.c **** 		but cannot make any calls to FreeRTOS API functions.  If configASSERT()
4677:Middlewares/Third_Party/FreeRTOS/Source/tasks.c **** 		is defined in FreeRTOSConfig.h then
4678:Middlewares/Third_Party/FreeRTOS/Source/tasks.c **** 		portASSERT_IF_INTERRUPT_PRIORITY_INVALID() will result in an assertion
4679:Middlewares/Third_Party/FreeRTOS/Source/tasks.c **** 		failure if a FreeRTOS API function is called from an interrupt that has
4680:Middlewares/Third_Party/FreeRTOS/Source/tasks.c **** 		been assigned a priority above the configured maximum system call
4681:Middlewares/Third_Party/FreeRTOS/Source/tasks.c **** 		priority.  Only FreeRTOS functions that end in FromISR can be called
4682:Middlewares/Third_Party/FreeRTOS/Source/tasks.c **** 		from interrupts	that have been assigned a priority at or (logically)
4683:Middlewares/Third_Party/FreeRTOS/Source/tasks.c **** 		below the maximum system call interrupt priority.  FreeRTOS maintains a
4684:Middlewares/Third_Party/FreeRTOS/Source/tasks.c **** 		separate interrupt safe API to ensure interrupt entry is as fast and as
4685:Middlewares/Third_Party/FreeRTOS/Source/tasks.c **** 		simple as possible.  More information (albeit Cortex-M specific) is
4686:Middlewares/Third_Party/FreeRTOS/Source/tasks.c **** 		provided on the following link:
4687:Middlewares/Third_Party/FreeRTOS/Source/tasks.c **** 		http://www.freertos.org/RTOS-Cortex-M3-M4.html */
4688:Middlewares/Third_Party/FreeRTOS/Source/tasks.c **** 		portASSERT_IF_INTERRUPT_PRIORITY_INVALID();
4689:Middlewares/Third_Party/FreeRTOS/Source/tasks.c **** 
4690:Middlewares/Third_Party/FreeRTOS/Source/tasks.c **** 		pxTCB = ( TCB_t * ) xTaskToNotify;
4691:Middlewares/Third_Party/FreeRTOS/Source/tasks.c **** 
4692:Middlewares/Third_Party/FreeRTOS/Source/tasks.c **** 		uxSavedInterruptStatus = portSET_INTERRUPT_MASK_FROM_ISR();
4693:Middlewares/Third_Party/FreeRTOS/Source/tasks.c **** 		{
4694:Middlewares/Third_Party/FreeRTOS/Source/tasks.c **** 			if( pulPreviousNotificationValue != NULL )
4695:Middlewares/Third_Party/FreeRTOS/Source/tasks.c **** 			{
4696:Middlewares/Third_Party/FreeRTOS/Source/tasks.c **** 				*pulPreviousNotificationValue = pxTCB->ulNotifiedValue;
4697:Middlewares/Third_Party/FreeRTOS/Source/tasks.c **** 			}
4698:Middlewares/Third_Party/FreeRTOS/Source/tasks.c **** 
4699:Middlewares/Third_Party/FreeRTOS/Source/tasks.c **** 			ucOriginalNotifyState = pxTCB->ucNotifyState;
4700:Middlewares/Third_Party/FreeRTOS/Source/tasks.c **** 			pxTCB->ucNotifyState = taskNOTIFICATION_RECEIVED;
4701:Middlewares/Third_Party/FreeRTOS/Source/tasks.c **** 
ARM GAS  /tmp/ccshf83P.s 			page 106


4702:Middlewares/Third_Party/FreeRTOS/Source/tasks.c **** 			switch( eAction )
4703:Middlewares/Third_Party/FreeRTOS/Source/tasks.c **** 			{
4704:Middlewares/Third_Party/FreeRTOS/Source/tasks.c **** 				case eSetBits	:
4705:Middlewares/Third_Party/FreeRTOS/Source/tasks.c **** 					pxTCB->ulNotifiedValue |= ulValue;
4706:Middlewares/Third_Party/FreeRTOS/Source/tasks.c **** 					break;
4707:Middlewares/Third_Party/FreeRTOS/Source/tasks.c **** 
4708:Middlewares/Third_Party/FreeRTOS/Source/tasks.c **** 				case eIncrement	:
4709:Middlewares/Third_Party/FreeRTOS/Source/tasks.c **** 					( pxTCB->ulNotifiedValue )++;
4710:Middlewares/Third_Party/FreeRTOS/Source/tasks.c **** 					break;
4711:Middlewares/Third_Party/FreeRTOS/Source/tasks.c **** 
4712:Middlewares/Third_Party/FreeRTOS/Source/tasks.c **** 				case eSetValueWithOverwrite	:
4713:Middlewares/Third_Party/FreeRTOS/Source/tasks.c **** 					pxTCB->ulNotifiedValue = ulValue;
4714:Middlewares/Third_Party/FreeRTOS/Source/tasks.c **** 					break;
4715:Middlewares/Third_Party/FreeRTOS/Source/tasks.c **** 
4716:Middlewares/Third_Party/FreeRTOS/Source/tasks.c **** 				case eSetValueWithoutOverwrite :
4717:Middlewares/Third_Party/FreeRTOS/Source/tasks.c **** 					if( ucOriginalNotifyState != taskNOTIFICATION_RECEIVED )
4718:Middlewares/Third_Party/FreeRTOS/Source/tasks.c **** 					{
4719:Middlewares/Third_Party/FreeRTOS/Source/tasks.c **** 						pxTCB->ulNotifiedValue = ulValue;
4720:Middlewares/Third_Party/FreeRTOS/Source/tasks.c **** 					}
4721:Middlewares/Third_Party/FreeRTOS/Source/tasks.c **** 					else
4722:Middlewares/Third_Party/FreeRTOS/Source/tasks.c **** 					{
4723:Middlewares/Third_Party/FreeRTOS/Source/tasks.c **** 						/* The value could not be written to the task. */
4724:Middlewares/Third_Party/FreeRTOS/Source/tasks.c **** 						xReturn = pdFAIL;
4725:Middlewares/Third_Party/FreeRTOS/Source/tasks.c **** 					}
4726:Middlewares/Third_Party/FreeRTOS/Source/tasks.c **** 					break;
4727:Middlewares/Third_Party/FreeRTOS/Source/tasks.c **** 
4728:Middlewares/Third_Party/FreeRTOS/Source/tasks.c **** 				case eNoAction :
4729:Middlewares/Third_Party/FreeRTOS/Source/tasks.c **** 					/* The task is being notified without its notify value being
4730:Middlewares/Third_Party/FreeRTOS/Source/tasks.c **** 					updated. */
4731:Middlewares/Third_Party/FreeRTOS/Source/tasks.c **** 					break;
4732:Middlewares/Third_Party/FreeRTOS/Source/tasks.c **** 			}
4733:Middlewares/Third_Party/FreeRTOS/Source/tasks.c **** 
4734:Middlewares/Third_Party/FreeRTOS/Source/tasks.c **** 			traceTASK_NOTIFY_FROM_ISR();
4735:Middlewares/Third_Party/FreeRTOS/Source/tasks.c **** 
4736:Middlewares/Third_Party/FreeRTOS/Source/tasks.c **** 			/* If the task is in the blocked state specifically to wait for a
4737:Middlewares/Third_Party/FreeRTOS/Source/tasks.c **** 			notification then unblock it now. */
4738:Middlewares/Third_Party/FreeRTOS/Source/tasks.c **** 			if( ucOriginalNotifyState == taskWAITING_NOTIFICATION )
4739:Middlewares/Third_Party/FreeRTOS/Source/tasks.c **** 			{
4740:Middlewares/Third_Party/FreeRTOS/Source/tasks.c **** 				/* The task should not have been on an event list. */
4741:Middlewares/Third_Party/FreeRTOS/Source/tasks.c **** 				configASSERT( listLIST_ITEM_CONTAINER( &( pxTCB->xEventListItem ) ) == NULL );
4742:Middlewares/Third_Party/FreeRTOS/Source/tasks.c **** 
4743:Middlewares/Third_Party/FreeRTOS/Source/tasks.c **** 				if( uxSchedulerSuspended == ( UBaseType_t ) pdFALSE )
4744:Middlewares/Third_Party/FreeRTOS/Source/tasks.c **** 				{
4745:Middlewares/Third_Party/FreeRTOS/Source/tasks.c **** 					( void ) uxListRemove( &( pxTCB->xStateListItem ) );
4746:Middlewares/Third_Party/FreeRTOS/Source/tasks.c **** 					prvAddTaskToReadyList( pxTCB );
4747:Middlewares/Third_Party/FreeRTOS/Source/tasks.c **** 				}
4748:Middlewares/Third_Party/FreeRTOS/Source/tasks.c **** 				else
4749:Middlewares/Third_Party/FreeRTOS/Source/tasks.c **** 				{
4750:Middlewares/Third_Party/FreeRTOS/Source/tasks.c **** 					/* The delayed and ready lists cannot be accessed, so hold
4751:Middlewares/Third_Party/FreeRTOS/Source/tasks.c **** 					this task pending until the scheduler is resumed. */
4752:Middlewares/Third_Party/FreeRTOS/Source/tasks.c **** 					vListInsertEnd( &( xPendingReadyList ), &( pxTCB->xEventListItem ) );
4753:Middlewares/Third_Party/FreeRTOS/Source/tasks.c **** 				}
4754:Middlewares/Third_Party/FreeRTOS/Source/tasks.c **** 
4755:Middlewares/Third_Party/FreeRTOS/Source/tasks.c **** 				if( pxTCB->uxPriority > pxCurrentTCB->uxPriority )
4756:Middlewares/Third_Party/FreeRTOS/Source/tasks.c **** 				{
4757:Middlewares/Third_Party/FreeRTOS/Source/tasks.c **** 					/* The notified task has a priority above the currently
4758:Middlewares/Third_Party/FreeRTOS/Source/tasks.c **** 					executing task so a yield is required. */
ARM GAS  /tmp/ccshf83P.s 			page 107


4759:Middlewares/Third_Party/FreeRTOS/Source/tasks.c **** 					if( pxHigherPriorityTaskWoken != NULL )
4760:Middlewares/Third_Party/FreeRTOS/Source/tasks.c **** 					{
4761:Middlewares/Third_Party/FreeRTOS/Source/tasks.c **** 						*pxHigherPriorityTaskWoken = pdTRUE;
4762:Middlewares/Third_Party/FreeRTOS/Source/tasks.c **** 					}
4763:Middlewares/Third_Party/FreeRTOS/Source/tasks.c **** 					else
4764:Middlewares/Third_Party/FreeRTOS/Source/tasks.c **** 					{
4765:Middlewares/Third_Party/FreeRTOS/Source/tasks.c **** 						/* Mark that a yield is pending in case the user is not
4766:Middlewares/Third_Party/FreeRTOS/Source/tasks.c **** 						using the "xHigherPriorityTaskWoken" parameter to an ISR
4767:Middlewares/Third_Party/FreeRTOS/Source/tasks.c **** 						safe FreeRTOS function. */
4768:Middlewares/Third_Party/FreeRTOS/Source/tasks.c **** 						xYieldPending = pdTRUE;
4769:Middlewares/Third_Party/FreeRTOS/Source/tasks.c **** 					}
4770:Middlewares/Third_Party/FreeRTOS/Source/tasks.c **** 				}
4771:Middlewares/Third_Party/FreeRTOS/Source/tasks.c **** 				else
4772:Middlewares/Third_Party/FreeRTOS/Source/tasks.c **** 				{
4773:Middlewares/Third_Party/FreeRTOS/Source/tasks.c **** 					mtCOVERAGE_TEST_MARKER();
4774:Middlewares/Third_Party/FreeRTOS/Source/tasks.c **** 				}
4775:Middlewares/Third_Party/FreeRTOS/Source/tasks.c **** 			}
4776:Middlewares/Third_Party/FreeRTOS/Source/tasks.c **** 		}
4777:Middlewares/Third_Party/FreeRTOS/Source/tasks.c **** 		portCLEAR_INTERRUPT_MASK_FROM_ISR( uxSavedInterruptStatus );
4778:Middlewares/Third_Party/FreeRTOS/Source/tasks.c **** 
4779:Middlewares/Third_Party/FreeRTOS/Source/tasks.c **** 		return xReturn;
4780:Middlewares/Third_Party/FreeRTOS/Source/tasks.c **** 	}
4781:Middlewares/Third_Party/FreeRTOS/Source/tasks.c **** 
4782:Middlewares/Third_Party/FreeRTOS/Source/tasks.c **** #endif /* configUSE_TASK_NOTIFICATIONS */
4783:Middlewares/Third_Party/FreeRTOS/Source/tasks.c **** /*-----------------------------------------------------------*/
4784:Middlewares/Third_Party/FreeRTOS/Source/tasks.c **** 
4785:Middlewares/Third_Party/FreeRTOS/Source/tasks.c **** #if( configUSE_TASK_NOTIFICATIONS == 1 )
4786:Middlewares/Third_Party/FreeRTOS/Source/tasks.c **** 
4787:Middlewares/Third_Party/FreeRTOS/Source/tasks.c **** 	void vTaskNotifyGiveFromISR( TaskHandle_t xTaskToNotify, BaseType_t *pxHigherPriorityTaskWoken )
4788:Middlewares/Third_Party/FreeRTOS/Source/tasks.c **** 	{
4789:Middlewares/Third_Party/FreeRTOS/Source/tasks.c **** 	TCB_t * pxTCB;
4790:Middlewares/Third_Party/FreeRTOS/Source/tasks.c **** 	uint8_t ucOriginalNotifyState;
4791:Middlewares/Third_Party/FreeRTOS/Source/tasks.c **** 	UBaseType_t uxSavedInterruptStatus;
4792:Middlewares/Third_Party/FreeRTOS/Source/tasks.c **** 
4793:Middlewares/Third_Party/FreeRTOS/Source/tasks.c **** 		configASSERT( xTaskToNotify );
4794:Middlewares/Third_Party/FreeRTOS/Source/tasks.c **** 
4795:Middlewares/Third_Party/FreeRTOS/Source/tasks.c **** 		/* RTOS ports that support interrupt nesting have the concept of a
4796:Middlewares/Third_Party/FreeRTOS/Source/tasks.c **** 		maximum	system call (or maximum API call) interrupt priority.
4797:Middlewares/Third_Party/FreeRTOS/Source/tasks.c **** 		Interrupts that are	above the maximum system call priority are keep
4798:Middlewares/Third_Party/FreeRTOS/Source/tasks.c **** 		permanently enabled, even when the RTOS kernel is in a critical section,
4799:Middlewares/Third_Party/FreeRTOS/Source/tasks.c **** 		but cannot make any calls to FreeRTOS API functions.  If configASSERT()
4800:Middlewares/Third_Party/FreeRTOS/Source/tasks.c **** 		is defined in FreeRTOSConfig.h then
4801:Middlewares/Third_Party/FreeRTOS/Source/tasks.c **** 		portASSERT_IF_INTERRUPT_PRIORITY_INVALID() will result in an assertion
4802:Middlewares/Third_Party/FreeRTOS/Source/tasks.c **** 		failure if a FreeRTOS API function is called from an interrupt that has
4803:Middlewares/Third_Party/FreeRTOS/Source/tasks.c **** 		been assigned a priority above the configured maximum system call
4804:Middlewares/Third_Party/FreeRTOS/Source/tasks.c **** 		priority.  Only FreeRTOS functions that end in FromISR can be called
4805:Middlewares/Third_Party/FreeRTOS/Source/tasks.c **** 		from interrupts	that have been assigned a priority at or (logically)
4806:Middlewares/Third_Party/FreeRTOS/Source/tasks.c **** 		below the maximum system call interrupt priority.  FreeRTOS maintains a
4807:Middlewares/Third_Party/FreeRTOS/Source/tasks.c **** 		separate interrupt safe API to ensure interrupt entry is as fast and as
4808:Middlewares/Third_Party/FreeRTOS/Source/tasks.c **** 		simple as possible.  More information (albeit Cortex-M specific) is
4809:Middlewares/Third_Party/FreeRTOS/Source/tasks.c **** 		provided on the following link:
4810:Middlewares/Third_Party/FreeRTOS/Source/tasks.c **** 		http://www.freertos.org/RTOS-Cortex-M3-M4.html */
4811:Middlewares/Third_Party/FreeRTOS/Source/tasks.c **** 		portASSERT_IF_INTERRUPT_PRIORITY_INVALID();
4812:Middlewares/Third_Party/FreeRTOS/Source/tasks.c **** 
4813:Middlewares/Third_Party/FreeRTOS/Source/tasks.c **** 		pxTCB = ( TCB_t * ) xTaskToNotify;
4814:Middlewares/Third_Party/FreeRTOS/Source/tasks.c **** 
4815:Middlewares/Third_Party/FreeRTOS/Source/tasks.c **** 		uxSavedInterruptStatus = portSET_INTERRUPT_MASK_FROM_ISR();
ARM GAS  /tmp/ccshf83P.s 			page 108


4816:Middlewares/Third_Party/FreeRTOS/Source/tasks.c **** 		{
4817:Middlewares/Third_Party/FreeRTOS/Source/tasks.c **** 			ucOriginalNotifyState = pxTCB->ucNotifyState;
4818:Middlewares/Third_Party/FreeRTOS/Source/tasks.c **** 			pxTCB->ucNotifyState = taskNOTIFICATION_RECEIVED;
4819:Middlewares/Third_Party/FreeRTOS/Source/tasks.c **** 
4820:Middlewares/Third_Party/FreeRTOS/Source/tasks.c **** 			/* 'Giving' is equivalent to incrementing a count in a counting
4821:Middlewares/Third_Party/FreeRTOS/Source/tasks.c **** 			semaphore. */
4822:Middlewares/Third_Party/FreeRTOS/Source/tasks.c **** 			( pxTCB->ulNotifiedValue )++;
4823:Middlewares/Third_Party/FreeRTOS/Source/tasks.c **** 
4824:Middlewares/Third_Party/FreeRTOS/Source/tasks.c **** 			traceTASK_NOTIFY_GIVE_FROM_ISR();
4825:Middlewares/Third_Party/FreeRTOS/Source/tasks.c **** 
4826:Middlewares/Third_Party/FreeRTOS/Source/tasks.c **** 			/* If the task is in the blocked state specifically to wait for a
4827:Middlewares/Third_Party/FreeRTOS/Source/tasks.c **** 			notification then unblock it now. */
4828:Middlewares/Third_Party/FreeRTOS/Source/tasks.c **** 			if( ucOriginalNotifyState == taskWAITING_NOTIFICATION )
4829:Middlewares/Third_Party/FreeRTOS/Source/tasks.c **** 			{
4830:Middlewares/Third_Party/FreeRTOS/Source/tasks.c **** 				/* The task should not have been on an event list. */
4831:Middlewares/Third_Party/FreeRTOS/Source/tasks.c **** 				configASSERT( listLIST_ITEM_CONTAINER( &( pxTCB->xEventListItem ) ) == NULL );
4832:Middlewares/Third_Party/FreeRTOS/Source/tasks.c **** 
4833:Middlewares/Third_Party/FreeRTOS/Source/tasks.c **** 				if( uxSchedulerSuspended == ( UBaseType_t ) pdFALSE )
4834:Middlewares/Third_Party/FreeRTOS/Source/tasks.c **** 				{
4835:Middlewares/Third_Party/FreeRTOS/Source/tasks.c **** 					( void ) uxListRemove( &( pxTCB->xStateListItem ) );
4836:Middlewares/Third_Party/FreeRTOS/Source/tasks.c **** 					prvAddTaskToReadyList( pxTCB );
4837:Middlewares/Third_Party/FreeRTOS/Source/tasks.c **** 				}
4838:Middlewares/Third_Party/FreeRTOS/Source/tasks.c **** 				else
4839:Middlewares/Third_Party/FreeRTOS/Source/tasks.c **** 				{
4840:Middlewares/Third_Party/FreeRTOS/Source/tasks.c **** 					/* The delayed and ready lists cannot be accessed, so hold
4841:Middlewares/Third_Party/FreeRTOS/Source/tasks.c **** 					this task pending until the scheduler is resumed. */
4842:Middlewares/Third_Party/FreeRTOS/Source/tasks.c **** 					vListInsertEnd( &( xPendingReadyList ), &( pxTCB->xEventListItem ) );
4843:Middlewares/Third_Party/FreeRTOS/Source/tasks.c **** 				}
4844:Middlewares/Third_Party/FreeRTOS/Source/tasks.c **** 
4845:Middlewares/Third_Party/FreeRTOS/Source/tasks.c **** 				if( pxTCB->uxPriority > pxCurrentTCB->uxPriority )
4846:Middlewares/Third_Party/FreeRTOS/Source/tasks.c **** 				{
4847:Middlewares/Third_Party/FreeRTOS/Source/tasks.c **** 					/* The notified task has a priority above the currently
4848:Middlewares/Third_Party/FreeRTOS/Source/tasks.c **** 					executing task so a yield is required. */
4849:Middlewares/Third_Party/FreeRTOS/Source/tasks.c **** 					if( pxHigherPriorityTaskWoken != NULL )
4850:Middlewares/Third_Party/FreeRTOS/Source/tasks.c **** 					{
4851:Middlewares/Third_Party/FreeRTOS/Source/tasks.c **** 						*pxHigherPriorityTaskWoken = pdTRUE;
4852:Middlewares/Third_Party/FreeRTOS/Source/tasks.c **** 					}
4853:Middlewares/Third_Party/FreeRTOS/Source/tasks.c **** 					else
4854:Middlewares/Third_Party/FreeRTOS/Source/tasks.c **** 					{
4855:Middlewares/Third_Party/FreeRTOS/Source/tasks.c **** 						/* Mark that a yield is pending in case the user is not
4856:Middlewares/Third_Party/FreeRTOS/Source/tasks.c **** 						using the "xHigherPriorityTaskWoken" parameter in an ISR
4857:Middlewares/Third_Party/FreeRTOS/Source/tasks.c **** 						safe FreeRTOS function. */
4858:Middlewares/Third_Party/FreeRTOS/Source/tasks.c **** 						xYieldPending = pdTRUE;
4859:Middlewares/Third_Party/FreeRTOS/Source/tasks.c **** 					}
4860:Middlewares/Third_Party/FreeRTOS/Source/tasks.c **** 				}
4861:Middlewares/Third_Party/FreeRTOS/Source/tasks.c **** 				else
4862:Middlewares/Third_Party/FreeRTOS/Source/tasks.c **** 				{
4863:Middlewares/Third_Party/FreeRTOS/Source/tasks.c **** 					mtCOVERAGE_TEST_MARKER();
4864:Middlewares/Third_Party/FreeRTOS/Source/tasks.c **** 				}
4865:Middlewares/Third_Party/FreeRTOS/Source/tasks.c **** 			}
4866:Middlewares/Third_Party/FreeRTOS/Source/tasks.c **** 		}
4867:Middlewares/Third_Party/FreeRTOS/Source/tasks.c **** 		portCLEAR_INTERRUPT_MASK_FROM_ISR( uxSavedInterruptStatus );
4868:Middlewares/Third_Party/FreeRTOS/Source/tasks.c **** 	}
4869:Middlewares/Third_Party/FreeRTOS/Source/tasks.c **** 
4870:Middlewares/Third_Party/FreeRTOS/Source/tasks.c **** #endif /* configUSE_TASK_NOTIFICATIONS */
4871:Middlewares/Third_Party/FreeRTOS/Source/tasks.c **** 
4872:Middlewares/Third_Party/FreeRTOS/Source/tasks.c **** /*-----------------------------------------------------------*/
ARM GAS  /tmp/ccshf83P.s 			page 109


4873:Middlewares/Third_Party/FreeRTOS/Source/tasks.c **** 
4874:Middlewares/Third_Party/FreeRTOS/Source/tasks.c **** #if( configUSE_TASK_NOTIFICATIONS == 1 )
4875:Middlewares/Third_Party/FreeRTOS/Source/tasks.c **** 
4876:Middlewares/Third_Party/FreeRTOS/Source/tasks.c **** 	BaseType_t xTaskNotifyStateClear( TaskHandle_t xTask )
4877:Middlewares/Third_Party/FreeRTOS/Source/tasks.c **** 	{
4878:Middlewares/Third_Party/FreeRTOS/Source/tasks.c **** 	TCB_t *pxTCB;
4879:Middlewares/Third_Party/FreeRTOS/Source/tasks.c **** 	BaseType_t xReturn;
4880:Middlewares/Third_Party/FreeRTOS/Source/tasks.c **** 
4881:Middlewares/Third_Party/FreeRTOS/Source/tasks.c **** 		/* If null is passed in here then it is the calling task that is having
4882:Middlewares/Third_Party/FreeRTOS/Source/tasks.c **** 		its notification state cleared. */
4883:Middlewares/Third_Party/FreeRTOS/Source/tasks.c **** 		pxTCB = prvGetTCBFromHandle( xTask );
4884:Middlewares/Third_Party/FreeRTOS/Source/tasks.c **** 
4885:Middlewares/Third_Party/FreeRTOS/Source/tasks.c **** 		taskENTER_CRITICAL();
4886:Middlewares/Third_Party/FreeRTOS/Source/tasks.c **** 		{
4887:Middlewares/Third_Party/FreeRTOS/Source/tasks.c **** 			if( pxTCB->ucNotifyState == taskNOTIFICATION_RECEIVED )
4888:Middlewares/Third_Party/FreeRTOS/Source/tasks.c **** 			{
4889:Middlewares/Third_Party/FreeRTOS/Source/tasks.c **** 				pxTCB->ucNotifyState = taskNOT_WAITING_NOTIFICATION;
4890:Middlewares/Third_Party/FreeRTOS/Source/tasks.c **** 				xReturn = pdPASS;
4891:Middlewares/Third_Party/FreeRTOS/Source/tasks.c **** 			}
4892:Middlewares/Third_Party/FreeRTOS/Source/tasks.c **** 			else
4893:Middlewares/Third_Party/FreeRTOS/Source/tasks.c **** 			{
4894:Middlewares/Third_Party/FreeRTOS/Source/tasks.c **** 				xReturn = pdFAIL;
4895:Middlewares/Third_Party/FreeRTOS/Source/tasks.c **** 			}
4896:Middlewares/Third_Party/FreeRTOS/Source/tasks.c **** 		}
4897:Middlewares/Third_Party/FreeRTOS/Source/tasks.c **** 		taskEXIT_CRITICAL();
4898:Middlewares/Third_Party/FreeRTOS/Source/tasks.c **** 
4899:Middlewares/Third_Party/FreeRTOS/Source/tasks.c **** 		return xReturn;
4900:Middlewares/Third_Party/FreeRTOS/Source/tasks.c **** 	}
4901:Middlewares/Third_Party/FreeRTOS/Source/tasks.c **** 
4902:Middlewares/Third_Party/FreeRTOS/Source/tasks.c **** #endif /* configUSE_TASK_NOTIFICATIONS */
4903:Middlewares/Third_Party/FreeRTOS/Source/tasks.c **** /*-----------------------------------------------------------*/
4904:Middlewares/Third_Party/FreeRTOS/Source/tasks.c **** 
4905:Middlewares/Third_Party/FreeRTOS/Source/tasks.c **** 
4906:Middlewares/Third_Party/FreeRTOS/Source/tasks.c **** static void prvAddCurrentTaskToDelayedList( TickType_t xTicksToWait, const BaseType_t xCanBlockInde
4907:Middlewares/Third_Party/FreeRTOS/Source/tasks.c **** {
 900              		.loc 1 4907 1 view -0
 901              		.cfi_startproc
 902              		@ args = 0, pretend = 0, frame = 0
 903              		@ frame_needed = 0, uses_anonymous_args = 0
 904              		.loc 1 4907 1 is_stmt 0 view .LVU258
 905 0000 70B5     		push	{r4, r5, r6, lr}
 906              		.cfi_def_cfa_offset 16
 907              		.cfi_offset 4, -16
 908              		.cfi_offset 5, -12
 909              		.cfi_offset 6, -8
 910              		.cfi_offset 14, -4
 911 0002 0446     		mov	r4, r0
 912 0004 0D46     		mov	r5, r1
4908:Middlewares/Third_Party/FreeRTOS/Source/tasks.c **** TickType_t xTimeToWake;
 913              		.loc 1 4908 1 is_stmt 1 view .LVU259
4909:Middlewares/Third_Party/FreeRTOS/Source/tasks.c **** const TickType_t xConstTickCount = xTickCount;
 914              		.loc 1 4909 1 view .LVU260
 915              		.loc 1 4909 18 is_stmt 0 view .LVU261
 916 0006 174B     		ldr	r3, .L75
 917 0008 1E68     		ldr	r6, [r3]
 918              	.LVL66:
4910:Middlewares/Third_Party/FreeRTOS/Source/tasks.c **** 
ARM GAS  /tmp/ccshf83P.s 			page 110


4911:Middlewares/Third_Party/FreeRTOS/Source/tasks.c **** 	#if( INCLUDE_xTaskAbortDelay == 1 )
4912:Middlewares/Third_Party/FreeRTOS/Source/tasks.c **** 	{
4913:Middlewares/Third_Party/FreeRTOS/Source/tasks.c **** 		/* About to enter a delayed list, so ensure the ucDelayAborted flag is
4914:Middlewares/Third_Party/FreeRTOS/Source/tasks.c **** 		reset to pdFALSE so it can be detected as having been set to pdTRUE
4915:Middlewares/Third_Party/FreeRTOS/Source/tasks.c **** 		when the task leaves the Blocked state. */
4916:Middlewares/Third_Party/FreeRTOS/Source/tasks.c **** 		pxCurrentTCB->ucDelayAborted = pdFALSE;
4917:Middlewares/Third_Party/FreeRTOS/Source/tasks.c **** 	}
4918:Middlewares/Third_Party/FreeRTOS/Source/tasks.c **** 	#endif
4919:Middlewares/Third_Party/FreeRTOS/Source/tasks.c **** 
4920:Middlewares/Third_Party/FreeRTOS/Source/tasks.c **** 	/* Remove the task from the ready list before adding it to the blocked list
4921:Middlewares/Third_Party/FreeRTOS/Source/tasks.c **** 	as the same list item is used for both lists. */
4922:Middlewares/Third_Party/FreeRTOS/Source/tasks.c **** 	if( uxListRemove( &( pxCurrentTCB->xStateListItem ) ) == ( UBaseType_t ) 0 )
 919              		.loc 1 4922 2 is_stmt 1 view .LVU262
 920              		.loc 1 4922 35 is_stmt 0 view .LVU263
 921 000a 174B     		ldr	r3, .L75+4
 922 000c 1868     		ldr	r0, [r3]
 923              	.LVL67:
 924              		.loc 1 4922 6 view .LVU264
 925 000e 0430     		adds	r0, r0, #4
 926 0010 FFF7FEFF 		bl	uxListRemove
 927              	.LVL68:
4923:Middlewares/Third_Party/FreeRTOS/Source/tasks.c **** 	{
4924:Middlewares/Third_Party/FreeRTOS/Source/tasks.c **** 		/* The current task must be in a ready list, so there is no need to
4925:Middlewares/Third_Party/FreeRTOS/Source/tasks.c **** 		check, and the port reset macro can be called directly. */
4926:Middlewares/Third_Party/FreeRTOS/Source/tasks.c **** 		portRESET_READY_PRIORITY( pxCurrentTCB->uxPriority, uxTopReadyPriority );
 928              		.loc 1 4926 75 is_stmt 1 view .LVU265
4927:Middlewares/Third_Party/FreeRTOS/Source/tasks.c **** 	}
4928:Middlewares/Third_Party/FreeRTOS/Source/tasks.c **** 	else
4929:Middlewares/Third_Party/FreeRTOS/Source/tasks.c **** 	{
4930:Middlewares/Third_Party/FreeRTOS/Source/tasks.c **** 		mtCOVERAGE_TEST_MARKER();
 929              		.loc 1 4930 27 view .LVU266
4931:Middlewares/Third_Party/FreeRTOS/Source/tasks.c **** 	}
4932:Middlewares/Third_Party/FreeRTOS/Source/tasks.c **** 
4933:Middlewares/Third_Party/FreeRTOS/Source/tasks.c **** 	#if ( INCLUDE_vTaskSuspend == 1 )
4934:Middlewares/Third_Party/FreeRTOS/Source/tasks.c **** 	{
4935:Middlewares/Third_Party/FreeRTOS/Source/tasks.c **** 		if( ( xTicksToWait == portMAX_DELAY ) && ( xCanBlockIndefinitely != pdFALSE ) )
 930              		.loc 1 4935 3 view .LVU267
 931              		.loc 1 4935 5 is_stmt 0 view .LVU268
 932 0014 B4F1FF3F 		cmp	r4, #-1
 933 0018 0DD0     		beq	.L74
 934              	.L70:
4936:Middlewares/Third_Party/FreeRTOS/Source/tasks.c **** 		{
4937:Middlewares/Third_Party/FreeRTOS/Source/tasks.c **** 			/* Add the task to the suspended task list instead of a delayed task
4938:Middlewares/Third_Party/FreeRTOS/Source/tasks.c **** 			list to ensure it is not woken by a timing event.  It will block
4939:Middlewares/Third_Party/FreeRTOS/Source/tasks.c **** 			indefinitely. */
4940:Middlewares/Third_Party/FreeRTOS/Source/tasks.c **** 			vListInsertEnd( &xSuspendedTaskList, &( pxCurrentTCB->xStateListItem ) );
4941:Middlewares/Third_Party/FreeRTOS/Source/tasks.c **** 		}
4942:Middlewares/Third_Party/FreeRTOS/Source/tasks.c **** 		else
4943:Middlewares/Third_Party/FreeRTOS/Source/tasks.c **** 		{
4944:Middlewares/Third_Party/FreeRTOS/Source/tasks.c **** 			/* Calculate the time at which the task should be woken if the event
4945:Middlewares/Third_Party/FreeRTOS/Source/tasks.c **** 			does not occur.  This may overflow but this doesn't matter, the
4946:Middlewares/Third_Party/FreeRTOS/Source/tasks.c **** 			kernel will manage it correctly. */
4947:Middlewares/Third_Party/FreeRTOS/Source/tasks.c **** 			xTimeToWake = xConstTickCount + xTicksToWait;
 935              		.loc 1 4947 4 is_stmt 1 view .LVU269
 936              		.loc 1 4947 16 is_stmt 0 view .LVU270
 937 001a 3444     		add	r4, r4, r6
 938              	.LVL69:
ARM GAS  /tmp/ccshf83P.s 			page 111


4948:Middlewares/Third_Party/FreeRTOS/Source/tasks.c **** 
4949:Middlewares/Third_Party/FreeRTOS/Source/tasks.c **** 			/* The list item will be inserted in wake time order. */
4950:Middlewares/Third_Party/FreeRTOS/Source/tasks.c **** 			listSET_LIST_ITEM_VALUE( &( pxCurrentTCB->xStateListItem ), xTimeToWake );
 939              		.loc 1 4950 4 is_stmt 1 view .LVU271
 940 001c 124B     		ldr	r3, .L75+4
 941 001e 1B68     		ldr	r3, [r3]
 942 0020 5C60     		str	r4, [r3, #4]
4951:Middlewares/Third_Party/FreeRTOS/Source/tasks.c **** 
4952:Middlewares/Third_Party/FreeRTOS/Source/tasks.c **** 			if( xTimeToWake < xConstTickCount )
 943              		.loc 1 4952 4 view .LVU272
 944              		.loc 1 4952 6 is_stmt 0 view .LVU273
 945 0022 A642     		cmp	r6, r4
 946 0024 10D9     		bls	.L72
4953:Middlewares/Third_Party/FreeRTOS/Source/tasks.c **** 			{
4954:Middlewares/Third_Party/FreeRTOS/Source/tasks.c **** 				/* Wake time has overflowed.  Place this item in the overflow
4955:Middlewares/Third_Party/FreeRTOS/Source/tasks.c **** 				list. */
4956:Middlewares/Third_Party/FreeRTOS/Source/tasks.c **** 				vListInsert( pxOverflowDelayedTaskList, &( pxCurrentTCB->xStateListItem ) );
 947              		.loc 1 4956 5 is_stmt 1 view .LVU274
 948 0026 114B     		ldr	r3, .L75+8
 949 0028 1868     		ldr	r0, [r3]
 950              		.loc 1 4956 60 is_stmt 0 view .LVU275
 951 002a 0F4B     		ldr	r3, .L75+4
 952 002c 1968     		ldr	r1, [r3]
 953              		.loc 1 4956 5 view .LVU276
 954 002e 0431     		adds	r1, r1, #4
 955 0030 FFF7FEFF 		bl	vListInsert
 956              	.LVL70:
 957              	.L69:
4957:Middlewares/Third_Party/FreeRTOS/Source/tasks.c **** 			}
4958:Middlewares/Third_Party/FreeRTOS/Source/tasks.c **** 			else
4959:Middlewares/Third_Party/FreeRTOS/Source/tasks.c **** 			{
4960:Middlewares/Third_Party/FreeRTOS/Source/tasks.c **** 				/* The wake time has not overflowed, so the current block list
4961:Middlewares/Third_Party/FreeRTOS/Source/tasks.c **** 				is used. */
4962:Middlewares/Third_Party/FreeRTOS/Source/tasks.c **** 				vListInsert( pxDelayedTaskList, &( pxCurrentTCB->xStateListItem ) );
4963:Middlewares/Third_Party/FreeRTOS/Source/tasks.c **** 
4964:Middlewares/Third_Party/FreeRTOS/Source/tasks.c **** 				/* If the task entering the blocked state was placed at the
4965:Middlewares/Third_Party/FreeRTOS/Source/tasks.c **** 				head of the list of blocked tasks then xNextTaskUnblockTime
4966:Middlewares/Third_Party/FreeRTOS/Source/tasks.c **** 				needs to be updated too. */
4967:Middlewares/Third_Party/FreeRTOS/Source/tasks.c **** 				if( xTimeToWake < xNextTaskUnblockTime )
4968:Middlewares/Third_Party/FreeRTOS/Source/tasks.c **** 				{
4969:Middlewares/Third_Party/FreeRTOS/Source/tasks.c **** 					xNextTaskUnblockTime = xTimeToWake;
4970:Middlewares/Third_Party/FreeRTOS/Source/tasks.c **** 				}
4971:Middlewares/Third_Party/FreeRTOS/Source/tasks.c **** 				else
4972:Middlewares/Third_Party/FreeRTOS/Source/tasks.c **** 				{
4973:Middlewares/Third_Party/FreeRTOS/Source/tasks.c **** 					mtCOVERAGE_TEST_MARKER();
4974:Middlewares/Third_Party/FreeRTOS/Source/tasks.c **** 				}
4975:Middlewares/Third_Party/FreeRTOS/Source/tasks.c **** 			}
4976:Middlewares/Third_Party/FreeRTOS/Source/tasks.c **** 		}
4977:Middlewares/Third_Party/FreeRTOS/Source/tasks.c **** 	}
4978:Middlewares/Third_Party/FreeRTOS/Source/tasks.c **** 	#else /* INCLUDE_vTaskSuspend */
4979:Middlewares/Third_Party/FreeRTOS/Source/tasks.c **** 	{
4980:Middlewares/Third_Party/FreeRTOS/Source/tasks.c **** 		/* Calculate the time at which the task should be woken if the event
4981:Middlewares/Third_Party/FreeRTOS/Source/tasks.c **** 		does not occur.  This may overflow but this doesn't matter, the kernel
4982:Middlewares/Third_Party/FreeRTOS/Source/tasks.c **** 		will manage it correctly. */
4983:Middlewares/Third_Party/FreeRTOS/Source/tasks.c **** 		xTimeToWake = xConstTickCount + xTicksToWait;
4984:Middlewares/Third_Party/FreeRTOS/Source/tasks.c **** 
4985:Middlewares/Third_Party/FreeRTOS/Source/tasks.c **** 		/* The list item will be inserted in wake time order. */
ARM GAS  /tmp/ccshf83P.s 			page 112


4986:Middlewares/Third_Party/FreeRTOS/Source/tasks.c **** 		listSET_LIST_ITEM_VALUE( &( pxCurrentTCB->xStateListItem ), xTimeToWake );
4987:Middlewares/Third_Party/FreeRTOS/Source/tasks.c **** 
4988:Middlewares/Third_Party/FreeRTOS/Source/tasks.c **** 		if( xTimeToWake < xConstTickCount )
4989:Middlewares/Third_Party/FreeRTOS/Source/tasks.c **** 		{
4990:Middlewares/Third_Party/FreeRTOS/Source/tasks.c **** 			/* Wake time has overflowed.  Place this item in the overflow list. */
4991:Middlewares/Third_Party/FreeRTOS/Source/tasks.c **** 			vListInsert( pxOverflowDelayedTaskList, &( pxCurrentTCB->xStateListItem ) );
4992:Middlewares/Third_Party/FreeRTOS/Source/tasks.c **** 		}
4993:Middlewares/Third_Party/FreeRTOS/Source/tasks.c **** 		else
4994:Middlewares/Third_Party/FreeRTOS/Source/tasks.c **** 		{
4995:Middlewares/Third_Party/FreeRTOS/Source/tasks.c **** 			/* The wake time has not overflowed, so the current block list is used. */
4996:Middlewares/Third_Party/FreeRTOS/Source/tasks.c **** 			vListInsert( pxDelayedTaskList, &( pxCurrentTCB->xStateListItem ) );
4997:Middlewares/Third_Party/FreeRTOS/Source/tasks.c **** 
4998:Middlewares/Third_Party/FreeRTOS/Source/tasks.c **** 			/* If the task entering the blocked state was placed at the head of the
4999:Middlewares/Third_Party/FreeRTOS/Source/tasks.c **** 			list of blocked tasks then xNextTaskUnblockTime needs to be updated
5000:Middlewares/Third_Party/FreeRTOS/Source/tasks.c **** 			too. */
5001:Middlewares/Third_Party/FreeRTOS/Source/tasks.c **** 			if( xTimeToWake < xNextTaskUnblockTime )
5002:Middlewares/Third_Party/FreeRTOS/Source/tasks.c **** 			{
5003:Middlewares/Third_Party/FreeRTOS/Source/tasks.c **** 				xNextTaskUnblockTime = xTimeToWake;
5004:Middlewares/Third_Party/FreeRTOS/Source/tasks.c **** 			}
5005:Middlewares/Third_Party/FreeRTOS/Source/tasks.c **** 			else
5006:Middlewares/Third_Party/FreeRTOS/Source/tasks.c **** 			{
5007:Middlewares/Third_Party/FreeRTOS/Source/tasks.c **** 				mtCOVERAGE_TEST_MARKER();
5008:Middlewares/Third_Party/FreeRTOS/Source/tasks.c **** 			}
5009:Middlewares/Third_Party/FreeRTOS/Source/tasks.c **** 		}
5010:Middlewares/Third_Party/FreeRTOS/Source/tasks.c **** 
5011:Middlewares/Third_Party/FreeRTOS/Source/tasks.c **** 		/* Avoid compiler warning when INCLUDE_vTaskSuspend is not 1. */
5012:Middlewares/Third_Party/FreeRTOS/Source/tasks.c **** 		( void ) xCanBlockIndefinitely;
5013:Middlewares/Third_Party/FreeRTOS/Source/tasks.c **** 	}
5014:Middlewares/Third_Party/FreeRTOS/Source/tasks.c **** 	#endif /* INCLUDE_vTaskSuspend */
5015:Middlewares/Third_Party/FreeRTOS/Source/tasks.c **** }
 958              		.loc 1 5015 1 view .LVU277
 959 0034 70BD     		pop	{r4, r5, r6, pc}
 960              	.LVL71:
 961              	.L74:
4935:Middlewares/Third_Party/FreeRTOS/Source/tasks.c **** 		{
 962              		.loc 1 4935 41 discriminator 1 view .LVU278
 963 0036 002D     		cmp	r5, #0
 964 0038 EFD0     		beq	.L70
4940:Middlewares/Third_Party/FreeRTOS/Source/tasks.c **** 		}
 965              		.loc 1 4940 4 is_stmt 1 view .LVU279
4940:Middlewares/Third_Party/FreeRTOS/Source/tasks.c **** 		}
 966              		.loc 1 4940 56 is_stmt 0 view .LVU280
 967 003a 0B4B     		ldr	r3, .L75+4
 968 003c 1968     		ldr	r1, [r3]
4940:Middlewares/Third_Party/FreeRTOS/Source/tasks.c **** 		}
 969              		.loc 1 4940 4 view .LVU281
 970 003e 0431     		adds	r1, r1, #4
 971 0040 0B48     		ldr	r0, .L75+12
 972 0042 FFF7FEFF 		bl	vListInsertEnd
 973              	.LVL72:
 974 0046 F5E7     		b	.L69
 975              	.LVL73:
 976              	.L72:
4962:Middlewares/Third_Party/FreeRTOS/Source/tasks.c **** 
 977              		.loc 1 4962 5 is_stmt 1 view .LVU282
 978 0048 0A4B     		ldr	r3, .L75+16
 979 004a 1868     		ldr	r0, [r3]
ARM GAS  /tmp/ccshf83P.s 			page 113


4962:Middlewares/Third_Party/FreeRTOS/Source/tasks.c **** 
 980              		.loc 1 4962 52 is_stmt 0 view .LVU283
 981 004c 064B     		ldr	r3, .L75+4
 982 004e 1968     		ldr	r1, [r3]
4962:Middlewares/Third_Party/FreeRTOS/Source/tasks.c **** 
 983              		.loc 1 4962 5 view .LVU284
 984 0050 0431     		adds	r1, r1, #4
 985 0052 FFF7FEFF 		bl	vListInsert
 986              	.LVL74:
4967:Middlewares/Third_Party/FreeRTOS/Source/tasks.c **** 				{
 987              		.loc 1 4967 5 is_stmt 1 view .LVU285
4967:Middlewares/Third_Party/FreeRTOS/Source/tasks.c **** 				{
 988              		.loc 1 4967 21 is_stmt 0 view .LVU286
 989 0056 084B     		ldr	r3, .L75+20
 990 0058 1B68     		ldr	r3, [r3]
4967:Middlewares/Third_Party/FreeRTOS/Source/tasks.c **** 				{
 991              		.loc 1 4967 7 view .LVU287
 992 005a A342     		cmp	r3, r4
 993 005c EAD9     		bls	.L69
4969:Middlewares/Third_Party/FreeRTOS/Source/tasks.c **** 				}
 994              		.loc 1 4969 6 is_stmt 1 view .LVU288
4969:Middlewares/Third_Party/FreeRTOS/Source/tasks.c **** 				}
 995              		.loc 1 4969 27 is_stmt 0 view .LVU289
 996 005e 064B     		ldr	r3, .L75+20
 997 0060 1C60     		str	r4, [r3]
4973:Middlewares/Third_Party/FreeRTOS/Source/tasks.c **** 				}
 998              		.loc 1 4973 30 is_stmt 1 view .LVU290
 999              		.loc 1 5015 1 is_stmt 0 view .LVU291
 1000 0062 E7E7     		b	.L69
 1001              	.L76:
 1002              		.align	2
 1003              	.L75:
 1004 0064 00000000 		.word	xTickCount
 1005 0068 00000000 		.word	pxCurrentTCB
 1006 006c 00000000 		.word	pxOverflowDelayedTaskList
 1007 0070 00000000 		.word	xSuspendedTaskList
 1008 0074 00000000 		.word	pxDelayedTaskList
 1009 0078 00000000 		.word	xNextTaskUnblockTime
 1010              		.cfi_endproc
 1011              	.LFE63:
 1013              		.section	.text.xTaskCreateStatic,"ax",%progbits
 1014              		.align	1
 1015              		.global	xTaskCreateStatic
 1016              		.syntax unified
 1017              		.thumb
 1018              		.thumb_func
 1020              	xTaskCreateStatic:
 1021              	.LVL75:
 1022              	.LFB4:
 582:Middlewares/Third_Party/FreeRTOS/Source/tasks.c **** 	TCB_t *pxNewTCB;
 1023              		.loc 1 582 2 is_stmt 1 view -0
 1024              		.cfi_startproc
 1025              		@ args = 12, pretend = 0, frame = 8
 1026              		@ frame_needed = 0, uses_anonymous_args = 0
 582:Middlewares/Third_Party/FreeRTOS/Source/tasks.c **** 	TCB_t *pxNewTCB;
 1027              		.loc 1 582 2 is_stmt 0 view .LVU293
 1028 0000 30B5     		push	{r4, r5, lr}
ARM GAS  /tmp/ccshf83P.s 			page 114


 1029              		.cfi_def_cfa_offset 12
 1030              		.cfi_offset 4, -12
 1031              		.cfi_offset 5, -8
 1032              		.cfi_offset 14, -4
 1033 0002 87B0     		sub	sp, sp, #28
 1034              		.cfi_def_cfa_offset 40
 1035 0004 0B9C     		ldr	r4, [sp, #44]
 583:Middlewares/Third_Party/FreeRTOS/Source/tasks.c **** 	TaskHandle_t xReturn;
 1036              		.loc 1 583 2 is_stmt 1 view .LVU294
 584:Middlewares/Third_Party/FreeRTOS/Source/tasks.c **** 
 1037              		.loc 1 584 2 view .LVU295
 586:Middlewares/Third_Party/FreeRTOS/Source/tasks.c **** 		configASSERT( pxTaskBuffer != NULL );
 1038              		.loc 1 586 3 view .LVU296
 1039 0006 8CB1     		cbz	r4, .L85
 586:Middlewares/Third_Party/FreeRTOS/Source/tasks.c **** 		configASSERT( pxTaskBuffer != NULL );
 1040              		.loc 1 586 41 discriminator 2 view .LVU297
 587:Middlewares/Third_Party/FreeRTOS/Source/tasks.c **** 
 1041              		.loc 1 587 3 view .LVU298
 1042 0008 0C9D     		ldr	r5, [sp, #48]
 1043 000a C5B1     		cbz	r5, .L86
 587:Middlewares/Third_Party/FreeRTOS/Source/tasks.c **** 
 1044              		.loc 1 587 39 discriminator 2 view .LVU299
 1045              	.LBB119:
 594:Middlewares/Third_Party/FreeRTOS/Source/tasks.c **** 			configASSERT( xSize == sizeof( TCB_t ) );
 1046              		.loc 1 594 4 view .LVU300
 594:Middlewares/Third_Party/FreeRTOS/Source/tasks.c **** 			configASSERT( xSize == sizeof( TCB_t ) );
 1047              		.loc 1 594 20 is_stmt 0 view .LVU301
 1048 000c 4FF4C075 		mov	r5, #384
 1049 0010 0495     		str	r5, [sp, #16]
 595:Middlewares/Third_Party/FreeRTOS/Source/tasks.c **** 		}
 1050              		.loc 1 595 4 is_stmt 1 view .LVU302
 1051 0012 049D     		ldr	r5, [sp, #16]
 1052 0014 B5F5C07F 		cmp	r5, #384
 1053 0018 1AD0     		beq	.L82
 595:Middlewares/Third_Party/FreeRTOS/Source/tasks.c **** 		}
 1054              		.loc 1 595 4 discriminator 1 view .LVU303
 1055              	.LBB120:
 1056              	.LBI120:
 191:Middlewares/Third_Party/FreeRTOS/Source/portable/GCC/ARM_CM3/portmacro.h **** {
 1057              		.loc 2 191 30 view .LVU304
 1058              	.LBB121:
 193:Middlewares/Third_Party/FreeRTOS/Source/portable/GCC/ARM_CM3/portmacro.h **** 
 1059              		.loc 2 193 1 view .LVU305
 1060              		.loc 2 195 2 view .LVU306
 1061              		.syntax unified
 1062              	@ 195 "Middlewares/Third_Party/FreeRTOS/Source/portable/GCC/ARM_CM3/portmacro.h" 1
 1063 001a 4FF05003 			mov r3, #80												
 1064 001e 83F31188 		msr basepri, r3											
 1065 0022 BFF36F8F 		isb														
 1066 0026 BFF34F8F 		dsb														
 1067              	
 1068              	@ 0 "" 2
 1069              	.LVL76:
 1070              		.thumb
 1071              		.syntax unified
 1072              	.L83:
 1073              		.loc 2 195 2 is_stmt 0 view .LVU307
ARM GAS  /tmp/ccshf83P.s 			page 115


 1074              	.LBE121:
 1075              	.LBE120:
 595:Middlewares/Third_Party/FreeRTOS/Source/tasks.c **** 		}
 1076              		.loc 1 595 4 is_stmt 1 discriminator 3 view .LVU308
 595:Middlewares/Third_Party/FreeRTOS/Source/tasks.c **** 		}
 1077              		.loc 1 595 4 discriminator 3 view .LVU309
 1078 002a FEE7     		b	.L83
 1079              	.LVL77:
 1080              	.L85:
 595:Middlewares/Third_Party/FreeRTOS/Source/tasks.c **** 		}
 1081              		.loc 1 595 4 is_stmt 0 discriminator 3 view .LVU310
 1082              	.LBE119:
 586:Middlewares/Third_Party/FreeRTOS/Source/tasks.c **** 		configASSERT( pxTaskBuffer != NULL );
 1083              		.loc 1 586 3 is_stmt 1 discriminator 1 view .LVU311
 1084              	.LBB122:
 1085              	.LBI122:
 191:Middlewares/Third_Party/FreeRTOS/Source/portable/GCC/ARM_CM3/portmacro.h **** {
 1086              		.loc 2 191 30 view .LVU312
 1087              	.LBB123:
 193:Middlewares/Third_Party/FreeRTOS/Source/portable/GCC/ARM_CM3/portmacro.h **** 
 1088              		.loc 2 193 1 view .LVU313
 1089              		.loc 2 195 2 view .LVU314
 1090              		.syntax unified
 1091              	@ 195 "Middlewares/Third_Party/FreeRTOS/Source/portable/GCC/ARM_CM3/portmacro.h" 1
 1092 002c 4FF05003 			mov r3, #80												
 1093 0030 83F31188 		msr basepri, r3											
 1094 0034 BFF36F8F 		isb														
 1095 0038 BFF34F8F 		dsb														
 1096              	
 1097              	@ 0 "" 2
 1098              	.LVL78:
 1099              		.thumb
 1100              		.syntax unified
 1101              	.L79:
 1102              		.loc 2 195 2 is_stmt 0 view .LVU315
 1103              	.LBE123:
 1104              	.LBE122:
 586:Middlewares/Third_Party/FreeRTOS/Source/tasks.c **** 		configASSERT( pxTaskBuffer != NULL );
 1105              		.loc 1 586 3 is_stmt 1 discriminator 3 view .LVU316
 586:Middlewares/Third_Party/FreeRTOS/Source/tasks.c **** 		configASSERT( pxTaskBuffer != NULL );
 1106              		.loc 1 586 3 discriminator 3 view .LVU317
 1107 003c FEE7     		b	.L79
 1108              	.LVL79:
 1109              	.L86:
 587:Middlewares/Third_Party/FreeRTOS/Source/tasks.c **** 
 1110              		.loc 1 587 3 discriminator 1 view .LVU318
 1111              	.LBB124:
 1112              	.LBI124:
 191:Middlewares/Third_Party/FreeRTOS/Source/portable/GCC/ARM_CM3/portmacro.h **** {
 1113              		.loc 2 191 30 view .LVU319
 1114              	.LBB125:
 193:Middlewares/Third_Party/FreeRTOS/Source/portable/GCC/ARM_CM3/portmacro.h **** 
 1115              		.loc 2 193 1 view .LVU320
 1116              		.loc 2 195 2 view .LVU321
 1117              		.syntax unified
 1118              	@ 195 "Middlewares/Third_Party/FreeRTOS/Source/portable/GCC/ARM_CM3/portmacro.h" 1
 1119 003e 4FF05003 			mov r3, #80												
ARM GAS  /tmp/ccshf83P.s 			page 116


 1120 0042 83F31188 		msr basepri, r3											
 1121 0046 BFF36F8F 		isb														
 1122 004a BFF34F8F 		dsb														
 1123              	
 1124              	@ 0 "" 2
 1125              	.LVL80:
 1126              		.thumb
 1127              		.syntax unified
 1128              	.L81:
 1129              		.loc 2 195 2 is_stmt 0 view .LVU322
 1130              	.LBE125:
 1131              	.LBE124:
 587:Middlewares/Third_Party/FreeRTOS/Source/tasks.c **** 
 1132              		.loc 1 587 3 is_stmt 1 discriminator 3 view .LVU323
 587:Middlewares/Third_Party/FreeRTOS/Source/tasks.c **** 
 1133              		.loc 1 587 3 discriminator 3 view .LVU324
 1134 004e FEE7     		b	.L81
 1135              	.LVL81:
 1136              	.L82:
 1137              	.LBB126:
 595:Middlewares/Third_Party/FreeRTOS/Source/tasks.c **** 		}
 1138              		.loc 1 595 44 discriminator 2 view .LVU325
 1139              	.LBE126:
 600:Middlewares/Third_Party/FreeRTOS/Source/tasks.c **** 		{
 1140              		.loc 1 600 3 view .LVU326
 604:Middlewares/Third_Party/FreeRTOS/Source/tasks.c **** 			pxNewTCB->pxStack = ( StackType_t * ) puxStackBuffer;
 1141              		.loc 1 604 4 view .LVU327
 605:Middlewares/Third_Party/FreeRTOS/Source/tasks.c **** 
 1142              		.loc 1 605 4 view .LVU328
 605:Middlewares/Third_Party/FreeRTOS/Source/tasks.c **** 
 1143              		.loc 1 605 22 is_stmt 0 view .LVU329
 1144 0050 0C9D     		ldr	r5, [sp, #48]
 1145 0052 2C63     		str	r4, [r5, #48]
 611:Middlewares/Third_Party/FreeRTOS/Source/tasks.c **** 			}
 1146              		.loc 1 611 5 is_stmt 1 view .LVU330
 611:Middlewares/Third_Party/FreeRTOS/Source/tasks.c **** 			}
 1147              		.loc 1 611 37 is_stmt 0 view .LVU331
 1148 0054 0224     		movs	r4, #2
 1149 0056 85F87D41 		strb	r4, [r5, #381]
 615:Middlewares/Third_Party/FreeRTOS/Source/tasks.c **** 			prvAddNewTaskToReadyList( pxNewTCB );
 1150              		.loc 1 615 4 is_stmt 1 view .LVU332
 1151 005a 0024     		movs	r4, #0
 1152 005c 0394     		str	r4, [sp, #12]
 1153 005e 0295     		str	r5, [sp, #8]
 1154 0060 05AC     		add	r4, sp, #20
 1155 0062 0194     		str	r4, [sp, #4]
 1156 0064 0A9C     		ldr	r4, [sp, #40]
 1157 0066 0094     		str	r4, [sp]
 1158 0068 FFF7FEFF 		bl	prvInitialiseNewTask
 1159              	.LVL82:
 616:Middlewares/Third_Party/FreeRTOS/Source/tasks.c **** 		}
 1160              		.loc 1 616 4 view .LVU333
 1161 006c 0C98     		ldr	r0, [sp, #48]
 1162 006e FFF7FEFF 		bl	prvAddNewTaskToReadyList
 1163              	.LVL83:
 623:Middlewares/Third_Party/FreeRTOS/Source/tasks.c **** 	}
 1164              		.loc 1 623 3 view .LVU334
ARM GAS  /tmp/ccshf83P.s 			page 117


 624:Middlewares/Third_Party/FreeRTOS/Source/tasks.c **** 
 1165              		.loc 1 624 2 is_stmt 0 view .LVU335
 1166 0072 0598     		ldr	r0, [sp, #20]
 1167 0074 07B0     		add	sp, sp, #28
 1168              		.cfi_def_cfa_offset 12
 1169              		@ sp needed
 1170 0076 30BD     		pop	{r4, r5, pc}
 624:Middlewares/Third_Party/FreeRTOS/Source/tasks.c **** 
 1171              		.loc 1 624 2 view .LVU336
 1172              		.cfi_endproc
 1173              	.LFE4:
 1175              		.section	.text.xTaskCreate,"ax",%progbits
 1176              		.align	1
 1177              		.global	xTaskCreate
 1178              		.syntax unified
 1179              		.thumb
 1180              		.thumb_func
 1182              	xTaskCreate:
 1183              	.LVL84:
 1184              	.LFB5:
 732:Middlewares/Third_Party/FreeRTOS/Source/tasks.c **** 	TCB_t *pxNewTCB;
 1185              		.loc 1 732 2 is_stmt 1 view -0
 1186              		.cfi_startproc
 1187              		@ args = 8, pretend = 0, frame = 0
 1188              		@ frame_needed = 0, uses_anonymous_args = 0
 732:Middlewares/Third_Party/FreeRTOS/Source/tasks.c **** 	TCB_t *pxNewTCB;
 1189              		.loc 1 732 2 is_stmt 0 view .LVU338
 1190 0000 2DE9F043 		push	{r4, r5, r6, r7, r8, r9, lr}
 1191              		.cfi_def_cfa_offset 28
 1192              		.cfi_offset 4, -28
 1193              		.cfi_offset 5, -24
 1194              		.cfi_offset 6, -20
 1195              		.cfi_offset 7, -16
 1196              		.cfi_offset 8, -12
 1197              		.cfi_offset 9, -8
 1198              		.cfi_offset 14, -4
 1199 0004 85B0     		sub	sp, sp, #20
 1200              		.cfi_def_cfa_offset 48
 1201 0006 0746     		mov	r7, r0
 1202 0008 8846     		mov	r8, r1
 1203 000a 1446     		mov	r4, r2
 1204 000c 1E46     		mov	r6, r3
 733:Middlewares/Third_Party/FreeRTOS/Source/tasks.c **** 	BaseType_t xReturn;
 1205              		.loc 1 733 2 is_stmt 1 view .LVU339
 734:Middlewares/Third_Party/FreeRTOS/Source/tasks.c **** 
 1206              		.loc 1 734 2 view .LVU340
 1207              	.LBB127:
 763:Middlewares/Third_Party/FreeRTOS/Source/tasks.c **** 
 1208              		.loc 1 763 3 view .LVU341
 766:Middlewares/Third_Party/FreeRTOS/Source/tasks.c **** 
 1209              		.loc 1 766 4 view .LVU342
 766:Middlewares/Third_Party/FreeRTOS/Source/tasks.c **** 
 1210              		.loc 1 766 32 is_stmt 0 view .LVU343
 1211 000e 9000     		lsls	r0, r2, #2
 1212              	.LVL85:
 766:Middlewares/Third_Party/FreeRTOS/Source/tasks.c **** 
 1213              		.loc 1 766 32 view .LVU344
ARM GAS  /tmp/ccshf83P.s 			page 118


 1214 0010 FFF7FEFF 		bl	pvPortMalloc
 1215              	.LVL86:
 768:Middlewares/Third_Party/FreeRTOS/Source/tasks.c **** 			{
 1216              		.loc 1 768 4 is_stmt 1 view .LVU345
 768:Middlewares/Third_Party/FreeRTOS/Source/tasks.c **** 			{
 1217              		.loc 1 768 6 is_stmt 0 view .LVU346
 1218 0014 10B3     		cbz	r0, .L90
 1219 0016 8146     		mov	r9, r0
 771:Middlewares/Third_Party/FreeRTOS/Source/tasks.c **** 
 1220              		.loc 1 771 5 is_stmt 1 view .LVU347
 771:Middlewares/Third_Party/FreeRTOS/Source/tasks.c **** 
 1221              		.loc 1 771 28 is_stmt 0 view .LVU348
 1222 0018 4FF4C070 		mov	r0, #384
 1223              	.LVL87:
 771:Middlewares/Third_Party/FreeRTOS/Source/tasks.c **** 
 1224              		.loc 1 771 28 view .LVU349
 1225 001c FFF7FEFF 		bl	pvPortMalloc
 1226              	.LVL88:
 773:Middlewares/Third_Party/FreeRTOS/Source/tasks.c **** 				{
 1227              		.loc 1 773 5 is_stmt 1 view .LVU350
 773:Middlewares/Third_Party/FreeRTOS/Source/tasks.c **** 				{
 1228              		.loc 1 773 7 is_stmt 0 view .LVU351
 1229 0020 0546     		mov	r5, r0
 1230 0022 A8B1     		cbz	r0, .L89
 776:Middlewares/Third_Party/FreeRTOS/Source/tasks.c **** 				}
 1231              		.loc 1 776 6 is_stmt 1 view .LVU352
 776:Middlewares/Third_Party/FreeRTOS/Source/tasks.c **** 				}
 1232              		.loc 1 776 24 is_stmt 0 view .LVU353
 1233 0024 C0F83090 		str	r9, [r0, #48]
 776:Middlewares/Third_Party/FreeRTOS/Source/tasks.c **** 				}
 1234              		.loc 1 776 24 view .LVU354
 1235              	.LBE127:
 792:Middlewares/Third_Party/FreeRTOS/Source/tasks.c **** 		{
 1236              		.loc 1 792 3 is_stmt 1 view .LVU355
 798:Middlewares/Third_Party/FreeRTOS/Source/tasks.c **** 			}
 1237              		.loc 1 798 5 view .LVU356
 798:Middlewares/Third_Party/FreeRTOS/Source/tasks.c **** 			}
 1238              		.loc 1 798 37 is_stmt 0 view .LVU357
 1239 0028 0023     		movs	r3, #0
 1240 002a 80F87D31 		strb	r3, [r0, #381]
 802:Middlewares/Third_Party/FreeRTOS/Source/tasks.c **** 			prvAddNewTaskToReadyList( pxNewTCB );
 1241              		.loc 1 802 4 is_stmt 1 view .LVU358
 1242 002e 0393     		str	r3, [sp, #12]
 1243 0030 0290     		str	r0, [sp, #8]
 1244 0032 0D9B     		ldr	r3, [sp, #52]
 1245 0034 0193     		str	r3, [sp, #4]
 1246 0036 0C9B     		ldr	r3, [sp, #48]
 1247 0038 0093     		str	r3, [sp]
 1248 003a 3346     		mov	r3, r6
 1249 003c 2246     		mov	r2, r4
 1250 003e 4146     		mov	r1, r8
 1251 0040 3846     		mov	r0, r7
 1252              	.LVL89:
 802:Middlewares/Third_Party/FreeRTOS/Source/tasks.c **** 			prvAddNewTaskToReadyList( pxNewTCB );
 1253              		.loc 1 802 4 is_stmt 0 view .LVU359
 1254 0042 FFF7FEFF 		bl	prvInitialiseNewTask
 1255              	.LVL90:
ARM GAS  /tmp/ccshf83P.s 			page 119


 803:Middlewares/Third_Party/FreeRTOS/Source/tasks.c **** 			xReturn = pdPASS;
 1256              		.loc 1 803 4 is_stmt 1 view .LVU360
 1257 0046 2846     		mov	r0, r5
 1258 0048 FFF7FEFF 		bl	prvAddNewTaskToReadyList
 1259              	.LVL91:
 804:Middlewares/Third_Party/FreeRTOS/Source/tasks.c **** 		}
 1260              		.loc 1 804 4 view .LVU361
 804:Middlewares/Third_Party/FreeRTOS/Source/tasks.c **** 		}
 1261              		.loc 1 804 12 is_stmt 0 view .LVU362
 1262 004c 0120     		movs	r0, #1
 1263 004e 07E0     		b	.L87
 1264              	.LVL92:
 1265              	.L89:
 1266              	.LBB128:
 782:Middlewares/Third_Party/FreeRTOS/Source/tasks.c **** 				}
 1267              		.loc 1 782 6 is_stmt 1 view .LVU363
 1268 0050 4846     		mov	r0, r9
 1269              	.LVL93:
 782:Middlewares/Third_Party/FreeRTOS/Source/tasks.c **** 				}
 1270              		.loc 1 782 6 is_stmt 0 view .LVU364
 1271 0052 FFF7FEFF 		bl	vPortFree
 1272              	.LVL94:
 782:Middlewares/Third_Party/FreeRTOS/Source/tasks.c **** 				}
 1273              		.loc 1 782 6 view .LVU365
 1274              	.LBE128:
 792:Middlewares/Third_Party/FreeRTOS/Source/tasks.c **** 		{
 1275              		.loc 1 792 3 is_stmt 1 view .LVU366
 808:Middlewares/Third_Party/FreeRTOS/Source/tasks.c **** 		}
 1276              		.loc 1 808 12 is_stmt 0 view .LVU367
 1277 0056 4FF0FF30 		mov	r0, #-1
 1278 005a 01E0     		b	.L87
 1279              	.LVL95:
 1280              	.L90:
 808:Middlewares/Third_Party/FreeRTOS/Source/tasks.c **** 		}
 1281              		.loc 1 808 12 view .LVU368
 1282 005c 4FF0FF30 		mov	r0, #-1
 1283              	.LVL96:
 811:Middlewares/Third_Party/FreeRTOS/Source/tasks.c **** 	}
 1284              		.loc 1 811 3 is_stmt 1 view .LVU369
 1285              	.L87:
 812:Middlewares/Third_Party/FreeRTOS/Source/tasks.c **** 
 1286              		.loc 1 812 2 is_stmt 0 view .LVU370
 1287 0060 05B0     		add	sp, sp, #20
 1288              		.cfi_def_cfa_offset 28
 1289              		@ sp needed
 1290 0062 BDE8F083 		pop	{r4, r5, r6, r7, r8, r9, pc}
 812:Middlewares/Third_Party/FreeRTOS/Source/tasks.c **** 
 1291              		.loc 1 812 2 view .LVU371
 1292              		.cfi_endproc
 1293              	.LFE5:
 1295              		.section	.text.vTaskDelete,"ax",%progbits
 1296              		.align	1
 1297              		.global	vTaskDelete
 1298              		.syntax unified
 1299              		.thumb
 1300              		.thumb_func
 1302              	vTaskDelete:
ARM GAS  /tmp/ccshf83P.s 			page 120


 1303              	.LVL97:
 1304              	.LFB8:
1107:Middlewares/Third_Party/FreeRTOS/Source/tasks.c **** 	TCB_t *pxTCB;
 1305              		.loc 1 1107 2 is_stmt 1 view -0
 1306              		.cfi_startproc
 1307              		@ args = 0, pretend = 0, frame = 0
 1308              		@ frame_needed = 0, uses_anonymous_args = 0
1107:Middlewares/Third_Party/FreeRTOS/Source/tasks.c **** 	TCB_t *pxTCB;
 1309              		.loc 1 1107 2 is_stmt 0 view .LVU373
 1310 0000 38B5     		push	{r3, r4, r5, lr}
 1311              		.cfi_def_cfa_offset 16
 1312              		.cfi_offset 3, -16
 1313              		.cfi_offset 4, -12
 1314              		.cfi_offset 5, -8
 1315              		.cfi_offset 14, -4
 1316 0002 0446     		mov	r4, r0
1108:Middlewares/Third_Party/FreeRTOS/Source/tasks.c **** 
 1317              		.loc 1 1108 2 is_stmt 1 view .LVU374
1110:Middlewares/Third_Party/FreeRTOS/Source/tasks.c **** 		{
 1318              		.loc 1 1110 3 view .LVU375
 1319 0004 FFF7FEFF 		bl	vPortEnterCritical
 1320              	.LVL98:
1114:Middlewares/Third_Party/FreeRTOS/Source/tasks.c **** 
 1321              		.loc 1 1114 4 view .LVU376
1114:Middlewares/Third_Party/FreeRTOS/Source/tasks.c **** 
 1322              		.loc 1 1114 12 is_stmt 0 view .LVU377
 1323 0008 24B3     		cbz	r4, .L101
 1324              	.LVL99:
 1325              	.L93:
1117:Middlewares/Third_Party/FreeRTOS/Source/tasks.c **** 			{
 1326              		.loc 1 1117 4 is_stmt 1 view .LVU378
1117:Middlewares/Third_Party/FreeRTOS/Source/tasks.c **** 			{
 1327              		.loc 1 1117 8 is_stmt 0 view .LVU379
 1328 000a 251D     		adds	r5, r4, #4
 1329 000c 2846     		mov	r0, r5
 1330 000e FFF7FEFF 		bl	uxListRemove
 1331              	.LVL100:
1119:Middlewares/Third_Party/FreeRTOS/Source/tasks.c **** 			}
 1332              		.loc 1 1119 50 is_stmt 1 view .LVU380
1123:Middlewares/Third_Party/FreeRTOS/Source/tasks.c **** 			}
 1333              		.loc 1 1123 29 view .LVU381
1127:Middlewares/Third_Party/FreeRTOS/Source/tasks.c **** 			{
 1334              		.loc 1 1127 4 view .LVU382
1127:Middlewares/Third_Party/FreeRTOS/Source/tasks.c **** 			{
 1335              		.loc 1 1127 8 is_stmt 0 view .LVU383
 1336 0012 A36A     		ldr	r3, [r4, #40]
1127:Middlewares/Third_Party/FreeRTOS/Source/tasks.c **** 			{
 1337              		.loc 1 1127 6 view .LVU384
 1338 0014 1BB1     		cbz	r3, .L94
1129:Middlewares/Third_Party/FreeRTOS/Source/tasks.c **** 			}
 1339              		.loc 1 1129 5 is_stmt 1 view .LVU385
1129:Middlewares/Third_Party/FreeRTOS/Source/tasks.c **** 			}
 1340              		.loc 1 1129 14 is_stmt 0 view .LVU386
 1341 0016 04F11800 		add	r0, r4, #24
 1342 001a FFF7FEFF 		bl	uxListRemove
 1343              	.LVL101:
 1344              	.L94:
ARM GAS  /tmp/ccshf83P.s 			page 121


1133:Middlewares/Third_Party/FreeRTOS/Source/tasks.c **** 			}
 1345              		.loc 1 1133 29 is_stmt 1 view .LVU387
1140:Middlewares/Third_Party/FreeRTOS/Source/tasks.c **** 
 1346              		.loc 1 1140 4 view .LVU388
1140:Middlewares/Third_Party/FreeRTOS/Source/tasks.c **** 
 1347              		.loc 1 1140 16 is_stmt 0 view .LVU389
 1348 001e 1F4A     		ldr	r2, .L104
 1349 0020 1368     		ldr	r3, [r2]
 1350 0022 0133     		adds	r3, r3, #1
 1351 0024 1360     		str	r3, [r2]
1142:Middlewares/Third_Party/FreeRTOS/Source/tasks.c **** 			{
 1352              		.loc 1 1142 4 is_stmt 1 view .LVU390
1142:Middlewares/Third_Party/FreeRTOS/Source/tasks.c **** 			{
 1353              		.loc 1 1142 14 is_stmt 0 view .LVU391
 1354 0026 1E4B     		ldr	r3, .L104+4
 1355 0028 1B68     		ldr	r3, [r3]
1142:Middlewares/Third_Party/FreeRTOS/Source/tasks.c **** 			{
 1356              		.loc 1 1142 6 view .LVU392
 1357 002a A342     		cmp	r3, r4
 1358 002c 15D0     		beq	.L102
1165:Middlewares/Third_Party/FreeRTOS/Source/tasks.c **** 				prvDeleteTCB( pxTCB );
 1359              		.loc 1 1165 5 is_stmt 1 view .LVU393
 1360 002e 1D4A     		ldr	r2, .L104+8
 1361 0030 1368     		ldr	r3, [r2]
 1362 0032 013B     		subs	r3, r3, #1
 1363 0034 1360     		str	r3, [r2]
1166:Middlewares/Third_Party/FreeRTOS/Source/tasks.c **** 
 1364              		.loc 1 1166 5 view .LVU394
 1365 0036 2046     		mov	r0, r4
 1366 0038 FFF7FEFF 		bl	prvDeleteTCB
 1367              	.LVL102:
1170:Middlewares/Third_Party/FreeRTOS/Source/tasks.c **** 			}
 1368              		.loc 1 1170 5 view .LVU395
 1369 003c FFF7FEFF 		bl	prvResetNextTaskUnblockTime
 1370              	.LVL103:
 1371              	.L96:
1173:Middlewares/Third_Party/FreeRTOS/Source/tasks.c **** 		}
 1372              		.loc 1 1173 29 view .LVU396
1175:Middlewares/Third_Party/FreeRTOS/Source/tasks.c **** 
 1373              		.loc 1 1175 3 view .LVU397
 1374 0040 FFF7FEFF 		bl	vPortExitCritical
 1375              	.LVL104:
1179:Middlewares/Third_Party/FreeRTOS/Source/tasks.c **** 		{
 1376              		.loc 1 1179 3 view .LVU398
1179:Middlewares/Third_Party/FreeRTOS/Source/tasks.c **** 		{
 1377              		.loc 1 1179 25 is_stmt 0 view .LVU399
 1378 0044 184B     		ldr	r3, .L104+12
 1379 0046 1B68     		ldr	r3, [r3]
1179:Middlewares/Third_Party/FreeRTOS/Source/tasks.c **** 		{
 1380              		.loc 1 1179 5 view .LVU400
 1381 0048 1BB1     		cbz	r3, .L92
1181:Middlewares/Third_Party/FreeRTOS/Source/tasks.c **** 			{
 1382              		.loc 1 1181 4 is_stmt 1 view .LVU401
1181:Middlewares/Third_Party/FreeRTOS/Source/tasks.c **** 			{
 1383              		.loc 1 1181 14 is_stmt 0 view .LVU402
 1384 004a 154B     		ldr	r3, .L104+4
 1385 004c 1B68     		ldr	r3, [r3]
ARM GAS  /tmp/ccshf83P.s 			page 122


1181:Middlewares/Third_Party/FreeRTOS/Source/tasks.c **** 			{
 1386              		.loc 1 1181 6 view .LVU403
 1387 004e A342     		cmp	r3, r4
 1388 0050 0CD0     		beq	.L103
 1389              	.L92:
1191:Middlewares/Third_Party/FreeRTOS/Source/tasks.c **** 
 1390              		.loc 1 1191 2 view .LVU404
 1391 0052 38BD     		pop	{r3, r4, r5, pc}
 1392              	.LVL105:
 1393              	.L101:
1114:Middlewares/Third_Party/FreeRTOS/Source/tasks.c **** 
 1394              		.loc 1 1114 12 discriminator 1 view .LVU405
 1395 0054 124B     		ldr	r3, .L104+4
 1396 0056 1C68     		ldr	r4, [r3]
 1397              	.LVL106:
1114:Middlewares/Third_Party/FreeRTOS/Source/tasks.c **** 
 1398              		.loc 1 1114 12 discriminator 1 view .LVU406
 1399 0058 D7E7     		b	.L93
 1400              	.LVL107:
 1401              	.L102:
1149:Middlewares/Third_Party/FreeRTOS/Source/tasks.c **** 
 1402              		.loc 1 1149 5 is_stmt 1 view .LVU407
 1403 005a 2946     		mov	r1, r5
 1404 005c 1348     		ldr	r0, .L104+16
 1405 005e FFF7FEFF 		bl	vListInsertEnd
 1406              	.LVL108:
1154:Middlewares/Third_Party/FreeRTOS/Source/tasks.c **** 
 1407              		.loc 1 1154 5 view .LVU408
 1408 0062 134A     		ldr	r2, .L104+20
 1409 0064 1368     		ldr	r3, [r2]
 1410 0066 0133     		adds	r3, r3, #1
 1411 0068 1360     		str	r3, [r2]
1161:Middlewares/Third_Party/FreeRTOS/Source/tasks.c **** 			}
 1412              		.loc 1 1161 54 view .LVU409
 1413 006a E9E7     		b	.L96
 1414              	.L103:
1183:Middlewares/Third_Party/FreeRTOS/Source/tasks.c **** 				portYIELD_WITHIN_API();
 1415              		.loc 1 1183 5 view .LVU410
 1416 006c 114B     		ldr	r3, .L104+24
 1417 006e 1B68     		ldr	r3, [r3]
 1418 0070 43B1     		cbz	r3, .L98
1183:Middlewares/Third_Party/FreeRTOS/Source/tasks.c **** 				portYIELD_WITHIN_API();
 1419              		.loc 1 1183 5 discriminator 1 view .LVU411
 1420              	.LBB129:
 1421              	.LBI129:
 191:Middlewares/Third_Party/FreeRTOS/Source/portable/GCC/ARM_CM3/portmacro.h **** {
 1422              		.loc 2 191 30 view .LVU412
 1423              	.LBB130:
 193:Middlewares/Third_Party/FreeRTOS/Source/portable/GCC/ARM_CM3/portmacro.h **** 
 1424              		.loc 2 193 1 view .LVU413
 1425              		.loc 2 195 2 view .LVU414
 1426              		.syntax unified
 1427              	@ 195 "Middlewares/Third_Party/FreeRTOS/Source/portable/GCC/ARM_CM3/portmacro.h" 1
 1428 0072 4FF05003 			mov r3, #80												
 1429 0076 83F31188 		msr basepri, r3											
 1430 007a BFF36F8F 		isb														
 1431 007e BFF34F8F 		dsb														
ARM GAS  /tmp/ccshf83P.s 			page 123


 1432              	
 1433              	@ 0 "" 2
 1434              		.thumb
 1435              		.syntax unified
 1436              	.L99:
 1437              	.LBE130:
 1438              	.LBE129:
1183:Middlewares/Third_Party/FreeRTOS/Source/tasks.c **** 				portYIELD_WITHIN_API();
 1439              		.loc 1 1183 5 discriminator 3 view .LVU415
1183:Middlewares/Third_Party/FreeRTOS/Source/tasks.c **** 				portYIELD_WITHIN_API();
 1440              		.loc 1 1183 5 discriminator 3 view .LVU416
 1441 0082 FEE7     		b	.L99
 1442              	.L98:
1183:Middlewares/Third_Party/FreeRTOS/Source/tasks.c **** 				portYIELD_WITHIN_API();
 1443              		.loc 1 1183 46 discriminator 2 view .LVU417
1184:Middlewares/Third_Party/FreeRTOS/Source/tasks.c **** 			}
 1444              		.loc 1 1184 5 view .LVU418
 1445 0084 4FF0E023 		mov	r3, #-536813568
 1446 0088 4FF08052 		mov	r2, #268435456
 1447 008c C3F8042D 		str	r2, [r3, #3332]
1184:Middlewares/Third_Party/FreeRTOS/Source/tasks.c **** 			}
 1448              		.loc 1 1184 5 view .LVU419
 1449              		.syntax unified
 1450              	@ 1184 "Middlewares/Third_Party/FreeRTOS/Source/tasks.c" 1
 1451 0090 BFF34F8F 		dsb
 1452              	@ 0 "" 2
1184:Middlewares/Third_Party/FreeRTOS/Source/tasks.c **** 			}
 1453              		.loc 1 1184 5 view .LVU420
 1454              	@ 1184 "Middlewares/Third_Party/FreeRTOS/Source/tasks.c" 1
 1455 0094 BFF36F8F 		isb
 1456              	@ 0 "" 2
1184:Middlewares/Third_Party/FreeRTOS/Source/tasks.c **** 			}
 1457              		.loc 1 1184 27 view .LVU421
1188:Middlewares/Third_Party/FreeRTOS/Source/tasks.c **** 			}
 1458              		.loc 1 1188 29 view .LVU422
1191:Middlewares/Third_Party/FreeRTOS/Source/tasks.c **** 
 1459              		.loc 1 1191 2 is_stmt 0 view .LVU423
 1460              		.thumb
 1461              		.syntax unified
 1462 0098 DBE7     		b	.L92
 1463              	.L105:
 1464 009a 00BF     		.align	2
 1465              	.L104:
 1466 009c 00000000 		.word	uxTaskNumber
 1467 00a0 00000000 		.word	pxCurrentTCB
 1468 00a4 00000000 		.word	uxCurrentNumberOfTasks
 1469 00a8 00000000 		.word	xSchedulerRunning
 1470 00ac 00000000 		.word	xTasksWaitingTermination
 1471 00b0 00000000 		.word	uxDeletedTasksWaitingCleanUp
 1472 00b4 00000000 		.word	uxSchedulerSuspended
 1473              		.cfi_endproc
 1474              	.LFE8:
 1476              		.section	.text.eTaskGetState,"ax",%progbits
 1477              		.align	1
 1478              		.global	eTaskGetState
 1479              		.syntax unified
 1480              		.thumb
ARM GAS  /tmp/ccshf83P.s 			page 124


 1481              		.thumb_func
 1483              	eTaskGetState:
 1484              	.LVL109:
 1485              	.LFB11:
1328:Middlewares/Third_Party/FreeRTOS/Source/tasks.c **** 	eTaskState eReturn;
 1486              		.loc 1 1328 2 is_stmt 1 view -0
 1487              		.cfi_startproc
 1488              		@ args = 0, pretend = 0, frame = 0
 1489              		@ frame_needed = 0, uses_anonymous_args = 0
1328:Middlewares/Third_Party/FreeRTOS/Source/tasks.c **** 	eTaskState eReturn;
 1490              		.loc 1 1328 2 is_stmt 0 view .LVU425
 1491 0000 38B5     		push	{r3, r4, r5, lr}
 1492              		.cfi_def_cfa_offset 16
 1493              		.cfi_offset 3, -16
 1494              		.cfi_offset 4, -12
 1495              		.cfi_offset 5, -8
 1496              		.cfi_offset 14, -4
1329:Middlewares/Third_Party/FreeRTOS/Source/tasks.c **** 	List_t *pxStateList;
 1497              		.loc 1 1329 2 is_stmt 1 view .LVU426
1330:Middlewares/Third_Party/FreeRTOS/Source/tasks.c **** 	const TCB_t * const pxTCB = ( TCB_t * ) xTask;
 1498              		.loc 1 1330 2 view .LVU427
1331:Middlewares/Third_Party/FreeRTOS/Source/tasks.c **** 
 1499              		.loc 1 1331 2 view .LVU428
 1500              	.LVL110:
1333:Middlewares/Third_Party/FreeRTOS/Source/tasks.c **** 
 1501              		.loc 1 1333 3 view .LVU429
 1502 0002 D0B1     		cbz	r0, .L118
 1503 0004 0446     		mov	r4, r0
1333:Middlewares/Third_Party/FreeRTOS/Source/tasks.c **** 
 1504              		.loc 1 1333 24 discriminator 2 view .LVU430
1335:Middlewares/Third_Party/FreeRTOS/Source/tasks.c **** 		{
 1505              		.loc 1 1335 3 view .LVU431
1335:Middlewares/Third_Party/FreeRTOS/Source/tasks.c **** 		{
 1506              		.loc 1 1335 13 is_stmt 0 view .LVU432
 1507 0006 194B     		ldr	r3, .L122
 1508 0008 1B68     		ldr	r3, [r3]
1335:Middlewares/Third_Party/FreeRTOS/Source/tasks.c **** 		{
 1509              		.loc 1 1335 5 view .LVU433
 1510 000a 8342     		cmp	r3, r0
 1511 000c 26D0     		beq	.L111
1342:Middlewares/Third_Party/FreeRTOS/Source/tasks.c **** 			{
 1512              		.loc 1 1342 4 is_stmt 1 view .LVU434
 1513 000e FFF7FEFF 		bl	vPortEnterCritical
 1514              	.LVL111:
1344:Middlewares/Third_Party/FreeRTOS/Source/tasks.c **** 			}
 1515              		.loc 1 1344 5 view .LVU435
1344:Middlewares/Third_Party/FreeRTOS/Source/tasks.c **** 			}
 1516              		.loc 1 1344 17 is_stmt 0 view .LVU436
 1517 0012 6569     		ldr	r5, [r4, #20]
 1518              	.LVL112:
1346:Middlewares/Third_Party/FreeRTOS/Source/tasks.c **** 
 1519              		.loc 1 1346 4 is_stmt 1 view .LVU437
 1520 0014 FFF7FEFF 		bl	vPortExitCritical
 1521              	.LVL113:
1348:Middlewares/Third_Party/FreeRTOS/Source/tasks.c **** 			{
 1522              		.loc 1 1348 4 view .LVU438
1348:Middlewares/Third_Party/FreeRTOS/Source/tasks.c **** 			{
ARM GAS  /tmp/ccshf83P.s 			page 125


 1523              		.loc 1 1348 22 is_stmt 0 view .LVU439
 1524 0018 154B     		ldr	r3, .L122+4
 1525 001a 1B68     		ldr	r3, [r3]
1348:Middlewares/Third_Party/FreeRTOS/Source/tasks.c **** 			{
 1526              		.loc 1 1348 6 view .LVU440
 1527 001c AB42     		cmp	r3, r5
 1528 001e 1FD0     		beq	.L112
1348:Middlewares/Third_Party/FreeRTOS/Source/tasks.c **** 			{
 1529              		.loc 1 1348 62 discriminator 1 view .LVU441
 1530 0020 144B     		ldr	r3, .L122+8
 1531 0022 1B68     		ldr	r3, [r3]
1348:Middlewares/Third_Party/FreeRTOS/Source/tasks.c **** 			{
 1532              		.loc 1 1348 45 discriminator 1 view .LVU442
 1533 0024 AB42     		cmp	r3, r5
 1534 0026 1DD0     		beq	.L113
1356:Middlewares/Third_Party/FreeRTOS/Source/tasks.c **** 				{
 1535              		.loc 1 1356 10 is_stmt 1 view .LVU443
1356:Middlewares/Third_Party/FreeRTOS/Source/tasks.c **** 				{
 1536              		.loc 1 1356 12 is_stmt 0 view .LVU444
 1537 0028 134B     		ldr	r3, .L122+12
 1538 002a 9D42     		cmp	r5, r3
 1539 002c 0ED0     		beq	.L119
1373:Middlewares/Third_Party/FreeRTOS/Source/tasks.c **** 				{
 1540              		.loc 1 1373 10 is_stmt 1 view .LVU445
1373:Middlewares/Third_Party/FreeRTOS/Source/tasks.c **** 				{
 1541              		.loc 1 1373 12 is_stmt 0 view .LVU446
 1542 002e 134B     		ldr	r3, .L122+16
 1543 0030 9D42     		cmp	r5, r3
 1544 0032 19D0     		beq	.L115
1373:Middlewares/Third_Party/FreeRTOS/Source/tasks.c **** 				{
 1545              		.loc 1 1373 59 discriminator 1 view .LVU447
 1546 0034 85B1     		cbz	r5, .L120
1386:Middlewares/Third_Party/FreeRTOS/Source/tasks.c **** 			}
 1547              		.loc 1 1386 13 view .LVU448
 1548 0036 0120     		movs	r0, #1
 1549 0038 11E0     		b	.L109
 1550              	.LVL114:
 1551              	.L118:
1333:Middlewares/Third_Party/FreeRTOS/Source/tasks.c **** 
 1552              		.loc 1 1333 3 is_stmt 1 discriminator 1 view .LVU449
 1553              	.LBB131:
 1554              	.LBI131:
 191:Middlewares/Third_Party/FreeRTOS/Source/portable/GCC/ARM_CM3/portmacro.h **** {
 1555              		.loc 2 191 30 view .LVU450
 1556              	.LBB132:
 193:Middlewares/Third_Party/FreeRTOS/Source/portable/GCC/ARM_CM3/portmacro.h **** 
 1557              		.loc 2 193 1 view .LVU451
 1558              		.loc 2 195 2 view .LVU452
 1559              		.syntax unified
 1560              	@ 195 "Middlewares/Third_Party/FreeRTOS/Source/portable/GCC/ARM_CM3/portmacro.h" 1
 1561 003a 4FF05003 			mov r3, #80												
 1562 003e 83F31188 		msr basepri, r3											
 1563 0042 BFF36F8F 		isb														
 1564 0046 BFF34F8F 		dsb														
 1565              	
 1566              	@ 0 "" 2
 1567              		.thumb
ARM GAS  /tmp/ccshf83P.s 			page 126


 1568              		.syntax unified
 1569              	.L108:
 1570              	.LBE132:
 1571              	.LBE131:
1333:Middlewares/Third_Party/FreeRTOS/Source/tasks.c **** 
 1572              		.loc 1 1333 3 discriminator 3 view .LVU453
1333:Middlewares/Third_Party/FreeRTOS/Source/tasks.c **** 
 1573              		.loc 1 1333 3 discriminator 3 view .LVU454
 1574 004a FEE7     		b	.L108
 1575              	.LVL115:
 1576              	.L119:
1361:Middlewares/Third_Party/FreeRTOS/Source/tasks.c **** 					{
 1577              		.loc 1 1361 6 view .LVU455
1361:Middlewares/Third_Party/FreeRTOS/Source/tasks.c **** 					{
 1578              		.loc 1 1361 10 is_stmt 0 view .LVU456
 1579 004c A36A     		ldr	r3, [r4, #40]
1361:Middlewares/Third_Party/FreeRTOS/Source/tasks.c **** 					{
 1580              		.loc 1 1361 8 view .LVU457
 1581 004e 0BB1     		cbz	r3, .L121
1367:Middlewares/Third_Party/FreeRTOS/Source/tasks.c **** 					}
 1582              		.loc 1 1367 15 view .LVU458
 1583 0050 0220     		movs	r0, #2
 1584 0052 04E0     		b	.L109
 1585              	.L121:
1363:Middlewares/Third_Party/FreeRTOS/Source/tasks.c **** 					}
 1586              		.loc 1 1363 15 view .LVU459
 1587 0054 0320     		movs	r0, #3
 1588 0056 02E0     		b	.L109
 1589              	.L120:
1378:Middlewares/Third_Party/FreeRTOS/Source/tasks.c **** 				}
 1590              		.loc 1 1378 14 view .LVU460
 1591 0058 0420     		movs	r0, #4
 1592 005a 00E0     		b	.L109
 1593              	.LVL116:
 1594              	.L111:
1338:Middlewares/Third_Party/FreeRTOS/Source/tasks.c **** 		}
 1595              		.loc 1 1338 12 view .LVU461
 1596 005c 0020     		movs	r0, #0
 1597              	.LVL117:
 1598              	.L109:
1390:Middlewares/Third_Party/FreeRTOS/Source/tasks.c **** 	} /*lint !e818 xTask cannot be a pointer to const because it is a typedef. */
 1599              		.loc 1 1390 3 is_stmt 1 view .LVU462
1391:Middlewares/Third_Party/FreeRTOS/Source/tasks.c **** 
 1600              		.loc 1 1391 2 is_stmt 0 view .LVU463
 1601 005e 38BD     		pop	{r3, r4, r5, pc}
 1602              	.LVL118:
 1603              	.L112:
1352:Middlewares/Third_Party/FreeRTOS/Source/tasks.c **** 			}
 1604              		.loc 1 1352 13 view .LVU464
 1605 0060 0220     		movs	r0, #2
 1606 0062 FCE7     		b	.L109
 1607              	.L113:
 1608 0064 0220     		movs	r0, #2
 1609 0066 FAE7     		b	.L109
 1610              	.L115:
1378:Middlewares/Third_Party/FreeRTOS/Source/tasks.c **** 				}
 1611              		.loc 1 1378 14 view .LVU465
ARM GAS  /tmp/ccshf83P.s 			page 127


 1612 0068 0420     		movs	r0, #4
 1613 006a F8E7     		b	.L109
 1614              	.L123:
 1615              		.align	2
 1616              	.L122:
 1617 006c 00000000 		.word	pxCurrentTCB
 1618 0070 00000000 		.word	pxDelayedTaskList
 1619 0074 00000000 		.word	pxOverflowDelayedTaskList
 1620 0078 00000000 		.word	xSuspendedTaskList
 1621 007c 00000000 		.word	xTasksWaitingTermination
 1622              		.cfi_endproc
 1623              	.LFE11:
 1625              		.section	.text.uxTaskPriorityGet,"ax",%progbits
 1626              		.align	1
 1627              		.global	uxTaskPriorityGet
 1628              		.syntax unified
 1629              		.thumb
 1630              		.thumb_func
 1632              	uxTaskPriorityGet:
 1633              	.LVL119:
 1634              	.LFB12:
1399:Middlewares/Third_Party/FreeRTOS/Source/tasks.c **** 	TCB_t *pxTCB;
 1635              		.loc 1 1399 2 is_stmt 1 view -0
 1636              		.cfi_startproc
 1637              		@ args = 0, pretend = 0, frame = 0
 1638              		@ frame_needed = 0, uses_anonymous_args = 0
1399:Middlewares/Third_Party/FreeRTOS/Source/tasks.c **** 	TCB_t *pxTCB;
 1639              		.loc 1 1399 2 is_stmt 0 view .LVU467
 1640 0000 10B5     		push	{r4, lr}
 1641              		.cfi_def_cfa_offset 8
 1642              		.cfi_offset 4, -8
 1643              		.cfi_offset 14, -4
 1644 0002 0446     		mov	r4, r0
1400:Middlewares/Third_Party/FreeRTOS/Source/tasks.c **** 	UBaseType_t uxReturn;
 1645              		.loc 1 1400 2 is_stmt 1 view .LVU468
1401:Middlewares/Third_Party/FreeRTOS/Source/tasks.c **** 
 1646              		.loc 1 1401 2 view .LVU469
1403:Middlewares/Third_Party/FreeRTOS/Source/tasks.c **** 		{
 1647              		.loc 1 1403 3 view .LVU470
 1648 0004 FFF7FEFF 		bl	vPortEnterCritical
 1649              	.LVL120:
1407:Middlewares/Third_Party/FreeRTOS/Source/tasks.c **** 			uxReturn = pxTCB->uxPriority;
 1650              		.loc 1 1407 4 view .LVU471
1407:Middlewares/Third_Party/FreeRTOS/Source/tasks.c **** 			uxReturn = pxTCB->uxPriority;
 1651              		.loc 1 1407 12 is_stmt 0 view .LVU472
 1652 0008 24B1     		cbz	r4, .L127
 1653              	.LVL121:
 1654              	.L125:
1408:Middlewares/Third_Party/FreeRTOS/Source/tasks.c **** 		}
 1655              		.loc 1 1408 4 is_stmt 1 view .LVU473
1408:Middlewares/Third_Party/FreeRTOS/Source/tasks.c **** 		}
 1656              		.loc 1 1408 13 is_stmt 0 view .LVU474
 1657 000a E46A     		ldr	r4, [r4, #44]
 1658              	.LVL122:
1410:Middlewares/Third_Party/FreeRTOS/Source/tasks.c **** 
 1659              		.loc 1 1410 3 is_stmt 1 view .LVU475
 1660 000c FFF7FEFF 		bl	vPortExitCritical
ARM GAS  /tmp/ccshf83P.s 			page 128


 1661              	.LVL123:
1412:Middlewares/Third_Party/FreeRTOS/Source/tasks.c **** 	}
 1662              		.loc 1 1412 3 view .LVU476
1413:Middlewares/Third_Party/FreeRTOS/Source/tasks.c **** 
 1663              		.loc 1 1413 2 is_stmt 0 view .LVU477
 1664 0010 2046     		mov	r0, r4
 1665 0012 10BD     		pop	{r4, pc}
 1666              	.LVL124:
 1667              	.L127:
1407:Middlewares/Third_Party/FreeRTOS/Source/tasks.c **** 			uxReturn = pxTCB->uxPriority;
 1668              		.loc 1 1407 12 discriminator 1 view .LVU478
 1669 0014 014B     		ldr	r3, .L128
 1670 0016 1C68     		ldr	r4, [r3]
 1671              	.LVL125:
1407:Middlewares/Third_Party/FreeRTOS/Source/tasks.c **** 			uxReturn = pxTCB->uxPriority;
 1672              		.loc 1 1407 12 discriminator 1 view .LVU479
 1673 0018 F7E7     		b	.L125
 1674              	.L129:
 1675 001a 00BF     		.align	2
 1676              	.L128:
 1677 001c 00000000 		.word	pxCurrentTCB
 1678              		.cfi_endproc
 1679              	.LFE12:
 1681              		.section	.text.uxTaskPriorityGetFromISR,"ax",%progbits
 1682              		.align	1
 1683              		.global	uxTaskPriorityGetFromISR
 1684              		.syntax unified
 1685              		.thumb
 1686              		.thumb_func
 1688              	uxTaskPriorityGetFromISR:
 1689              	.LVL126:
 1690              	.LFB13:
1421:Middlewares/Third_Party/FreeRTOS/Source/tasks.c **** 	TCB_t *pxTCB;
 1691              		.loc 1 1421 2 is_stmt 1 view -0
 1692              		.cfi_startproc
 1693              		@ args = 0, pretend = 0, frame = 0
 1694              		@ frame_needed = 0, uses_anonymous_args = 0
1421:Middlewares/Third_Party/FreeRTOS/Source/tasks.c **** 	TCB_t *pxTCB;
 1695              		.loc 1 1421 2 is_stmt 0 view .LVU481
 1696 0000 10B5     		push	{r4, lr}
 1697              		.cfi_def_cfa_offset 8
 1698              		.cfi_offset 4, -8
 1699              		.cfi_offset 14, -4
 1700 0002 0446     		mov	r4, r0
1422:Middlewares/Third_Party/FreeRTOS/Source/tasks.c **** 	UBaseType_t uxReturn, uxSavedInterruptState;
 1701              		.loc 1 1422 2 is_stmt 1 view .LVU482
1423:Middlewares/Third_Party/FreeRTOS/Source/tasks.c **** 
 1702              		.loc 1 1423 2 view .LVU483
1441:Middlewares/Third_Party/FreeRTOS/Source/tasks.c **** 
 1703              		.loc 1 1441 3 view .LVU484
 1704 0004 FFF7FEFF 		bl	vPortValidateInterruptPriority
 1705              	.LVL127:
1443:Middlewares/Third_Party/FreeRTOS/Source/tasks.c **** 		{
 1706              		.loc 1 1443 3 view .LVU485
 1707              	.LBB133:
 1708              	.LBI133:
 196:Middlewares/Third_Party/FreeRTOS/Source/portable/GCC/ARM_CM3/portmacro.h **** 	(
ARM GAS  /tmp/ccshf83P.s 			page 129


 197:Middlewares/Third_Party/FreeRTOS/Source/portable/GCC/ARM_CM3/portmacro.h **** 		"	mov %0, %1												\n" \
 198:Middlewares/Third_Party/FreeRTOS/Source/portable/GCC/ARM_CM3/portmacro.h **** 		"	msr basepri, %0											\n" \
 199:Middlewares/Third_Party/FreeRTOS/Source/portable/GCC/ARM_CM3/portmacro.h **** 		"	isb														\n" \
 200:Middlewares/Third_Party/FreeRTOS/Source/portable/GCC/ARM_CM3/portmacro.h **** 		"	dsb														\n" \
 201:Middlewares/Third_Party/FreeRTOS/Source/portable/GCC/ARM_CM3/portmacro.h **** 		:"=r" (ulNewBASEPRI) : "i" ( configMAX_SYSCALL_INTERRUPT_PRIORITY ) : "memory"
 202:Middlewares/Third_Party/FreeRTOS/Source/portable/GCC/ARM_CM3/portmacro.h **** 	);
 203:Middlewares/Third_Party/FreeRTOS/Source/portable/GCC/ARM_CM3/portmacro.h **** }
 204:Middlewares/Third_Party/FreeRTOS/Source/portable/GCC/ARM_CM3/portmacro.h **** 
 205:Middlewares/Third_Party/FreeRTOS/Source/portable/GCC/ARM_CM3/portmacro.h **** /*-----------------------------------------------------------*/
 206:Middlewares/Third_Party/FreeRTOS/Source/portable/GCC/ARM_CM3/portmacro.h **** 
 207:Middlewares/Third_Party/FreeRTOS/Source/portable/GCC/ARM_CM3/portmacro.h **** portFORCE_INLINE static uint32_t ulPortRaiseBASEPRI( void )
 1709              		.loc 2 207 34 view .LVU486
 1710              	.LBB134:
 208:Middlewares/Third_Party/FreeRTOS/Source/portable/GCC/ARM_CM3/portmacro.h **** {
 209:Middlewares/Third_Party/FreeRTOS/Source/portable/GCC/ARM_CM3/portmacro.h **** uint32_t ulOriginalBASEPRI, ulNewBASEPRI;
 1711              		.loc 2 209 1 view .LVU487
 210:Middlewares/Third_Party/FreeRTOS/Source/portable/GCC/ARM_CM3/portmacro.h **** 
 211:Middlewares/Third_Party/FreeRTOS/Source/portable/GCC/ARM_CM3/portmacro.h **** 	__asm volatile
 1712              		.loc 2 211 2 view .LVU488
 1713              		.syntax unified
 1714              	@ 211 "Middlewares/Third_Party/FreeRTOS/Source/portable/GCC/ARM_CM3/portmacro.h" 1
 1715 0008 EFF31183 			mrs r3, basepri											
 1716 000c 4FF05002 		mov r2, #80												
 1717 0010 82F31188 		msr basepri, r2											
 1718 0014 BFF36F8F 		isb														
 1719 0018 BFF34F8F 		dsb														
 1720              	
 1721              	@ 0 "" 2
 1722              	.LVL128:
 212:Middlewares/Third_Party/FreeRTOS/Source/portable/GCC/ARM_CM3/portmacro.h **** 	(
 213:Middlewares/Third_Party/FreeRTOS/Source/portable/GCC/ARM_CM3/portmacro.h **** 		"	mrs %0, basepri											\n" \
 214:Middlewares/Third_Party/FreeRTOS/Source/portable/GCC/ARM_CM3/portmacro.h **** 		"	mov %1, %2												\n" \
 215:Middlewares/Third_Party/FreeRTOS/Source/portable/GCC/ARM_CM3/portmacro.h **** 		"	msr basepri, %1											\n" \
 216:Middlewares/Third_Party/FreeRTOS/Source/portable/GCC/ARM_CM3/portmacro.h **** 		"	isb														\n" \
 217:Middlewares/Third_Party/FreeRTOS/Source/portable/GCC/ARM_CM3/portmacro.h **** 		"	dsb														\n" \
 218:Middlewares/Third_Party/FreeRTOS/Source/portable/GCC/ARM_CM3/portmacro.h **** 		:"=r" (ulOriginalBASEPRI), "=r" (ulNewBASEPRI) : "i" ( configMAX_SYSCALL_INTERRUPT_PRIORITY ) : "
 219:Middlewares/Third_Party/FreeRTOS/Source/portable/GCC/ARM_CM3/portmacro.h **** 	);
 220:Middlewares/Third_Party/FreeRTOS/Source/portable/GCC/ARM_CM3/portmacro.h **** 
 221:Middlewares/Third_Party/FreeRTOS/Source/portable/GCC/ARM_CM3/portmacro.h **** 	/* This return will not be reached but is necessary to prevent compiler
 222:Middlewares/Third_Party/FreeRTOS/Source/portable/GCC/ARM_CM3/portmacro.h **** 	warnings. */
 223:Middlewares/Third_Party/FreeRTOS/Source/portable/GCC/ARM_CM3/portmacro.h **** 	return ulOriginalBASEPRI;
 1723              		.loc 2 223 2 view .LVU489
 1724              		.loc 2 223 2 is_stmt 0 view .LVU490
 1725              		.thumb
 1726              		.syntax unified
 1727              	.LBE134:
 1728              	.LBE133:
1447:Middlewares/Third_Party/FreeRTOS/Source/tasks.c **** 			uxReturn = pxTCB->uxPriority;
 1729              		.loc 1 1447 4 is_stmt 1 view .LVU491
1447:Middlewares/Third_Party/FreeRTOS/Source/tasks.c **** 			uxReturn = pxTCB->uxPriority;
 1730              		.loc 1 1447 12 is_stmt 0 view .LVU492
 1731 001c 1CB1     		cbz	r4, .L133
 1732              	.LVL129:
 1733              	.L131:
1448:Middlewares/Third_Party/FreeRTOS/Source/tasks.c **** 		}
 1734              		.loc 1 1448 4 is_stmt 1 view .LVU493
1448:Middlewares/Third_Party/FreeRTOS/Source/tasks.c **** 		}
ARM GAS  /tmp/ccshf83P.s 			page 130


 1735              		.loc 1 1448 13 is_stmt 0 view .LVU494
 1736 001e E06A     		ldr	r0, [r4, #44]
 1737              	.LVL130:
1450:Middlewares/Third_Party/FreeRTOS/Source/tasks.c **** 
 1738              		.loc 1 1450 3 is_stmt 1 view .LVU495
 1739              	.LBB135:
 1740              	.LBI135:
 224:Middlewares/Third_Party/FreeRTOS/Source/portable/GCC/ARM_CM3/portmacro.h **** }
 225:Middlewares/Third_Party/FreeRTOS/Source/portable/GCC/ARM_CM3/portmacro.h **** /*-----------------------------------------------------------*/
 226:Middlewares/Third_Party/FreeRTOS/Source/portable/GCC/ARM_CM3/portmacro.h **** 
 227:Middlewares/Third_Party/FreeRTOS/Source/portable/GCC/ARM_CM3/portmacro.h **** portFORCE_INLINE static void vPortSetBASEPRI( uint32_t ulNewMaskValue )
 1741              		.loc 2 227 30 view .LVU496
 1742              	.LBB136:
 228:Middlewares/Third_Party/FreeRTOS/Source/portable/GCC/ARM_CM3/portmacro.h **** {
 229:Middlewares/Third_Party/FreeRTOS/Source/portable/GCC/ARM_CM3/portmacro.h **** 	__asm volatile
 1743              		.loc 2 229 2 view .LVU497
 1744              		.syntax unified
 1745              	@ 229 "Middlewares/Third_Party/FreeRTOS/Source/portable/GCC/ARM_CM3/portmacro.h" 1
 1746 0020 83F31188 			msr basepri, r3	
 1747              	@ 0 "" 2
 1748              		.thumb
 1749              		.syntax unified
 1750              	.LBE136:
 1751              	.LBE135:
1452:Middlewares/Third_Party/FreeRTOS/Source/tasks.c **** 	}
 1752              		.loc 1 1452 3 view .LVU498
1453:Middlewares/Third_Party/FreeRTOS/Source/tasks.c **** 
 1753              		.loc 1 1453 2 is_stmt 0 view .LVU499
 1754 0024 10BD     		pop	{r4, pc}
 1755              	.LVL131:
 1756              	.L133:
1447:Middlewares/Third_Party/FreeRTOS/Source/tasks.c **** 			uxReturn = pxTCB->uxPriority;
 1757              		.loc 1 1447 12 discriminator 1 view .LVU500
 1758 0026 014A     		ldr	r2, .L134
 1759 0028 1468     		ldr	r4, [r2]
 1760              	.LVL132:
1447:Middlewares/Third_Party/FreeRTOS/Source/tasks.c **** 			uxReturn = pxTCB->uxPriority;
 1761              		.loc 1 1447 12 discriminator 1 view .LVU501
 1762 002a F8E7     		b	.L131
 1763              	.L135:
 1764              		.align	2
 1765              	.L134:
 1766 002c 00000000 		.word	pxCurrentTCB
 1767              		.cfi_endproc
 1768              	.LFE13:
 1770              		.section	.text.vTaskPrioritySet,"ax",%progbits
 1771              		.align	1
 1772              		.global	vTaskPrioritySet
 1773              		.syntax unified
 1774              		.thumb
 1775              		.thumb_func
 1777              	vTaskPrioritySet:
 1778              	.LVL133:
 1779              	.LFB14:
1461:Middlewares/Third_Party/FreeRTOS/Source/tasks.c **** 	TCB_t *pxTCB;
 1780              		.loc 1 1461 2 is_stmt 1 view -0
 1781              		.cfi_startproc
ARM GAS  /tmp/ccshf83P.s 			page 131


 1782              		@ args = 0, pretend = 0, frame = 0
 1783              		@ frame_needed = 0, uses_anonymous_args = 0
1462:Middlewares/Third_Party/FreeRTOS/Source/tasks.c **** 	UBaseType_t uxCurrentBasePriority, uxPriorityUsedOnEntry;
 1784              		.loc 1 1462 2 view .LVU503
1463:Middlewares/Third_Party/FreeRTOS/Source/tasks.c **** 	BaseType_t xYieldRequired = pdFALSE;
 1785              		.loc 1 1463 2 view .LVU504
1464:Middlewares/Third_Party/FreeRTOS/Source/tasks.c **** 
 1786              		.loc 1 1464 2 view .LVU505
1466:Middlewares/Third_Party/FreeRTOS/Source/tasks.c **** 
 1787              		.loc 1 1466 3 view .LVU506
 1788 0000 3729     		cmp	r1, #55
 1789 0002 08D9     		bls	.L137
1466:Middlewares/Third_Party/FreeRTOS/Source/tasks.c **** 
 1790              		.loc 1 1466 3 discriminator 1 view .LVU507
 1791              	.LBB137:
 1792              	.LBI137:
 191:Middlewares/Third_Party/FreeRTOS/Source/portable/GCC/ARM_CM3/portmacro.h **** {
 1793              		.loc 2 191 30 view .LVU508
 1794              	.LBB138:
 193:Middlewares/Third_Party/FreeRTOS/Source/portable/GCC/ARM_CM3/portmacro.h **** 
 1795              		.loc 2 193 1 view .LVU509
 195:Middlewares/Third_Party/FreeRTOS/Source/portable/GCC/ARM_CM3/portmacro.h **** 	(
 1796              		.loc 2 195 2 view .LVU510
 1797              		.syntax unified
 1798              	@ 195 "Middlewares/Third_Party/FreeRTOS/Source/portable/GCC/ARM_CM3/portmacro.h" 1
 1799 0004 4FF05003 			mov r3, #80												
 1800 0008 83F31188 		msr basepri, r3											
 1801 000c BFF36F8F 		isb														
 1802 0010 BFF34F8F 		dsb														
 1803              	
 1804              	@ 0 "" 2
 1805              		.thumb
 1806              		.syntax unified
 1807              	.L138:
 1808              	.LBE138:
 1809              	.LBE137:
1466:Middlewares/Third_Party/FreeRTOS/Source/tasks.c **** 
 1810              		.loc 1 1466 3 discriminator 3 view .LVU511
1466:Middlewares/Third_Party/FreeRTOS/Source/tasks.c **** 
 1811              		.loc 1 1466 3 discriminator 3 view .LVU512
 1812 0014 FEE7     		b	.L138
 1813              	.L137:
1461:Middlewares/Third_Party/FreeRTOS/Source/tasks.c **** 	TCB_t *pxTCB;
 1814              		.loc 1 1461 2 is_stmt 0 view .LVU513
 1815 0016 70B5     		push	{r4, r5, r6, lr}
 1816              		.cfi_def_cfa_offset 16
 1817              		.cfi_offset 4, -16
 1818              		.cfi_offset 5, -12
 1819              		.cfi_offset 6, -8
 1820              		.cfi_offset 14, -4
 1821 0018 0546     		mov	r5, r0
 1822 001a 0C46     		mov	r4, r1
1466:Middlewares/Third_Party/FreeRTOS/Source/tasks.c **** 
 1823              		.loc 1 1466 59 is_stmt 1 discriminator 2 view .LVU514
1469:Middlewares/Third_Party/FreeRTOS/Source/tasks.c **** 		{
 1824              		.loc 1 1469 3 view .LVU515
 1825              	.LVL134:
ARM GAS  /tmp/ccshf83P.s 			page 132


1475:Middlewares/Third_Party/FreeRTOS/Source/tasks.c **** 		}
 1826              		.loc 1 1475 28 view .LVU516
1478:Middlewares/Third_Party/FreeRTOS/Source/tasks.c **** 		{
 1827              		.loc 1 1478 3 view .LVU517
 1828 001c FFF7FEFF 		bl	vPortEnterCritical
 1829              	.LVL135:
1482:Middlewares/Third_Party/FreeRTOS/Source/tasks.c **** 
 1830              		.loc 1 1482 4 view .LVU518
1482:Middlewares/Third_Party/FreeRTOS/Source/tasks.c **** 
 1831              		.loc 1 1482 12 is_stmt 0 view .LVU519
 1832 0020 75B1     		cbz	r5, .L152
 1833              	.LVL136:
 1834              	.L139:
1484:Middlewares/Third_Party/FreeRTOS/Source/tasks.c **** 
 1835              		.loc 1 1484 50 is_stmt 1 view .LVU520
1488:Middlewares/Third_Party/FreeRTOS/Source/tasks.c **** 			}
 1836              		.loc 1 1488 5 view .LVU521
1488:Middlewares/Third_Party/FreeRTOS/Source/tasks.c **** 			}
 1837              		.loc 1 1488 27 is_stmt 0 view .LVU522
 1838 0022 EA6C     		ldr	r2, [r5, #76]
 1839              	.LVL137:
1496:Middlewares/Third_Party/FreeRTOS/Source/tasks.c **** 			{
 1840              		.loc 1 1496 4 is_stmt 1 view .LVU523
1496:Middlewares/Third_Party/FreeRTOS/Source/tasks.c **** 			{
 1841              		.loc 1 1496 6 is_stmt 0 view .LVU524
 1842 0024 9442     		cmp	r4, r2
 1843 0026 30D0     		beq	.L140
1500:Middlewares/Third_Party/FreeRTOS/Source/tasks.c **** 				{
 1844              		.loc 1 1500 5 is_stmt 1 view .LVU525
1500:Middlewares/Third_Party/FreeRTOS/Source/tasks.c **** 				{
 1845              		.loc 1 1500 7 is_stmt 0 view .LVU526
 1846 0028 0DD9     		bls	.L141
1502:Middlewares/Third_Party/FreeRTOS/Source/tasks.c **** 					{
 1847              		.loc 1 1502 6 is_stmt 1 view .LVU527
1502:Middlewares/Third_Party/FreeRTOS/Source/tasks.c **** 					{
 1848              		.loc 1 1502 16 is_stmt 0 view .LVU528
 1849 002a 274B     		ldr	r3, .L155
 1850 002c 1B68     		ldr	r3, [r3]
1502:Middlewares/Third_Party/FreeRTOS/Source/tasks.c **** 					{
 1851              		.loc 1 1502 8 view .LVU529
 1852 002e AB42     		cmp	r3, r5
 1853 0030 2ED0     		beq	.L147
1507:Middlewares/Third_Party/FreeRTOS/Source/tasks.c **** 						{
 1854              		.loc 1 1507 7 is_stmt 1 view .LVU530
1507:Middlewares/Third_Party/FreeRTOS/Source/tasks.c **** 						{
 1855              		.loc 1 1507 40 is_stmt 0 view .LVU531
 1856 0032 254B     		ldr	r3, .L155
 1857 0034 1B68     		ldr	r3, [r3]
 1858 0036 DB6A     		ldr	r3, [r3, #44]
1507:Middlewares/Third_Party/FreeRTOS/Source/tasks.c **** 						{
 1859              		.loc 1 1507 9 view .LVU532
 1860 0038 A342     		cmp	r3, r4
 1861 003a 2BD9     		bls	.L148
1464:Middlewares/Third_Party/FreeRTOS/Source/tasks.c **** 
 1862              		.loc 1 1464 13 view .LVU533
 1863 003c 0026     		movs	r6, #0
 1864 003e 07E0     		b	.L142
ARM GAS  /tmp/ccshf83P.s 			page 133


 1865              	.LVL138:
 1866              	.L152:
1482:Middlewares/Third_Party/FreeRTOS/Source/tasks.c **** 
 1867              		.loc 1 1482 12 discriminator 1 view .LVU534
 1868 0040 214B     		ldr	r3, .L155
 1869 0042 1D68     		ldr	r5, [r3]
 1870              	.LVL139:
1482:Middlewares/Third_Party/FreeRTOS/Source/tasks.c **** 
 1871              		.loc 1 1482 12 discriminator 1 view .LVU535
 1872 0044 EDE7     		b	.L139
 1873              	.LVL140:
 1874              	.L141:
1523:Middlewares/Third_Party/FreeRTOS/Source/tasks.c **** 				{
 1875              		.loc 1 1523 10 is_stmt 1 view .LVU536
1523:Middlewares/Third_Party/FreeRTOS/Source/tasks.c **** 				{
 1876              		.loc 1 1523 20 is_stmt 0 view .LVU537
 1877 0046 204B     		ldr	r3, .L155
 1878 0048 1B68     		ldr	r3, [r3]
1523:Middlewares/Third_Party/FreeRTOS/Source/tasks.c **** 				{
 1879              		.loc 1 1523 12 view .LVU538
 1880 004a AB42     		cmp	r3, r5
 1881 004c 24D0     		beq	.L149
1464:Middlewares/Third_Party/FreeRTOS/Source/tasks.c **** 
 1882              		.loc 1 1464 13 view .LVU539
 1883 004e 0026     		movs	r6, #0
 1884              	.L142:
 1885              	.LVL141:
1535:Middlewares/Third_Party/FreeRTOS/Source/tasks.c **** 
 1886              		.loc 1 1535 5 is_stmt 1 view .LVU540
1540:Middlewares/Third_Party/FreeRTOS/Source/tasks.c **** 
 1887              		.loc 1 1540 5 view .LVU541
1540:Middlewares/Third_Party/FreeRTOS/Source/tasks.c **** 
 1888              		.loc 1 1540 27 is_stmt 0 view .LVU542
 1889 0050 EB6A     		ldr	r3, [r5, #44]
 1890              	.LVL142:
1546:Middlewares/Third_Party/FreeRTOS/Source/tasks.c **** 					{
 1891              		.loc 1 1546 6 is_stmt 1 view .LVU543
1546:Middlewares/Third_Party/FreeRTOS/Source/tasks.c **** 					{
 1892              		.loc 1 1546 8 is_stmt 0 view .LVU544
 1893 0052 9A42     		cmp	r2, r3
 1894 0054 22D0     		beq	.L153
 1895              	.L143:
1552:Middlewares/Third_Party/FreeRTOS/Source/tasks.c **** 					}
 1896              		.loc 1 1552 31 is_stmt 1 view .LVU545
1556:Middlewares/Third_Party/FreeRTOS/Source/tasks.c **** 				}
 1897              		.loc 1 1556 6 view .LVU546
1556:Middlewares/Third_Party/FreeRTOS/Source/tasks.c **** 				}
 1898              		.loc 1 1556 28 is_stmt 0 view .LVU547
 1899 0056 EC64     		str	r4, [r5, #76]
1566:Middlewares/Third_Party/FreeRTOS/Source/tasks.c **** 				{
 1900              		.loc 1 1566 5 is_stmt 1 view .LVU548
1566:Middlewares/Third_Party/FreeRTOS/Source/tasks.c **** 				{
 1901              		.loc 1 1566 11 is_stmt 0 view .LVU549
 1902 0058 AA69     		ldr	r2, [r5, #24]
 1903              	.LVL143:
1566:Middlewares/Third_Party/FreeRTOS/Source/tasks.c **** 				{
 1904              		.loc 1 1566 7 view .LVU550
ARM GAS  /tmp/ccshf83P.s 			page 134


 1905 005a 002A     		cmp	r2, #0
 1906 005c 02DB     		blt	.L144
1568:Middlewares/Third_Party/FreeRTOS/Source/tasks.c **** 				}
 1907              		.loc 1 1568 6 is_stmt 1 view .LVU551
 1908 005e C4F13804 		rsb	r4, r4, #56
 1909              	.LVL144:
1568:Middlewares/Third_Party/FreeRTOS/Source/tasks.c **** 				}
 1910              		.loc 1 1568 6 is_stmt 0 view .LVU552
 1911 0062 AC61     		str	r4, [r5, #24]
 1912              	.L144:
1572:Middlewares/Third_Party/FreeRTOS/Source/tasks.c **** 				}
 1913              		.loc 1 1572 30 is_stmt 1 view .LVU553
1579:Middlewares/Third_Party/FreeRTOS/Source/tasks.c **** 				{
 1914              		.loc 1 1579 5 view .LVU554
1579:Middlewares/Third_Party/FreeRTOS/Source/tasks.c **** 				{
 1915              		.loc 1 1579 9 is_stmt 0 view .LVU555
 1916 0064 6969     		ldr	r1, [r5, #20]
 1917 0066 03EB8303 		add	r3, r3, r3, lsl #2
 1918              	.LVL145:
1579:Middlewares/Third_Party/FreeRTOS/Source/tasks.c **** 				{
 1919              		.loc 1 1579 9 view .LVU556
 1920 006a 184A     		ldr	r2, .L155+4
 1921 006c 02EB8303 		add	r3, r2, r3, lsl #2
1579:Middlewares/Third_Party/FreeRTOS/Source/tasks.c **** 				{
 1922              		.loc 1 1579 112 view .LVU557
 1923 0070 9942     		cmp	r1, r3
 1924 0072 15D0     		beq	.L154
 1925              	.LVL146:
 1926              	.L145:
1599:Middlewares/Third_Party/FreeRTOS/Source/tasks.c **** 				}
 1927              		.loc 1 1599 30 is_stmt 1 view .LVU558
1602:Middlewares/Third_Party/FreeRTOS/Source/tasks.c **** 				{
 1928              		.loc 1 1602 5 view .LVU559
1602:Middlewares/Third_Party/FreeRTOS/Source/tasks.c **** 				{
 1929              		.loc 1 1602 7 is_stmt 0 view .LVU560
 1930 0074 4EB1     		cbz	r6, .L140
1604:Middlewares/Third_Party/FreeRTOS/Source/tasks.c **** 				}
 1931              		.loc 1 1604 6 is_stmt 1 view .LVU561
 1932 0076 4FF0E023 		mov	r3, #-536813568
 1933 007a 4FF08052 		mov	r2, #268435456
 1934 007e C3F8042D 		str	r2, [r3, #3332]
1604:Middlewares/Third_Party/FreeRTOS/Source/tasks.c **** 				}
 1935              		.loc 1 1604 6 view .LVU562
 1936              		.syntax unified
 1937              	@ 1604 "Middlewares/Third_Party/FreeRTOS/Source/tasks.c" 1
 1938 0082 BFF34F8F 		dsb
 1939              	@ 0 "" 2
1604:Middlewares/Third_Party/FreeRTOS/Source/tasks.c **** 				}
 1940              		.loc 1 1604 6 view .LVU563
 1941              	@ 1604 "Middlewares/Third_Party/FreeRTOS/Source/tasks.c" 1
 1942 0086 BFF36F8F 		isb
 1943              	@ 0 "" 2
1604:Middlewares/Third_Party/FreeRTOS/Source/tasks.c **** 				}
 1944              		.loc 1 1604 37 view .LVU564
 1945              	.LVL147:
 1946              		.thumb
 1947              		.syntax unified
ARM GAS  /tmp/ccshf83P.s 			page 135


 1948              	.L140:
1608:Middlewares/Third_Party/FreeRTOS/Source/tasks.c **** 				}
 1949              		.loc 1 1608 30 view .LVU565
1613:Middlewares/Third_Party/FreeRTOS/Source/tasks.c **** 			}
 1950              		.loc 1 1613 5 view .LVU566
1616:Middlewares/Third_Party/FreeRTOS/Source/tasks.c **** 	}
 1951              		.loc 1 1616 3 view .LVU567
 1952 008a FFF7FEFF 		bl	vPortExitCritical
 1953              	.LVL148:
1617:Middlewares/Third_Party/FreeRTOS/Source/tasks.c **** 
 1954              		.loc 1 1617 2 is_stmt 0 view .LVU568
 1955 008e 70BD     		pop	{r4, r5, r6, pc}
 1956              	.LVL149:
 1957              	.L147:
1464:Middlewares/Third_Party/FreeRTOS/Source/tasks.c **** 
 1958              		.loc 1 1464 13 view .LVU569
 1959 0090 0026     		movs	r6, #0
 1960 0092 DDE7     		b	.L142
 1961              	.L148:
1509:Middlewares/Third_Party/FreeRTOS/Source/tasks.c **** 						}
 1962              		.loc 1 1509 23 view .LVU570
 1963 0094 0126     		movs	r6, #1
 1964 0096 DBE7     		b	.L142
 1965              	.L149:
1528:Middlewares/Third_Party/FreeRTOS/Source/tasks.c **** 				}
 1966              		.loc 1 1528 21 view .LVU571
 1967 0098 0126     		movs	r6, #1
 1968 009a D9E7     		b	.L142
 1969              	.LVL150:
 1970              	.L153:
1548:Middlewares/Third_Party/FreeRTOS/Source/tasks.c **** 					}
 1971              		.loc 1 1548 7 is_stmt 1 view .LVU572
1548:Middlewares/Third_Party/FreeRTOS/Source/tasks.c **** 					}
 1972              		.loc 1 1548 25 is_stmt 0 view .LVU573
 1973 009c EC62     		str	r4, [r5, #44]
 1974 009e DAE7     		b	.L143
 1975              	.LVL151:
 1976              	.L154:
1584:Middlewares/Third_Party/FreeRTOS/Source/tasks.c **** 					{
 1977              		.loc 1 1584 6 is_stmt 1 view .LVU574
1584:Middlewares/Third_Party/FreeRTOS/Source/tasks.c **** 					{
 1978              		.loc 1 1584 10 is_stmt 0 view .LVU575
 1979 00a0 2C1D     		adds	r4, r5, #4
 1980 00a2 2046     		mov	r0, r4
 1981 00a4 FFF7FEFF 		bl	uxListRemove
 1982              	.LVL152:
1589:Middlewares/Third_Party/FreeRTOS/Source/tasks.c **** 					}
 1983              		.loc 1 1589 76 is_stmt 1 view .LVU576
1593:Middlewares/Third_Party/FreeRTOS/Source/tasks.c **** 					}
 1984              		.loc 1 1593 31 view .LVU577
1595:Middlewares/Third_Party/FreeRTOS/Source/tasks.c **** 				}
 1985              		.loc 1 1595 6 view .LVU578
1595:Middlewares/Third_Party/FreeRTOS/Source/tasks.c **** 				}
 1986              		.loc 1 1595 6 view .LVU579
 1987 00a8 E86A     		ldr	r0, [r5, #44]
 1988 00aa 094B     		ldr	r3, .L155+8
 1989 00ac 1B68     		ldr	r3, [r3]
ARM GAS  /tmp/ccshf83P.s 			page 136


 1990 00ae 9842     		cmp	r0, r3
 1991 00b0 01D9     		bls	.L146
1595:Middlewares/Third_Party/FreeRTOS/Source/tasks.c **** 				}
 1992              		.loc 1 1595 6 discriminator 1 view .LVU580
 1993 00b2 074B     		ldr	r3, .L155+8
 1994 00b4 1860     		str	r0, [r3]
 1995              	.L146:
1595:Middlewares/Third_Party/FreeRTOS/Source/tasks.c **** 				}
 1996              		.loc 1 1595 6 discriminator 3 view .LVU581
1595:Middlewares/Third_Party/FreeRTOS/Source/tasks.c **** 				}
 1997              		.loc 1 1595 6 discriminator 3 view .LVU582
 1998 00b6 00EB8000 		add	r0, r0, r0, lsl #2
 1999 00ba 2146     		mov	r1, r4
 2000 00bc 034B     		ldr	r3, .L155+4
 2001 00be 03EB8000 		add	r0, r3, r0, lsl #2
 2002 00c2 FFF7FEFF 		bl	vListInsertEnd
 2003              	.LVL153:
1595:Middlewares/Third_Party/FreeRTOS/Source/tasks.c **** 				}
 2004              		.loc 1 1595 36 discriminator 1 view .LVU583
 2005 00c6 D5E7     		b	.L145
 2006              	.L156:
 2007              		.align	2
 2008              	.L155:
 2009 00c8 00000000 		.word	pxCurrentTCB
 2010 00cc 00000000 		.word	pxReadyTasksLists
 2011 00d0 00000000 		.word	uxTopReadyPriority
 2012              		.cfi_endproc
 2013              	.LFE14:
 2015              		.section	.text.vTaskResume,"ax",%progbits
 2016              		.align	1
 2017              		.global	vTaskResume
 2018              		.syntax unified
 2019              		.thumb
 2020              		.thumb_func
 2022              	vTaskResume:
 2023              	.LVL154:
 2024              	.LFB17:
1772:Middlewares/Third_Party/FreeRTOS/Source/tasks.c **** 	TCB_t * const pxTCB = ( TCB_t * ) xTaskToResume;
 2025              		.loc 1 1772 2 view -0
 2026              		.cfi_startproc
 2027              		@ args = 0, pretend = 0, frame = 0
 2028              		@ frame_needed = 0, uses_anonymous_args = 0
1772:Middlewares/Third_Party/FreeRTOS/Source/tasks.c **** 	TCB_t * const pxTCB = ( TCB_t * ) xTaskToResume;
 2029              		.loc 1 1772 2 is_stmt 0 view .LVU585
 2030 0000 38B5     		push	{r3, r4, r5, lr}
 2031              		.cfi_def_cfa_offset 16
 2032              		.cfi_offset 3, -16
 2033              		.cfi_offset 4, -12
 2034              		.cfi_offset 5, -8
 2035              		.cfi_offset 14, -4
1773:Middlewares/Third_Party/FreeRTOS/Source/tasks.c **** 
 2036              		.loc 1 1773 2 is_stmt 1 view .LVU586
 2037              	.LVL155:
1776:Middlewares/Third_Party/FreeRTOS/Source/tasks.c **** 
 2038              		.loc 1 1776 3 view .LVU587
 2039 0002 68B1     		cbz	r0, .L164
 2040 0004 0446     		mov	r4, r0
ARM GAS  /tmp/ccshf83P.s 			page 137


1776:Middlewares/Third_Party/FreeRTOS/Source/tasks.c **** 
 2041              		.loc 1 1776 32 discriminator 2 view .LVU588
1780:Middlewares/Third_Party/FreeRTOS/Source/tasks.c **** 		{
 2042              		.loc 1 1780 3 view .LVU589
1780:Middlewares/Third_Party/FreeRTOS/Source/tasks.c **** 		{
 2043              		.loc 1 1780 36 is_stmt 0 discriminator 1 view .LVU590
 2044 0006 1D4B     		ldr	r3, .L166
 2045 0008 1B68     		ldr	r3, [r3]
1780:Middlewares/Third_Party/FreeRTOS/Source/tasks.c **** 		{
 2046              		.loc 1 1780 25 discriminator 1 view .LVU591
 2047 000a 8342     		cmp	r3, r0
 2048 000c 07D0     		beq	.L157
1782:Middlewares/Third_Party/FreeRTOS/Source/tasks.c **** 			{
 2049              		.loc 1 1782 4 is_stmt 1 view .LVU592
 2050 000e FFF7FEFF 		bl	vPortEnterCritical
 2051              	.LVL156:
1784:Middlewares/Third_Party/FreeRTOS/Source/tasks.c **** 				{
 2052              		.loc 1 1784 5 view .LVU593
1784:Middlewares/Third_Party/FreeRTOS/Source/tasks.c **** 				{
 2053              		.loc 1 1784 9 is_stmt 0 view .LVU594
 2054 0012 2046     		mov	r0, r4
 2055 0014 FFF7FEFF 		bl	prvTaskIsTaskSuspended
 2056              	.LVL157:
1784:Middlewares/Third_Party/FreeRTOS/Source/tasks.c **** 				{
 2057              		.loc 1 1784 7 discriminator 1 view .LVU595
 2058 0018 58B9     		cbnz	r0, .L165
 2059              	.L161:
1808:Middlewares/Third_Party/FreeRTOS/Source/tasks.c **** 				}
 2060              		.loc 1 1808 30 is_stmt 1 view .LVU596
1811:Middlewares/Third_Party/FreeRTOS/Source/tasks.c **** 		}
 2061              		.loc 1 1811 4 view .LVU597
 2062 001a FFF7FEFF 		bl	vPortExitCritical
 2063              	.LVL158:
1815:Middlewares/Third_Party/FreeRTOS/Source/tasks.c **** 		}
 2064              		.loc 1 1815 28 view .LVU598
 2065              	.L157:
1817:Middlewares/Third_Party/FreeRTOS/Source/tasks.c **** 
 2066              		.loc 1 1817 2 is_stmt 0 view .LVU599
 2067 001e 38BD     		pop	{r3, r4, r5, pc}
 2068              	.LVL159:
 2069              	.L164:
1776:Middlewares/Third_Party/FreeRTOS/Source/tasks.c **** 
 2070              		.loc 1 1776 3 is_stmt 1 discriminator 1 view .LVU600
 2071              	.LBB139:
 2072              	.LBI139:
 191:Middlewares/Third_Party/FreeRTOS/Source/portable/GCC/ARM_CM3/portmacro.h **** {
 2073              		.loc 2 191 30 view .LVU601
 2074              	.LBB140:
 193:Middlewares/Third_Party/FreeRTOS/Source/portable/GCC/ARM_CM3/portmacro.h **** 
 2075              		.loc 2 193 1 view .LVU602
 195:Middlewares/Third_Party/FreeRTOS/Source/portable/GCC/ARM_CM3/portmacro.h **** 	(
 2076              		.loc 2 195 2 view .LVU603
 2077              		.syntax unified
 2078              	@ 195 "Middlewares/Third_Party/FreeRTOS/Source/portable/GCC/ARM_CM3/portmacro.h" 1
 2079 0020 4FF05003 			mov r3, #80												
 2080 0024 83F31188 		msr basepri, r3											
 2081 0028 BFF36F8F 		isb														
ARM GAS  /tmp/ccshf83P.s 			page 138


 2082 002c BFF34F8F 		dsb														
 2083              	
 2084              	@ 0 "" 2
 2085              		.thumb
 2086              		.syntax unified
 2087              	.L159:
 2088              	.LBE140:
 2089              	.LBE139:
1776:Middlewares/Third_Party/FreeRTOS/Source/tasks.c **** 
 2090              		.loc 1 1776 3 discriminator 3 view .LVU604
1776:Middlewares/Third_Party/FreeRTOS/Source/tasks.c **** 
 2091              		.loc 1 1776 3 discriminator 3 view .LVU605
 2092 0030 FEE7     		b	.L159
 2093              	.LVL160:
 2094              	.L165:
1786:Middlewares/Third_Party/FreeRTOS/Source/tasks.c **** 
 2095              		.loc 1 1786 31 view .LVU606
1790:Middlewares/Third_Party/FreeRTOS/Source/tasks.c **** 					prvAddTaskToReadyList( pxTCB );
 2096              		.loc 1 1790 6 view .LVU607
1790:Middlewares/Third_Party/FreeRTOS/Source/tasks.c **** 					prvAddTaskToReadyList( pxTCB );
 2097              		.loc 1 1790 15 is_stmt 0 view .LVU608
 2098 0032 251D     		adds	r5, r4, #4
 2099 0034 2846     		mov	r0, r5
 2100 0036 FFF7FEFF 		bl	uxListRemove
 2101              	.LVL161:
1791:Middlewares/Third_Party/FreeRTOS/Source/tasks.c **** 
 2102              		.loc 1 1791 6 is_stmt 1 view .LVU609
1791:Middlewares/Third_Party/FreeRTOS/Source/tasks.c **** 
 2103              		.loc 1 1791 6 view .LVU610
 2104 003a E06A     		ldr	r0, [r4, #44]
 2105 003c 104B     		ldr	r3, .L166+4
 2106 003e 1B68     		ldr	r3, [r3]
 2107 0040 9842     		cmp	r0, r3
 2108 0042 01D9     		bls	.L162
1791:Middlewares/Third_Party/FreeRTOS/Source/tasks.c **** 
 2109              		.loc 1 1791 6 discriminator 1 view .LVU611
 2110 0044 0E4B     		ldr	r3, .L166+4
 2111 0046 1860     		str	r0, [r3]
 2112              	.L162:
1791:Middlewares/Third_Party/FreeRTOS/Source/tasks.c **** 
 2113              		.loc 1 1791 6 discriminator 3 view .LVU612
1791:Middlewares/Third_Party/FreeRTOS/Source/tasks.c **** 
 2114              		.loc 1 1791 6 discriminator 3 view .LVU613
 2115 0048 00EB8000 		add	r0, r0, r0, lsl #2
 2116 004c 2946     		mov	r1, r5
 2117 004e 0D4B     		ldr	r3, .L166+8
 2118 0050 03EB8000 		add	r0, r3, r0, lsl #2
 2119 0054 FFF7FEFF 		bl	vListInsertEnd
 2120              	.LVL162:
1791:Middlewares/Third_Party/FreeRTOS/Source/tasks.c **** 
 2121              		.loc 1 1791 36 discriminator 1 view .LVU614
1794:Middlewares/Third_Party/FreeRTOS/Source/tasks.c **** 					{
 2122              		.loc 1 1794 6 view .LVU615
1794:Middlewares/Third_Party/FreeRTOS/Source/tasks.c **** 					{
 2123              		.loc 1 1794 15 is_stmt 0 view .LVU616
 2124 0058 E26A     		ldr	r2, [r4, #44]
1794:Middlewares/Third_Party/FreeRTOS/Source/tasks.c **** 					{
ARM GAS  /tmp/ccshf83P.s 			page 139


 2125              		.loc 1 1794 43 view .LVU617
 2126 005a 084B     		ldr	r3, .L166
 2127 005c 1B68     		ldr	r3, [r3]
 2128 005e DB6A     		ldr	r3, [r3, #44]
1794:Middlewares/Third_Party/FreeRTOS/Source/tasks.c **** 					{
 2129              		.loc 1 1794 8 view .LVU618
 2130 0060 9A42     		cmp	r2, r3
 2131 0062 DAD3     		bcc	.L161
1799:Middlewares/Third_Party/FreeRTOS/Source/tasks.c **** 					}
 2132              		.loc 1 1799 7 is_stmt 1 view .LVU619
 2133 0064 4FF0E023 		mov	r3, #-536813568
 2134 0068 4FF08052 		mov	r2, #268435456
 2135 006c C3F8042D 		str	r2, [r3, #3332]
1799:Middlewares/Third_Party/FreeRTOS/Source/tasks.c **** 					}
 2136              		.loc 1 1799 7 view .LVU620
 2137              		.syntax unified
 2138              	@ 1799 "Middlewares/Third_Party/FreeRTOS/Source/tasks.c" 1
 2139 0070 BFF34F8F 		dsb
 2140              	@ 0 "" 2
1799:Middlewares/Third_Party/FreeRTOS/Source/tasks.c **** 					}
 2141              		.loc 1 1799 7 view .LVU621
 2142              	@ 1799 "Middlewares/Third_Party/FreeRTOS/Source/tasks.c" 1
 2143 0074 BFF36F8F 		isb
 2144              	@ 0 "" 2
1799:Middlewares/Third_Party/FreeRTOS/Source/tasks.c **** 					}
 2145              		.loc 1 1799 38 view .LVU622
 2146              		.thumb
 2147              		.syntax unified
 2148 0078 CFE7     		b	.L161
 2149              	.L167:
 2150 007a 00BF     		.align	2
 2151              	.L166:
 2152 007c 00000000 		.word	pxCurrentTCB
 2153 0080 00000000 		.word	uxTopReadyPriority
 2154 0084 00000000 		.word	pxReadyTasksLists
 2155              		.cfi_endproc
 2156              	.LFE17:
 2158              		.section	.text.xTaskResumeFromISR,"ax",%progbits
 2159              		.align	1
 2160              		.global	xTaskResumeFromISR
 2161              		.syntax unified
 2162              		.thumb
 2163              		.thumb_func
 2165              	xTaskResumeFromISR:
 2166              	.LVL163:
 2167              	.LFB18:
1826:Middlewares/Third_Party/FreeRTOS/Source/tasks.c **** 	BaseType_t xYieldRequired = pdFALSE;
 2168              		.loc 1 1826 2 view -0
 2169              		.cfi_startproc
 2170              		@ args = 0, pretend = 0, frame = 0
 2171              		@ frame_needed = 0, uses_anonymous_args = 0
1826:Middlewares/Third_Party/FreeRTOS/Source/tasks.c **** 	BaseType_t xYieldRequired = pdFALSE;
 2172              		.loc 1 1826 2 is_stmt 0 view .LVU624
 2173 0000 F8B5     		push	{r3, r4, r5, r6, r7, lr}
 2174              		.cfi_def_cfa_offset 24
 2175              		.cfi_offset 3, -24
 2176              		.cfi_offset 4, -20
ARM GAS  /tmp/ccshf83P.s 			page 140


 2177              		.cfi_offset 5, -16
 2178              		.cfi_offset 6, -12
 2179              		.cfi_offset 7, -8
 2180              		.cfi_offset 14, -4
1827:Middlewares/Third_Party/FreeRTOS/Source/tasks.c **** 	TCB_t * const pxTCB = ( TCB_t * ) xTaskToResume;
 2181              		.loc 1 1827 2 is_stmt 1 view .LVU625
 2182              	.LVL164:
1828:Middlewares/Third_Party/FreeRTOS/Source/tasks.c **** 	UBaseType_t uxSavedInterruptStatus;
 2183              		.loc 1 1828 2 view .LVU626
1829:Middlewares/Third_Party/FreeRTOS/Source/tasks.c **** 
 2184              		.loc 1 1829 2 view .LVU627
1831:Middlewares/Third_Party/FreeRTOS/Source/tasks.c **** 
 2185              		.loc 1 1831 3 view .LVU628
 2186 0002 0028     		cmp	r0, #0
 2187 0004 32D0     		beq	.L177
 2188 0006 0646     		mov	r6, r0
1831:Middlewares/Third_Party/FreeRTOS/Source/tasks.c **** 
 2189              		.loc 1 1831 32 discriminator 2 view .LVU629
1849:Middlewares/Third_Party/FreeRTOS/Source/tasks.c **** 
 2190              		.loc 1 1849 3 view .LVU630
 2191 0008 FFF7FEFF 		bl	vPortValidateInterruptPriority
 2192              	.LVL165:
1851:Middlewares/Third_Party/FreeRTOS/Source/tasks.c **** 		{
 2193              		.loc 1 1851 3 view .LVU631
 2194              	.LBB141:
 2195              	.LBI141:
 207:Middlewares/Third_Party/FreeRTOS/Source/portable/GCC/ARM_CM3/portmacro.h **** {
 2196              		.loc 2 207 34 view .LVU632
 2197              	.LBB142:
 209:Middlewares/Third_Party/FreeRTOS/Source/portable/GCC/ARM_CM3/portmacro.h **** 
 2198              		.loc 2 209 1 view .LVU633
 211:Middlewares/Third_Party/FreeRTOS/Source/portable/GCC/ARM_CM3/portmacro.h **** 	(
 2199              		.loc 2 211 2 view .LVU634
 2200              		.syntax unified
 2201              	@ 211 "Middlewares/Third_Party/FreeRTOS/Source/portable/GCC/ARM_CM3/portmacro.h" 1
 2202 000c EFF31184 			mrs r4, basepri											
 2203 0010 4FF05003 		mov r3, #80												
 2204 0014 83F31188 		msr basepri, r3											
 2205 0018 BFF36F8F 		isb														
 2206 001c BFF34F8F 		dsb														
 2207              	
 2208              	@ 0 "" 2
 2209              	.LVL166:
 223:Middlewares/Third_Party/FreeRTOS/Source/portable/GCC/ARM_CM3/portmacro.h **** }
 2210              		.loc 2 223 2 view .LVU635
 223:Middlewares/Third_Party/FreeRTOS/Source/portable/GCC/ARM_CM3/portmacro.h **** }
 2211              		.loc 2 223 2 is_stmt 0 view .LVU636
 2212              		.thumb
 2213              		.syntax unified
 2214              	.LBE142:
 2215              	.LBE141:
1853:Middlewares/Third_Party/FreeRTOS/Source/tasks.c **** 			{
 2216              		.loc 1 1853 4 is_stmt 1 view .LVU637
1853:Middlewares/Third_Party/FreeRTOS/Source/tasks.c **** 			{
 2217              		.loc 1 1853 8 is_stmt 0 view .LVU638
 2218 0020 3046     		mov	r0, r6
 2219 0022 FFF7FEFF 		bl	prvTaskIsTaskSuspended
ARM GAS  /tmp/ccshf83P.s 			page 141


 2220              	.LVL167:
1853:Middlewares/Third_Party/FreeRTOS/Source/tasks.c **** 			{
 2221              		.loc 1 1853 6 discriminator 1 view .LVU639
 2222 0026 0546     		mov	r5, r0
 2223 0028 E0B1     		cbz	r0, .L171
1855:Middlewares/Third_Party/FreeRTOS/Source/tasks.c **** 
 2224              		.loc 1 1855 39 is_stmt 1 view .LVU640
1858:Middlewares/Third_Party/FreeRTOS/Source/tasks.c **** 				{
 2225              		.loc 1 1858 5 view .LVU641
1858:Middlewares/Third_Party/FreeRTOS/Source/tasks.c **** 				{
 2226              		.loc 1 1858 30 is_stmt 0 view .LVU642
 2227 002a 194B     		ldr	r3, .L178
 2228 002c 1B68     		ldr	r3, [r3]
1858:Middlewares/Third_Party/FreeRTOS/Source/tasks.c **** 				{
 2229              		.loc 1 1858 7 view .LVU643
 2230 002e 43BB     		cbnz	r3, .L172
1862:Middlewares/Third_Party/FreeRTOS/Source/tasks.c **** 					{
 2231              		.loc 1 1862 6 is_stmt 1 view .LVU644
1862:Middlewares/Third_Party/FreeRTOS/Source/tasks.c **** 					{
 2232              		.loc 1 1862 15 is_stmt 0 view .LVU645
 2233 0030 F26A     		ldr	r2, [r6, #44]
1862:Middlewares/Third_Party/FreeRTOS/Source/tasks.c **** 					{
 2234              		.loc 1 1862 43 view .LVU646
 2235 0032 184B     		ldr	r3, .L178+4
 2236 0034 1B68     		ldr	r3, [r3]
 2237 0036 DB6A     		ldr	r3, [r3, #44]
1862:Middlewares/Third_Party/FreeRTOS/Source/tasks.c **** 					{
 2238              		.loc 1 1862 8 view .LVU647
 2239 0038 9A42     		cmp	r2, r3
 2240 003a 20D2     		bcs	.L175
1827:Middlewares/Third_Party/FreeRTOS/Source/tasks.c **** 	TCB_t * const pxTCB = ( TCB_t * ) xTaskToResume;
 2241              		.loc 1 1827 13 view .LVU648
 2242 003c 0025     		movs	r5, #0
 2243              	.L173:
 2244              	.LVL168:
1868:Middlewares/Third_Party/FreeRTOS/Source/tasks.c **** 					}
 2245              		.loc 1 1868 31 is_stmt 1 view .LVU649
1871:Middlewares/Third_Party/FreeRTOS/Source/tasks.c **** 					prvAddTaskToReadyList( pxTCB );
 2246              		.loc 1 1871 6 view .LVU650
1871:Middlewares/Third_Party/FreeRTOS/Source/tasks.c **** 					prvAddTaskToReadyList( pxTCB );
 2247              		.loc 1 1871 15 is_stmt 0 view .LVU651
 2248 003e 371D     		adds	r7, r6, #4
 2249 0040 3846     		mov	r0, r7
 2250 0042 FFF7FEFF 		bl	uxListRemove
 2251              	.LVL169:
1872:Middlewares/Third_Party/FreeRTOS/Source/tasks.c **** 				}
 2252              		.loc 1 1872 6 is_stmt 1 view .LVU652
1872:Middlewares/Third_Party/FreeRTOS/Source/tasks.c **** 				}
 2253              		.loc 1 1872 6 view .LVU653
 2254 0046 F06A     		ldr	r0, [r6, #44]
 2255 0048 134B     		ldr	r3, .L178+8
 2256 004a 1B68     		ldr	r3, [r3]
 2257 004c 9842     		cmp	r0, r3
 2258 004e 01D9     		bls	.L174
1872:Middlewares/Third_Party/FreeRTOS/Source/tasks.c **** 				}
 2259              		.loc 1 1872 6 discriminator 1 view .LVU654
 2260 0050 114B     		ldr	r3, .L178+8
ARM GAS  /tmp/ccshf83P.s 			page 142


 2261 0052 1860     		str	r0, [r3]
 2262              	.L174:
1872:Middlewares/Third_Party/FreeRTOS/Source/tasks.c **** 				}
 2263              		.loc 1 1872 6 discriminator 3 view .LVU655
1872:Middlewares/Third_Party/FreeRTOS/Source/tasks.c **** 				}
 2264              		.loc 1 1872 6 discriminator 3 view .LVU656
 2265 0054 00EB8000 		add	r0, r0, r0, lsl #2
 2266 0058 3946     		mov	r1, r7
 2267 005a 104B     		ldr	r3, .L178+12
 2268 005c 03EB8000 		add	r0, r3, r0, lsl #2
 2269 0060 FFF7FEFF 		bl	vListInsertEnd
 2270              	.LVL170:
1872:Middlewares/Third_Party/FreeRTOS/Source/tasks.c **** 				}
 2271              		.loc 1 1872 36 discriminator 1 view .LVU657
 2272              	.L171:
1884:Middlewares/Third_Party/FreeRTOS/Source/tasks.c **** 			}
 2273              		.loc 1 1884 29 view .LVU658
1887:Middlewares/Third_Party/FreeRTOS/Source/tasks.c **** 
 2274              		.loc 1 1887 3 view .LVU659
 2275              	.LBB143:
 2276              	.LBI143:
 227:Middlewares/Third_Party/FreeRTOS/Source/portable/GCC/ARM_CM3/portmacro.h **** {
 2277              		.loc 2 227 30 view .LVU660
 2278              	.LBB144:
 2279              		.loc 2 229 2 view .LVU661
 2280              		.syntax unified
 2281              	@ 229 "Middlewares/Third_Party/FreeRTOS/Source/portable/GCC/ARM_CM3/portmacro.h" 1
 2282 0064 84F31188 			msr basepri, r4	
 2283              	@ 0 "" 2
 2284              		.thumb
 2285              		.syntax unified
 2286              	.LBE144:
 2287              	.LBE143:
1889:Middlewares/Third_Party/FreeRTOS/Source/tasks.c **** 	}
 2288              		.loc 1 1889 3 view .LVU662
1890:Middlewares/Third_Party/FreeRTOS/Source/tasks.c **** 
 2289              		.loc 1 1890 2 is_stmt 0 view .LVU663
 2290 0068 2846     		mov	r0, r5
 2291 006a F8BD     		pop	{r3, r4, r5, r6, r7, pc}
 2292              	.LVL171:
 2293              	.L177:
1831:Middlewares/Third_Party/FreeRTOS/Source/tasks.c **** 
 2294              		.loc 1 1831 3 is_stmt 1 discriminator 1 view .LVU664
 2295              	.LBB145:
 2296              	.LBI145:
 191:Middlewares/Third_Party/FreeRTOS/Source/portable/GCC/ARM_CM3/portmacro.h **** {
 2297              		.loc 2 191 30 view .LVU665
 2298              	.LBB146:
 193:Middlewares/Third_Party/FreeRTOS/Source/portable/GCC/ARM_CM3/portmacro.h **** 
 2299              		.loc 2 193 1 view .LVU666
 195:Middlewares/Third_Party/FreeRTOS/Source/portable/GCC/ARM_CM3/portmacro.h **** 	(
 2300              		.loc 2 195 2 view .LVU667
 2301              		.syntax unified
 2302              	@ 195 "Middlewares/Third_Party/FreeRTOS/Source/portable/GCC/ARM_CM3/portmacro.h" 1
 2303 006c 4FF05003 			mov r3, #80												
 2304 0070 83F31188 		msr basepri, r3											
 2305 0074 BFF36F8F 		isb														
ARM GAS  /tmp/ccshf83P.s 			page 143


 2306 0078 BFF34F8F 		dsb														
 2307              	
 2308              	@ 0 "" 2
 2309              		.thumb
 2310              		.syntax unified
 2311              	.L170:
 2312              	.LBE146:
 2313              	.LBE145:
1831:Middlewares/Third_Party/FreeRTOS/Source/tasks.c **** 
 2314              		.loc 1 1831 3 discriminator 3 view .LVU668
1831:Middlewares/Third_Party/FreeRTOS/Source/tasks.c **** 
 2315              		.loc 1 1831 3 discriminator 3 view .LVU669
 2316 007c FEE7     		b	.L170
 2317              	.LVL172:
 2318              	.L175:
1864:Middlewares/Third_Party/FreeRTOS/Source/tasks.c **** 					}
 2319              		.loc 1 1864 22 is_stmt 0 view .LVU670
 2320 007e 0125     		movs	r5, #1
 2321 0080 DDE7     		b	.L173
 2322              	.L172:
1879:Middlewares/Third_Party/FreeRTOS/Source/tasks.c **** 				}
 2323              		.loc 1 1879 6 is_stmt 1 view .LVU671
 2324 0082 06F11801 		add	r1, r6, #24
 2325 0086 0648     		ldr	r0, .L178+16
 2326 0088 FFF7FEFF 		bl	vListInsertEnd
 2327              	.LVL173:
1827:Middlewares/Third_Party/FreeRTOS/Source/tasks.c **** 	TCB_t * const pxTCB = ( TCB_t * ) xTaskToResume;
 2328              		.loc 1 1827 13 is_stmt 0 view .LVU672
 2329 008c 0025     		movs	r5, #0
 2330 008e E9E7     		b	.L171
 2331              	.L179:
 2332              		.align	2
 2333              	.L178:
 2334 0090 00000000 		.word	uxSchedulerSuspended
 2335 0094 00000000 		.word	pxCurrentTCB
 2336 0098 00000000 		.word	uxTopReadyPriority
 2337 009c 00000000 		.word	pxReadyTasksLists
 2338 00a0 00000000 		.word	xPendingReadyList
 2339              		.cfi_endproc
 2340              	.LFE18:
 2342              		.section	.rodata.vTaskStartScheduler.str1.4,"aMS",%progbits,1
 2343              		.align	2
 2344              	.LC0:
 2345 0000 49444C45 		.ascii	"IDLE\000"
 2345      00
 2346              		.section	.text.vTaskStartScheduler,"ax",%progbits
 2347              		.align	1
 2348              		.global	vTaskStartScheduler
 2349              		.syntax unified
 2350              		.thumb
 2351              		.thumb_func
 2353              	vTaskStartScheduler:
 2354              	.LFB19:
1896:Middlewares/Third_Party/FreeRTOS/Source/tasks.c **** BaseType_t xReturn;
 2355              		.loc 1 1896 1 is_stmt 1 view -0
 2356              		.cfi_startproc
 2357              		@ args = 0, pretend = 0, frame = 16
ARM GAS  /tmp/ccshf83P.s 			page 144


 2358              		@ frame_needed = 0, uses_anonymous_args = 0
 2359 0000 10B5     		push	{r4, lr}
 2360              		.cfi_def_cfa_offset 8
 2361              		.cfi_offset 4, -8
 2362              		.cfi_offset 14, -4
 2363 0002 88B0     		sub	sp, sp, #32
 2364              		.cfi_def_cfa_offset 40
1897:Middlewares/Third_Party/FreeRTOS/Source/tasks.c **** 
 2365              		.loc 1 1897 1 view .LVU674
 2366              	.LBB147:
1902:Middlewares/Third_Party/FreeRTOS/Source/tasks.c **** 		StackType_t *pxIdleTaskStackBuffer = NULL;
 2367              		.loc 1 1902 3 view .LVU675
1902:Middlewares/Third_Party/FreeRTOS/Source/tasks.c **** 		StackType_t *pxIdleTaskStackBuffer = NULL;
 2368              		.loc 1 1902 17 is_stmt 0 view .LVU676
 2369 0004 0024     		movs	r4, #0
 2370 0006 0594     		str	r4, [sp, #20]
1903:Middlewares/Third_Party/FreeRTOS/Source/tasks.c **** 		uint32_t ulIdleTaskStackSize;
 2371              		.loc 1 1903 3 is_stmt 1 view .LVU677
1903:Middlewares/Third_Party/FreeRTOS/Source/tasks.c **** 		uint32_t ulIdleTaskStackSize;
 2372              		.loc 1 1903 16 is_stmt 0 view .LVU678
 2373 0008 0694     		str	r4, [sp, #24]
1904:Middlewares/Third_Party/FreeRTOS/Source/tasks.c **** 
 2374              		.loc 1 1904 3 is_stmt 1 view .LVU679
1908:Middlewares/Third_Party/FreeRTOS/Source/tasks.c **** 		xIdleTaskHandle = xTaskCreateStatic(	prvIdleTask,
 2375              		.loc 1 1908 3 view .LVU680
 2376 000a 07AA     		add	r2, sp, #28
 2377 000c 06A9     		add	r1, sp, #24
 2378 000e 05A8     		add	r0, sp, #20
 2379 0010 FFF7FEFF 		bl	vApplicationGetIdleTaskMemory
 2380              	.LVL174:
1909:Middlewares/Third_Party/FreeRTOS/Source/tasks.c **** 												configIDLE_TASK_NAME,
 2381              		.loc 1 1909 3 view .LVU681
1909:Middlewares/Third_Party/FreeRTOS/Source/tasks.c **** 												configIDLE_TASK_NAME,
 2382              		.loc 1 1909 21 is_stmt 0 view .LVU682
 2383 0014 059B     		ldr	r3, [sp, #20]
 2384 0016 0293     		str	r3, [sp, #8]
 2385 0018 069B     		ldr	r3, [sp, #24]
 2386 001a 0193     		str	r3, [sp, #4]
 2387 001c 0094     		str	r4, [sp]
 2388 001e 2346     		mov	r3, r4
 2389 0020 079A     		ldr	r2, [sp, #28]
 2390 0022 1A49     		ldr	r1, .L188
 2391 0024 1A48     		ldr	r0, .L188+4
 2392 0026 FFF7FEFF 		bl	xTaskCreateStatic
 2393              	.LVL175:
1909:Middlewares/Third_Party/FreeRTOS/Source/tasks.c **** 												configIDLE_TASK_NAME,
 2394              		.loc 1 1909 19 discriminator 1 view .LVU683
 2395 002a 1A4B     		ldr	r3, .L188+8
 2396 002c 1860     		str	r0, [r3]
1917:Middlewares/Third_Party/FreeRTOS/Source/tasks.c **** 		{
 2397              		.loc 1 1917 3 is_stmt 1 view .LVU684
1917:Middlewares/Third_Party/FreeRTOS/Source/tasks.c **** 		{
 2398              		.loc 1 1917 5 is_stmt 0 view .LVU685
 2399 002e E8B1     		cbz	r0, .L181
 2400              	.LVL176:
1917:Middlewares/Third_Party/FreeRTOS/Source/tasks.c **** 		{
 2401              		.loc 1 1917 5 view .LVU686
ARM GAS  /tmp/ccshf83P.s 			page 145


 2402              	.LBE147:
1940:Middlewares/Third_Party/FreeRTOS/Source/tasks.c **** 		{
 2403              		.loc 1 1940 3 is_stmt 1 view .LVU687
1942:Middlewares/Third_Party/FreeRTOS/Source/tasks.c **** 		}
 2404              		.loc 1 1942 4 view .LVU688
1942:Middlewares/Third_Party/FreeRTOS/Source/tasks.c **** 		}
 2405              		.loc 1 1942 14 is_stmt 0 view .LVU689
 2406 0030 FFF7FEFF 		bl	xTimerCreateTimerTask
 2407              	.LVL177:
1946:Middlewares/Third_Party/FreeRTOS/Source/tasks.c **** 		}
 2408              		.loc 1 1946 28 is_stmt 1 view .LVU690
1951:Middlewares/Third_Party/FreeRTOS/Source/tasks.c **** 	{
 2409              		.loc 1 1951 2 view .LVU691
1951:Middlewares/Third_Party/FreeRTOS/Source/tasks.c **** 	{
 2410              		.loc 1 1951 4 is_stmt 0 view .LVU692
 2411 0034 0128     		cmp	r0, #1
 2412 0036 1AD1     		bne	.L183
1967:Middlewares/Third_Party/FreeRTOS/Source/tasks.c **** 
 2413              		.loc 1 1967 3 is_stmt 1 view .LVU693
 2414              	.LBB148:
 2415              	.LBI148:
 191:Middlewares/Third_Party/FreeRTOS/Source/portable/GCC/ARM_CM3/portmacro.h **** {
 2416              		.loc 2 191 30 view .LVU694
 2417              	.LBB149:
 193:Middlewares/Third_Party/FreeRTOS/Source/portable/GCC/ARM_CM3/portmacro.h **** 
 2418              		.loc 2 193 1 view .LVU695
 195:Middlewares/Third_Party/FreeRTOS/Source/portable/GCC/ARM_CM3/portmacro.h **** 	(
 2419              		.loc 2 195 2 view .LVU696
 2420              		.syntax unified
 2421              	@ 195 "Middlewares/Third_Party/FreeRTOS/Source/portable/GCC/ARM_CM3/portmacro.h" 1
 2422 0038 4FF05003 			mov r3, #80												
 2423 003c 83F31188 		msr basepri, r3											
 2424 0040 BFF36F8F 		isb														
 2425 0044 BFF34F8F 		dsb														
 2426              	
 2427              	@ 0 "" 2
 2428              		.thumb
 2429              		.syntax unified
 2430              	.LBE149:
 2431              	.LBE148:
1973:Middlewares/Third_Party/FreeRTOS/Source/tasks.c **** 		}
 2432              		.loc 1 1973 4 view .LVU697
1973:Middlewares/Third_Party/FreeRTOS/Source/tasks.c **** 		}
 2433              		.loc 1 1973 33 is_stmt 0 view .LVU698
 2434 0048 134B     		ldr	r3, .L188+12
 2435 004a 1B68     		ldr	r3, [r3]
1973:Middlewares/Third_Party/FreeRTOS/Source/tasks.c **** 		}
 2436              		.loc 1 1973 18 view .LVU699
 2437 004c 5833     		adds	r3, r3, #88
1973:Middlewares/Third_Party/FreeRTOS/Source/tasks.c **** 		}
 2438              		.loc 1 1973 16 view .LVU700
 2439 004e 134A     		ldr	r2, .L188+16
 2440 0050 1360     		str	r3, [r2]
1977:Middlewares/Third_Party/FreeRTOS/Source/tasks.c **** 		xSchedulerRunning = pdTRUE;
 2441              		.loc 1 1977 3 is_stmt 1 view .LVU701
1977:Middlewares/Third_Party/FreeRTOS/Source/tasks.c **** 		xSchedulerRunning = pdTRUE;
 2442              		.loc 1 1977 24 is_stmt 0 view .LVU702
ARM GAS  /tmp/ccshf83P.s 			page 146


 2443 0052 134B     		ldr	r3, .L188+20
 2444 0054 4FF0FF32 		mov	r2, #-1
 2445 0058 1A60     		str	r2, [r3]
1978:Middlewares/Third_Party/FreeRTOS/Source/tasks.c **** 		xTickCount = ( TickType_t ) 0U;
 2446              		.loc 1 1978 3 is_stmt 1 view .LVU703
1978:Middlewares/Third_Party/FreeRTOS/Source/tasks.c **** 		xTickCount = ( TickType_t ) 0U;
 2447              		.loc 1 1978 21 is_stmt 0 view .LVU704
 2448 005a 124B     		ldr	r3, .L188+24
 2449 005c 0122     		movs	r2, #1
 2450 005e 1A60     		str	r2, [r3]
1979:Middlewares/Third_Party/FreeRTOS/Source/tasks.c **** 
 2451              		.loc 1 1979 3 is_stmt 1 view .LVU705
1979:Middlewares/Third_Party/FreeRTOS/Source/tasks.c **** 
 2452              		.loc 1 1979 14 is_stmt 0 view .LVU706
 2453 0060 114B     		ldr	r3, .L188+28
 2454 0062 0022     		movs	r2, #0
 2455 0064 1A60     		str	r2, [r3]
1987:Middlewares/Third_Party/FreeRTOS/Source/tasks.c **** 
 2456              		.loc 1 1987 43 is_stmt 1 view .LVU707
1991:Middlewares/Third_Party/FreeRTOS/Source/tasks.c **** 		{
 2457              		.loc 1 1991 3 view .LVU708
1991:Middlewares/Third_Party/FreeRTOS/Source/tasks.c **** 		{
 2458              		.loc 1 1991 7 is_stmt 0 view .LVU709
 2459 0066 FFF7FEFF 		bl	xPortStartScheduler
 2460              	.LVL178:
1995:Middlewares/Third_Party/FreeRTOS/Source/tasks.c **** 		else
 2461              		.loc 1 1995 3 is_stmt 1 view .LVU710
1999:Middlewares/Third_Party/FreeRTOS/Source/tasks.c **** 	}
 2462              		.loc 1 1999 3 view .LVU711
 2463 006a 03E0     		b	.L180
 2464              	.LVL179:
 2465              	.L181:
 2466              	.LBB150:
1923:Middlewares/Third_Party/FreeRTOS/Source/tasks.c **** 		}
 2467              		.loc 1 1923 4 view .LVU712
1923:Middlewares/Third_Party/FreeRTOS/Source/tasks.c **** 		}
 2468              		.loc 1 1923 4 is_stmt 0 view .LVU713
 2469              	.LBE150:
1940:Middlewares/Third_Party/FreeRTOS/Source/tasks.c **** 		{
 2470              		.loc 1 1940 3 is_stmt 1 view .LVU714
1946:Middlewares/Third_Party/FreeRTOS/Source/tasks.c **** 		}
 2471              		.loc 1 1946 28 view .LVU715
1951:Middlewares/Third_Party/FreeRTOS/Source/tasks.c **** 	{
 2472              		.loc 1 1951 2 view .LVU716
 2473              	.LBB151:
1923:Middlewares/Third_Party/FreeRTOS/Source/tasks.c **** 		}
 2474              		.loc 1 1923 12 is_stmt 0 view .LVU717
 2475 006c 0020     		movs	r0, #0
 2476              	.LVL180:
 2477              	.L183:
1923:Middlewares/Third_Party/FreeRTOS/Source/tasks.c **** 		}
 2478              		.loc 1 1923 12 view .LVU718
 2479              	.LBE151:
2006:Middlewares/Third_Party/FreeRTOS/Source/tasks.c **** 	}
 2480              		.loc 1 2006 3 is_stmt 1 view .LVU719
 2481 006e B0F1FF3F 		cmp	r0, #-1
 2482 0072 01D0     		beq	.L187
ARM GAS  /tmp/ccshf83P.s 			page 147


 2483              	.L180:
2012:Middlewares/Third_Party/FreeRTOS/Source/tasks.c **** /*-----------------------------------------------------------*/
 2484              		.loc 1 2012 1 is_stmt 0 view .LVU720
 2485 0074 08B0     		add	sp, sp, #32
 2486              		.cfi_remember_state
 2487              		.cfi_def_cfa_offset 8
 2488              		@ sp needed
 2489 0076 10BD     		pop	{r4, pc}
 2490              	.L187:
 2491              		.cfi_restore_state
2006:Middlewares/Third_Party/FreeRTOS/Source/tasks.c **** 	}
 2492              		.loc 1 2006 3 is_stmt 1 discriminator 1 view .LVU721
 2493              	.LBB152:
 2494              	.LBI152:
 191:Middlewares/Third_Party/FreeRTOS/Source/portable/GCC/ARM_CM3/portmacro.h **** {
 2495              		.loc 2 191 30 view .LVU722
 2496              	.LBB153:
 193:Middlewares/Third_Party/FreeRTOS/Source/portable/GCC/ARM_CM3/portmacro.h **** 
 2497              		.loc 2 193 1 view .LVU723
 195:Middlewares/Third_Party/FreeRTOS/Source/portable/GCC/ARM_CM3/portmacro.h **** 	(
 2498              		.loc 2 195 2 view .LVU724
 2499              		.syntax unified
 2500              	@ 195 "Middlewares/Third_Party/FreeRTOS/Source/portable/GCC/ARM_CM3/portmacro.h" 1
 2501 0078 4FF05003 			mov r3, #80												
 2502 007c 83F31188 		msr basepri, r3											
 2503 0080 BFF36F8F 		isb														
 2504 0084 BFF34F8F 		dsb														
 2505              	
 2506              	@ 0 "" 2
 2507              		.thumb
 2508              		.syntax unified
 2509              	.L185:
 2510              	.LBE153:
 2511              	.LBE152:
2006:Middlewares/Third_Party/FreeRTOS/Source/tasks.c **** 	}
 2512              		.loc 1 2006 3 discriminator 3 view .LVU725
2006:Middlewares/Third_Party/FreeRTOS/Source/tasks.c **** 	}
 2513              		.loc 1 2006 3 discriminator 3 view .LVU726
 2514 0088 FEE7     		b	.L185
 2515              	.L189:
 2516 008a 00BF     		.align	2
 2517              	.L188:
 2518 008c 00000000 		.word	.LC0
 2519 0090 00000000 		.word	prvIdleTask
 2520 0094 00000000 		.word	xIdleTaskHandle
 2521 0098 00000000 		.word	pxCurrentTCB
 2522 009c 00000000 		.word	_impure_ptr
 2523 00a0 00000000 		.word	xNextTaskUnblockTime
 2524 00a4 00000000 		.word	xSchedulerRunning
 2525 00a8 00000000 		.word	xTickCount
 2526              		.cfi_endproc
 2527              	.LFE19:
 2529              		.section	.text.vTaskEndScheduler,"ax",%progbits
 2530              		.align	1
 2531              		.global	vTaskEndScheduler
 2532              		.syntax unified
 2533              		.thumb
ARM GAS  /tmp/ccshf83P.s 			page 148


 2534              		.thumb_func
 2536              	vTaskEndScheduler:
 2537              	.LFB20:
2016:Middlewares/Third_Party/FreeRTOS/Source/tasks.c **** 	/* Stop the scheduler interrupts and call the portable scheduler end
 2538              		.loc 1 2016 1 view -0
 2539              		.cfi_startproc
 2540              		@ args = 0, pretend = 0, frame = 0
 2541              		@ frame_needed = 0, uses_anonymous_args = 0
 2542 0000 08B5     		push	{r3, lr}
 2543              		.cfi_def_cfa_offset 8
 2544              		.cfi_offset 3, -8
 2545              		.cfi_offset 14, -4
2020:Middlewares/Third_Party/FreeRTOS/Source/tasks.c **** 	xSchedulerRunning = pdFALSE;
 2546              		.loc 1 2020 2 view .LVU728
 2547              	.LBB154:
 2548              	.LBI154:
 191:Middlewares/Third_Party/FreeRTOS/Source/portable/GCC/ARM_CM3/portmacro.h **** {
 2549              		.loc 2 191 30 view .LVU729
 2550              	.LBB155:
 193:Middlewares/Third_Party/FreeRTOS/Source/portable/GCC/ARM_CM3/portmacro.h **** 
 2551              		.loc 2 193 1 view .LVU730
 195:Middlewares/Third_Party/FreeRTOS/Source/portable/GCC/ARM_CM3/portmacro.h **** 	(
 2552              		.loc 2 195 2 view .LVU731
 2553              		.syntax unified
 2554              	@ 195 "Middlewares/Third_Party/FreeRTOS/Source/portable/GCC/ARM_CM3/portmacro.h" 1
 2555 0002 4FF05003 			mov r3, #80												
 2556 0006 83F31188 		msr basepri, r3											
 2557 000a BFF36F8F 		isb														
 2558 000e BFF34F8F 		dsb														
 2559              	
 2560              	@ 0 "" 2
 2561              		.thumb
 2562              		.syntax unified
 2563              	.LBE155:
 2564              	.LBE154:
2021:Middlewares/Third_Party/FreeRTOS/Source/tasks.c **** 	vPortEndScheduler();
 2565              		.loc 1 2021 2 view .LVU732
2021:Middlewares/Third_Party/FreeRTOS/Source/tasks.c **** 	vPortEndScheduler();
 2566              		.loc 1 2021 20 is_stmt 0 view .LVU733
 2567 0012 034B     		ldr	r3, .L192
 2568 0014 0022     		movs	r2, #0
 2569 0016 1A60     		str	r2, [r3]
2022:Middlewares/Third_Party/FreeRTOS/Source/tasks.c **** }
 2570              		.loc 1 2022 2 is_stmt 1 view .LVU734
 2571 0018 FFF7FEFF 		bl	vPortEndScheduler
 2572              	.LVL181:
2023:Middlewares/Third_Party/FreeRTOS/Source/tasks.c **** /*----------------------------------------------------------*/
 2573              		.loc 1 2023 1 is_stmt 0 view .LVU735
 2574 001c 08BD     		pop	{r3, pc}
 2575              	.L193:
 2576 001e 00BF     		.align	2
 2577              	.L192:
 2578 0020 00000000 		.word	xSchedulerRunning
 2579              		.cfi_endproc
 2580              	.LFE20:
 2582              		.section	.text.vTaskSuspendAll,"ax",%progbits
 2583              		.align	1
ARM GAS  /tmp/ccshf83P.s 			page 149


 2584              		.global	vTaskSuspendAll
 2585              		.syntax unified
 2586              		.thumb
 2587              		.thumb_func
 2589              	vTaskSuspendAll:
 2590              	.LFB21:
2027:Middlewares/Third_Party/FreeRTOS/Source/tasks.c **** 	/* A critical section is not required as the variable is of type
 2591              		.loc 1 2027 1 is_stmt 1 view -0
 2592              		.cfi_startproc
 2593              		@ args = 0, pretend = 0, frame = 0
 2594              		@ frame_needed = 0, uses_anonymous_args = 0
 2595              		@ link register save eliminated.
2032:Middlewares/Third_Party/FreeRTOS/Source/tasks.c **** }
 2596              		.loc 1 2032 2 view .LVU737
 2597 0000 024A     		ldr	r2, .L195
 2598 0002 1368     		ldr	r3, [r2]
 2599 0004 0133     		adds	r3, r3, #1
 2600 0006 1360     		str	r3, [r2]
2033:Middlewares/Third_Party/FreeRTOS/Source/tasks.c **** /*----------------------------------------------------------*/
 2601              		.loc 1 2033 1 is_stmt 0 view .LVU738
 2602 0008 7047     		bx	lr
 2603              	.L196:
 2604 000a 00BF     		.align	2
 2605              	.L195:
 2606 000c 00000000 		.word	uxSchedulerSuspended
 2607              		.cfi_endproc
 2608              	.LFE21:
 2610              		.section	.text.xTaskGetTickCount,"ax",%progbits
 2611              		.align	1
 2612              		.global	xTaskGetTickCount
 2613              		.syntax unified
 2614              		.thumb
 2615              		.thumb_func
 2617              	xTaskGetTickCount:
 2618              	.LFB23:
2210:Middlewares/Third_Party/FreeRTOS/Source/tasks.c **** TickType_t xTicks;
 2619              		.loc 1 2210 1 is_stmt 1 view -0
 2620              		.cfi_startproc
 2621              		@ args = 0, pretend = 0, frame = 0
 2622              		@ frame_needed = 0, uses_anonymous_args = 0
 2623              		@ link register save eliminated.
2211:Middlewares/Third_Party/FreeRTOS/Source/tasks.c **** 
 2624              		.loc 1 2211 1 view .LVU740
2214:Middlewares/Third_Party/FreeRTOS/Source/tasks.c **** 	{
 2625              		.loc 1 2214 32 view .LVU741
2216:Middlewares/Third_Party/FreeRTOS/Source/tasks.c **** 	}
 2626              		.loc 1 2216 3 view .LVU742
2216:Middlewares/Third_Party/FreeRTOS/Source/tasks.c **** 	}
 2627              		.loc 1 2216 10 is_stmt 0 view .LVU743
 2628 0000 014B     		ldr	r3, .L198
 2629 0002 1868     		ldr	r0, [r3]
 2630              	.LVL182:
2218:Middlewares/Third_Party/FreeRTOS/Source/tasks.c **** 
 2631              		.loc 1 2218 31 is_stmt 1 view .LVU744
2220:Middlewares/Third_Party/FreeRTOS/Source/tasks.c **** }
 2632              		.loc 1 2220 2 view .LVU745
2221:Middlewares/Third_Party/FreeRTOS/Source/tasks.c **** /*-----------------------------------------------------------*/
ARM GAS  /tmp/ccshf83P.s 			page 150


 2633              		.loc 1 2221 1 is_stmt 0 view .LVU746
 2634 0004 7047     		bx	lr
 2635              	.L199:
 2636 0006 00BF     		.align	2
 2637              	.L198:
 2638 0008 00000000 		.word	xTickCount
 2639              		.cfi_endproc
 2640              	.LFE23:
 2642              		.section	.text.xTaskGetTickCountFromISR,"ax",%progbits
 2643              		.align	1
 2644              		.global	xTaskGetTickCountFromISR
 2645              		.syntax unified
 2646              		.thumb
 2647              		.thumb_func
 2649              	xTaskGetTickCountFromISR:
 2650              	.LFB24:
2225:Middlewares/Third_Party/FreeRTOS/Source/tasks.c **** TickType_t xReturn;
 2651              		.loc 1 2225 1 is_stmt 1 view -0
 2652              		.cfi_startproc
 2653              		@ args = 0, pretend = 0, frame = 0
 2654              		@ frame_needed = 0, uses_anonymous_args = 0
 2655 0000 08B5     		push	{r3, lr}
 2656              		.cfi_def_cfa_offset 8
 2657              		.cfi_offset 3, -8
 2658              		.cfi_offset 14, -4
2226:Middlewares/Third_Party/FreeRTOS/Source/tasks.c **** UBaseType_t uxSavedInterruptStatus;
 2659              		.loc 1 2226 1 view .LVU748
2227:Middlewares/Third_Party/FreeRTOS/Source/tasks.c **** 
 2660              		.loc 1 2227 1 view .LVU749
2243:Middlewares/Third_Party/FreeRTOS/Source/tasks.c **** 
 2661              		.loc 1 2243 2 view .LVU750
 2662 0002 FFF7FEFF 		bl	vPortValidateInterruptPriority
 2663              	.LVL183:
2245:Middlewares/Third_Party/FreeRTOS/Source/tasks.c **** 	{
 2664              		.loc 1 2245 2 view .LVU751
2247:Middlewares/Third_Party/FreeRTOS/Source/tasks.c **** 	}
 2665              		.loc 1 2247 3 view .LVU752
2247:Middlewares/Third_Party/FreeRTOS/Source/tasks.c **** 	}
 2666              		.loc 1 2247 11 is_stmt 0 view .LVU753
 2667 0006 014B     		ldr	r3, .L202
 2668 0008 1868     		ldr	r0, [r3]
 2669              	.LVL184:
2249:Middlewares/Third_Party/FreeRTOS/Source/tasks.c **** 
 2670              		.loc 1 2249 2 is_stmt 1 view .LVU754
2251:Middlewares/Third_Party/FreeRTOS/Source/tasks.c **** }
 2671              		.loc 1 2251 2 view .LVU755
2252:Middlewares/Third_Party/FreeRTOS/Source/tasks.c **** /*-----------------------------------------------------------*/
 2672              		.loc 1 2252 1 is_stmt 0 view .LVU756
 2673 000a 08BD     		pop	{r3, pc}
 2674              	.L203:
 2675              		.align	2
 2676              	.L202:
 2677 000c 00000000 		.word	xTickCount
 2678              		.cfi_endproc
 2679              	.LFE24:
 2681              		.section	.text.uxTaskGetNumberOfTasks,"ax",%progbits
 2682              		.align	1
ARM GAS  /tmp/ccshf83P.s 			page 151


 2683              		.global	uxTaskGetNumberOfTasks
 2684              		.syntax unified
 2685              		.thumb
 2686              		.thumb_func
 2688              	uxTaskGetNumberOfTasks:
 2689              	.LFB25:
2256:Middlewares/Third_Party/FreeRTOS/Source/tasks.c **** 	/* A critical section is not required because the variables are of type
 2690              		.loc 1 2256 1 is_stmt 1 view -0
 2691              		.cfi_startproc
 2692              		@ args = 0, pretend = 0, frame = 0
 2693              		@ frame_needed = 0, uses_anonymous_args = 0
 2694              		@ link register save eliminated.
2259:Middlewares/Third_Party/FreeRTOS/Source/tasks.c **** }
 2695              		.loc 1 2259 2 view .LVU758
2259:Middlewares/Third_Party/FreeRTOS/Source/tasks.c **** }
 2696              		.loc 1 2259 9 is_stmt 0 view .LVU759
 2697 0000 014B     		ldr	r3, .L205
 2698 0002 1868     		ldr	r0, [r3]
2260:Middlewares/Third_Party/FreeRTOS/Source/tasks.c **** /*-----------------------------------------------------------*/
 2699              		.loc 1 2260 1 view .LVU760
 2700 0004 7047     		bx	lr
 2701              	.L206:
 2702 0006 00BF     		.align	2
 2703              	.L205:
 2704 0008 00000000 		.word	uxCurrentNumberOfTasks
 2705              		.cfi_endproc
 2706              	.LFE25:
 2708              		.section	.text.pcTaskGetName,"ax",%progbits
 2709              		.align	1
 2710              		.global	pcTaskGetName
 2711              		.syntax unified
 2712              		.thumb
 2713              		.thumb_func
 2715              	pcTaskGetName:
 2716              	.LVL185:
 2717              	.LFB26:
2264:Middlewares/Third_Party/FreeRTOS/Source/tasks.c **** TCB_t *pxTCB;
 2718              		.loc 1 2264 1 is_stmt 1 view -0
 2719              		.cfi_startproc
 2720              		@ args = 0, pretend = 0, frame = 0
 2721              		@ frame_needed = 0, uses_anonymous_args = 0
 2722              		@ link register save eliminated.
2265:Middlewares/Third_Party/FreeRTOS/Source/tasks.c **** 
 2723              		.loc 1 2265 1 view .LVU762
2269:Middlewares/Third_Party/FreeRTOS/Source/tasks.c **** 	configASSERT( pxTCB );
 2724              		.loc 1 2269 2 view .LVU763
2269:Middlewares/Third_Party/FreeRTOS/Source/tasks.c **** 	configASSERT( pxTCB );
 2725              		.loc 1 2269 10 is_stmt 0 view .LVU764
 2726 0000 0346     		mov	r3, r0
 2727 0002 10B1     		cbz	r0, .L210
 2728              	.LVL186:
 2729              	.L208:
2270:Middlewares/Third_Party/FreeRTOS/Source/tasks.c **** 	return &( pxTCB->pcTaskName[ 0 ] );
 2730              		.loc 1 2270 23 is_stmt 1 discriminator 2 view .LVU765
2271:Middlewares/Third_Party/FreeRTOS/Source/tasks.c **** }
 2731              		.loc 1 2271 2 view .LVU766
2272:Middlewares/Third_Party/FreeRTOS/Source/tasks.c **** /*-----------------------------------------------------------*/
ARM GAS  /tmp/ccshf83P.s 			page 152


 2732              		.loc 1 2272 1 is_stmt 0 view .LVU767
 2733 0004 03F13400 		add	r0, r3, #52
 2734 0008 7047     		bx	lr
 2735              	.LVL187:
 2736              	.L210:
2269:Middlewares/Third_Party/FreeRTOS/Source/tasks.c **** 	configASSERT( pxTCB );
 2737              		.loc 1 2269 10 discriminator 1 view .LVU768
 2738 000a 064B     		ldr	r3, .L211
 2739 000c 1B68     		ldr	r3, [r3]
 2740              	.LVL188:
2270:Middlewares/Third_Party/FreeRTOS/Source/tasks.c **** 	return &( pxTCB->pcTaskName[ 0 ] );
 2741              		.loc 1 2270 2 is_stmt 1 view .LVU769
 2742 000e 002B     		cmp	r3, #0
 2743 0010 F8D1     		bne	.L208
2270:Middlewares/Third_Party/FreeRTOS/Source/tasks.c **** 	return &( pxTCB->pcTaskName[ 0 ] );
 2744              		.loc 1 2270 2 discriminator 1 view .LVU770
 2745              	.LBB156:
 2746              	.LBI156:
 191:Middlewares/Third_Party/FreeRTOS/Source/portable/GCC/ARM_CM3/portmacro.h **** {
 2747              		.loc 2 191 30 view .LVU771
 2748              	.LBB157:
 193:Middlewares/Third_Party/FreeRTOS/Source/portable/GCC/ARM_CM3/portmacro.h **** 
 2749              		.loc 2 193 1 view .LVU772
 195:Middlewares/Third_Party/FreeRTOS/Source/portable/GCC/ARM_CM3/portmacro.h **** 	(
 2750              		.loc 2 195 2 view .LVU773
 2751              		.syntax unified
 2752              	@ 195 "Middlewares/Third_Party/FreeRTOS/Source/portable/GCC/ARM_CM3/portmacro.h" 1
 2753 0012 4FF05003 			mov r3, #80												
 2754 0016 83F31188 		msr basepri, r3											
 2755 001a BFF36F8F 		isb														
 2756 001e BFF34F8F 		dsb														
 2757              	
 2758              	@ 0 "" 2
 2759              	.LVL189:
 2760              		.thumb
 2761              		.syntax unified
 2762              	.L209:
 195:Middlewares/Third_Party/FreeRTOS/Source/portable/GCC/ARM_CM3/portmacro.h **** 	(
 2763              		.loc 2 195 2 is_stmt 0 view .LVU774
 2764              	.LBE157:
 2765              	.LBE156:
2270:Middlewares/Third_Party/FreeRTOS/Source/tasks.c **** 	return &( pxTCB->pcTaskName[ 0 ] );
 2766              		.loc 1 2270 2 is_stmt 1 discriminator 3 view .LVU775
2270:Middlewares/Third_Party/FreeRTOS/Source/tasks.c **** 	return &( pxTCB->pcTaskName[ 0 ] );
 2767              		.loc 1 2270 2 discriminator 3 view .LVU776
 2768 0022 FEE7     		b	.L209
 2769              	.L212:
 2770              		.align	2
 2771              	.L211:
 2772 0024 00000000 		.word	pxCurrentTCB
 2773              		.cfi_endproc
 2774              	.LFE26:
 2776              		.section	.text.xTaskIncrementTick,"ax",%progbits
 2777              		.align	1
 2778              		.global	xTaskIncrementTick
 2779              		.syntax unified
 2780              		.thumb
ARM GAS  /tmp/ccshf83P.s 			page 153


 2781              		.thumb_func
 2783              	xTaskIncrementTick:
 2784              	.LFB28:
2584:Middlewares/Third_Party/FreeRTOS/Source/tasks.c **** TCB_t * pxTCB;
 2785              		.loc 1 2584 1 view -0
 2786              		.cfi_startproc
 2787              		@ args = 0, pretend = 0, frame = 0
 2788              		@ frame_needed = 0, uses_anonymous_args = 0
 2789 0000 F8B5     		push	{r3, r4, r5, r6, r7, lr}
 2790              		.cfi_def_cfa_offset 24
 2791              		.cfi_offset 3, -24
 2792              		.cfi_offset 4, -20
 2793              		.cfi_offset 5, -16
 2794              		.cfi_offset 6, -12
 2795              		.cfi_offset 7, -8
 2796              		.cfi_offset 14, -4
2585:Middlewares/Third_Party/FreeRTOS/Source/tasks.c **** TickType_t xItemValue;
 2797              		.loc 1 2585 1 view .LVU778
2586:Middlewares/Third_Party/FreeRTOS/Source/tasks.c **** BaseType_t xSwitchRequired = pdFALSE;
 2798              		.loc 1 2586 1 view .LVU779
2587:Middlewares/Third_Party/FreeRTOS/Source/tasks.c **** 
 2799              		.loc 1 2587 1 view .LVU780
 2800              	.LVL190:
2592:Middlewares/Third_Party/FreeRTOS/Source/tasks.c **** 	if( uxSchedulerSuspended == ( UBaseType_t ) pdFALSE )
 2801              		.loc 1 2592 40 view .LVU781
2593:Middlewares/Third_Party/FreeRTOS/Source/tasks.c **** 	{
 2802              		.loc 1 2593 2 view .LVU782
2593:Middlewares/Third_Party/FreeRTOS/Source/tasks.c **** 	{
 2803              		.loc 1 2593 27 is_stmt 0 view .LVU783
 2804 0002 3A4B     		ldr	r3, .L235
 2805 0004 1B68     		ldr	r3, [r3]
2593:Middlewares/Third_Party/FreeRTOS/Source/tasks.c **** 	{
 2806              		.loc 1 2593 4 view .LVU784
 2807 0006 002B     		cmp	r3, #0
 2808 0008 64D1     		bne	.L214
 2809              	.LBB158:
2597:Middlewares/Third_Party/FreeRTOS/Source/tasks.c **** 
 2810              		.loc 1 2597 3 is_stmt 1 view .LVU785
2597:Middlewares/Third_Party/FreeRTOS/Source/tasks.c **** 
 2811              		.loc 1 2597 49 is_stmt 0 view .LVU786
 2812 000a 394B     		ldr	r3, .L235+4
 2813 000c 1D68     		ldr	r5, [r3]
2597:Middlewares/Third_Party/FreeRTOS/Source/tasks.c **** 
 2814              		.loc 1 2597 20 view .LVU787
 2815 000e 0135     		adds	r5, r5, #1
 2816              	.LVL191:
2601:Middlewares/Third_Party/FreeRTOS/Source/tasks.c **** 
 2817              		.loc 1 2601 3 is_stmt 1 view .LVU788
2601:Middlewares/Third_Party/FreeRTOS/Source/tasks.c **** 
 2818              		.loc 1 2601 14 is_stmt 0 view .LVU789
 2819 0010 1D60     		str	r5, [r3]
2603:Middlewares/Third_Party/FreeRTOS/Source/tasks.c **** 		{
 2820              		.loc 1 2603 3 is_stmt 1 view .LVU790
2603:Middlewares/Third_Party/FreeRTOS/Source/tasks.c **** 		{
 2821              		.loc 1 2603 5 is_stmt 0 view .LVU791
 2822 0012 C5B9     		cbnz	r5, .L215
 2823              	.LBB159:
ARM GAS  /tmp/ccshf83P.s 			page 154


2605:Middlewares/Third_Party/FreeRTOS/Source/tasks.c **** 		}
 2824              		.loc 1 2605 4 is_stmt 1 view .LVU792
2605:Middlewares/Third_Party/FreeRTOS/Source/tasks.c **** 		}
 2825              		.loc 1 2605 4 view .LVU793
 2826 0014 374B     		ldr	r3, .L235+8
 2827 0016 1B68     		ldr	r3, [r3]
 2828 0018 1B68     		ldr	r3, [r3]
 2829 001a 43B1     		cbz	r3, .L216
2605:Middlewares/Third_Party/FreeRTOS/Source/tasks.c **** 		}
 2830              		.loc 1 2605 4 discriminator 1 view .LVU794
 2831              	.LBB160:
 2832              	.LBI160:
 191:Middlewares/Third_Party/FreeRTOS/Source/portable/GCC/ARM_CM3/portmacro.h **** {
 2833              		.loc 2 191 30 view .LVU795
 2834              	.LBB161:
 193:Middlewares/Third_Party/FreeRTOS/Source/portable/GCC/ARM_CM3/portmacro.h **** 
 2835              		.loc 2 193 1 view .LVU796
 195:Middlewares/Third_Party/FreeRTOS/Source/portable/GCC/ARM_CM3/portmacro.h **** 	(
 2836              		.loc 2 195 2 view .LVU797
 2837              		.syntax unified
 2838              	@ 195 "Middlewares/Third_Party/FreeRTOS/Source/portable/GCC/ARM_CM3/portmacro.h" 1
 2839 001c 4FF05003 			mov r3, #80												
 2840 0020 83F31188 		msr basepri, r3											
 2841 0024 BFF36F8F 		isb														
 2842 0028 BFF34F8F 		dsb														
 2843              	
 2844              	@ 0 "" 2
 2845              		.thumb
 2846              		.syntax unified
 2847              	.L217:
 2848              	.LBE161:
 2849              	.LBE160:
2605:Middlewares/Third_Party/FreeRTOS/Source/tasks.c **** 		}
 2850              		.loc 1 2605 4 discriminator 3 view .LVU798
2605:Middlewares/Third_Party/FreeRTOS/Source/tasks.c **** 		}
 2851              		.loc 1 2605 4 discriminator 3 view .LVU799
 2852 002c FEE7     		b	.L217
 2853              	.L216:
2605:Middlewares/Third_Party/FreeRTOS/Source/tasks.c **** 		}
 2854              		.loc 1 2605 4 discriminator 2 view .LVU800
2605:Middlewares/Third_Party/FreeRTOS/Source/tasks.c **** 		}
 2855              		.loc 1 2605 4 discriminator 2 view .LVU801
 2856 002e 314A     		ldr	r2, .L235+8
 2857 0030 1168     		ldr	r1, [r2]
 2858              	.LVL192:
2605:Middlewares/Third_Party/FreeRTOS/Source/tasks.c **** 		}
 2859              		.loc 1 2605 4 discriminator 2 view .LVU802
 2860 0032 314B     		ldr	r3, .L235+12
 2861 0034 1868     		ldr	r0, [r3]
 2862 0036 1060     		str	r0, [r2]
2605:Middlewares/Third_Party/FreeRTOS/Source/tasks.c **** 		}
 2863              		.loc 1 2605 4 discriminator 2 view .LVU803
 2864 0038 1960     		str	r1, [r3]
2605:Middlewares/Third_Party/FreeRTOS/Source/tasks.c **** 		}
 2865              		.loc 1 2605 4 discriminator 2 view .LVU804
 2866 003a 304A     		ldr	r2, .L235+16
 2867 003c 1368     		ldr	r3, [r2]
ARM GAS  /tmp/ccshf83P.s 			page 155


 2868 003e 0133     		adds	r3, r3, #1
 2869 0040 1360     		str	r3, [r2]
2605:Middlewares/Third_Party/FreeRTOS/Source/tasks.c **** 		}
 2870              		.loc 1 2605 4 discriminator 2 view .LVU805
 2871 0042 FFF7FEFF 		bl	prvResetNextTaskUnblockTime
 2872              	.LVL193:
2605:Middlewares/Third_Party/FreeRTOS/Source/tasks.c **** 		}
 2873              		.loc 1 2605 4 is_stmt 0 discriminator 2 view .LVU806
 2874              	.LBE159:
2605:Middlewares/Third_Party/FreeRTOS/Source/tasks.c **** 		}
 2875              		.loc 1 2605 30 is_stmt 1 discriminator 1 view .LVU807
 2876              	.L215:
2609:Middlewares/Third_Party/FreeRTOS/Source/tasks.c **** 		}
 2877              		.loc 1 2609 28 view .LVU808
2616:Middlewares/Third_Party/FreeRTOS/Source/tasks.c **** 		{
 2878              		.loc 1 2616 3 view .LVU809
2616:Middlewares/Third_Party/FreeRTOS/Source/tasks.c **** 		{
 2879              		.loc 1 2616 23 is_stmt 0 view .LVU810
 2880 0046 2E4B     		ldr	r3, .L235+20
 2881 0048 1B68     		ldr	r3, [r3]
2616:Middlewares/Third_Party/FreeRTOS/Source/tasks.c **** 		{
 2882              		.loc 1 2616 5 view .LVU811
 2883 004a AB42     		cmp	r3, r5
 2884 004c 38D9     		bls	.L228
 2885              	.LBE158:
2587:Middlewares/Third_Party/FreeRTOS/Source/tasks.c **** 
 2886              		.loc 1 2587 12 view .LVU812
 2887 004e 0027     		movs	r7, #0
 2888              	.LVL194:
 2889              	.L219:
 2890              	.LBB162:
2699:Middlewares/Third_Party/FreeRTOS/Source/tasks.c **** 			{
 2891              		.loc 1 2699 4 is_stmt 1 view .LVU813
2699:Middlewares/Third_Party/FreeRTOS/Source/tasks.c **** 			{
 2892              		.loc 1 2699 8 is_stmt 0 view .LVU814
 2893 0050 2C4B     		ldr	r3, .L235+24
 2894 0052 1B68     		ldr	r3, [r3]
 2895 0054 DB6A     		ldr	r3, [r3, #44]
 2896 0056 03EB8303 		add	r3, r3, r3, lsl #2
 2897 005a 9A00     		lsls	r2, r3, #2
 2898 005c 2A4B     		ldr	r3, .L235+28
 2899 005e 9B58     		ldr	r3, [r3, r2]
2699:Middlewares/Third_Party/FreeRTOS/Source/tasks.c **** 			{
 2900              		.loc 1 2699 6 view .LVU815
 2901 0060 012B     		cmp	r3, #1
 2902 0062 3CD9     		bls	.L226
2701:Middlewares/Third_Party/FreeRTOS/Source/tasks.c **** 			}
 2903              		.loc 1 2701 21 view .LVU816
 2904 0064 0127     		movs	r7, #1
 2905              	.LVL195:
2701:Middlewares/Third_Party/FreeRTOS/Source/tasks.c **** 			}
 2906              		.loc 1 2701 21 view .LVU817
 2907 0066 3AE0     		b	.L226
 2908              	.LVL196:
 2909              	.L229:
2682:Middlewares/Third_Party/FreeRTOS/Source/tasks.c **** 						}
 2910              		.loc 1 2682 24 view .LVU818
ARM GAS  /tmp/ccshf83P.s 			page 156


 2911 0068 0127     		movs	r7, #1
 2912              	.LVL197:
 2913              	.L218:
2618:Middlewares/Third_Party/FreeRTOS/Source/tasks.c **** 			{
 2914              		.loc 1 2618 4 is_stmt 1 view .LVU819
2620:Middlewares/Third_Party/FreeRTOS/Source/tasks.c **** 				{
 2915              		.loc 1 2620 5 view .LVU820
2620:Middlewares/Third_Party/FreeRTOS/Source/tasks.c **** 				{
 2916              		.loc 1 2620 9 is_stmt 0 view .LVU821
 2917 006a 224B     		ldr	r3, .L235+8
 2918 006c 1B68     		ldr	r3, [r3]
 2919 006e 1B68     		ldr	r3, [r3]
2620:Middlewares/Third_Party/FreeRTOS/Source/tasks.c **** 				{
 2920              		.loc 1 2620 48 view .LVU822
 2921 0070 43B3     		cbz	r3, .L233
2636:Middlewares/Third_Party/FreeRTOS/Source/tasks.c **** 					xItemValue = listGET_LIST_ITEM_VALUE( &( pxTCB->xStateListItem ) );
 2922              		.loc 1 2636 6 is_stmt 1 view .LVU823
2636:Middlewares/Third_Party/FreeRTOS/Source/tasks.c **** 					xItemValue = listGET_LIST_ITEM_VALUE( &( pxTCB->xStateListItem ) );
 2923              		.loc 1 2636 26 is_stmt 0 view .LVU824
 2924 0072 204B     		ldr	r3, .L235+8
 2925 0074 1B68     		ldr	r3, [r3]
 2926 0076 DB68     		ldr	r3, [r3, #12]
2636:Middlewares/Third_Party/FreeRTOS/Source/tasks.c **** 					xItemValue = listGET_LIST_ITEM_VALUE( &( pxTCB->xStateListItem ) );
 2927              		.loc 1 2636 12 view .LVU825
 2928 0078 DC68     		ldr	r4, [r3, #12]
 2929              	.LVL198:
2637:Middlewares/Third_Party/FreeRTOS/Source/tasks.c **** 
 2930              		.loc 1 2637 6 is_stmt 1 view .LVU826
2637:Middlewares/Third_Party/FreeRTOS/Source/tasks.c **** 
 2931              		.loc 1 2637 17 is_stmt 0 view .LVU827
 2932 007a 6368     		ldr	r3, [r4, #4]
 2933              	.LVL199:
2639:Middlewares/Third_Party/FreeRTOS/Source/tasks.c **** 					{
 2934              		.loc 1 2639 6 is_stmt 1 view .LVU828
2639:Middlewares/Third_Party/FreeRTOS/Source/tasks.c **** 					{
 2935              		.loc 1 2639 8 is_stmt 0 view .LVU829
 2936 007c 9D42     		cmp	r5, r3
 2937 007e 26D3     		bcc	.L234
2651:Middlewares/Third_Party/FreeRTOS/Source/tasks.c **** 					}
 2938              		.loc 1 2651 31 is_stmt 1 view .LVU830
2655:Middlewares/Third_Party/FreeRTOS/Source/tasks.c **** 
 2939              		.loc 1 2655 6 view .LVU831
2655:Middlewares/Third_Party/FreeRTOS/Source/tasks.c **** 
 2940              		.loc 1 2655 15 is_stmt 0 view .LVU832
 2941 0080 261D     		adds	r6, r4, #4
 2942 0082 3046     		mov	r0, r6
 2943 0084 FFF7FEFF 		bl	uxListRemove
 2944              	.LVL200:
2659:Middlewares/Third_Party/FreeRTOS/Source/tasks.c **** 					{
 2945              		.loc 1 2659 6 is_stmt 1 view .LVU833
2659:Middlewares/Third_Party/FreeRTOS/Source/tasks.c **** 					{
 2946              		.loc 1 2659 10 is_stmt 0 view .LVU834
 2947 0088 A36A     		ldr	r3, [r4, #40]
2659:Middlewares/Third_Party/FreeRTOS/Source/tasks.c **** 					{
 2948              		.loc 1 2659 8 view .LVU835
 2949 008a 1BB1     		cbz	r3, .L222
2661:Middlewares/Third_Party/FreeRTOS/Source/tasks.c **** 					}
ARM GAS  /tmp/ccshf83P.s 			page 157


 2950              		.loc 1 2661 7 is_stmt 1 view .LVU836
2661:Middlewares/Third_Party/FreeRTOS/Source/tasks.c **** 					}
 2951              		.loc 1 2661 16 is_stmt 0 view .LVU837
 2952 008c 04F11800 		add	r0, r4, #24
 2953 0090 FFF7FEFF 		bl	uxListRemove
 2954              	.LVL201:
 2955              	.L222:
2665:Middlewares/Third_Party/FreeRTOS/Source/tasks.c **** 					}
 2956              		.loc 1 2665 31 is_stmt 1 view .LVU838
2670:Middlewares/Third_Party/FreeRTOS/Source/tasks.c **** 
 2957              		.loc 1 2670 6 view .LVU839
2670:Middlewares/Third_Party/FreeRTOS/Source/tasks.c **** 
 2958              		.loc 1 2670 6 view .LVU840
 2959 0094 E36A     		ldr	r3, [r4, #44]
 2960 0096 1D4A     		ldr	r2, .L235+32
 2961 0098 1268     		ldr	r2, [r2]
 2962 009a 9342     		cmp	r3, r2
 2963 009c 01D9     		bls	.L223
2670:Middlewares/Third_Party/FreeRTOS/Source/tasks.c **** 
 2964              		.loc 1 2670 6 discriminator 1 view .LVU841
 2965 009e 1B4A     		ldr	r2, .L235+32
 2966 00a0 1360     		str	r3, [r2]
 2967              	.L223:
2670:Middlewares/Third_Party/FreeRTOS/Source/tasks.c **** 
 2968              		.loc 1 2670 6 discriminator 3 view .LVU842
2670:Middlewares/Third_Party/FreeRTOS/Source/tasks.c **** 
 2969              		.loc 1 2670 6 discriminator 3 view .LVU843
 2970 00a2 03EB8303 		add	r3, r3, r3, lsl #2
 2971 00a6 9A00     		lsls	r2, r3, #2
 2972 00a8 3146     		mov	r1, r6
 2973 00aa 1748     		ldr	r0, .L235+28
 2974 00ac 1044     		add	r0, r0, r2
 2975 00ae FFF7FEFF 		bl	vListInsertEnd
 2976              	.LVL202:
2670:Middlewares/Third_Party/FreeRTOS/Source/tasks.c **** 
 2977              		.loc 1 2670 36 discriminator 1 view .LVU844
2680:Middlewares/Third_Party/FreeRTOS/Source/tasks.c **** 						{
 2978              		.loc 1 2680 7 view .LVU845
2680:Middlewares/Third_Party/FreeRTOS/Source/tasks.c **** 						{
 2979              		.loc 1 2680 16 is_stmt 0 view .LVU846
 2980 00b2 E26A     		ldr	r2, [r4, #44]
2680:Middlewares/Third_Party/FreeRTOS/Source/tasks.c **** 						{
 2981              		.loc 1 2680 44 view .LVU847
 2982 00b4 134B     		ldr	r3, .L235+24
 2983 00b6 1B68     		ldr	r3, [r3]
 2984 00b8 DB6A     		ldr	r3, [r3, #44]
2680:Middlewares/Third_Party/FreeRTOS/Source/tasks.c **** 						{
 2985              		.loc 1 2680 9 view .LVU848
 2986 00ba 9A42     		cmp	r2, r3
 2987 00bc D4D2     		bcs	.L229
 2988 00be D4E7     		b	.L218
 2989              	.LVL203:
 2990              	.L228:
2680:Middlewares/Third_Party/FreeRTOS/Source/tasks.c **** 						{
 2991              		.loc 1 2680 9 view .LVU849
 2992              	.LBE162:
2587:Middlewares/Third_Party/FreeRTOS/Source/tasks.c **** 
ARM GAS  /tmp/ccshf83P.s 			page 158


 2993              		.loc 1 2587 12 view .LVU850
 2994 00c0 0027     		movs	r7, #0
 2995 00c2 D2E7     		b	.L218
 2996              	.LVL204:
 2997              	.L233:
 2998              	.LBB163:
2627:Middlewares/Third_Party/FreeRTOS/Source/tasks.c **** 					break;
 2999              		.loc 1 2627 6 is_stmt 1 view .LVU851
2627:Middlewares/Third_Party/FreeRTOS/Source/tasks.c **** 					break;
 3000              		.loc 1 2627 27 is_stmt 0 view .LVU852
 3001 00c4 0E4B     		ldr	r3, .L235+20
 3002 00c6 4FF0FF32 		mov	r2, #-1
 3003 00ca 1A60     		str	r2, [r3]
2628:Middlewares/Third_Party/FreeRTOS/Source/tasks.c **** 				}
 3004              		.loc 1 2628 6 is_stmt 1 view .LVU853
 3005 00cc C0E7     		b	.L219
 3006              	.LVL205:
 3007              	.L234:
2646:Middlewares/Third_Party/FreeRTOS/Source/tasks.c **** 						break;
 3008              		.loc 1 2646 7 view .LVU854
2646:Middlewares/Third_Party/FreeRTOS/Source/tasks.c **** 						break;
 3009              		.loc 1 2646 28 is_stmt 0 view .LVU855
 3010 00ce 0C4A     		ldr	r2, .L235+20
 3011 00d0 1360     		str	r3, [r2]
2647:Middlewares/Third_Party/FreeRTOS/Source/tasks.c **** 					}
 3012              		.loc 1 2647 7 is_stmt 1 view .LVU856
 3013 00d2 BDE7     		b	.L219
 3014              	.LVL206:
 3015              	.L214:
2647:Middlewares/Third_Party/FreeRTOS/Source/tasks.c **** 					}
 3016              		.loc 1 2647 7 is_stmt 0 view .LVU857
 3017              	.LBE163:
2727:Middlewares/Third_Party/FreeRTOS/Source/tasks.c **** 
 3018              		.loc 1 2727 3 is_stmt 1 view .LVU858
 3019 00d4 0E4A     		ldr	r2, .L235+36
 3020 00d6 1368     		ldr	r3, [r2]
 3021 00d8 0133     		adds	r3, r3, #1
 3022 00da 1360     		str	r3, [r2]
2587:Middlewares/Third_Party/FreeRTOS/Source/tasks.c **** 
 3023              		.loc 1 2587 12 is_stmt 0 view .LVU859
 3024 00dc 0027     		movs	r7, #0
 3025              	.LVL207:
 3026              	.L226:
2740:Middlewares/Third_Party/FreeRTOS/Source/tasks.c **** 		{
 3027              		.loc 1 2740 3 is_stmt 1 view .LVU860
2740:Middlewares/Third_Party/FreeRTOS/Source/tasks.c **** 		{
 3028              		.loc 1 2740 21 is_stmt 0 view .LVU861
 3029 00de 0D4B     		ldr	r3, .L235+40
 3030 00e0 1B68     		ldr	r3, [r3]
2740:Middlewares/Third_Party/FreeRTOS/Source/tasks.c **** 		{
 3031              		.loc 1 2740 5 view .LVU862
 3032 00e2 03B1     		cbz	r3, .L213
2742:Middlewares/Third_Party/FreeRTOS/Source/tasks.c **** 		}
 3033              		.loc 1 2742 20 view .LVU863
 3034 00e4 0127     		movs	r7, #1
 3035              	.LVL208:
2746:Middlewares/Third_Party/FreeRTOS/Source/tasks.c **** 		}
ARM GAS  /tmp/ccshf83P.s 			page 159


 3036              		.loc 1 2746 28 is_stmt 1 view .LVU864
2751:Middlewares/Third_Party/FreeRTOS/Source/tasks.c **** }
 3037              		.loc 1 2751 2 view .LVU865
 3038              	.L213:
2752:Middlewares/Third_Party/FreeRTOS/Source/tasks.c **** /*-----------------------------------------------------------*/
 3039              		.loc 1 2752 1 is_stmt 0 view .LVU866
 3040 00e6 3846     		mov	r0, r7
 3041 00e8 F8BD     		pop	{r3, r4, r5, r6, r7, pc}
 3042              	.L236:
 3043 00ea 00BF     		.align	2
 3044              	.L235:
 3045 00ec 00000000 		.word	uxSchedulerSuspended
 3046 00f0 00000000 		.word	xTickCount
 3047 00f4 00000000 		.word	pxDelayedTaskList
 3048 00f8 00000000 		.word	pxOverflowDelayedTaskList
 3049 00fc 00000000 		.word	xNumOfOverflows
 3050 0100 00000000 		.word	xNextTaskUnblockTime
 3051 0104 00000000 		.word	pxCurrentTCB
 3052 0108 00000000 		.word	pxReadyTasksLists
 3053 010c 00000000 		.word	uxTopReadyPriority
 3054 0110 00000000 		.word	uxPendedTicks
 3055 0114 00000000 		.word	xYieldPending
 3056              		.cfi_endproc
 3057              	.LFE28:
 3059              		.section	.text.xTaskResumeAll,"ax",%progbits
 3060              		.align	1
 3061              		.global	xTaskResumeAll
 3062              		.syntax unified
 3063              		.thumb
 3064              		.thumb_func
 3066              	xTaskResumeAll:
 3067              	.LFB22:
2100:Middlewares/Third_Party/FreeRTOS/Source/tasks.c **** TCB_t *pxTCB = NULL;
 3068              		.loc 1 2100 1 is_stmt 1 view -0
 3069              		.cfi_startproc
 3070              		@ args = 0, pretend = 0, frame = 0
 3071              		@ frame_needed = 0, uses_anonymous_args = 0
 3072 0000 38B5     		push	{r3, r4, r5, lr}
 3073              		.cfi_def_cfa_offset 16
 3074              		.cfi_offset 3, -16
 3075              		.cfi_offset 4, -12
 3076              		.cfi_offset 5, -8
 3077              		.cfi_offset 14, -4
2101:Middlewares/Third_Party/FreeRTOS/Source/tasks.c **** BaseType_t xAlreadyYielded = pdFALSE;
 3078              		.loc 1 2101 1 view .LVU868
 3079              	.LVL209:
2102:Middlewares/Third_Party/FreeRTOS/Source/tasks.c **** 
 3080              		.loc 1 2102 1 view .LVU869
2106:Middlewares/Third_Party/FreeRTOS/Source/tasks.c **** 
 3081              		.loc 1 2106 2 view .LVU870
 3082 0002 354B     		ldr	r3, .L254
 3083 0004 1B68     		ldr	r3, [r3]
 3084 0006 43B9     		cbnz	r3, .L238
2106:Middlewares/Third_Party/FreeRTOS/Source/tasks.c **** 
 3085              		.loc 1 2106 2 discriminator 1 view .LVU871
 3086              	.LBB164:
 3087              	.LBI164:
ARM GAS  /tmp/ccshf83P.s 			page 160


 191:Middlewares/Third_Party/FreeRTOS/Source/portable/GCC/ARM_CM3/portmacro.h **** {
 3088              		.loc 2 191 30 view .LVU872
 3089              	.LBB165:
 193:Middlewares/Third_Party/FreeRTOS/Source/portable/GCC/ARM_CM3/portmacro.h **** 
 3090              		.loc 2 193 1 view .LVU873
 195:Middlewares/Third_Party/FreeRTOS/Source/portable/GCC/ARM_CM3/portmacro.h **** 	(
 3091              		.loc 2 195 2 view .LVU874
 3092              		.syntax unified
 3093              	@ 195 "Middlewares/Third_Party/FreeRTOS/Source/portable/GCC/ARM_CM3/portmacro.h" 1
 3094 0008 4FF05003 			mov r3, #80												
 3095 000c 83F31188 		msr basepri, r3											
 3096 0010 BFF36F8F 		isb														
 3097 0014 BFF34F8F 		dsb														
 3098              	
 3099              	@ 0 "" 2
 3100              		.thumb
 3101              		.syntax unified
 3102              	.L239:
 3103              	.LBE165:
 3104              	.LBE164:
2106:Middlewares/Third_Party/FreeRTOS/Source/tasks.c **** 
 3105              		.loc 1 2106 2 discriminator 3 view .LVU875
2106:Middlewares/Third_Party/FreeRTOS/Source/tasks.c **** 
 3106              		.loc 1 2106 2 discriminator 3 view .LVU876
 3107 0018 FEE7     		b	.L239
 3108              	.L238:
2106:Middlewares/Third_Party/FreeRTOS/Source/tasks.c **** 
 3109              		.loc 1 2106 38 discriminator 2 view .LVU877
2113:Middlewares/Third_Party/FreeRTOS/Source/tasks.c **** 	{
 3110              		.loc 1 2113 2 view .LVU878
 3111 001a FFF7FEFF 		bl	vPortEnterCritical
 3112              	.LVL210:
2115:Middlewares/Third_Party/FreeRTOS/Source/tasks.c **** 
 3113              		.loc 1 2115 3 view .LVU879
 3114 001e 2E4B     		ldr	r3, .L254
 3115 0020 1A68     		ldr	r2, [r3]
 3116 0022 013A     		subs	r2, r2, #1
 3117 0024 1A60     		str	r2, [r3]
2117:Middlewares/Third_Party/FreeRTOS/Source/tasks.c **** 		{
 3118              		.loc 1 2117 3 view .LVU880
2117:Middlewares/Third_Party/FreeRTOS/Source/tasks.c **** 		{
 3119              		.loc 1 2117 28 is_stmt 0 view .LVU881
 3120 0026 1B68     		ldr	r3, [r3]
2117:Middlewares/Third_Party/FreeRTOS/Source/tasks.c **** 		{
 3121              		.loc 1 2117 5 view .LVU882
 3122 0028 002B     		cmp	r3, #0
 3123 002a 4FD1     		bne	.L249
2119:Middlewares/Third_Party/FreeRTOS/Source/tasks.c **** 			{
 3124              		.loc 1 2119 4 is_stmt 1 view .LVU883
2119:Middlewares/Third_Party/FreeRTOS/Source/tasks.c **** 			{
 3125              		.loc 1 2119 31 is_stmt 0 view .LVU884
 3126 002c 2B4B     		ldr	r3, .L254+4
 3127 002e 1B68     		ldr	r3, [r3]
2119:Middlewares/Third_Party/FreeRTOS/Source/tasks.c **** 			{
 3128              		.loc 1 2119 6 view .LVU885
 3129 0030 0BB9     		cbnz	r3, .L250
2102:Middlewares/Third_Party/FreeRTOS/Source/tasks.c **** 
ARM GAS  /tmp/ccshf83P.s 			page 161


 3130              		.loc 1 2102 12 view .LVU886
 3131 0032 0024     		movs	r4, #0
 3132 0034 4BE0     		b	.L240
 3133              	.L250:
2101:Middlewares/Third_Party/FreeRTOS/Source/tasks.c **** BaseType_t xAlreadyYielded = pdFALSE;
 3134              		.loc 1 2101 8 view .LVU887
 3135 0036 0024     		movs	r4, #0
 3136              	.LVL211:
 3137              	.L241:
2138:Middlewares/Third_Party/FreeRTOS/Source/tasks.c **** 					}
 3138              		.loc 1 2138 31 is_stmt 1 view .LVU888
2123:Middlewares/Third_Party/FreeRTOS/Source/tasks.c **** 				{
 3139              		.loc 1 2123 52 view .LVU889
2123:Middlewares/Third_Party/FreeRTOS/Source/tasks.c **** 				{
 3140              		.loc 1 2123 12 is_stmt 0 view .LVU890
 3141 0038 294B     		ldr	r3, .L254+8
 3142 003a 1B68     		ldr	r3, [r3]
2123:Middlewares/Third_Party/FreeRTOS/Source/tasks.c **** 				{
 3143              		.loc 1 2123 52 view .LVU891
 3144 003c 1BB3     		cbz	r3, .L252
2125:Middlewares/Third_Party/FreeRTOS/Source/tasks.c **** 					( void ) uxListRemove( &( pxTCB->xEventListItem ) );
 3145              		.loc 1 2125 6 is_stmt 1 view .LVU892
2125:Middlewares/Third_Party/FreeRTOS/Source/tasks.c **** 					( void ) uxListRemove( &( pxTCB->xEventListItem ) );
 3146              		.loc 1 2125 26 is_stmt 0 view .LVU893
 3147 003e 284B     		ldr	r3, .L254+8
 3148 0040 DB68     		ldr	r3, [r3, #12]
2125:Middlewares/Third_Party/FreeRTOS/Source/tasks.c **** 					( void ) uxListRemove( &( pxTCB->xEventListItem ) );
 3149              		.loc 1 2125 12 view .LVU894
 3150 0042 DC68     		ldr	r4, [r3, #12]
 3151              	.LVL212:
2126:Middlewares/Third_Party/FreeRTOS/Source/tasks.c **** 					( void ) uxListRemove( &( pxTCB->xStateListItem ) );
 3152              		.loc 1 2126 6 is_stmt 1 view .LVU895
2126:Middlewares/Third_Party/FreeRTOS/Source/tasks.c **** 					( void ) uxListRemove( &( pxTCB->xStateListItem ) );
 3153              		.loc 1 2126 15 is_stmt 0 view .LVU896
 3154 0044 04F11800 		add	r0, r4, #24
 3155 0048 FFF7FEFF 		bl	uxListRemove
 3156              	.LVL213:
2127:Middlewares/Third_Party/FreeRTOS/Source/tasks.c **** 					prvAddTaskToReadyList( pxTCB );
 3157              		.loc 1 2127 6 is_stmt 1 view .LVU897
2127:Middlewares/Third_Party/FreeRTOS/Source/tasks.c **** 					prvAddTaskToReadyList( pxTCB );
 3158              		.loc 1 2127 15 is_stmt 0 view .LVU898
 3159 004c 251D     		adds	r5, r4, #4
 3160 004e 2846     		mov	r0, r5
 3161 0050 FFF7FEFF 		bl	uxListRemove
 3162              	.LVL214:
2128:Middlewares/Third_Party/FreeRTOS/Source/tasks.c **** 
 3163              		.loc 1 2128 6 is_stmt 1 view .LVU899
2128:Middlewares/Third_Party/FreeRTOS/Source/tasks.c **** 
 3164              		.loc 1 2128 6 view .LVU900
 3165 0054 E06A     		ldr	r0, [r4, #44]
 3166 0056 234B     		ldr	r3, .L254+12
 3167 0058 1B68     		ldr	r3, [r3]
 3168 005a 9842     		cmp	r0, r3
 3169 005c 01D9     		bls	.L242
2128:Middlewares/Third_Party/FreeRTOS/Source/tasks.c **** 
 3170              		.loc 1 2128 6 discriminator 1 view .LVU901
 3171 005e 214B     		ldr	r3, .L254+12
ARM GAS  /tmp/ccshf83P.s 			page 162


 3172 0060 1860     		str	r0, [r3]
 3173              	.L242:
2128:Middlewares/Third_Party/FreeRTOS/Source/tasks.c **** 
 3174              		.loc 1 2128 6 discriminator 3 view .LVU902
2128:Middlewares/Third_Party/FreeRTOS/Source/tasks.c **** 
 3175              		.loc 1 2128 6 discriminator 3 view .LVU903
 3176 0062 00EB8000 		add	r0, r0, r0, lsl #2
 3177 0066 2946     		mov	r1, r5
 3178 0068 1F4B     		ldr	r3, .L254+16
 3179 006a 03EB8000 		add	r0, r3, r0, lsl #2
 3180 006e FFF7FEFF 		bl	vListInsertEnd
 3181              	.LVL215:
2128:Middlewares/Third_Party/FreeRTOS/Source/tasks.c **** 
 3182              		.loc 1 2128 36 discriminator 1 view .LVU904
2132:Middlewares/Third_Party/FreeRTOS/Source/tasks.c **** 					{
 3183              		.loc 1 2132 6 view .LVU905
2132:Middlewares/Third_Party/FreeRTOS/Source/tasks.c **** 					{
 3184              		.loc 1 2132 15 is_stmt 0 view .LVU906
 3185 0072 E26A     		ldr	r2, [r4, #44]
2132:Middlewares/Third_Party/FreeRTOS/Source/tasks.c **** 					{
 3186              		.loc 1 2132 43 view .LVU907
 3187 0074 1D4B     		ldr	r3, .L254+20
 3188 0076 1B68     		ldr	r3, [r3]
 3189 0078 DB6A     		ldr	r3, [r3, #44]
2132:Middlewares/Third_Party/FreeRTOS/Source/tasks.c **** 					{
 3190              		.loc 1 2132 8 view .LVU908
 3191 007a 9A42     		cmp	r2, r3
 3192 007c DCD3     		bcc	.L241
2134:Middlewares/Third_Party/FreeRTOS/Source/tasks.c **** 					}
 3193              		.loc 1 2134 7 is_stmt 1 view .LVU909
2134:Middlewares/Third_Party/FreeRTOS/Source/tasks.c **** 					}
 3194              		.loc 1 2134 21 is_stmt 0 view .LVU910
 3195 007e 1C4B     		ldr	r3, .L254+24
 3196 0080 0122     		movs	r2, #1
 3197 0082 1A60     		str	r2, [r3]
 3198 0084 D8E7     		b	.L241
 3199              	.L252:
2142:Middlewares/Third_Party/FreeRTOS/Source/tasks.c **** 				{
 3200              		.loc 1 2142 5 is_stmt 1 view .LVU911
2142:Middlewares/Third_Party/FreeRTOS/Source/tasks.c **** 				{
 3201              		.loc 1 2142 7 is_stmt 0 view .LVU912
 3202 0086 0CB1     		cbz	r4, .L245
2150:Middlewares/Third_Party/FreeRTOS/Source/tasks.c **** 				}
 3203              		.loc 1 2150 6 is_stmt 1 view .LVU913
 3204 0088 FFF7FEFF 		bl	prvResetNextTaskUnblockTime
 3205              	.LVL216:
 3206              	.L245:
 3207              	.LBB166:
2158:Middlewares/Third_Party/FreeRTOS/Source/tasks.c **** 
 3208              		.loc 1 2158 6 view .LVU914
2158:Middlewares/Third_Party/FreeRTOS/Source/tasks.c **** 
 3209              		.loc 1 2158 18 is_stmt 0 view .LVU915
 3210 008c 194B     		ldr	r3, .L254+28
 3211 008e 1C68     		ldr	r4, [r3]
 3212              	.LVL217:
2160:Middlewares/Third_Party/FreeRTOS/Source/tasks.c **** 					{
 3213              		.loc 1 2160 6 is_stmt 1 view .LVU916
ARM GAS  /tmp/ccshf83P.s 			page 163


2160:Middlewares/Third_Party/FreeRTOS/Source/tasks.c **** 					{
 3214              		.loc 1 2160 8 is_stmt 0 view .LVU917
 3215 0090 84B9     		cbnz	r4, .L248
 3216              	.L246:
2179:Middlewares/Third_Party/FreeRTOS/Source/tasks.c **** 					}
 3217              		.loc 1 2179 31 is_stmt 1 view .LVU918
 3218              	.LBE166:
2183:Middlewares/Third_Party/FreeRTOS/Source/tasks.c **** 				{
 3219              		.loc 1 2183 5 view .LVU919
2183:Middlewares/Third_Party/FreeRTOS/Source/tasks.c **** 				{
 3220              		.loc 1 2183 23 is_stmt 0 view .LVU920
 3221 0092 174B     		ldr	r3, .L254+24
 3222 0094 1C68     		ldr	r4, [r3]
 3223              	.LVL218:
2183:Middlewares/Third_Party/FreeRTOS/Source/tasks.c **** 				{
 3224              		.loc 1 2183 7 view .LVU921
 3225 0096 D4B1     		cbz	r4, .L240
2187:Middlewares/Third_Party/FreeRTOS/Source/tasks.c **** 					}
 3226              		.loc 1 2187 7 is_stmt 1 view .LVU922
 3227              	.LVL219:
2190:Middlewares/Third_Party/FreeRTOS/Source/tasks.c **** 				}
 3228              		.loc 1 2190 6 view .LVU923
 3229 0098 4FF0E023 		mov	r3, #-536813568
 3230 009c 4FF08052 		mov	r2, #268435456
 3231 00a0 C3F8042D 		str	r2, [r3, #3332]
2190:Middlewares/Third_Party/FreeRTOS/Source/tasks.c **** 				}
 3232              		.loc 1 2190 6 view .LVU924
 3233              		.syntax unified
 3234              	@ 2190 "Middlewares/Third_Party/FreeRTOS/Source/tasks.c" 1
 3235 00a4 BFF34F8F 		dsb
 3236              	@ 0 "" 2
2190:Middlewares/Third_Party/FreeRTOS/Source/tasks.c **** 				}
 3237              		.loc 1 2190 6 view .LVU925
 3238              	@ 2190 "Middlewares/Third_Party/FreeRTOS/Source/tasks.c" 1
 3239 00a8 BFF36F8F 		isb
 3240              	@ 0 "" 2
2190:Middlewares/Third_Party/FreeRTOS/Source/tasks.c **** 				}
 3241              		.loc 1 2190 37 view .LVU926
2187:Middlewares/Third_Party/FreeRTOS/Source/tasks.c **** 					}
 3242              		.loc 1 2187 23 is_stmt 0 view .LVU927
 3243              		.thumb
 3244              		.syntax unified
 3245 00ac 0124     		movs	r4, #1
 3246 00ae 0EE0     		b	.L240
 3247              	.LVL220:
 3248              	.L247:
 3249              	.LBB167:
2170:Middlewares/Third_Party/FreeRTOS/Source/tasks.c **** 							}
 3250              		.loc 1 2170 33 is_stmt 1 view .LVU928
2172:Middlewares/Third_Party/FreeRTOS/Source/tasks.c **** 						} while( uxPendedCounts > ( UBaseType_t ) 0U );
 3251              		.loc 1 2172 8 view .LVU929
2173:Middlewares/Third_Party/FreeRTOS/Source/tasks.c **** 
 3252              		.loc 1 2173 31 view .LVU930
 3253 00b0 013C     		subs	r4, r4, #1
 3254              	.LVL221:
2173:Middlewares/Third_Party/FreeRTOS/Source/tasks.c **** 
 3255              		.loc 1 2173 31 is_stmt 0 view .LVU931
ARM GAS  /tmp/ccshf83P.s 			page 164


 3256 00b2 07D0     		beq	.L253
 3257              	.L248:
2162:Middlewares/Third_Party/FreeRTOS/Source/tasks.c **** 						{
 3258              		.loc 1 2162 7 is_stmt 1 view .LVU932
2164:Middlewares/Third_Party/FreeRTOS/Source/tasks.c **** 							{
 3259              		.loc 1 2164 8 view .LVU933
2164:Middlewares/Third_Party/FreeRTOS/Source/tasks.c **** 							{
 3260              		.loc 1 2164 12 is_stmt 0 view .LVU934
 3261 00b4 FFF7FEFF 		bl	xTaskIncrementTick
 3262              	.LVL222:
2164:Middlewares/Third_Party/FreeRTOS/Source/tasks.c **** 							{
 3263              		.loc 1 2164 10 discriminator 1 view .LVU935
 3264 00b8 0028     		cmp	r0, #0
 3265 00ba F9D0     		beq	.L247
2166:Middlewares/Third_Party/FreeRTOS/Source/tasks.c **** 							}
 3266              		.loc 1 2166 9 is_stmt 1 view .LVU936
2166:Middlewares/Third_Party/FreeRTOS/Source/tasks.c **** 							}
 3267              		.loc 1 2166 23 is_stmt 0 view .LVU937
 3268 00bc 0C4B     		ldr	r3, .L254+24
 3269 00be 0122     		movs	r2, #1
 3270 00c0 1A60     		str	r2, [r3]
 3271 00c2 F5E7     		b	.L247
 3272              	.L253:
2175:Middlewares/Third_Party/FreeRTOS/Source/tasks.c **** 					}
 3273              		.loc 1 2175 7 is_stmt 1 view .LVU938
2175:Middlewares/Third_Party/FreeRTOS/Source/tasks.c **** 					}
 3274              		.loc 1 2175 21 is_stmt 0 view .LVU939
 3275 00c4 0B4B     		ldr	r3, .L254+28
 3276 00c6 0022     		movs	r2, #0
 3277 00c8 1A60     		str	r2, [r3]
 3278 00ca E2E7     		b	.L246
 3279              	.LVL223:
 3280              	.L249:
2175:Middlewares/Third_Party/FreeRTOS/Source/tasks.c **** 					}
 3281              		.loc 1 2175 21 view .LVU940
 3282              	.LBE167:
2102:Middlewares/Third_Party/FreeRTOS/Source/tasks.c **** 
 3283              		.loc 1 2102 12 view .LVU941
 3284 00cc 0024     		movs	r4, #0
 3285              	.LVL224:
 3286              	.L240:
2200:Middlewares/Third_Party/FreeRTOS/Source/tasks.c **** 		}
 3287              		.loc 1 2200 28 is_stmt 1 view .LVU942
2203:Middlewares/Third_Party/FreeRTOS/Source/tasks.c **** 
 3288              		.loc 1 2203 2 view .LVU943
 3289 00ce FFF7FEFF 		bl	vPortExitCritical
 3290              	.LVL225:
2205:Middlewares/Third_Party/FreeRTOS/Source/tasks.c **** }
 3291              		.loc 1 2205 2 view .LVU944
2206:Middlewares/Third_Party/FreeRTOS/Source/tasks.c **** /*-----------------------------------------------------------*/
 3292              		.loc 1 2206 1 is_stmt 0 view .LVU945
 3293 00d2 2046     		mov	r0, r4
 3294 00d4 38BD     		pop	{r3, r4, r5, pc}
 3295              	.LVL226:
 3296              	.L255:
2206:Middlewares/Third_Party/FreeRTOS/Source/tasks.c **** /*-----------------------------------------------------------*/
 3297              		.loc 1 2206 1 view .LVU946
ARM GAS  /tmp/ccshf83P.s 			page 165


 3298 00d6 00BF     		.align	2
 3299              	.L254:
 3300 00d8 00000000 		.word	uxSchedulerSuspended
 3301 00dc 00000000 		.word	uxCurrentNumberOfTasks
 3302 00e0 00000000 		.word	xPendingReadyList
 3303 00e4 00000000 		.word	uxTopReadyPriority
 3304 00e8 00000000 		.word	pxReadyTasksLists
 3305 00ec 00000000 		.word	pxCurrentTCB
 3306 00f0 00000000 		.word	xYieldPending
 3307 00f4 00000000 		.word	uxPendedTicks
 3308              		.cfi_endproc
 3309              	.LFE22:
 3311              		.section	.text.vTaskDelayUntil,"ax",%progbits
 3312              		.align	1
 3313              		.global	vTaskDelayUntil
 3314              		.syntax unified
 3315              		.thumb
 3316              		.thumb_func
 3318              	vTaskDelayUntil:
 3319              	.LVL227:
 3320              	.LFB9:
1199:Middlewares/Third_Party/FreeRTOS/Source/tasks.c **** 	TickType_t xTimeToWake;
 3321              		.loc 1 1199 2 is_stmt 1 view -0
 3322              		.cfi_startproc
 3323              		@ args = 0, pretend = 0, frame = 0
 3324              		@ frame_needed = 0, uses_anonymous_args = 0
1199:Middlewares/Third_Party/FreeRTOS/Source/tasks.c **** 	TickType_t xTimeToWake;
 3325              		.loc 1 1199 2 is_stmt 0 view .LVU948
 3326 0000 38B5     		push	{r3, r4, r5, lr}
 3327              		.cfi_def_cfa_offset 16
 3328              		.cfi_offset 3, -16
 3329              		.cfi_offset 4, -12
 3330              		.cfi_offset 5, -8
 3331              		.cfi_offset 14, -4
1200:Middlewares/Third_Party/FreeRTOS/Source/tasks.c **** 	BaseType_t xAlreadyYielded, xShouldDelay = pdFALSE;
 3332              		.loc 1 1200 2 is_stmt 1 view .LVU949
1201:Middlewares/Third_Party/FreeRTOS/Source/tasks.c **** 
 3333              		.loc 1 1201 2 view .LVU950
 3334              	.LVL228:
1203:Middlewares/Third_Party/FreeRTOS/Source/tasks.c **** 		configASSERT( ( xTimeIncrement > 0U ) );
 3335              		.loc 1 1203 3 view .LVU951
 3336 0002 58B1     		cbz	r0, .L272
 3337 0004 0C46     		mov	r4, r1
 3338 0006 0546     		mov	r5, r0
1203:Middlewares/Third_Party/FreeRTOS/Source/tasks.c **** 		configASSERT( ( xTimeIncrement > 0U ) );
 3339              		.loc 1 1203 37 discriminator 2 view .LVU952
1204:Middlewares/Third_Party/FreeRTOS/Source/tasks.c **** 		configASSERT( uxSchedulerSuspended == 0 );
 3340              		.loc 1 1204 3 view .LVU953
 3341 0008 89B9     		cbnz	r1, .L259
1204:Middlewares/Third_Party/FreeRTOS/Source/tasks.c **** 		configASSERT( uxSchedulerSuspended == 0 );
 3342              		.loc 1 1204 3 discriminator 1 view .LVU954
 3343              	.LBB168:
 3344              	.LBI168:
 191:Middlewares/Third_Party/FreeRTOS/Source/portable/GCC/ARM_CM3/portmacro.h **** {
 3345              		.loc 2 191 30 view .LVU955
 3346              	.LBB169:
 193:Middlewares/Third_Party/FreeRTOS/Source/portable/GCC/ARM_CM3/portmacro.h **** 
ARM GAS  /tmp/ccshf83P.s 			page 166


 3347              		.loc 2 193 1 view .LVU956
 195:Middlewares/Third_Party/FreeRTOS/Source/portable/GCC/ARM_CM3/portmacro.h **** 	(
 3348              		.loc 2 195 2 view .LVU957
 3349              		.syntax unified
 3350              	@ 195 "Middlewares/Third_Party/FreeRTOS/Source/portable/GCC/ARM_CM3/portmacro.h" 1
 3351 000a 4FF05003 			mov r3, #80												
 3352 000e 83F31188 		msr basepri, r3											
 3353 0012 BFF36F8F 		isb														
 3354 0016 BFF34F8F 		dsb														
 3355              	
 3356              	@ 0 "" 2
 3357              		.thumb
 3358              		.syntax unified
 3359              	.L260:
 3360              	.LBE169:
 3361              	.LBE168:
1204:Middlewares/Third_Party/FreeRTOS/Source/tasks.c **** 		configASSERT( uxSchedulerSuspended == 0 );
 3362              		.loc 1 1204 3 discriminator 3 view .LVU958
1204:Middlewares/Third_Party/FreeRTOS/Source/tasks.c **** 		configASSERT( uxSchedulerSuspended == 0 );
 3363              		.loc 1 1204 3 discriminator 3 view .LVU959
 3364 001a FEE7     		b	.L260
 3365              	.L272:
1203:Middlewares/Third_Party/FreeRTOS/Source/tasks.c **** 		configASSERT( ( xTimeIncrement > 0U ) );
 3366              		.loc 1 1203 3 discriminator 1 view .LVU960
 3367              	.LBB170:
 3368              	.LBI170:
 191:Middlewares/Third_Party/FreeRTOS/Source/portable/GCC/ARM_CM3/portmacro.h **** {
 3369              		.loc 2 191 30 view .LVU961
 3370              	.LBB171:
 193:Middlewares/Third_Party/FreeRTOS/Source/portable/GCC/ARM_CM3/portmacro.h **** 
 3371              		.loc 2 193 1 view .LVU962
 195:Middlewares/Third_Party/FreeRTOS/Source/portable/GCC/ARM_CM3/portmacro.h **** 	(
 3372              		.loc 2 195 2 view .LVU963
 3373              		.syntax unified
 3374              	@ 195 "Middlewares/Third_Party/FreeRTOS/Source/portable/GCC/ARM_CM3/portmacro.h" 1
 3375 001c 4FF05003 			mov r3, #80												
 3376 0020 83F31188 		msr basepri, r3											
 3377 0024 BFF36F8F 		isb														
 3378 0028 BFF34F8F 		dsb														
 3379              	
 3380              	@ 0 "" 2
 3381              		.thumb
 3382              		.syntax unified
 3383              	.L258:
 3384              	.LBE171:
 3385              	.LBE170:
1203:Middlewares/Third_Party/FreeRTOS/Source/tasks.c **** 		configASSERT( ( xTimeIncrement > 0U ) );
 3386              		.loc 1 1203 3 discriminator 3 view .LVU964
1203:Middlewares/Third_Party/FreeRTOS/Source/tasks.c **** 		configASSERT( ( xTimeIncrement > 0U ) );
 3387              		.loc 1 1203 3 discriminator 3 view .LVU965
 3388 002c FEE7     		b	.L258
 3389              	.L259:
1204:Middlewares/Third_Party/FreeRTOS/Source/tasks.c **** 		configASSERT( uxSchedulerSuspended == 0 );
 3390              		.loc 1 1204 42 discriminator 2 view .LVU966
1205:Middlewares/Third_Party/FreeRTOS/Source/tasks.c **** 
 3391              		.loc 1 1205 3 view .LVU967
 3392 002e 1B4B     		ldr	r3, .L273
ARM GAS  /tmp/ccshf83P.s 			page 167


 3393 0030 1B68     		ldr	r3, [r3]
 3394 0032 43B1     		cbz	r3, .L261
1205:Middlewares/Third_Party/FreeRTOS/Source/tasks.c **** 
 3395              		.loc 1 1205 3 discriminator 1 view .LVU968
 3396              	.LBB172:
 3397              	.LBI172:
 191:Middlewares/Third_Party/FreeRTOS/Source/portable/GCC/ARM_CM3/portmacro.h **** {
 3398              		.loc 2 191 30 view .LVU969
 3399              	.LBB173:
 193:Middlewares/Third_Party/FreeRTOS/Source/portable/GCC/ARM_CM3/portmacro.h **** 
 3400              		.loc 2 193 1 view .LVU970
 195:Middlewares/Third_Party/FreeRTOS/Source/portable/GCC/ARM_CM3/portmacro.h **** 	(
 3401              		.loc 2 195 2 view .LVU971
 3402              		.syntax unified
 3403              	@ 195 "Middlewares/Third_Party/FreeRTOS/Source/portable/GCC/ARM_CM3/portmacro.h" 1
 3404 0034 4FF05003 			mov r3, #80												
 3405 0038 83F31188 		msr basepri, r3											
 3406 003c BFF36F8F 		isb														
 3407 0040 BFF34F8F 		dsb														
 3408              	
 3409              	@ 0 "" 2
 3410              		.thumb
 3411              		.syntax unified
 3412              	.L262:
 3413              	.LBE173:
 3414              	.LBE172:
1205:Middlewares/Third_Party/FreeRTOS/Source/tasks.c **** 
 3415              		.loc 1 1205 3 discriminator 3 view .LVU972
1205:Middlewares/Third_Party/FreeRTOS/Source/tasks.c **** 
 3416              		.loc 1 1205 3 discriminator 3 view .LVU973
 3417 0044 FEE7     		b	.L262
 3418              	.L261:
1205:Middlewares/Third_Party/FreeRTOS/Source/tasks.c **** 
 3419              		.loc 1 1205 44 discriminator 2 view .LVU974
1207:Middlewares/Third_Party/FreeRTOS/Source/tasks.c **** 		{
 3420              		.loc 1 1207 3 view .LVU975
 3421 0046 FFF7FEFF 		bl	vTaskSuspendAll
 3422              	.LVL229:
 3423              	.LBB174:
1211:Middlewares/Third_Party/FreeRTOS/Source/tasks.c **** 
 3424              		.loc 1 1211 4 view .LVU976
1211:Middlewares/Third_Party/FreeRTOS/Source/tasks.c **** 
 3425              		.loc 1 1211 21 is_stmt 0 view .LVU977
 3426 004a 154B     		ldr	r3, .L273+4
 3427 004c 1868     		ldr	r0, [r3]
 3428              	.LVL230:
1214:Middlewares/Third_Party/FreeRTOS/Source/tasks.c **** 
 3429              		.loc 1 1214 4 is_stmt 1 view .LVU978
1214:Middlewares/Third_Party/FreeRTOS/Source/tasks.c **** 
 3430              		.loc 1 1214 18 is_stmt 0 view .LVU979
 3431 004e 2B68     		ldr	r3, [r5]
1214:Middlewares/Third_Party/FreeRTOS/Source/tasks.c **** 
 3432              		.loc 1 1214 16 view .LVU980
 3433 0050 1C44     		add	r4, r4, r3
 3434              	.LVL231:
1216:Middlewares/Third_Party/FreeRTOS/Source/tasks.c **** 			{
 3435              		.loc 1 1216 4 is_stmt 1 view .LVU981
ARM GAS  /tmp/ccshf83P.s 			page 168


1216:Middlewares/Third_Party/FreeRTOS/Source/tasks.c **** 			{
 3436              		.loc 1 1216 6 is_stmt 0 view .LVU982
 3437 0052 8342     		cmp	r3, r0
 3438 0054 09D9     		bls	.L263
1223:Middlewares/Third_Party/FreeRTOS/Source/tasks.c **** 				{
 3439              		.loc 1 1223 5 is_stmt 1 view .LVU983
1223:Middlewares/Third_Party/FreeRTOS/Source/tasks.c **** 				{
 3440              		.loc 1 1223 7 is_stmt 0 view .LVU984
 3441 0056 A342     		cmp	r3, r4
 3442 0058 01D8     		bhi	.L264
1248:Middlewares/Third_Party/FreeRTOS/Source/tasks.c **** 
 3443              		.loc 1 1248 4 is_stmt 1 view .LVU985
1248:Middlewares/Third_Party/FreeRTOS/Source/tasks.c **** 
 3444              		.loc 1 1248 24 is_stmt 0 view .LVU986
 3445 005a 2C60     		str	r4, [r5]
1250:Middlewares/Third_Party/FreeRTOS/Source/tasks.c **** 			{
 3446              		.loc 1 1250 4 is_stmt 1 view .LVU987
 3447 005c 0EE0     		b	.L265
 3448              	.L264:
1223:Middlewares/Third_Party/FreeRTOS/Source/tasks.c **** 				{
 3449              		.loc 1 1223 47 is_stmt 0 discriminator 1 view .LVU988
 3450 005e A042     		cmp	r0, r4
 3451 0060 01D3     		bcc	.L266
1248:Middlewares/Third_Party/FreeRTOS/Source/tasks.c **** 
 3452              		.loc 1 1248 4 is_stmt 1 view .LVU989
1248:Middlewares/Third_Party/FreeRTOS/Source/tasks.c **** 
 3453              		.loc 1 1248 24 is_stmt 0 view .LVU990
 3454 0062 2C60     		str	r4, [r5]
1250:Middlewares/Third_Party/FreeRTOS/Source/tasks.c **** 			{
 3455              		.loc 1 1250 4 is_stmt 1 view .LVU991
 3456 0064 0AE0     		b	.L265
 3457              	.L266:
1225:Middlewares/Third_Party/FreeRTOS/Source/tasks.c **** 				}
 3458              		.loc 1 1225 6 view .LVU992
 3459              	.LVL232:
1248:Middlewares/Third_Party/FreeRTOS/Source/tasks.c **** 
 3460              		.loc 1 1248 4 view .LVU993
1248:Middlewares/Third_Party/FreeRTOS/Source/tasks.c **** 
 3461              		.loc 1 1248 24 is_stmt 0 view .LVU994
 3462 0066 2C60     		str	r4, [r5]
1250:Middlewares/Third_Party/FreeRTOS/Source/tasks.c **** 			{
 3463              		.loc 1 1250 4 is_stmt 1 view .LVU995
 3464 0068 04E0     		b	.L267
 3465              	.LVL233:
 3466              	.L263:
1237:Middlewares/Third_Party/FreeRTOS/Source/tasks.c **** 				{
 3467              		.loc 1 1237 5 view .LVU996
1237:Middlewares/Third_Party/FreeRTOS/Source/tasks.c **** 				{
 3468              		.loc 1 1237 7 is_stmt 0 view .LVU997
 3469 006a A342     		cmp	r3, r4
 3470 006c 01D8     		bhi	.L268
1237:Middlewares/Third_Party/FreeRTOS/Source/tasks.c **** 				{
 3471              		.loc 1 1237 47 discriminator 1 view .LVU998
 3472 006e A042     		cmp	r0, r4
 3473 0070 12D2     		bcs	.L269
 3474              	.L268:
1239:Middlewares/Third_Party/FreeRTOS/Source/tasks.c **** 				}
ARM GAS  /tmp/ccshf83P.s 			page 169


 3475              		.loc 1 1239 6 is_stmt 1 view .LVU999
 3476              	.LVL234:
1248:Middlewares/Third_Party/FreeRTOS/Source/tasks.c **** 
 3477              		.loc 1 1248 4 view .LVU1000
1248:Middlewares/Third_Party/FreeRTOS/Source/tasks.c **** 
 3478              		.loc 1 1248 24 is_stmt 0 view .LVU1001
 3479 0072 2C60     		str	r4, [r5]
1250:Middlewares/Third_Party/FreeRTOS/Source/tasks.c **** 			{
 3480              		.loc 1 1250 4 is_stmt 1 view .LVU1002
 3481              	.L267:
1252:Middlewares/Third_Party/FreeRTOS/Source/tasks.c **** 
 3482              		.loc 1 1252 41 view .LVU1003
1256:Middlewares/Third_Party/FreeRTOS/Source/tasks.c **** 			}
 3483              		.loc 1 1256 5 view .LVU1004
 3484 0074 0021     		movs	r1, #0
 3485 0076 201A     		subs	r0, r4, r0
 3486              	.LVL235:
1256:Middlewares/Third_Party/FreeRTOS/Source/tasks.c **** 			}
 3487              		.loc 1 1256 5 is_stmt 0 view .LVU1005
 3488 0078 FFF7FEFF 		bl	prvAddCurrentTaskToDelayedList
 3489              	.LVL236:
 3490              	.L265:
1260:Middlewares/Third_Party/FreeRTOS/Source/tasks.c **** 			}
 3491              		.loc 1 1260 29 is_stmt 1 view .LVU1006
 3492              	.LBE174:
1263:Middlewares/Third_Party/FreeRTOS/Source/tasks.c **** 
 3493              		.loc 1 1263 3 view .LVU1007
1263:Middlewares/Third_Party/FreeRTOS/Source/tasks.c **** 
 3494              		.loc 1 1263 21 is_stmt 0 view .LVU1008
 3495 007c FFF7FEFF 		bl	xTaskResumeAll
 3496              	.LVL237:
1267:Middlewares/Third_Party/FreeRTOS/Source/tasks.c **** 		{
 3497              		.loc 1 1267 3 is_stmt 1 view .LVU1009
1267:Middlewares/Third_Party/FreeRTOS/Source/tasks.c **** 		{
 3498              		.loc 1 1267 5 is_stmt 0 view .LVU1010
 3499 0080 48B9     		cbnz	r0, .L256
1269:Middlewares/Third_Party/FreeRTOS/Source/tasks.c **** 		}
 3500              		.loc 1 1269 4 is_stmt 1 view .LVU1011
 3501 0082 4FF0E023 		mov	r3, #-536813568
 3502 0086 4FF08052 		mov	r2, #268435456
 3503 008a C3F8042D 		str	r2, [r3, #3332]
1269:Middlewares/Third_Party/FreeRTOS/Source/tasks.c **** 		}
 3504              		.loc 1 1269 4 view .LVU1012
 3505              		.syntax unified
 3506              	@ 1269 "Middlewares/Third_Party/FreeRTOS/Source/tasks.c" 1
 3507 008e BFF34F8F 		dsb
 3508              	@ 0 "" 2
1269:Middlewares/Third_Party/FreeRTOS/Source/tasks.c **** 		}
 3509              		.loc 1 1269 4 view .LVU1013
 3510              	@ 1269 "Middlewares/Third_Party/FreeRTOS/Source/tasks.c" 1
 3511 0092 BFF36F8F 		isb
 3512              	@ 0 "" 2
1269:Middlewares/Third_Party/FreeRTOS/Source/tasks.c **** 		}
 3513              		.loc 1 1269 26 view .LVU1014
1273:Middlewares/Third_Party/FreeRTOS/Source/tasks.c **** 		}
 3514              		.loc 1 1273 28 view .LVU1015
 3515              		.thumb
ARM GAS  /tmp/ccshf83P.s 			page 170


 3516              		.syntax unified
 3517              	.L256:
1275:Middlewares/Third_Party/FreeRTOS/Source/tasks.c **** 
 3518              		.loc 1 1275 2 is_stmt 0 view .LVU1016
 3519 0096 38BD     		pop	{r3, r4, r5, pc}
 3520              	.LVL238:
 3521              	.L269:
 3522              	.LBB175:
1248:Middlewares/Third_Party/FreeRTOS/Source/tasks.c **** 
 3523              		.loc 1 1248 4 is_stmt 1 view .LVU1017
1248:Middlewares/Third_Party/FreeRTOS/Source/tasks.c **** 
 3524              		.loc 1 1248 24 is_stmt 0 view .LVU1018
 3525 0098 2C60     		str	r4, [r5]
1250:Middlewares/Third_Party/FreeRTOS/Source/tasks.c **** 			{
 3526              		.loc 1 1250 4 is_stmt 1 view .LVU1019
 3527 009a EFE7     		b	.L265
 3528              	.L274:
 3529              		.align	2
 3530              	.L273:
 3531 009c 00000000 		.word	uxSchedulerSuspended
 3532 00a0 00000000 		.word	xTickCount
 3533              	.LBE175:
 3534              		.cfi_endproc
 3535              	.LFE9:
 3537              		.section	.text.vTaskDelay,"ax",%progbits
 3538              		.align	1
 3539              		.global	vTaskDelay
 3540              		.syntax unified
 3541              		.thumb
 3542              		.thumb_func
 3544              	vTaskDelay:
 3545              	.LVL239:
 3546              	.LFB10:
1283:Middlewares/Third_Party/FreeRTOS/Source/tasks.c **** 	BaseType_t xAlreadyYielded = pdFALSE;
 3547              		.loc 1 1283 2 view -0
 3548              		.cfi_startproc
 3549              		@ args = 0, pretend = 0, frame = 0
 3550              		@ frame_needed = 0, uses_anonymous_args = 0
1283:Middlewares/Third_Party/FreeRTOS/Source/tasks.c **** 	BaseType_t xAlreadyYielded = pdFALSE;
 3551              		.loc 1 1283 2 is_stmt 0 view .LVU1021
 3552 0000 10B5     		push	{r4, lr}
 3553              		.cfi_def_cfa_offset 8
 3554              		.cfi_offset 4, -8
 3555              		.cfi_offset 14, -4
1284:Middlewares/Third_Party/FreeRTOS/Source/tasks.c **** 
 3556              		.loc 1 1284 2 is_stmt 1 view .LVU1022
 3557              	.LVL240:
1287:Middlewares/Third_Party/FreeRTOS/Source/tasks.c **** 		{
 3558              		.loc 1 1287 3 view .LVU1023
1287:Middlewares/Third_Party/FreeRTOS/Source/tasks.c **** 		{
 3559              		.loc 1 1287 5 is_stmt 0 view .LVU1024
 3560 0002 A8B1     		cbz	r0, .L276
 3561 0004 0446     		mov	r4, r0
1289:Middlewares/Third_Party/FreeRTOS/Source/tasks.c **** 			vTaskSuspendAll();
 3562              		.loc 1 1289 4 is_stmt 1 view .LVU1025
 3563 0006 104B     		ldr	r3, .L281
 3564 0008 1B68     		ldr	r3, [r3]
ARM GAS  /tmp/ccshf83P.s 			page 171


 3565 000a 43B1     		cbz	r3, .L277
1289:Middlewares/Third_Party/FreeRTOS/Source/tasks.c **** 			vTaskSuspendAll();
 3566              		.loc 1 1289 4 discriminator 1 view .LVU1026
 3567              	.LBB176:
 3568              	.LBI176:
 191:Middlewares/Third_Party/FreeRTOS/Source/portable/GCC/ARM_CM3/portmacro.h **** {
 3569              		.loc 2 191 30 view .LVU1027
 3570              	.LBB177:
 193:Middlewares/Third_Party/FreeRTOS/Source/portable/GCC/ARM_CM3/portmacro.h **** 
 3571              		.loc 2 193 1 view .LVU1028
 195:Middlewares/Third_Party/FreeRTOS/Source/portable/GCC/ARM_CM3/portmacro.h **** 	(
 3572              		.loc 2 195 2 view .LVU1029
 3573              		.syntax unified
 3574              	@ 195 "Middlewares/Third_Party/FreeRTOS/Source/portable/GCC/ARM_CM3/portmacro.h" 1
 3575 000c 4FF05003 			mov r3, #80												
 3576 0010 83F31188 		msr basepri, r3											
 3577 0014 BFF36F8F 		isb														
 3578 0018 BFF34F8F 		dsb														
 3579              	
 3580              	@ 0 "" 2
 3581              		.thumb
 3582              		.syntax unified
 3583              	.L278:
 3584              	.LBE177:
 3585              	.LBE176:
1289:Middlewares/Third_Party/FreeRTOS/Source/tasks.c **** 			vTaskSuspendAll();
 3586              		.loc 1 1289 4 discriminator 3 view .LVU1030
1289:Middlewares/Third_Party/FreeRTOS/Source/tasks.c **** 			vTaskSuspendAll();
 3587              		.loc 1 1289 4 discriminator 3 view .LVU1031
 3588 001c FEE7     		b	.L278
 3589              	.L277:
1289:Middlewares/Third_Party/FreeRTOS/Source/tasks.c **** 			vTaskSuspendAll();
 3590              		.loc 1 1289 45 discriminator 2 view .LVU1032
1290:Middlewares/Third_Party/FreeRTOS/Source/tasks.c **** 			{
 3591              		.loc 1 1290 4 view .LVU1033
 3592 001e FFF7FEFF 		bl	vTaskSuspendAll
 3593              	.LVL241:
1292:Middlewares/Third_Party/FreeRTOS/Source/tasks.c **** 
 3594              		.loc 1 1292 22 view .LVU1034
1301:Middlewares/Third_Party/FreeRTOS/Source/tasks.c **** 			}
 3595              		.loc 1 1301 5 view .LVU1035
 3596 0022 0021     		movs	r1, #0
 3597 0024 2046     		mov	r0, r4
 3598 0026 FFF7FEFF 		bl	prvAddCurrentTaskToDelayedList
 3599              	.LVL242:
1303:Middlewares/Third_Party/FreeRTOS/Source/tasks.c **** 		}
 3600              		.loc 1 1303 4 view .LVU1036
1303:Middlewares/Third_Party/FreeRTOS/Source/tasks.c **** 		}
 3601              		.loc 1 1303 22 is_stmt 0 view .LVU1037
 3602 002a FFF7FEFF 		bl	xTaskResumeAll
 3603              	.LVL243:
1307:Middlewares/Third_Party/FreeRTOS/Source/tasks.c **** 		}
 3604              		.loc 1 1307 28 is_stmt 1 view .LVU1038
1312:Middlewares/Third_Party/FreeRTOS/Source/tasks.c **** 		{
 3605              		.loc 1 1312 3 view .LVU1039
1312:Middlewares/Third_Party/FreeRTOS/Source/tasks.c **** 		{
 3606              		.loc 1 1312 5 is_stmt 0 view .LVU1040
ARM GAS  /tmp/ccshf83P.s 			page 172


 3607 002e 48B9     		cbnz	r0, .L275
 3608              	.LVL244:
 3609              	.L276:
1314:Middlewares/Third_Party/FreeRTOS/Source/tasks.c **** 		}
 3610              		.loc 1 1314 4 is_stmt 1 view .LVU1041
 3611 0030 4FF0E023 		mov	r3, #-536813568
 3612 0034 4FF08052 		mov	r2, #268435456
 3613 0038 C3F8042D 		str	r2, [r3, #3332]
1314:Middlewares/Third_Party/FreeRTOS/Source/tasks.c **** 		}
 3614              		.loc 1 1314 4 view .LVU1042
 3615              		.syntax unified
 3616              	@ 1314 "Middlewares/Third_Party/FreeRTOS/Source/tasks.c" 1
 3617 003c BFF34F8F 		dsb
 3618              	@ 0 "" 2
1314:Middlewares/Third_Party/FreeRTOS/Source/tasks.c **** 		}
 3619              		.loc 1 1314 4 view .LVU1043
 3620              	@ 1314 "Middlewares/Third_Party/FreeRTOS/Source/tasks.c" 1
 3621 0040 BFF36F8F 		isb
 3622              	@ 0 "" 2
1314:Middlewares/Third_Party/FreeRTOS/Source/tasks.c **** 		}
 3623              		.loc 1 1314 26 view .LVU1044
1318:Middlewares/Third_Party/FreeRTOS/Source/tasks.c **** 		}
 3624              		.loc 1 1318 28 view .LVU1045
 3625              		.thumb
 3626              		.syntax unified
 3627              	.L275:
1320:Middlewares/Third_Party/FreeRTOS/Source/tasks.c **** 
 3628              		.loc 1 1320 2 is_stmt 0 view .LVU1046
 3629 0044 10BD     		pop	{r4, pc}
 3630              	.L282:
 3631 0046 00BF     		.align	2
 3632              	.L281:
 3633 0048 00000000 		.word	uxSchedulerSuspended
 3634              		.cfi_endproc
 3635              	.LFE10:
 3637              		.section	.text.vTaskSwitchContext,"ax",%progbits
 3638              		.align	1
 3639              		.global	vTaskSwitchContext
 3640              		.syntax unified
 3641              		.thumb
 3642              		.thumb_func
 3644              	vTaskSwitchContext:
 3645              	.LFB29:
2846:Middlewares/Third_Party/FreeRTOS/Source/tasks.c **** 	if( uxSchedulerSuspended != ( UBaseType_t ) pdFALSE )
 3646              		.loc 1 2846 1 is_stmt 1 view -0
 3647              		.cfi_startproc
 3648              		@ args = 0, pretend = 0, frame = 0
 3649              		@ frame_needed = 0, uses_anonymous_args = 0
 3650              		@ link register save eliminated.
2847:Middlewares/Third_Party/FreeRTOS/Source/tasks.c **** 	{
 3651              		.loc 1 2847 2 view .LVU1048
2847:Middlewares/Third_Party/FreeRTOS/Source/tasks.c **** 	{
 3652              		.loc 1 2847 27 is_stmt 0 view .LVU1049
 3653 0000 224B     		ldr	r3, .L294
 3654 0002 1B68     		ldr	r3, [r3]
2847:Middlewares/Third_Party/FreeRTOS/Source/tasks.c **** 	{
 3655              		.loc 1 2847 4 view .LVU1050
ARM GAS  /tmp/ccshf83P.s 			page 173


 3656 0004 1BB1     		cbz	r3, .L284
2851:Middlewares/Third_Party/FreeRTOS/Source/tasks.c **** 	}
 3657              		.loc 1 2851 3 is_stmt 1 view .LVU1051
2851:Middlewares/Third_Party/FreeRTOS/Source/tasks.c **** 	}
 3658              		.loc 1 2851 17 is_stmt 0 view .LVU1052
 3659 0006 224B     		ldr	r3, .L294+4
 3660 0008 0122     		movs	r2, #1
 3661 000a 1A60     		str	r2, [r3]
 3662 000c 7047     		bx	lr
 3663              	.L284:
2855:Middlewares/Third_Party/FreeRTOS/Source/tasks.c **** 		traceTASK_SWITCHED_OUT();
 3664              		.loc 1 2855 3 is_stmt 1 view .LVU1053
2855:Middlewares/Third_Party/FreeRTOS/Source/tasks.c **** 		traceTASK_SWITCHED_OUT();
 3665              		.loc 1 2855 17 is_stmt 0 view .LVU1054
 3666 000e 204B     		ldr	r3, .L294+4
 3667 0010 0022     		movs	r2, #0
 3668 0012 1A60     		str	r2, [r3]
2856:Middlewares/Third_Party/FreeRTOS/Source/tasks.c **** 
 3669              		.loc 1 2856 27 is_stmt 1 view .LVU1055
2886:Middlewares/Third_Party/FreeRTOS/Source/tasks.c **** 
 3670              		.loc 1 2886 33 view .LVU1056
 3671              	.LBB178:
2890:Middlewares/Third_Party/FreeRTOS/Source/tasks.c **** 		traceTASK_SWITCHED_IN();
 3672              		.loc 1 2890 3 view .LVU1057
 3673 0014 1F4B     		ldr	r3, .L294+8
 3674 0016 1B68     		ldr	r3, [r3]
 3675              	.LVL245:
2890:Middlewares/Third_Party/FreeRTOS/Source/tasks.c **** 		traceTASK_SWITCHED_IN();
 3676              		.loc 1 2890 3 view .LVU1058
 3677              	.L286:
2890:Middlewares/Third_Party/FreeRTOS/Source/tasks.c **** 		traceTASK_SWITCHED_IN();
 3678              		.loc 1 2890 3 discriminator 5 view .LVU1059
 3679 0018 03EB8301 		add	r1, r3, r3, lsl #2
 3680 001c 8A00     		lsls	r2, r1, #2
 3681 001e 1E49     		ldr	r1, .L294+12
 3682 0020 8A58     		ldr	r2, [r1, r2]
 3683 0022 5AB9     		cbnz	r2, .L291
2890:Middlewares/Third_Party/FreeRTOS/Source/tasks.c **** 		traceTASK_SWITCHED_IN();
 3684              		.loc 1 2890 3 discriminator 6 view .LVU1060
 3685 0024 0BB1     		cbz	r3, .L292
2890:Middlewares/Third_Party/FreeRTOS/Source/tasks.c **** 		traceTASK_SWITCHED_IN();
 3686              		.loc 1 2890 3 discriminator 3 view .LVU1061
2890:Middlewares/Third_Party/FreeRTOS/Source/tasks.c **** 		traceTASK_SWITCHED_IN();
 3687              		.loc 1 2890 3 discriminator 3 view .LVU1062
 3688 0026 013B     		subs	r3, r3, #1
 3689              	.LVL246:
2890:Middlewares/Third_Party/FreeRTOS/Source/tasks.c **** 		traceTASK_SWITCHED_IN();
 3690              		.loc 1 2890 3 is_stmt 0 discriminator 3 view .LVU1063
 3691 0028 F6E7     		b	.L286
 3692              	.L292:
2890:Middlewares/Third_Party/FreeRTOS/Source/tasks.c **** 		traceTASK_SWITCHED_IN();
 3693              		.loc 1 2890 3 is_stmt 1 discriminator 2 view .LVU1064
 3694              	.LBB179:
 3695              	.LBI179:
 191:Middlewares/Third_Party/FreeRTOS/Source/portable/GCC/ARM_CM3/portmacro.h **** {
 3696              		.loc 2 191 30 view .LVU1065
 3697              	.LBB180:
ARM GAS  /tmp/ccshf83P.s 			page 174


 193:Middlewares/Third_Party/FreeRTOS/Source/portable/GCC/ARM_CM3/portmacro.h **** 
 3698              		.loc 2 193 1 view .LVU1066
 195:Middlewares/Third_Party/FreeRTOS/Source/portable/GCC/ARM_CM3/portmacro.h **** 	(
 3699              		.loc 2 195 2 view .LVU1067
 3700              		.syntax unified
 3701              	@ 195 "Middlewares/Third_Party/FreeRTOS/Source/portable/GCC/ARM_CM3/portmacro.h" 1
 3702 002a 4FF05003 			mov r3, #80												
 3703 002e 83F31188 		msr basepri, r3											
 3704 0032 BFF36F8F 		isb														
 3705 0036 BFF34F8F 		dsb														
 3706              	
 3707              	@ 0 "" 2
 3708              	.LVL247:
 3709              		.thumb
 3710              		.syntax unified
 3711              	.L288:
 195:Middlewares/Third_Party/FreeRTOS/Source/portable/GCC/ARM_CM3/portmacro.h **** 	(
 3712              		.loc 2 195 2 is_stmt 0 view .LVU1068
 3713              	.LBE180:
 3714              	.LBE179:
2890:Middlewares/Third_Party/FreeRTOS/Source/tasks.c **** 		traceTASK_SWITCHED_IN();
 3715              		.loc 1 2890 3 is_stmt 1 discriminator 4 view .LVU1069
2890:Middlewares/Third_Party/FreeRTOS/Source/tasks.c **** 		traceTASK_SWITCHED_IN();
 3716              		.loc 1 2890 3 discriminator 4 view .LVU1070
 3717 003a FEE7     		b	.L288
 3718              	.LVL248:
 3719              	.L291:
 3720              	.LBB181:
2890:Middlewares/Third_Party/FreeRTOS/Source/tasks.c **** 		traceTASK_SWITCHED_IN();
 3721              		.loc 1 2890 3 discriminator 7 view .LVU1071
2890:Middlewares/Third_Party/FreeRTOS/Source/tasks.c **** 		traceTASK_SWITCHED_IN();
 3722              		.loc 1 2890 3 discriminator 7 view .LVU1072
 3723 003c 0846     		mov	r0, r1
 3724 003e 03EB8301 		add	r1, r3, r3, lsl #2
 3725 0042 8A00     		lsls	r2, r1, #2
 3726 0044 0244     		add	r2, r2, r0
 3727 0046 5168     		ldr	r1, [r2, #4]
 3728 0048 4968     		ldr	r1, [r1, #4]
 3729 004a 5160     		str	r1, [r2, #4]
2890:Middlewares/Third_Party/FreeRTOS/Source/tasks.c **** 		traceTASK_SWITCHED_IN();
 3730              		.loc 1 2890 3 discriminator 7 view .LVU1073
 3731 004c 03EB830C 		add	ip, r3, r3, lsl #2
 3732 0050 4FEA8C02 		lsl	r2, ip, #2
 3733 0054 0832     		adds	r2, r2, #8
 3734 0056 0244     		add	r2, r2, r0
 3735 0058 9142     		cmp	r1, r2
 3736 005a 0FD0     		beq	.L293
 3737              	.L290:
2890:Middlewares/Third_Party/FreeRTOS/Source/tasks.c **** 		traceTASK_SWITCHED_IN();
 3738              		.loc 1 2890 3 discriminator 10 view .LVU1074
 3739 005c 03EB8302 		add	r2, r3, r3, lsl #2
 3740 0060 9100     		lsls	r1, r2, #2
 3741 0062 0D4A     		ldr	r2, .L294+12
 3742 0064 0A44     		add	r2, r2, r1
 3743 0066 5268     		ldr	r2, [r2, #4]
 3744 0068 D168     		ldr	r1, [r2, #12]
 3745 006a 0C4A     		ldr	r2, .L294+16
ARM GAS  /tmp/ccshf83P.s 			page 175


 3746 006c 1160     		str	r1, [r2]
 3747              	.LBE181:
2890:Middlewares/Third_Party/FreeRTOS/Source/tasks.c **** 		traceTASK_SWITCHED_IN();
 3748              		.loc 1 2890 3 discriminator 10 view .LVU1075
2890:Middlewares/Third_Party/FreeRTOS/Source/tasks.c **** 		traceTASK_SWITCHED_IN();
 3749              		.loc 1 2890 3 discriminator 10 view .LVU1076
 3750 006e 0949     		ldr	r1, .L294+8
 3751 0070 0B60     		str	r3, [r1]
 3752              	.LBE178:
2890:Middlewares/Third_Party/FreeRTOS/Source/tasks.c **** 		traceTASK_SWITCHED_IN();
 3753              		.loc 1 2890 37 discriminator 10 view .LVU1077
2891:Middlewares/Third_Party/FreeRTOS/Source/tasks.c **** 
 3754              		.loc 1 2891 26 view .LVU1078
2897:Middlewares/Third_Party/FreeRTOS/Source/tasks.c **** 		}
 3755              		.loc 1 2897 4 view .LVU1079
2897:Middlewares/Third_Party/FreeRTOS/Source/tasks.c **** 		}
 3756              		.loc 1 2897 33 is_stmt 0 view .LVU1080
 3757 0072 1368     		ldr	r3, [r2]
 3758              	.LVL249:
2897:Middlewares/Third_Party/FreeRTOS/Source/tasks.c **** 		}
 3759              		.loc 1 2897 18 view .LVU1081
 3760 0074 5833     		adds	r3, r3, #88
2897:Middlewares/Third_Party/FreeRTOS/Source/tasks.c **** 		}
 3761              		.loc 1 2897 16 view .LVU1082
 3762 0076 0A4A     		ldr	r2, .L294+20
 3763 0078 1360     		str	r3, [r2]
2901:Middlewares/Third_Party/FreeRTOS/Source/tasks.c **** /*-----------------------------------------------------------*/
 3764              		.loc 1 2901 1 view .LVU1083
 3765 007a 7047     		bx	lr
 3766              	.LVL250:
 3767              	.L293:
 3768              	.LBB183:
 3769              	.LBB182:
2890:Middlewares/Third_Party/FreeRTOS/Source/tasks.c **** 		traceTASK_SWITCHED_IN();
 3770              		.loc 1 2890 3 is_stmt 1 discriminator 8 view .LVU1084
 3771 007c 4868     		ldr	r0, [r1, #4]
 3772 007e 6246     		mov	r2, ip
 3773 0080 9100     		lsls	r1, r2, #2
 3774 0082 054A     		ldr	r2, .L294+12
 3775 0084 0A44     		add	r2, r2, r1
 3776 0086 5060     		str	r0, [r2, #4]
 3777 0088 E8E7     		b	.L290
 3778              	.L295:
 3779 008a 00BF     		.align	2
 3780              	.L294:
 3781 008c 00000000 		.word	uxSchedulerSuspended
 3782 0090 00000000 		.word	xYieldPending
 3783 0094 00000000 		.word	uxTopReadyPriority
 3784 0098 00000000 		.word	pxReadyTasksLists
 3785 009c 00000000 		.word	pxCurrentTCB
 3786 00a0 00000000 		.word	_impure_ptr
 3787              	.LBE182:
 3788              	.LBE183:
 3789              		.cfi_endproc
 3790              	.LFE29:
 3792              		.section	.text.vTaskSuspend,"ax",%progbits
 3793              		.align	1
ARM GAS  /tmp/ccshf83P.s 			page 176


 3794              		.global	vTaskSuspend
 3795              		.syntax unified
 3796              		.thumb
 3797              		.thumb_func
 3799              	vTaskSuspend:
 3800              	.LVL251:
 3801              	.LFB15:
1625:Middlewares/Third_Party/FreeRTOS/Source/tasks.c **** 	TCB_t *pxTCB;
 3802              		.loc 1 1625 2 view -0
 3803              		.cfi_startproc
 3804              		@ args = 0, pretend = 0, frame = 0
 3805              		@ frame_needed = 0, uses_anonymous_args = 0
1625:Middlewares/Third_Party/FreeRTOS/Source/tasks.c **** 	TCB_t *pxTCB;
 3806              		.loc 1 1625 2 is_stmt 0 view .LVU1086
 3807 0000 38B5     		push	{r3, r4, r5, lr}
 3808              		.cfi_def_cfa_offset 16
 3809              		.cfi_offset 3, -16
 3810              		.cfi_offset 4, -12
 3811              		.cfi_offset 5, -8
 3812              		.cfi_offset 14, -4
 3813 0002 0446     		mov	r4, r0
1626:Middlewares/Third_Party/FreeRTOS/Source/tasks.c **** 
 3814              		.loc 1 1626 2 is_stmt 1 view .LVU1087
1628:Middlewares/Third_Party/FreeRTOS/Source/tasks.c **** 		{
 3815              		.loc 1 1628 3 view .LVU1088
 3816 0004 FFF7FEFF 		bl	vPortEnterCritical
 3817              	.LVL252:
1632:Middlewares/Third_Party/FreeRTOS/Source/tasks.c **** 
 3818              		.loc 1 1632 4 view .LVU1089
1632:Middlewares/Third_Party/FreeRTOS/Source/tasks.c **** 
 3819              		.loc 1 1632 12 is_stmt 0 view .LVU1090
 3820 0008 E4B1     		cbz	r4, .L307
 3821              	.LVL253:
 3822              	.L297:
1634:Middlewares/Third_Party/FreeRTOS/Source/tasks.c **** 
 3823              		.loc 1 1634 30 is_stmt 1 view .LVU1091
1638:Middlewares/Third_Party/FreeRTOS/Source/tasks.c **** 			{
 3824              		.loc 1 1638 4 view .LVU1092
1638:Middlewares/Third_Party/FreeRTOS/Source/tasks.c **** 			{
 3825              		.loc 1 1638 8 is_stmt 0 view .LVU1093
 3826 000a 251D     		adds	r5, r4, #4
 3827 000c 2846     		mov	r0, r5
 3828 000e FFF7FEFF 		bl	uxListRemove
 3829              	.LVL254:
1640:Middlewares/Third_Party/FreeRTOS/Source/tasks.c **** 			}
 3830              		.loc 1 1640 50 is_stmt 1 view .LVU1094
1644:Middlewares/Third_Party/FreeRTOS/Source/tasks.c **** 			}
 3831              		.loc 1 1644 29 view .LVU1095
1648:Middlewares/Third_Party/FreeRTOS/Source/tasks.c **** 			{
 3832              		.loc 1 1648 4 view .LVU1096
1648:Middlewares/Third_Party/FreeRTOS/Source/tasks.c **** 			{
 3833              		.loc 1 1648 8 is_stmt 0 view .LVU1097
 3834 0012 A36A     		ldr	r3, [r4, #40]
1648:Middlewares/Third_Party/FreeRTOS/Source/tasks.c **** 			{
 3835              		.loc 1 1648 6 view .LVU1098
 3836 0014 1BB1     		cbz	r3, .L298
1650:Middlewares/Third_Party/FreeRTOS/Source/tasks.c **** 			}
ARM GAS  /tmp/ccshf83P.s 			page 177


 3837              		.loc 1 1650 5 is_stmt 1 view .LVU1099
1650:Middlewares/Third_Party/FreeRTOS/Source/tasks.c **** 			}
 3838              		.loc 1 1650 14 is_stmt 0 view .LVU1100
 3839 0016 04F11800 		add	r0, r4, #24
 3840 001a FFF7FEFF 		bl	uxListRemove
 3841              	.LVL255:
 3842              	.L298:
1654:Middlewares/Third_Party/FreeRTOS/Source/tasks.c **** 			}
 3843              		.loc 1 1654 29 is_stmt 1 view .LVU1101
1657:Middlewares/Third_Party/FreeRTOS/Source/tasks.c **** 
 3844              		.loc 1 1657 4 view .LVU1102
 3845 001e 2946     		mov	r1, r5
 3846 0020 2348     		ldr	r0, .L311
 3847 0022 FFF7FEFF 		bl	vListInsertEnd
 3848              	.LVL256:
1661:Middlewares/Third_Party/FreeRTOS/Source/tasks.c **** 				{
 3849              		.loc 1 1661 5 view .LVU1103
1661:Middlewares/Third_Party/FreeRTOS/Source/tasks.c **** 				{
 3850              		.loc 1 1661 14 is_stmt 0 view .LVU1104
 3851 0026 94F87C31 		ldrb	r3, [r4, #380]	@ zero_extendqisi2
 3852 002a DBB2     		uxtb	r3, r3
1661:Middlewares/Third_Party/FreeRTOS/Source/tasks.c **** 				{
 3853              		.loc 1 1661 7 view .LVU1105
 3854 002c 012B     		cmp	r3, #1
 3855 002e 0CD0     		beq	.L308
 3856              	.L299:
1670:Middlewares/Third_Party/FreeRTOS/Source/tasks.c **** 
 3857              		.loc 1 1670 3 is_stmt 1 view .LVU1106
 3858 0030 FFF7FEFF 		bl	vPortExitCritical
 3859              	.LVL257:
1672:Middlewares/Third_Party/FreeRTOS/Source/tasks.c **** 		{
 3860              		.loc 1 1672 3 view .LVU1107
1672:Middlewares/Third_Party/FreeRTOS/Source/tasks.c **** 		{
 3861              		.loc 1 1672 25 is_stmt 0 view .LVU1108
 3862 0034 1F4B     		ldr	r3, .L311+4
 3863 0036 1B68     		ldr	r3, [r3]
1672:Middlewares/Third_Party/FreeRTOS/Source/tasks.c **** 		{
 3864              		.loc 1 1672 5 view .LVU1109
 3865 0038 5BB9     		cbnz	r3, .L309
 3866              	.L300:
1684:Middlewares/Third_Party/FreeRTOS/Source/tasks.c **** 		}
 3867              		.loc 1 1684 28 is_stmt 1 view .LVU1110
1687:Middlewares/Third_Party/FreeRTOS/Source/tasks.c **** 		{
 3868              		.loc 1 1687 3 view .LVU1111
1687:Middlewares/Third_Party/FreeRTOS/Source/tasks.c **** 		{
 3869              		.loc 1 1687 13 is_stmt 0 view .LVU1112
 3870 003a 1F4B     		ldr	r3, .L311+8
 3871 003c 1B68     		ldr	r3, [r3]
1687:Middlewares/Third_Party/FreeRTOS/Source/tasks.c **** 		{
 3872              		.loc 1 1687 5 view .LVU1113
 3873 003e A342     		cmp	r3, r4
 3874 0040 0ED0     		beq	.L310
 3875              	.L296:
1718:Middlewares/Third_Party/FreeRTOS/Source/tasks.c **** 
 3876              		.loc 1 1718 2 view .LVU1114
 3877 0042 38BD     		pop	{r3, r4, r5, pc}
 3878              	.LVL258:
ARM GAS  /tmp/ccshf83P.s 			page 178


 3879              	.L307:
1632:Middlewares/Third_Party/FreeRTOS/Source/tasks.c **** 
 3880              		.loc 1 1632 12 discriminator 1 view .LVU1115
 3881 0044 1C4B     		ldr	r3, .L311+8
 3882 0046 1C68     		ldr	r4, [r3]
 3883              	.LVL259:
1632:Middlewares/Third_Party/FreeRTOS/Source/tasks.c **** 
 3884              		.loc 1 1632 12 discriminator 1 view .LVU1116
 3885 0048 DFE7     		b	.L297
 3886              	.LVL260:
 3887              	.L308:
1665:Middlewares/Third_Party/FreeRTOS/Source/tasks.c **** 				}
 3888              		.loc 1 1665 6 is_stmt 1 view .LVU1117
1665:Middlewares/Third_Party/FreeRTOS/Source/tasks.c **** 				}
 3889              		.loc 1 1665 27 is_stmt 0 view .LVU1118
 3890 004a 0023     		movs	r3, #0
 3891 004c 84F87C31 		strb	r3, [r4, #380]
 3892 0050 EEE7     		b	.L299
 3893              	.L309:
1676:Middlewares/Third_Party/FreeRTOS/Source/tasks.c **** 			{
 3894              		.loc 1 1676 4 is_stmt 1 view .LVU1119
 3895 0052 FFF7FEFF 		bl	vPortEnterCritical
 3896              	.LVL261:
1678:Middlewares/Third_Party/FreeRTOS/Source/tasks.c **** 			}
 3897              		.loc 1 1678 5 view .LVU1120
 3898 0056 FFF7FEFF 		bl	prvResetNextTaskUnblockTime
 3899              	.LVL262:
1680:Middlewares/Third_Party/FreeRTOS/Source/tasks.c **** 		}
 3900              		.loc 1 1680 4 view .LVU1121
 3901 005a FFF7FEFF 		bl	vPortExitCritical
 3902              	.LVL263:
 3903 005e ECE7     		b	.L300
 3904              	.L310:
1689:Middlewares/Third_Party/FreeRTOS/Source/tasks.c **** 			{
 3905              		.loc 1 1689 4 view .LVU1122
1689:Middlewares/Third_Party/FreeRTOS/Source/tasks.c **** 			{
 3906              		.loc 1 1689 26 is_stmt 0 view .LVU1123
 3907 0060 144B     		ldr	r3, .L311+4
 3908 0062 1B68     		ldr	r3, [r3]
1689:Middlewares/Third_Party/FreeRTOS/Source/tasks.c **** 			{
 3909              		.loc 1 1689 6 view .LVU1124
 3910 0064 B3B1     		cbz	r3, .L302
1692:Middlewares/Third_Party/FreeRTOS/Source/tasks.c **** 				portYIELD_WITHIN_API();
 3911              		.loc 1 1692 5 is_stmt 1 view .LVU1125
 3912 0066 154B     		ldr	r3, .L311+12
 3913 0068 1B68     		ldr	r3, [r3]
 3914 006a 43B1     		cbz	r3, .L303
1692:Middlewares/Third_Party/FreeRTOS/Source/tasks.c **** 				portYIELD_WITHIN_API();
 3915              		.loc 1 1692 5 discriminator 1 view .LVU1126
 3916              	.LBB184:
 3917              	.LBI184:
 191:Middlewares/Third_Party/FreeRTOS/Source/portable/GCC/ARM_CM3/portmacro.h **** {
 3918              		.loc 2 191 30 view .LVU1127
 3919              	.LBB185:
 193:Middlewares/Third_Party/FreeRTOS/Source/portable/GCC/ARM_CM3/portmacro.h **** 
 3920              		.loc 2 193 1 view .LVU1128
 195:Middlewares/Third_Party/FreeRTOS/Source/portable/GCC/ARM_CM3/portmacro.h **** 	(
ARM GAS  /tmp/ccshf83P.s 			page 179


 3921              		.loc 2 195 2 view .LVU1129
 3922              		.syntax unified
 3923              	@ 195 "Middlewares/Third_Party/FreeRTOS/Source/portable/GCC/ARM_CM3/portmacro.h" 1
 3924 006c 4FF05003 			mov r3, #80												
 3925 0070 83F31188 		msr basepri, r3											
 3926 0074 BFF36F8F 		isb														
 3927 0078 BFF34F8F 		dsb														
 3928              	
 3929              	@ 0 "" 2
 3930              		.thumb
 3931              		.syntax unified
 3932              	.L304:
 3933              	.LBE185:
 3934              	.LBE184:
1692:Middlewares/Third_Party/FreeRTOS/Source/tasks.c **** 				portYIELD_WITHIN_API();
 3935              		.loc 1 1692 5 discriminator 3 view .LVU1130
1692:Middlewares/Third_Party/FreeRTOS/Source/tasks.c **** 				portYIELD_WITHIN_API();
 3936              		.loc 1 1692 5 discriminator 3 view .LVU1131
 3937 007c FEE7     		b	.L304
 3938              	.L303:
1692:Middlewares/Third_Party/FreeRTOS/Source/tasks.c **** 				portYIELD_WITHIN_API();
 3939              		.loc 1 1692 46 discriminator 2 view .LVU1132
1693:Middlewares/Third_Party/FreeRTOS/Source/tasks.c **** 			}
 3940              		.loc 1 1693 5 view .LVU1133
 3941 007e 4FF0E023 		mov	r3, #-536813568
 3942 0082 4FF08052 		mov	r2, #268435456
 3943 0086 C3F8042D 		str	r2, [r3, #3332]
1693:Middlewares/Third_Party/FreeRTOS/Source/tasks.c **** 			}
 3944              		.loc 1 1693 5 view .LVU1134
 3945              		.syntax unified
 3946              	@ 1693 "Middlewares/Third_Party/FreeRTOS/Source/tasks.c" 1
 3947 008a BFF34F8F 		dsb
 3948              	@ 0 "" 2
1693:Middlewares/Third_Party/FreeRTOS/Source/tasks.c **** 			}
 3949              		.loc 1 1693 5 view .LVU1135
 3950              	@ 1693 "Middlewares/Third_Party/FreeRTOS/Source/tasks.c" 1
 3951 008e BFF36F8F 		isb
 3952              	@ 0 "" 2
1693:Middlewares/Third_Party/FreeRTOS/Source/tasks.c **** 			}
 3953              		.loc 1 1693 27 view .LVU1136
 3954              		.thumb
 3955              		.syntax unified
 3956 0092 D6E7     		b	.L296
 3957              	.L302:
1700:Middlewares/Third_Party/FreeRTOS/Source/tasks.c **** 				{
 3958              		.loc 1 1700 5 view .LVU1137
1700:Middlewares/Third_Party/FreeRTOS/Source/tasks.c **** 				{
 3959              		.loc 1 1700 9 is_stmt 0 view .LVU1138
 3960 0094 064B     		ldr	r3, .L311
 3961 0096 1A68     		ldr	r2, [r3]
1700:Middlewares/Third_Party/FreeRTOS/Source/tasks.c **** 				{
 3962              		.loc 1 1700 56 view .LVU1139
 3963 0098 094B     		ldr	r3, .L311+16
 3964 009a 1B68     		ldr	r3, [r3]
1700:Middlewares/Third_Party/FreeRTOS/Source/tasks.c **** 				{
 3965              		.loc 1 1700 7 view .LVU1140
 3966 009c 9A42     		cmp	r2, r3
ARM GAS  /tmp/ccshf83P.s 			page 180


 3967 009e 03D1     		bne	.L305
1706:Middlewares/Third_Party/FreeRTOS/Source/tasks.c **** 				}
 3968              		.loc 1 1706 6 is_stmt 1 view .LVU1141
1706:Middlewares/Third_Party/FreeRTOS/Source/tasks.c **** 				}
 3969              		.loc 1 1706 19 is_stmt 0 view .LVU1142
 3970 00a0 054B     		ldr	r3, .L311+8
 3971 00a2 0022     		movs	r2, #0
 3972 00a4 1A60     		str	r2, [r3]
 3973 00a6 CCE7     		b	.L296
 3974              	.L305:
1710:Middlewares/Third_Party/FreeRTOS/Source/tasks.c **** 				}
 3975              		.loc 1 1710 6 is_stmt 1 view .LVU1143
 3976 00a8 FFF7FEFF 		bl	vTaskSwitchContext
 3977              	.LVL264:
1716:Middlewares/Third_Party/FreeRTOS/Source/tasks.c **** 		}
 3978              		.loc 1 1716 28 view .LVU1144
1718:Middlewares/Third_Party/FreeRTOS/Source/tasks.c **** 
 3979              		.loc 1 1718 2 is_stmt 0 view .LVU1145
 3980 00ac C9E7     		b	.L296
 3981              	.L312:
 3982 00ae 00BF     		.align	2
 3983              	.L311:
 3984 00b0 00000000 		.word	xSuspendedTaskList
 3985 00b4 00000000 		.word	xSchedulerRunning
 3986 00b8 00000000 		.word	pxCurrentTCB
 3987 00bc 00000000 		.word	uxSchedulerSuspended
 3988 00c0 00000000 		.word	uxCurrentNumberOfTasks
 3989              		.cfi_endproc
 3990              	.LFE15:
 3992              		.section	.text.vTaskPlaceOnEventList,"ax",%progbits
 3993              		.align	1
 3994              		.global	vTaskPlaceOnEventList
 3995              		.syntax unified
 3996              		.thumb
 3997              		.thumb_func
 3999              	vTaskPlaceOnEventList:
 4000              	.LVL265:
 4001              	.LFB30:
2905:Middlewares/Third_Party/FreeRTOS/Source/tasks.c **** 	configASSERT( pxEventList );
 4002              		.loc 1 2905 1 is_stmt 1 view -0
 4003              		.cfi_startproc
 4004              		@ args = 0, pretend = 0, frame = 0
 4005              		@ frame_needed = 0, uses_anonymous_args = 0
2906:Middlewares/Third_Party/FreeRTOS/Source/tasks.c **** 
 4006              		.loc 1 2906 2 view .LVU1147
 4007 0000 58B1     		cbz	r0, .L318
2905:Middlewares/Third_Party/FreeRTOS/Source/tasks.c **** 	configASSERT( pxEventList );
 4008              		.loc 1 2905 1 is_stmt 0 view .LVU1148
 4009 0002 10B5     		push	{r4, lr}
 4010              		.cfi_def_cfa_offset 8
 4011              		.cfi_offset 4, -8
 4012              		.cfi_offset 14, -4
 4013 0004 0C46     		mov	r4, r1
2906:Middlewares/Third_Party/FreeRTOS/Source/tasks.c **** 
 4014              		.loc 1 2906 29 is_stmt 1 discriminator 2 view .LVU1149
2915:Middlewares/Third_Party/FreeRTOS/Source/tasks.c **** 
 4015              		.loc 1 2915 2 view .LVU1150
ARM GAS  /tmp/ccshf83P.s 			page 181


2915:Middlewares/Third_Party/FreeRTOS/Source/tasks.c **** 
 4016              		.loc 1 2915 43 is_stmt 0 view .LVU1151
 4017 0006 094A     		ldr	r2, .L319
 4018 0008 1168     		ldr	r1, [r2]
 4019              	.LVL266:
2915:Middlewares/Third_Party/FreeRTOS/Source/tasks.c **** 
 4020              		.loc 1 2915 2 view .LVU1152
 4021 000a 1831     		adds	r1, r1, #24
 4022 000c FFF7FEFF 		bl	vListInsert
 4023              	.LVL267:
2917:Middlewares/Third_Party/FreeRTOS/Source/tasks.c **** }
 4024              		.loc 1 2917 2 is_stmt 1 view .LVU1153
 4025 0010 0121     		movs	r1, #1
 4026 0012 2046     		mov	r0, r4
 4027 0014 FFF7FEFF 		bl	prvAddCurrentTaskToDelayedList
 4028              	.LVL268:
2918:Middlewares/Third_Party/FreeRTOS/Source/tasks.c **** /*-----------------------------------------------------------*/
 4029              		.loc 1 2918 1 is_stmt 0 view .LVU1154
 4030 0018 10BD     		pop	{r4, pc}
 4031              	.LVL269:
 4032              	.L318:
 4033              		.cfi_def_cfa_offset 0
 4034              		.cfi_restore 4
 4035              		.cfi_restore 14
2906:Middlewares/Third_Party/FreeRTOS/Source/tasks.c **** 
 4036              		.loc 1 2906 2 is_stmt 1 discriminator 1 view .LVU1155
 4037              	.LBB186:
 4038              	.LBI186:
 191:Middlewares/Third_Party/FreeRTOS/Source/portable/GCC/ARM_CM3/portmacro.h **** {
 4039              		.loc 2 191 30 view .LVU1156
 4040              	.LBB187:
 193:Middlewares/Third_Party/FreeRTOS/Source/portable/GCC/ARM_CM3/portmacro.h **** 
 4041              		.loc 2 193 1 view .LVU1157
 195:Middlewares/Third_Party/FreeRTOS/Source/portable/GCC/ARM_CM3/portmacro.h **** 	(
 4042              		.loc 2 195 2 view .LVU1158
 4043              		.syntax unified
 4044              	@ 195 "Middlewares/Third_Party/FreeRTOS/Source/portable/GCC/ARM_CM3/portmacro.h" 1
 4045 001a 4FF05003 			mov r3, #80												
 4046 001e 83F31188 		msr basepri, r3											
 4047 0022 BFF36F8F 		isb														
 4048 0026 BFF34F8F 		dsb														
 4049              	
 4050              	@ 0 "" 2
 4051              		.thumb
 4052              		.syntax unified
 4053              	.L315:
 4054              	.LBE187:
 4055              	.LBE186:
2906:Middlewares/Third_Party/FreeRTOS/Source/tasks.c **** 
 4056              		.loc 1 2906 2 discriminator 3 view .LVU1159
2906:Middlewares/Third_Party/FreeRTOS/Source/tasks.c **** 
 4057              		.loc 1 2906 2 discriminator 3 view .LVU1160
 4058 002a FEE7     		b	.L315
 4059              	.L320:
 4060              		.align	2
 4061              	.L319:
 4062 002c 00000000 		.word	pxCurrentTCB
ARM GAS  /tmp/ccshf83P.s 			page 182


 4063              		.cfi_endproc
 4064              	.LFE30:
 4066              		.section	.text.vTaskPlaceOnUnorderedEventList,"ax",%progbits
 4067              		.align	1
 4068              		.global	vTaskPlaceOnUnorderedEventList
 4069              		.syntax unified
 4070              		.thumb
 4071              		.thumb_func
 4073              	vTaskPlaceOnUnorderedEventList:
 4074              	.LVL270:
 4075              	.LFB31:
2922:Middlewares/Third_Party/FreeRTOS/Source/tasks.c **** 	configASSERT( pxEventList );
 4076              		.loc 1 2922 1 view -0
 4077              		.cfi_startproc
 4078              		@ args = 0, pretend = 0, frame = 0
 4079              		@ frame_needed = 0, uses_anonymous_args = 0
2923:Middlewares/Third_Party/FreeRTOS/Source/tasks.c **** 
 4080              		.loc 1 2923 2 view .LVU1162
 4081 0000 70B1     		cbz	r0, .L328
2922:Middlewares/Third_Party/FreeRTOS/Source/tasks.c **** 	configASSERT( pxEventList );
 4082              		.loc 1 2922 1 is_stmt 0 view .LVU1163
 4083 0002 10B5     		push	{r4, lr}
 4084              		.cfi_def_cfa_offset 8
 4085              		.cfi_offset 4, -8
 4086              		.cfi_offset 14, -4
 4087 0004 1446     		mov	r4, r2
 4088 0006 0246     		mov	r2, r0
 4089              	.LVL271:
2923:Middlewares/Third_Party/FreeRTOS/Source/tasks.c **** 
 4090              		.loc 1 2923 29 is_stmt 1 discriminator 2 view .LVU1164
2927:Middlewares/Third_Party/FreeRTOS/Source/tasks.c **** 
 4091              		.loc 1 2927 2 view .LVU1165
 4092 0008 114B     		ldr	r3, .L329
 4093 000a 1B68     		ldr	r3, [r3]
 4094 000c 8BB9     		cbnz	r3, .L324
2927:Middlewares/Third_Party/FreeRTOS/Source/tasks.c **** 
 4095              		.loc 1 2927 2 discriminator 1 view .LVU1166
 4096              	.LBB188:
 4097              	.LBI188:
 191:Middlewares/Third_Party/FreeRTOS/Source/portable/GCC/ARM_CM3/portmacro.h **** {
 4098              		.loc 2 191 30 view .LVU1167
 4099              	.LBB189:
 193:Middlewares/Third_Party/FreeRTOS/Source/portable/GCC/ARM_CM3/portmacro.h **** 
 4100              		.loc 2 193 1 view .LVU1168
 195:Middlewares/Third_Party/FreeRTOS/Source/portable/GCC/ARM_CM3/portmacro.h **** 	(
 4101              		.loc 2 195 2 view .LVU1169
 4102              		.syntax unified
 4103              	@ 195 "Middlewares/Third_Party/FreeRTOS/Source/portable/GCC/ARM_CM3/portmacro.h" 1
 4104 000e 4FF05003 			mov r3, #80												
 4105 0012 83F31188 		msr basepri, r3											
 4106 0016 BFF36F8F 		isb														
 4107 001a BFF34F8F 		dsb														
 4108              	
 4109              	@ 0 "" 2
 4110              		.thumb
 4111              		.syntax unified
 4112              	.L325:
ARM GAS  /tmp/ccshf83P.s 			page 183


 4113              	.LBE189:
 4114              	.LBE188:
2927:Middlewares/Third_Party/FreeRTOS/Source/tasks.c **** 
 4115              		.loc 1 2927 2 discriminator 3 view .LVU1170
2927:Middlewares/Third_Party/FreeRTOS/Source/tasks.c **** 
 4116              		.loc 1 2927 2 discriminator 3 view .LVU1171
 4117 001e FEE7     		b	.L325
 4118              	.LVL272:
 4119              	.L328:
 4120              		.cfi_def_cfa_offset 0
 4121              		.cfi_restore 4
 4122              		.cfi_restore 14
2923:Middlewares/Third_Party/FreeRTOS/Source/tasks.c **** 
 4123              		.loc 1 2923 2 discriminator 1 view .LVU1172
 4124              	.LBB190:
 4125              	.LBI190:
 191:Middlewares/Third_Party/FreeRTOS/Source/portable/GCC/ARM_CM3/portmacro.h **** {
 4126              		.loc 2 191 30 view .LVU1173
 4127              	.LBB191:
 193:Middlewares/Third_Party/FreeRTOS/Source/portable/GCC/ARM_CM3/portmacro.h **** 
 4128              		.loc 2 193 1 view .LVU1174
 195:Middlewares/Third_Party/FreeRTOS/Source/portable/GCC/ARM_CM3/portmacro.h **** 	(
 4129              		.loc 2 195 2 view .LVU1175
 4130              		.syntax unified
 4131              	@ 195 "Middlewares/Third_Party/FreeRTOS/Source/portable/GCC/ARM_CM3/portmacro.h" 1
 4132 0020 4FF05003 			mov r3, #80												
 4133 0024 83F31188 		msr basepri, r3											
 4134 0028 BFF36F8F 		isb														
 4135 002c BFF34F8F 		dsb														
 4136              	
 4137              	@ 0 "" 2
 4138              		.thumb
 4139              		.syntax unified
 4140              	.L323:
 4141              	.LBE191:
 4142              	.LBE190:
2923:Middlewares/Third_Party/FreeRTOS/Source/tasks.c **** 
 4143              		.loc 1 2923 2 discriminator 3 view .LVU1176
2923:Middlewares/Third_Party/FreeRTOS/Source/tasks.c **** 
 4144              		.loc 1 2923 2 discriminator 3 view .LVU1177
 4145 0030 FEE7     		b	.L323
 4146              	.LVL273:
 4147              	.L324:
 4148              		.cfi_def_cfa_offset 8
 4149              		.cfi_offset 4, -8
 4150              		.cfi_offset 14, -4
2927:Middlewares/Third_Party/FreeRTOS/Source/tasks.c **** 
 4151              		.loc 1 2927 43 discriminator 2 view .LVU1178
2932:Middlewares/Third_Party/FreeRTOS/Source/tasks.c **** 
 4152              		.loc 1 2932 2 view .LVU1179
 4153 0032 084B     		ldr	r3, .L329+4
 4154 0034 1868     		ldr	r0, [r3]
 4155              	.LVL274:
2932:Middlewares/Third_Party/FreeRTOS/Source/tasks.c **** 
 4156              		.loc 1 2932 2 is_stmt 0 view .LVU1180
 4157 0036 41F00041 		orr	r1, r1, #-2147483648
 4158              	.LVL275:
ARM GAS  /tmp/ccshf83P.s 			page 184


2932:Middlewares/Third_Party/FreeRTOS/Source/tasks.c **** 
 4159              		.loc 1 2932 2 view .LVU1181
 4160 003a 8161     		str	r1, [r0, #24]
2939:Middlewares/Third_Party/FreeRTOS/Source/tasks.c **** 
 4161              		.loc 1 2939 2 is_stmt 1 view .LVU1182
2939:Middlewares/Third_Party/FreeRTOS/Source/tasks.c **** 
 4162              		.loc 1 2939 46 is_stmt 0 view .LVU1183
 4163 003c 1968     		ldr	r1, [r3]
2939:Middlewares/Third_Party/FreeRTOS/Source/tasks.c **** 
 4164              		.loc 1 2939 2 view .LVU1184
 4165 003e 1831     		adds	r1, r1, #24
 4166 0040 1046     		mov	r0, r2
 4167 0042 FFF7FEFF 		bl	vListInsertEnd
 4168              	.LVL276:
2941:Middlewares/Third_Party/FreeRTOS/Source/tasks.c **** }
 4169              		.loc 1 2941 2 is_stmt 1 view .LVU1185
 4170 0046 0121     		movs	r1, #1
 4171 0048 2046     		mov	r0, r4
 4172 004a FFF7FEFF 		bl	prvAddCurrentTaskToDelayedList
 4173              	.LVL277:
2942:Middlewares/Third_Party/FreeRTOS/Source/tasks.c **** /*-----------------------------------------------------------*/
 4174              		.loc 1 2942 1 is_stmt 0 view .LVU1186
 4175 004e 10BD     		pop	{r4, pc}
 4176              	.LVL278:
 4177              	.L330:
2942:Middlewares/Third_Party/FreeRTOS/Source/tasks.c **** /*-----------------------------------------------------------*/
 4178              		.loc 1 2942 1 view .LVU1187
 4179              		.align	2
 4180              	.L329:
 4181 0050 00000000 		.word	uxSchedulerSuspended
 4182 0054 00000000 		.word	pxCurrentTCB
 4183              		.cfi_endproc
 4184              	.LFE31:
 4186              		.section	.text.vTaskPlaceOnEventListRestricted,"ax",%progbits
 4187              		.align	1
 4188              		.global	vTaskPlaceOnEventListRestricted
 4189              		.syntax unified
 4190              		.thumb
 4191              		.thumb_func
 4193              	vTaskPlaceOnEventListRestricted:
 4194              	.LVL279:
 4195              	.LFB32:
2948:Middlewares/Third_Party/FreeRTOS/Source/tasks.c **** 		configASSERT( pxEventList );
 4196              		.loc 1 2948 2 is_stmt 1 view -0
 4197              		.cfi_startproc
 4198              		@ args = 0, pretend = 0, frame = 0
 4199              		@ frame_needed = 0, uses_anonymous_args = 0
2948:Middlewares/Third_Party/FreeRTOS/Source/tasks.c **** 		configASSERT( pxEventList );
 4200              		.loc 1 2948 2 is_stmt 0 view .LVU1189
 4201 0000 38B5     		push	{r3, r4, r5, lr}
 4202              		.cfi_def_cfa_offset 16
 4203              		.cfi_offset 3, -16
 4204              		.cfi_offset 4, -12
 4205              		.cfi_offset 5, -8
 4206              		.cfi_offset 14, -4
2949:Middlewares/Third_Party/FreeRTOS/Source/tasks.c **** 
 4207              		.loc 1 2949 3 is_stmt 1 view .LVU1190
ARM GAS  /tmp/ccshf83P.s 			page 185


 4208 0002 70B1     		cbz	r0, .L337
 4209 0004 0D46     		mov	r5, r1
 4210 0006 1446     		mov	r4, r2
2949:Middlewares/Third_Party/FreeRTOS/Source/tasks.c **** 
 4211              		.loc 1 2949 30 discriminator 2 view .LVU1191
2961:Middlewares/Third_Party/FreeRTOS/Source/tasks.c **** 
 4212              		.loc 1 2961 3 view .LVU1192
2961:Middlewares/Third_Party/FreeRTOS/Source/tasks.c **** 
 4213              		.loc 1 2961 47 is_stmt 0 view .LVU1193
 4214 0008 0A4A     		ldr	r2, .L338
 4215              	.LVL280:
2961:Middlewares/Third_Party/FreeRTOS/Source/tasks.c **** 
 4216              		.loc 1 2961 47 view .LVU1194
 4217 000a 1168     		ldr	r1, [r2]
 4218              	.LVL281:
2961:Middlewares/Third_Party/FreeRTOS/Source/tasks.c **** 
 4219              		.loc 1 2961 3 view .LVU1195
 4220 000c 1831     		adds	r1, r1, #24
 4221 000e FFF7FEFF 		bl	vListInsertEnd
 4222              	.LVL282:
2966:Middlewares/Third_Party/FreeRTOS/Source/tasks.c **** 		{
 4223              		.loc 1 2966 3 is_stmt 1 view .LVU1196
2966:Middlewares/Third_Party/FreeRTOS/Source/tasks.c **** 		{
 4224              		.loc 1 2966 5 is_stmt 0 view .LVU1197
 4225 0012 0CB1     		cbz	r4, .L334
2968:Middlewares/Third_Party/FreeRTOS/Source/tasks.c **** 		}
 4226              		.loc 1 2968 17 view .LVU1198
 4227 0014 4FF0FF35 		mov	r5, #-1
 4228              	.LVL283:
 4229              	.L334:
2971:Middlewares/Third_Party/FreeRTOS/Source/tasks.c **** 		prvAddCurrentTaskToDelayedList( xTicksToWait, xWaitIndefinitely );
 4230              		.loc 1 2971 57 is_stmt 1 view .LVU1199
2972:Middlewares/Third_Party/FreeRTOS/Source/tasks.c **** 	}
 4231              		.loc 1 2972 3 view .LVU1200
 4232 0018 2146     		mov	r1, r4
 4233 001a 2846     		mov	r0, r5
 4234 001c FFF7FEFF 		bl	prvAddCurrentTaskToDelayedList
 4235              	.LVL284:
2973:Middlewares/Third_Party/FreeRTOS/Source/tasks.c **** 
 4236              		.loc 1 2973 2 is_stmt 0 view .LVU1201
 4237 0020 38BD     		pop	{r3, r4, r5, pc}
 4238              	.LVL285:
 4239              	.L337:
2949:Middlewares/Third_Party/FreeRTOS/Source/tasks.c **** 
 4240              		.loc 1 2949 3 is_stmt 1 discriminator 1 view .LVU1202
 4241              	.LBB192:
 4242              	.LBI192:
 191:Middlewares/Third_Party/FreeRTOS/Source/portable/GCC/ARM_CM3/portmacro.h **** {
 4243              		.loc 2 191 30 view .LVU1203
 4244              	.LBB193:
 193:Middlewares/Third_Party/FreeRTOS/Source/portable/GCC/ARM_CM3/portmacro.h **** 
 4245              		.loc 2 193 1 view .LVU1204
 195:Middlewares/Third_Party/FreeRTOS/Source/portable/GCC/ARM_CM3/portmacro.h **** 	(
 4246              		.loc 2 195 2 view .LVU1205
 4247              		.syntax unified
 4248              	@ 195 "Middlewares/Third_Party/FreeRTOS/Source/portable/GCC/ARM_CM3/portmacro.h" 1
 4249 0022 4FF05003 			mov r3, #80												
ARM GAS  /tmp/ccshf83P.s 			page 186


 4250 0026 83F31188 		msr basepri, r3											
 4251 002a BFF36F8F 		isb														
 4252 002e BFF34F8F 		dsb														
 4253              	
 4254              	@ 0 "" 2
 4255              		.thumb
 4256              		.syntax unified
 4257              	.L333:
 4258              	.LBE193:
 4259              	.LBE192:
2949:Middlewares/Third_Party/FreeRTOS/Source/tasks.c **** 
 4260              		.loc 1 2949 3 discriminator 3 view .LVU1206
2949:Middlewares/Third_Party/FreeRTOS/Source/tasks.c **** 
 4261              		.loc 1 2949 3 discriminator 3 view .LVU1207
 4262 0032 FEE7     		b	.L333
 4263              	.L339:
 4264              		.align	2
 4265              	.L338:
 4266 0034 00000000 		.word	pxCurrentTCB
 4267              		.cfi_endproc
 4268              	.LFE32:
 4270              		.section	.text.xTaskRemoveFromEventList,"ax",%progbits
 4271              		.align	1
 4272              		.global	xTaskRemoveFromEventList
 4273              		.syntax unified
 4274              		.thumb
 4275              		.thumb_func
 4277              	xTaskRemoveFromEventList:
 4278              	.LVL286:
 4279              	.LFB33:
2979:Middlewares/Third_Party/FreeRTOS/Source/tasks.c **** TCB_t *pxUnblockedTCB;
 4280              		.loc 1 2979 1 view -0
 4281              		.cfi_startproc
 4282              		@ args = 0, pretend = 0, frame = 0
 4283              		@ frame_needed = 0, uses_anonymous_args = 0
2979:Middlewares/Third_Party/FreeRTOS/Source/tasks.c **** TCB_t *pxUnblockedTCB;
 4284              		.loc 1 2979 1 is_stmt 0 view .LVU1209
 4285 0000 38B5     		push	{r3, r4, r5, lr}
 4286              		.cfi_def_cfa_offset 16
 4287              		.cfi_offset 3, -16
 4288              		.cfi_offset 4, -12
 4289              		.cfi_offset 5, -8
 4290              		.cfi_offset 14, -4
2980:Middlewares/Third_Party/FreeRTOS/Source/tasks.c **** BaseType_t xReturn;
 4291              		.loc 1 2980 1 is_stmt 1 view .LVU1210
2981:Middlewares/Third_Party/FreeRTOS/Source/tasks.c **** 
 4292              		.loc 1 2981 1 view .LVU1211
2996:Middlewares/Third_Party/FreeRTOS/Source/tasks.c **** 	configASSERT( pxUnblockedTCB );
 4293              		.loc 1 2996 2 view .LVU1212
2996:Middlewares/Third_Party/FreeRTOS/Source/tasks.c **** 	configASSERT( pxUnblockedTCB );
 4294              		.loc 1 2996 31 is_stmt 0 view .LVU1213
 4295 0002 C368     		ldr	r3, [r0, #12]
2996:Middlewares/Third_Party/FreeRTOS/Source/tasks.c **** 	configASSERT( pxUnblockedTCB );
 4296              		.loc 1 2996 17 view .LVU1214
 4297 0004 DC68     		ldr	r4, [r3, #12]
 4298              	.LVL287:
2997:Middlewares/Third_Party/FreeRTOS/Source/tasks.c **** 	( void ) uxListRemove( &( pxUnblockedTCB->xEventListItem ) );
ARM GAS  /tmp/ccshf83P.s 			page 187


 4299              		.loc 1 2997 2 is_stmt 1 view .LVU1215
 4300 0006 24B3     		cbz	r4, .L349
2997:Middlewares/Third_Party/FreeRTOS/Source/tasks.c **** 	( void ) uxListRemove( &( pxUnblockedTCB->xEventListItem ) );
 4301              		.loc 1 2997 32 discriminator 2 view .LVU1216
2998:Middlewares/Third_Party/FreeRTOS/Source/tasks.c **** 
 4302              		.loc 1 2998 2 view .LVU1217
2998:Middlewares/Third_Party/FreeRTOS/Source/tasks.c **** 
 4303              		.loc 1 2998 11 is_stmt 0 view .LVU1218
 4304 0008 04F11805 		add	r5, r4, #24
 4305 000c 2846     		mov	r0, r5
 4306              	.LVL288:
2998:Middlewares/Third_Party/FreeRTOS/Source/tasks.c **** 
 4307              		.loc 1 2998 11 view .LVU1219
 4308 000e FFF7FEFF 		bl	uxListRemove
 4309              	.LVL289:
3000:Middlewares/Third_Party/FreeRTOS/Source/tasks.c **** 	{
 4310              		.loc 1 3000 2 is_stmt 1 view .LVU1220
3000:Middlewares/Third_Party/FreeRTOS/Source/tasks.c **** 	{
 4311              		.loc 1 3000 27 is_stmt 0 view .LVU1221
 4312 0012 184B     		ldr	r3, .L350
 4313 0014 1B68     		ldr	r3, [r3]
3000:Middlewares/Third_Party/FreeRTOS/Source/tasks.c **** 	{
 4314              		.loc 1 3000 4 view .LVU1222
 4315 0016 2BBB     		cbnz	r3, .L343
3002:Middlewares/Third_Party/FreeRTOS/Source/tasks.c **** 		prvAddTaskToReadyList( pxUnblockedTCB );
 4316              		.loc 1 3002 3 is_stmt 1 view .LVU1223
3002:Middlewares/Third_Party/FreeRTOS/Source/tasks.c **** 		prvAddTaskToReadyList( pxUnblockedTCB );
 4317              		.loc 1 3002 12 is_stmt 0 view .LVU1224
 4318 0018 251D     		adds	r5, r4, #4
 4319 001a 2846     		mov	r0, r5
 4320 001c FFF7FEFF 		bl	uxListRemove
 4321              	.LVL290:
3003:Middlewares/Third_Party/FreeRTOS/Source/tasks.c **** 	}
 4322              		.loc 1 3003 3 is_stmt 1 view .LVU1225
3003:Middlewares/Third_Party/FreeRTOS/Source/tasks.c **** 	}
 4323              		.loc 1 3003 3 view .LVU1226
 4324 0020 E06A     		ldr	r0, [r4, #44]
 4325 0022 154B     		ldr	r3, .L350+4
 4326 0024 1B68     		ldr	r3, [r3]
 4327 0026 9842     		cmp	r0, r3
 4328 0028 01D9     		bls	.L344
3003:Middlewares/Third_Party/FreeRTOS/Source/tasks.c **** 	}
 4329              		.loc 1 3003 3 discriminator 1 view .LVU1227
 4330 002a 134B     		ldr	r3, .L350+4
 4331 002c 1860     		str	r0, [r3]
 4332              	.L344:
3003:Middlewares/Third_Party/FreeRTOS/Source/tasks.c **** 	}
 4333              		.loc 1 3003 3 discriminator 3 view .LVU1228
3003:Middlewares/Third_Party/FreeRTOS/Source/tasks.c **** 	}
 4334              		.loc 1 3003 3 discriminator 3 view .LVU1229
 4335 002e 00EB8000 		add	r0, r0, r0, lsl #2
 4336 0032 2946     		mov	r1, r5
 4337 0034 114B     		ldr	r3, .L350+8
 4338 0036 03EB8000 		add	r0, r3, r0, lsl #2
 4339 003a FFF7FEFF 		bl	vListInsertEnd
 4340              	.LVL291:
3003:Middlewares/Third_Party/FreeRTOS/Source/tasks.c **** 	}
ARM GAS  /tmp/ccshf83P.s 			page 188


 4341              		.loc 1 3003 42 discriminator 1 view .LVU1230
 4342              	.L345:
3012:Middlewares/Third_Party/FreeRTOS/Source/tasks.c **** 	{
 4343              		.loc 1 3012 2 view .LVU1231
3012:Middlewares/Third_Party/FreeRTOS/Source/tasks.c **** 	{
 4344              		.loc 1 3012 20 is_stmt 0 view .LVU1232
 4345 003e E26A     		ldr	r2, [r4, #44]
3012:Middlewares/Third_Party/FreeRTOS/Source/tasks.c **** 	{
 4346              		.loc 1 3012 47 view .LVU1233
 4347 0040 0F4B     		ldr	r3, .L350+12
 4348 0042 1B68     		ldr	r3, [r3]
 4349 0044 DB6A     		ldr	r3, [r3, #44]
3012:Middlewares/Third_Party/FreeRTOS/Source/tasks.c **** 	{
 4350              		.loc 1 3012 4 view .LVU1234
 4351 0046 9A42     		cmp	r2, r3
 4352 0048 11D9     		bls	.L347
3017:Middlewares/Third_Party/FreeRTOS/Source/tasks.c **** 
 4353              		.loc 1 3017 3 is_stmt 1 view .LVU1235
 4354              	.LVL292:
3021:Middlewares/Third_Party/FreeRTOS/Source/tasks.c **** 	}
 4355              		.loc 1 3021 3 view .LVU1236
3021:Middlewares/Third_Party/FreeRTOS/Source/tasks.c **** 	}
 4356              		.loc 1 3021 17 is_stmt 0 view .LVU1237
 4357 004a 0120     		movs	r0, #1
 4358 004c 0D4B     		ldr	r3, .L350+16
 4359 004e 1860     		str	r0, [r3]
 4360              	.LVL293:
 4361              	.L340:
3043:Middlewares/Third_Party/FreeRTOS/Source/tasks.c **** /*-----------------------------------------------------------*/
 4362              		.loc 1 3043 1 view .LVU1238
 4363 0050 38BD     		pop	{r3, r4, r5, pc}
 4364              	.LVL294:
 4365              	.L349:
2997:Middlewares/Third_Party/FreeRTOS/Source/tasks.c **** 	( void ) uxListRemove( &( pxUnblockedTCB->xEventListItem ) );
 4366              		.loc 1 2997 2 is_stmt 1 discriminator 1 view .LVU1239
 4367              	.LBB194:
 4368              	.LBI194:
 191:Middlewares/Third_Party/FreeRTOS/Source/portable/GCC/ARM_CM3/portmacro.h **** {
 4369              		.loc 2 191 30 view .LVU1240
 4370              	.LBB195:
 193:Middlewares/Third_Party/FreeRTOS/Source/portable/GCC/ARM_CM3/portmacro.h **** 
 4371              		.loc 2 193 1 view .LVU1241
 195:Middlewares/Third_Party/FreeRTOS/Source/portable/GCC/ARM_CM3/portmacro.h **** 	(
 4372              		.loc 2 195 2 view .LVU1242
 4373              		.syntax unified
 4374              	@ 195 "Middlewares/Third_Party/FreeRTOS/Source/portable/GCC/ARM_CM3/portmacro.h" 1
 4375 0052 4FF05003 			mov r3, #80												
 4376 0056 83F31188 		msr basepri, r3											
 4377 005a BFF36F8F 		isb														
 4378 005e BFF34F8F 		dsb														
 4379              	
 4380              	@ 0 "" 2
 4381              		.thumb
 4382              		.syntax unified
 4383              	.L342:
 4384              	.LBE195:
 4385              	.LBE194:
ARM GAS  /tmp/ccshf83P.s 			page 189


2997:Middlewares/Third_Party/FreeRTOS/Source/tasks.c **** 	( void ) uxListRemove( &( pxUnblockedTCB->xEventListItem ) );
 4386              		.loc 1 2997 2 discriminator 3 view .LVU1243
2997:Middlewares/Third_Party/FreeRTOS/Source/tasks.c **** 	( void ) uxListRemove( &( pxUnblockedTCB->xEventListItem ) );
 4387              		.loc 1 2997 2 discriminator 3 view .LVU1244
 4388 0062 FEE7     		b	.L342
 4389              	.LVL295:
 4390              	.L343:
3009:Middlewares/Third_Party/FreeRTOS/Source/tasks.c **** 	}
 4391              		.loc 1 3009 3 view .LVU1245
 4392 0064 2946     		mov	r1, r5
 4393 0066 0848     		ldr	r0, .L350+20
 4394 0068 FFF7FEFF 		bl	vListInsertEnd
 4395              	.LVL296:
 4396 006c E7E7     		b	.L345
 4397              	.L347:
3025:Middlewares/Third_Party/FreeRTOS/Source/tasks.c **** 	}
 4398              		.loc 1 3025 11 is_stmt 0 view .LVU1246
 4399 006e 0020     		movs	r0, #0
 4400              	.LVL297:
3042:Middlewares/Third_Party/FreeRTOS/Source/tasks.c **** }
 4401              		.loc 1 3042 2 is_stmt 1 view .LVU1247
3042:Middlewares/Third_Party/FreeRTOS/Source/tasks.c **** }
 4402              		.loc 1 3042 9 is_stmt 0 view .LVU1248
 4403 0070 EEE7     		b	.L340
 4404              	.L351:
 4405 0072 00BF     		.align	2
 4406              	.L350:
 4407 0074 00000000 		.word	uxSchedulerSuspended
 4408 0078 00000000 		.word	uxTopReadyPriority
 4409 007c 00000000 		.word	pxReadyTasksLists
 4410 0080 00000000 		.word	pxCurrentTCB
 4411 0084 00000000 		.word	xYieldPending
 4412 0088 00000000 		.word	xPendingReadyList
 4413              		.cfi_endproc
 4414              	.LFE33:
 4416              		.section	.text.vTaskRemoveFromUnorderedEventList,"ax",%progbits
 4417              		.align	1
 4418              		.global	vTaskRemoveFromUnorderedEventList
 4419              		.syntax unified
 4420              		.thumb
 4421              		.thumb_func
 4423              	vTaskRemoveFromUnorderedEventList:
 4424              	.LVL298:
 4425              	.LFB34:
3047:Middlewares/Third_Party/FreeRTOS/Source/tasks.c **** TCB_t *pxUnblockedTCB;
 4426              		.loc 1 3047 1 is_stmt 1 view -0
 4427              		.cfi_startproc
 4428              		@ args = 0, pretend = 0, frame = 0
 4429              		@ frame_needed = 0, uses_anonymous_args = 0
3047:Middlewares/Third_Party/FreeRTOS/Source/tasks.c **** TCB_t *pxUnblockedTCB;
 4430              		.loc 1 3047 1 is_stmt 0 view .LVU1250
 4431 0000 38B5     		push	{r3, r4, r5, lr}
 4432              		.cfi_def_cfa_offset 16
 4433              		.cfi_offset 3, -16
 4434              		.cfi_offset 4, -12
 4435              		.cfi_offset 5, -8
 4436              		.cfi_offset 14, -4
ARM GAS  /tmp/ccshf83P.s 			page 190


3048:Middlewares/Third_Party/FreeRTOS/Source/tasks.c **** 
 4437              		.loc 1 3048 1 is_stmt 1 view .LVU1251
3052:Middlewares/Third_Party/FreeRTOS/Source/tasks.c **** 
 4438              		.loc 1 3052 2 view .LVU1252
 4439 0002 1C4B     		ldr	r3, .L361
 4440 0004 1B68     		ldr	r3, [r3]
 4441 0006 43B9     		cbnz	r3, .L353
3052:Middlewares/Third_Party/FreeRTOS/Source/tasks.c **** 
 4442              		.loc 1 3052 2 discriminator 1 view .LVU1253
 4443              	.LBB196:
 4444              	.LBI196:
 191:Middlewares/Third_Party/FreeRTOS/Source/portable/GCC/ARM_CM3/portmacro.h **** {
 4445              		.loc 2 191 30 view .LVU1254
 4446              	.LBB197:
 193:Middlewares/Third_Party/FreeRTOS/Source/portable/GCC/ARM_CM3/portmacro.h **** 
 4447              		.loc 2 193 1 view .LVU1255
 195:Middlewares/Third_Party/FreeRTOS/Source/portable/GCC/ARM_CM3/portmacro.h **** 	(
 4448              		.loc 2 195 2 view .LVU1256
 4449              		.syntax unified
 4450              	@ 195 "Middlewares/Third_Party/FreeRTOS/Source/portable/GCC/ARM_CM3/portmacro.h" 1
 4451 0008 4FF05003 			mov r3, #80												
 4452 000c 83F31188 		msr basepri, r3											
 4453 0010 BFF36F8F 		isb														
 4454 0014 BFF34F8F 		dsb														
 4455              	
 4456              	@ 0 "" 2
 4457              		.thumb
 4458              		.syntax unified
 4459              	.L354:
 4460              	.LBE197:
 4461              	.LBE196:
3052:Middlewares/Third_Party/FreeRTOS/Source/tasks.c **** 
 4462              		.loc 1 3052 2 discriminator 3 view .LVU1257
3052:Middlewares/Third_Party/FreeRTOS/Source/tasks.c **** 
 4463              		.loc 1 3052 2 discriminator 3 view .LVU1258
 4464 0018 FEE7     		b	.L354
 4465              	.L353:
3052:Middlewares/Third_Party/FreeRTOS/Source/tasks.c **** 
 4466              		.loc 1 3052 49 discriminator 2 view .LVU1259
3055:Middlewares/Third_Party/FreeRTOS/Source/tasks.c **** 
 4467              		.loc 1 3055 2 view .LVU1260
 4468 001a 41F00041 		orr	r1, r1, #-2147483648
 4469              	.LVL299:
3055:Middlewares/Third_Party/FreeRTOS/Source/tasks.c **** 
 4470              		.loc 1 3055 2 is_stmt 0 view .LVU1261
 4471 001e 0160     		str	r1, [r0]
3059:Middlewares/Third_Party/FreeRTOS/Source/tasks.c **** 	configASSERT( pxUnblockedTCB );
 4472              		.loc 1 3059 2 is_stmt 1 view .LVU1262
3059:Middlewares/Third_Party/FreeRTOS/Source/tasks.c **** 	configASSERT( pxUnblockedTCB );
 4473              		.loc 1 3059 17 is_stmt 0 view .LVU1263
 4474 0020 C468     		ldr	r4, [r0, #12]
 4475              	.LVL300:
3060:Middlewares/Third_Party/FreeRTOS/Source/tasks.c **** 	( void ) uxListRemove( pxEventListItem );
 4476              		.loc 1 3060 2 is_stmt 1 view .LVU1264
 4477 0022 F4B1     		cbz	r4, .L360
3060:Middlewares/Third_Party/FreeRTOS/Source/tasks.c **** 	( void ) uxListRemove( pxEventListItem );
 4478              		.loc 1 3060 32 discriminator 2 view .LVU1265
ARM GAS  /tmp/ccshf83P.s 			page 191


3061:Middlewares/Third_Party/FreeRTOS/Source/tasks.c **** 
 4479              		.loc 1 3061 2 view .LVU1266
3061:Middlewares/Third_Party/FreeRTOS/Source/tasks.c **** 
 4480              		.loc 1 3061 11 is_stmt 0 view .LVU1267
 4481 0024 FFF7FEFF 		bl	uxListRemove
 4482              	.LVL301:
3066:Middlewares/Third_Party/FreeRTOS/Source/tasks.c **** 	prvAddTaskToReadyList( pxUnblockedTCB );
 4483              		.loc 1 3066 2 is_stmt 1 view .LVU1268
3066:Middlewares/Third_Party/FreeRTOS/Source/tasks.c **** 	prvAddTaskToReadyList( pxUnblockedTCB );
 4484              		.loc 1 3066 11 is_stmt 0 view .LVU1269
 4485 0028 251D     		adds	r5, r4, #4
 4486 002a 2846     		mov	r0, r5
 4487 002c FFF7FEFF 		bl	uxListRemove
 4488              	.LVL302:
3067:Middlewares/Third_Party/FreeRTOS/Source/tasks.c **** 
 4489              		.loc 1 3067 2 is_stmt 1 view .LVU1270
3067:Middlewares/Third_Party/FreeRTOS/Source/tasks.c **** 
 4490              		.loc 1 3067 2 view .LVU1271
 4491 0030 E06A     		ldr	r0, [r4, #44]
 4492 0032 114B     		ldr	r3, .L361+4
 4493 0034 1B68     		ldr	r3, [r3]
 4494 0036 9842     		cmp	r0, r3
 4495 0038 01D9     		bls	.L357
3067:Middlewares/Third_Party/FreeRTOS/Source/tasks.c **** 
 4496              		.loc 1 3067 2 discriminator 1 view .LVU1272
 4497 003a 0F4B     		ldr	r3, .L361+4
 4498 003c 1860     		str	r0, [r3]
 4499              	.L357:
3067:Middlewares/Third_Party/FreeRTOS/Source/tasks.c **** 
 4500              		.loc 1 3067 2 discriminator 3 view .LVU1273
3067:Middlewares/Third_Party/FreeRTOS/Source/tasks.c **** 
 4501              		.loc 1 3067 2 discriminator 3 view .LVU1274
 4502 003e 00EB8000 		add	r0, r0, r0, lsl #2
 4503 0042 2946     		mov	r1, r5
 4504 0044 0D4B     		ldr	r3, .L361+8
 4505 0046 03EB8000 		add	r0, r3, r0, lsl #2
 4506 004a FFF7FEFF 		bl	vListInsertEnd
 4507              	.LVL303:
3067:Middlewares/Third_Party/FreeRTOS/Source/tasks.c **** 
 4508              		.loc 1 3067 41 discriminator 1 view .LVU1275
3069:Middlewares/Third_Party/FreeRTOS/Source/tasks.c **** 	{
 4509              		.loc 1 3069 2 view .LVU1276
3069:Middlewares/Third_Party/FreeRTOS/Source/tasks.c **** 	{
 4510              		.loc 1 3069 20 is_stmt 0 view .LVU1277
 4511 004e E26A     		ldr	r2, [r4, #44]
3069:Middlewares/Third_Party/FreeRTOS/Source/tasks.c **** 	{
 4512              		.loc 1 3069 47 view .LVU1278
 4513 0050 0B4B     		ldr	r3, .L361+12
 4514 0052 1B68     		ldr	r3, [r3]
 4515 0054 DB6A     		ldr	r3, [r3, #44]
3069:Middlewares/Third_Party/FreeRTOS/Source/tasks.c **** 	{
 4516              		.loc 1 3069 4 view .LVU1279
 4517 0056 9A42     		cmp	r2, r3
 4518 0058 02D9     		bls	.L352
3075:Middlewares/Third_Party/FreeRTOS/Source/tasks.c **** 	}
 4519              		.loc 1 3075 3 is_stmt 1 view .LVU1280
3075:Middlewares/Third_Party/FreeRTOS/Source/tasks.c **** 	}
ARM GAS  /tmp/ccshf83P.s 			page 192


 4520              		.loc 1 3075 17 is_stmt 0 view .LVU1281
 4521 005a 0A4B     		ldr	r3, .L361+16
 4522 005c 0122     		movs	r2, #1
 4523 005e 1A60     		str	r2, [r3]
 4524              	.L352:
3077:Middlewares/Third_Party/FreeRTOS/Source/tasks.c **** /*-----------------------------------------------------------*/
 4525              		.loc 1 3077 1 view .LVU1282
 4526 0060 38BD     		pop	{r3, r4, r5, pc}
 4527              	.LVL304:
 4528              	.L360:
3060:Middlewares/Third_Party/FreeRTOS/Source/tasks.c **** 	( void ) uxListRemove( pxEventListItem );
 4529              		.loc 1 3060 2 is_stmt 1 discriminator 1 view .LVU1283
 4530              	.LBB198:
 4531              	.LBI198:
 191:Middlewares/Third_Party/FreeRTOS/Source/portable/GCC/ARM_CM3/portmacro.h **** {
 4532              		.loc 2 191 30 view .LVU1284
 4533              	.LBB199:
 193:Middlewares/Third_Party/FreeRTOS/Source/portable/GCC/ARM_CM3/portmacro.h **** 
 4534              		.loc 2 193 1 view .LVU1285
 195:Middlewares/Third_Party/FreeRTOS/Source/portable/GCC/ARM_CM3/portmacro.h **** 	(
 4535              		.loc 2 195 2 view .LVU1286
 4536              		.syntax unified
 4537              	@ 195 "Middlewares/Third_Party/FreeRTOS/Source/portable/GCC/ARM_CM3/portmacro.h" 1
 4538 0062 4FF05003 			mov r3, #80												
 4539 0066 83F31188 		msr basepri, r3											
 4540 006a BFF36F8F 		isb														
 4541 006e BFF34F8F 		dsb														
 4542              	
 4543              	@ 0 "" 2
 4544              		.thumb
 4545              		.syntax unified
 4546              	.L356:
 4547              	.LBE199:
 4548              	.LBE198:
3060:Middlewares/Third_Party/FreeRTOS/Source/tasks.c **** 	( void ) uxListRemove( pxEventListItem );
 4549              		.loc 1 3060 2 discriminator 3 view .LVU1287
3060:Middlewares/Third_Party/FreeRTOS/Source/tasks.c **** 	( void ) uxListRemove( pxEventListItem );
 4550              		.loc 1 3060 2 discriminator 3 view .LVU1288
 4551 0072 FEE7     		b	.L356
 4552              	.L362:
 4553              		.align	2
 4554              	.L361:
 4555 0074 00000000 		.word	uxSchedulerSuspended
 4556 0078 00000000 		.word	uxTopReadyPriority
 4557 007c 00000000 		.word	pxReadyTasksLists
 4558 0080 00000000 		.word	pxCurrentTCB
 4559 0084 00000000 		.word	xYieldPending
 4560              		.cfi_endproc
 4561              	.LFE34:
 4563              		.section	.text.vTaskSetTimeOutState,"ax",%progbits
 4564              		.align	1
 4565              		.global	vTaskSetTimeOutState
 4566              		.syntax unified
 4567              		.thumb
 4568              		.thumb_func
 4570              	vTaskSetTimeOutState:
 4571              	.LVL305:
ARM GAS  /tmp/ccshf83P.s 			page 193


 4572              	.LFB35:
3081:Middlewares/Third_Party/FreeRTOS/Source/tasks.c **** 	configASSERT( pxTimeOut );
 4573              		.loc 1 3081 1 view -0
 4574              		.cfi_startproc
 4575              		@ args = 0, pretend = 0, frame = 0
 4576              		@ frame_needed = 0, uses_anonymous_args = 0
3082:Middlewares/Third_Party/FreeRTOS/Source/tasks.c **** 	taskENTER_CRITICAL();
 4577              		.loc 1 3082 2 view .LVU1290
 4578 0000 60B1     		cbz	r0, .L368
3081:Middlewares/Third_Party/FreeRTOS/Source/tasks.c **** 	configASSERT( pxTimeOut );
 4579              		.loc 1 3081 1 is_stmt 0 view .LVU1291
 4580 0002 10B5     		push	{r4, lr}
 4581              		.cfi_def_cfa_offset 8
 4582              		.cfi_offset 4, -8
 4583              		.cfi_offset 14, -4
 4584 0004 0446     		mov	r4, r0
3082:Middlewares/Third_Party/FreeRTOS/Source/tasks.c **** 	taskENTER_CRITICAL();
 4585              		.loc 1 3082 27 is_stmt 1 discriminator 2 view .LVU1292
3083:Middlewares/Third_Party/FreeRTOS/Source/tasks.c **** 	{
 4586              		.loc 1 3083 2 view .LVU1293
 4587 0006 FFF7FEFF 		bl	vPortEnterCritical
 4588              	.LVL306:
3085:Middlewares/Third_Party/FreeRTOS/Source/tasks.c **** 		pxTimeOut->xTimeOnEntering = xTickCount;
 4589              		.loc 1 3085 3 view .LVU1294
3085:Middlewares/Third_Party/FreeRTOS/Source/tasks.c **** 		pxTimeOut->xTimeOnEntering = xTickCount;
 4590              		.loc 1 3085 29 is_stmt 0 view .LVU1295
 4591 000a 094B     		ldr	r3, .L369
 4592 000c 1B68     		ldr	r3, [r3]
 4593 000e 2360     		str	r3, [r4]
3086:Middlewares/Third_Party/FreeRTOS/Source/tasks.c **** 	}
 4594              		.loc 1 3086 3 is_stmt 1 view .LVU1296
3086:Middlewares/Third_Party/FreeRTOS/Source/tasks.c **** 	}
 4595              		.loc 1 3086 30 is_stmt 0 view .LVU1297
 4596 0010 084B     		ldr	r3, .L369+4
 4597 0012 1B68     		ldr	r3, [r3]
 4598 0014 6360     		str	r3, [r4, #4]
3088:Middlewares/Third_Party/FreeRTOS/Source/tasks.c **** }
 4599              		.loc 1 3088 2 is_stmt 1 view .LVU1298
 4600 0016 FFF7FEFF 		bl	vPortExitCritical
 4601              	.LVL307:
3089:Middlewares/Third_Party/FreeRTOS/Source/tasks.c **** /*-----------------------------------------------------------*/
 4602              		.loc 1 3089 1 is_stmt 0 view .LVU1299
 4603 001a 10BD     		pop	{r4, pc}
 4604              	.LVL308:
 4605              	.L368:
 4606              		.cfi_def_cfa_offset 0
 4607              		.cfi_restore 4
 4608              		.cfi_restore 14
3082:Middlewares/Third_Party/FreeRTOS/Source/tasks.c **** 	taskENTER_CRITICAL();
 4609              		.loc 1 3082 2 is_stmt 1 discriminator 1 view .LVU1300
 4610              	.LBB200:
 4611              	.LBI200:
 191:Middlewares/Third_Party/FreeRTOS/Source/portable/GCC/ARM_CM3/portmacro.h **** {
 4612              		.loc 2 191 30 view .LVU1301
 4613              	.LBB201:
 193:Middlewares/Third_Party/FreeRTOS/Source/portable/GCC/ARM_CM3/portmacro.h **** 
 4614              		.loc 2 193 1 view .LVU1302
ARM GAS  /tmp/ccshf83P.s 			page 194


 195:Middlewares/Third_Party/FreeRTOS/Source/portable/GCC/ARM_CM3/portmacro.h **** 	(
 4615              		.loc 2 195 2 view .LVU1303
 4616              		.syntax unified
 4617              	@ 195 "Middlewares/Third_Party/FreeRTOS/Source/portable/GCC/ARM_CM3/portmacro.h" 1
 4618 001c 4FF05003 			mov r3, #80												
 4619 0020 83F31188 		msr basepri, r3											
 4620 0024 BFF36F8F 		isb														
 4621 0028 BFF34F8F 		dsb														
 4622              	
 4623              	@ 0 "" 2
 4624              		.thumb
 4625              		.syntax unified
 4626              	.L365:
 4627              	.LBE201:
 4628              	.LBE200:
3082:Middlewares/Third_Party/FreeRTOS/Source/tasks.c **** 	taskENTER_CRITICAL();
 4629              		.loc 1 3082 2 discriminator 3 view .LVU1304
3082:Middlewares/Third_Party/FreeRTOS/Source/tasks.c **** 	taskENTER_CRITICAL();
 4630              		.loc 1 3082 2 discriminator 3 view .LVU1305
 4631 002c FEE7     		b	.L365
 4632              	.L370:
 4633 002e 00BF     		.align	2
 4634              	.L369:
 4635 0030 00000000 		.word	xNumOfOverflows
 4636 0034 00000000 		.word	xTickCount
 4637              		.cfi_endproc
 4638              	.LFE35:
 4640              		.section	.text.vTaskInternalSetTimeOutState,"ax",%progbits
 4641              		.align	1
 4642              		.global	vTaskInternalSetTimeOutState
 4643              		.syntax unified
 4644              		.thumb
 4645              		.thumb_func
 4647              	vTaskInternalSetTimeOutState:
 4648              	.LVL309:
 4649              	.LFB36:
3093:Middlewares/Third_Party/FreeRTOS/Source/tasks.c **** 	/* For internal use only as it does not use a critical section. */
 4650              		.loc 1 3093 1 view -0
 4651              		.cfi_startproc
 4652              		@ args = 0, pretend = 0, frame = 0
 4653              		@ frame_needed = 0, uses_anonymous_args = 0
 4654              		@ link register save eliminated.
3095:Middlewares/Third_Party/FreeRTOS/Source/tasks.c **** 	pxTimeOut->xTimeOnEntering = xTickCount;
 4655              		.loc 1 3095 2 view .LVU1307
3095:Middlewares/Third_Party/FreeRTOS/Source/tasks.c **** 	pxTimeOut->xTimeOnEntering = xTickCount;
 4656              		.loc 1 3095 28 is_stmt 0 view .LVU1308
 4657 0000 034B     		ldr	r3, .L372
 4658 0002 1B68     		ldr	r3, [r3]
 4659 0004 0360     		str	r3, [r0]
3096:Middlewares/Third_Party/FreeRTOS/Source/tasks.c **** }
 4660              		.loc 1 3096 2 is_stmt 1 view .LVU1309
3096:Middlewares/Third_Party/FreeRTOS/Source/tasks.c **** }
 4661              		.loc 1 3096 29 is_stmt 0 view .LVU1310
 4662 0006 034B     		ldr	r3, .L372+4
 4663 0008 1B68     		ldr	r3, [r3]
 4664 000a 4360     		str	r3, [r0, #4]
3097:Middlewares/Third_Party/FreeRTOS/Source/tasks.c **** /*-----------------------------------------------------------*/
ARM GAS  /tmp/ccshf83P.s 			page 195


 4665              		.loc 1 3097 1 view .LVU1311
 4666 000c 7047     		bx	lr
 4667              	.L373:
 4668 000e 00BF     		.align	2
 4669              	.L372:
 4670 0010 00000000 		.word	xNumOfOverflows
 4671 0014 00000000 		.word	xTickCount
 4672              		.cfi_endproc
 4673              	.LFE36:
 4675              		.section	.text.xTaskCheckForTimeOut,"ax",%progbits
 4676              		.align	1
 4677              		.global	xTaskCheckForTimeOut
 4678              		.syntax unified
 4679              		.thumb
 4680              		.thumb_func
 4682              	xTaskCheckForTimeOut:
 4683              	.LVL310:
 4684              	.LFB37:
3101:Middlewares/Third_Party/FreeRTOS/Source/tasks.c **** BaseType_t xReturn;
 4685              		.loc 1 3101 1 is_stmt 1 view -0
 4686              		.cfi_startproc
 4687              		@ args = 0, pretend = 0, frame = 0
 4688              		@ frame_needed = 0, uses_anonymous_args = 0
3102:Middlewares/Third_Party/FreeRTOS/Source/tasks.c **** 
 4689              		.loc 1 3102 1 view .LVU1313
3104:Middlewares/Third_Party/FreeRTOS/Source/tasks.c **** 	configASSERT( pxTicksToWait );
 4690              		.loc 1 3104 2 view .LVU1314
 4691 0000 D8B1     		cbz	r0, .L386
3101:Middlewares/Third_Party/FreeRTOS/Source/tasks.c **** BaseType_t xReturn;
 4692              		.loc 1 3101 1 is_stmt 0 view .LVU1315
 4693 0002 70B5     		push	{r4, r5, r6, lr}
 4694              		.cfi_def_cfa_offset 16
 4695              		.cfi_offset 4, -16
 4696              		.cfi_offset 5, -12
 4697              		.cfi_offset 6, -8
 4698              		.cfi_offset 14, -4
 4699 0004 0C46     		mov	r4, r1
 4700 0006 0546     		mov	r5, r0
3104:Middlewares/Third_Party/FreeRTOS/Source/tasks.c **** 	configASSERT( pxTicksToWait );
 4701              		.loc 1 3104 27 is_stmt 1 discriminator 2 view .LVU1316
3105:Middlewares/Third_Party/FreeRTOS/Source/tasks.c **** 
 4702              		.loc 1 3105 2 view .LVU1317
 4703 0008 01B3     		cbz	r1, .L387
3105:Middlewares/Third_Party/FreeRTOS/Source/tasks.c **** 
 4704              		.loc 1 3105 31 discriminator 2 view .LVU1318
3107:Middlewares/Third_Party/FreeRTOS/Source/tasks.c **** 	{
 4705              		.loc 1 3107 2 view .LVU1319
 4706 000a FFF7FEFF 		bl	vPortEnterCritical
 4707              	.LVL311:
 4708              	.LBB202:
3110:Middlewares/Third_Party/FreeRTOS/Source/tasks.c **** 		const TickType_t xElapsedTime = xConstTickCount - pxTimeOut->xTimeOnEntering;
 4709              		.loc 1 3110 3 view .LVU1320
3110:Middlewares/Third_Party/FreeRTOS/Source/tasks.c **** 		const TickType_t xElapsedTime = xConstTickCount - pxTimeOut->xTimeOnEntering;
 4710              		.loc 1 3110 20 is_stmt 0 view .LVU1321
 4711 000e 1B4B     		ldr	r3, .L389
 4712 0010 1968     		ldr	r1, [r3]
 4713              	.LVL312:
ARM GAS  /tmp/ccshf83P.s 			page 196


3111:Middlewares/Third_Party/FreeRTOS/Source/tasks.c **** 
 4714              		.loc 1 3111 3 is_stmt 1 view .LVU1322
3111:Middlewares/Third_Party/FreeRTOS/Source/tasks.c **** 
 4715              		.loc 1 3111 62 is_stmt 0 view .LVU1323
 4716 0012 6B68     		ldr	r3, [r5, #4]
3111:Middlewares/Third_Party/FreeRTOS/Source/tasks.c **** 
 4717              		.loc 1 3111 20 view .LVU1324
 4718 0014 C81A     		subs	r0, r1, r3
 4719              	.LVL313:
3125:Middlewares/Third_Party/FreeRTOS/Source/tasks.c **** 			{
 4720              		.loc 1 3125 4 is_stmt 1 view .LVU1325
3125:Middlewares/Third_Party/FreeRTOS/Source/tasks.c **** 			{
 4721              		.loc 1 3125 8 is_stmt 0 view .LVU1326
 4722 0016 2268     		ldr	r2, [r4]
3125:Middlewares/Third_Party/FreeRTOS/Source/tasks.c **** 			{
 4723              		.loc 1 3125 6 view .LVU1327
 4724 0018 B2F1FF3F 		cmp	r2, #-1
 4725 001c 27D0     		beq	.L382
3135:Middlewares/Third_Party/FreeRTOS/Source/tasks.c **** 		{
 4726              		.loc 1 3135 3 is_stmt 1 view .LVU1328
3135:Middlewares/Third_Party/FreeRTOS/Source/tasks.c **** 		{
 4727              		.loc 1 3135 25 is_stmt 0 view .LVU1329
 4728 001e 184E     		ldr	r6, .L389+4
 4729 0020 3668     		ldr	r6, [r6]
3135:Middlewares/Third_Party/FreeRTOS/Source/tasks.c **** 		{
 4730              		.loc 1 3135 5 view .LVU1330
 4731 0022 D5F800C0 		ldr	ip, [r5]
 4732 0026 B445     		cmp	ip, r6
 4733 0028 01D0     		beq	.L380
3135:Middlewares/Third_Party/FreeRTOS/Source/tasks.c **** 		{
 4734              		.loc 1 3135 56 discriminator 1 view .LVU1331
 4735 002a 8B42     		cmp	r3, r1
 4736 002c 24D9     		bls	.L383
 4737              	.L380:
3144:Middlewares/Third_Party/FreeRTOS/Source/tasks.c **** 		{
 4738              		.loc 1 3144 8 is_stmt 1 view .LVU1332
3144:Middlewares/Third_Party/FreeRTOS/Source/tasks.c **** 		{
 4739              		.loc 1 3144 10 is_stmt 0 view .LVU1333
 4740 002e 8242     		cmp	r2, r0
 4741 0030 15D8     		bhi	.L388
3153:Middlewares/Third_Party/FreeRTOS/Source/tasks.c **** 			xReturn = pdTRUE;
 4742              		.loc 1 3153 4 is_stmt 1 view .LVU1334
3153:Middlewares/Third_Party/FreeRTOS/Source/tasks.c **** 			xReturn = pdTRUE;
 4743              		.loc 1 3153 19 is_stmt 0 view .LVU1335
 4744 0032 0023     		movs	r3, #0
 4745 0034 2360     		str	r3, [r4]
3154:Middlewares/Third_Party/FreeRTOS/Source/tasks.c **** 		}
 4746              		.loc 1 3154 4 is_stmt 1 view .LVU1336
 4747              	.LVL314:
3154:Middlewares/Third_Party/FreeRTOS/Source/tasks.c **** 		}
 4748              		.loc 1 3154 12 is_stmt 0 view .LVU1337
 4749 0036 0124     		movs	r4, #1
 4750              	.LVL315:
3154:Middlewares/Third_Party/FreeRTOS/Source/tasks.c **** 		}
 4751              		.loc 1 3154 12 view .LVU1338
 4752 0038 1AE0     		b	.L379
 4753              	.LVL316:
ARM GAS  /tmp/ccshf83P.s 			page 197


 4754              	.L386:
 4755              		.cfi_def_cfa_offset 0
 4756              		.cfi_restore 4
 4757              		.cfi_restore 5
 4758              		.cfi_restore 6
 4759              		.cfi_restore 14
3154:Middlewares/Third_Party/FreeRTOS/Source/tasks.c **** 		}
 4760              		.loc 1 3154 12 view .LVU1339
 4761              	.LBE202:
3104:Middlewares/Third_Party/FreeRTOS/Source/tasks.c **** 	configASSERT( pxTicksToWait );
 4762              		.loc 1 3104 2 is_stmt 1 discriminator 1 view .LVU1340
 4763              	.LBB203:
 4764              	.LBI203:
 191:Middlewares/Third_Party/FreeRTOS/Source/portable/GCC/ARM_CM3/portmacro.h **** {
 4765              		.loc 2 191 30 view .LVU1341
 4766              	.LBB204:
 193:Middlewares/Third_Party/FreeRTOS/Source/portable/GCC/ARM_CM3/portmacro.h **** 
 4767              		.loc 2 193 1 view .LVU1342
 195:Middlewares/Third_Party/FreeRTOS/Source/portable/GCC/ARM_CM3/portmacro.h **** 	(
 4768              		.loc 2 195 2 view .LVU1343
 4769              		.syntax unified
 4770              	@ 195 "Middlewares/Third_Party/FreeRTOS/Source/portable/GCC/ARM_CM3/portmacro.h" 1
 4771 003a 4FF05003 			mov r3, #80												
 4772 003e 83F31188 		msr basepri, r3											
 4773 0042 BFF36F8F 		isb														
 4774 0046 BFF34F8F 		dsb														
 4775              	
 4776              	@ 0 "" 2
 4777              		.thumb
 4778              		.syntax unified
 4779              	.L376:
 4780              	.LBE204:
 4781              	.LBE203:
3104:Middlewares/Third_Party/FreeRTOS/Source/tasks.c **** 	configASSERT( pxTicksToWait );
 4782              		.loc 1 3104 2 discriminator 3 view .LVU1344
3104:Middlewares/Third_Party/FreeRTOS/Source/tasks.c **** 	configASSERT( pxTicksToWait );
 4783              		.loc 1 3104 2 discriminator 3 view .LVU1345
 4784 004a FEE7     		b	.L376
 4785              	.L387:
 4786              		.cfi_def_cfa_offset 16
 4787              		.cfi_offset 4, -16
 4788              		.cfi_offset 5, -12
 4789              		.cfi_offset 6, -8
 4790              		.cfi_offset 14, -4
3105:Middlewares/Third_Party/FreeRTOS/Source/tasks.c **** 
 4791              		.loc 1 3105 2 discriminator 1 view .LVU1346
 4792              	.LBB205:
 4793              	.LBI205:
 191:Middlewares/Third_Party/FreeRTOS/Source/portable/GCC/ARM_CM3/portmacro.h **** {
 4794              		.loc 2 191 30 view .LVU1347
 4795              	.LBB206:
 193:Middlewares/Third_Party/FreeRTOS/Source/portable/GCC/ARM_CM3/portmacro.h **** 
 4796              		.loc 2 193 1 view .LVU1348
 195:Middlewares/Third_Party/FreeRTOS/Source/portable/GCC/ARM_CM3/portmacro.h **** 	(
 4797              		.loc 2 195 2 view .LVU1349
 4798              		.syntax unified
 4799              	@ 195 "Middlewares/Third_Party/FreeRTOS/Source/portable/GCC/ARM_CM3/portmacro.h" 1
ARM GAS  /tmp/ccshf83P.s 			page 198


 4800 004c 4FF05003 			mov r3, #80												
 4801 0050 83F31188 		msr basepri, r3											
 4802 0054 BFF36F8F 		isb														
 4803 0058 BFF34F8F 		dsb														
 4804              	
 4805              	@ 0 "" 2
 4806              		.thumb
 4807              		.syntax unified
 4808              	.L378:
 4809              	.LBE206:
 4810              	.LBE205:
3105:Middlewares/Third_Party/FreeRTOS/Source/tasks.c **** 
 4811              		.loc 1 3105 2 discriminator 3 view .LVU1350
3105:Middlewares/Third_Party/FreeRTOS/Source/tasks.c **** 
 4812              		.loc 1 3105 2 discriminator 3 view .LVU1351
 4813 005c FEE7     		b	.L378
 4814              	.LVL317:
 4815              	.L388:
 4816              	.LBB207:
3147:Middlewares/Third_Party/FreeRTOS/Source/tasks.c **** 			vTaskInternalSetTimeOutState( pxTimeOut );
 4817              		.loc 1 3147 4 view .LVU1352
3147:Middlewares/Third_Party/FreeRTOS/Source/tasks.c **** 			vTaskInternalSetTimeOutState( pxTimeOut );
 4818              		.loc 1 3147 19 is_stmt 0 view .LVU1353
 4819 005e 5B1A     		subs	r3, r3, r1
 4820 0060 1344     		add	r3, r3, r2
 4821 0062 2360     		str	r3, [r4]
3148:Middlewares/Third_Party/FreeRTOS/Source/tasks.c **** 			xReturn = pdFALSE;
 4822              		.loc 1 3148 4 is_stmt 1 view .LVU1354
 4823 0064 2846     		mov	r0, r5
 4824              	.LVL318:
3148:Middlewares/Third_Party/FreeRTOS/Source/tasks.c **** 			xReturn = pdFALSE;
 4825              		.loc 1 3148 4 is_stmt 0 view .LVU1355
 4826 0066 FFF7FEFF 		bl	vTaskInternalSetTimeOutState
 4827              	.LVL319:
3149:Middlewares/Third_Party/FreeRTOS/Source/tasks.c **** 		}
 4828              		.loc 1 3149 4 is_stmt 1 view .LVU1356
3149:Middlewares/Third_Party/FreeRTOS/Source/tasks.c **** 		}
 4829              		.loc 1 3149 12 is_stmt 0 view .LVU1357
 4830 006a 0024     		movs	r4, #0
 4831              	.LVL320:
3149:Middlewares/Third_Party/FreeRTOS/Source/tasks.c **** 		}
 4832              		.loc 1 3149 12 view .LVU1358
 4833 006c 00E0     		b	.L379
 4834              	.LVL321:
 4835              	.L382:
3130:Middlewares/Third_Party/FreeRTOS/Source/tasks.c **** 			}
 4836              		.loc 1 3130 13 view .LVU1359
 4837 006e 0024     		movs	r4, #0
 4838              	.LVL322:
 4839              	.L379:
3130:Middlewares/Third_Party/FreeRTOS/Source/tasks.c **** 			}
 4840              		.loc 1 3130 13 view .LVU1360
 4841              	.LBE207:
3157:Middlewares/Third_Party/FreeRTOS/Source/tasks.c **** 
 4842              		.loc 1 3157 2 is_stmt 1 view .LVU1361
 4843 0070 FFF7FEFF 		bl	vPortExitCritical
 4844              	.LVL323:
ARM GAS  /tmp/ccshf83P.s 			page 199


3159:Middlewares/Third_Party/FreeRTOS/Source/tasks.c **** }
 4845              		.loc 1 3159 2 view .LVU1362
3160:Middlewares/Third_Party/FreeRTOS/Source/tasks.c **** /*-----------------------------------------------------------*/
 4846              		.loc 1 3160 1 is_stmt 0 view .LVU1363
 4847 0074 2046     		mov	r0, r4
 4848 0076 70BD     		pop	{r4, r5, r6, pc}
 4849              	.LVL324:
 4850              	.L383:
 4851              	.LBB208:
3142:Middlewares/Third_Party/FreeRTOS/Source/tasks.c **** 		}
 4852              		.loc 1 3142 12 view .LVU1364
 4853 0078 0124     		movs	r4, #1
 4854              	.LVL325:
3142:Middlewares/Third_Party/FreeRTOS/Source/tasks.c **** 		}
 4855              		.loc 1 3142 12 view .LVU1365
 4856 007a F9E7     		b	.L379
 4857              	.L390:
 4858              		.align	2
 4859              	.L389:
 4860 007c 00000000 		.word	xTickCount
 4861 0080 00000000 		.word	xNumOfOverflows
 4862              	.LBE208:
 4863              		.cfi_endproc
 4864              	.LFE37:
 4866              		.section	.text.vTaskMissedYield,"ax",%progbits
 4867              		.align	1
 4868              		.global	vTaskMissedYield
 4869              		.syntax unified
 4870              		.thumb
 4871              		.thumb_func
 4873              	vTaskMissedYield:
 4874              	.LFB38:
3164:Middlewares/Third_Party/FreeRTOS/Source/tasks.c **** 	xYieldPending = pdTRUE;
 4875              		.loc 1 3164 1 is_stmt 1 view -0
 4876              		.cfi_startproc
 4877              		@ args = 0, pretend = 0, frame = 0
 4878              		@ frame_needed = 0, uses_anonymous_args = 0
 4879              		@ link register save eliminated.
3165:Middlewares/Third_Party/FreeRTOS/Source/tasks.c **** }
 4880              		.loc 1 3165 2 view .LVU1367
3165:Middlewares/Third_Party/FreeRTOS/Source/tasks.c **** }
 4881              		.loc 1 3165 16 is_stmt 0 view .LVU1368
 4882 0000 014B     		ldr	r3, .L392
 4883 0002 0122     		movs	r2, #1
 4884 0004 1A60     		str	r2, [r3]
3166:Middlewares/Third_Party/FreeRTOS/Source/tasks.c **** /*-----------------------------------------------------------*/
 4885              		.loc 1 3166 1 view .LVU1369
 4886 0006 7047     		bx	lr
 4887              	.L393:
 4888              		.align	2
 4889              	.L392:
 4890 0008 00000000 		.word	xYieldPending
 4891              		.cfi_endproc
 4892              	.LFE38:
 4894              		.section	.text.uxTaskGetTaskNumber,"ax",%progbits
 4895              		.align	1
 4896              		.global	uxTaskGetTaskNumber
ARM GAS  /tmp/ccshf83P.s 			page 200


 4897              		.syntax unified
 4898              		.thumb
 4899              		.thumb_func
 4901              	uxTaskGetTaskNumber:
 4902              	.LVL326:
 4903              	.LFB39:
3172:Middlewares/Third_Party/FreeRTOS/Source/tasks.c **** 	UBaseType_t uxReturn;
 4904              		.loc 1 3172 2 is_stmt 1 view -0
 4905              		.cfi_startproc
 4906              		@ args = 0, pretend = 0, frame = 0
 4907              		@ frame_needed = 0, uses_anonymous_args = 0
 4908              		@ link register save eliminated.
3173:Middlewares/Third_Party/FreeRTOS/Source/tasks.c **** 	TCB_t *pxTCB;
 4909              		.loc 1 3173 2 view .LVU1371
3174:Middlewares/Third_Party/FreeRTOS/Source/tasks.c **** 
 4910              		.loc 1 3174 2 view .LVU1372
3176:Middlewares/Third_Party/FreeRTOS/Source/tasks.c **** 		{
 4911              		.loc 1 3176 3 view .LVU1373
3176:Middlewares/Third_Party/FreeRTOS/Source/tasks.c **** 		{
 4912              		.loc 1 3176 5 is_stmt 0 view .LVU1374
 4913 0000 08B1     		cbz	r0, .L396
3178:Middlewares/Third_Party/FreeRTOS/Source/tasks.c **** 			uxReturn = pxTCB->uxTaskNumber;
 4914              		.loc 1 3178 4 is_stmt 1 view .LVU1375
 4915              	.LVL327:
3179:Middlewares/Third_Party/FreeRTOS/Source/tasks.c **** 		}
 4916              		.loc 1 3179 4 view .LVU1376
3179:Middlewares/Third_Party/FreeRTOS/Source/tasks.c **** 		}
 4917              		.loc 1 3179 13 is_stmt 0 view .LVU1377
 4918 0002 806C     		ldr	r0, [r0, #72]
 4919              	.LVL328:
3179:Middlewares/Third_Party/FreeRTOS/Source/tasks.c **** 		}
 4920              		.loc 1 3179 13 view .LVU1378
 4921 0004 7047     		bx	lr
 4922              	.LVL329:
 4923              	.L396:
3183:Middlewares/Third_Party/FreeRTOS/Source/tasks.c **** 		}
 4924              		.loc 1 3183 13 view .LVU1379
 4925 0006 0020     		movs	r0, #0
 4926              	.LVL330:
3186:Middlewares/Third_Party/FreeRTOS/Source/tasks.c **** 	}
 4927              		.loc 1 3186 3 is_stmt 1 view .LVU1380
3187:Middlewares/Third_Party/FreeRTOS/Source/tasks.c **** 
 4928              		.loc 1 3187 2 is_stmt 0 view .LVU1381
 4929 0008 7047     		bx	lr
 4930              		.cfi_endproc
 4931              	.LFE39:
 4933              		.section	.text.vTaskSetTaskNumber,"ax",%progbits
 4934              		.align	1
 4935              		.global	vTaskSetTaskNumber
 4936              		.syntax unified
 4937              		.thumb
 4938              		.thumb_func
 4940              	vTaskSetTaskNumber:
 4941              	.LVL331:
 4942              	.LFB40:
3195:Middlewares/Third_Party/FreeRTOS/Source/tasks.c **** 	TCB_t *pxTCB;
 4943              		.loc 1 3195 2 is_stmt 1 view -0
ARM GAS  /tmp/ccshf83P.s 			page 201


 4944              		.cfi_startproc
 4945              		@ args = 0, pretend = 0, frame = 0
 4946              		@ frame_needed = 0, uses_anonymous_args = 0
 4947              		@ link register save eliminated.
3196:Middlewares/Third_Party/FreeRTOS/Source/tasks.c **** 
 4948              		.loc 1 3196 2 view .LVU1383
3198:Middlewares/Third_Party/FreeRTOS/Source/tasks.c **** 		{
 4949              		.loc 1 3198 3 view .LVU1384
3198:Middlewares/Third_Party/FreeRTOS/Source/tasks.c **** 		{
 4950              		.loc 1 3198 5 is_stmt 0 view .LVU1385
 4951 0000 00B1     		cbz	r0, .L397
3200:Middlewares/Third_Party/FreeRTOS/Source/tasks.c **** 			pxTCB->uxTaskNumber = uxHandle;
 4952              		.loc 1 3200 4 is_stmt 1 view .LVU1386
 4953              	.LVL332:
3201:Middlewares/Third_Party/FreeRTOS/Source/tasks.c **** 		}
 4954              		.loc 1 3201 4 view .LVU1387
3201:Middlewares/Third_Party/FreeRTOS/Source/tasks.c **** 		}
 4955              		.loc 1 3201 24 is_stmt 0 view .LVU1388
 4956 0002 8164     		str	r1, [r0, #72]
 4957              	.LVL333:
 4958              	.L397:
3203:Middlewares/Third_Party/FreeRTOS/Source/tasks.c **** 
 4959              		.loc 1 3203 2 view .LVU1389
 4960 0004 7047     		bx	lr
 4961              		.cfi_endproc
 4962              	.LFE40:
 4964              		.section	.text.vTaskGetInfo,"ax",%progbits
 4965              		.align	1
 4966              		.global	vTaskGetInfo
 4967              		.syntax unified
 4968              		.thumb
 4969              		.thumb_func
 4971              	vTaskGetInfo:
 4972              	.LVL334:
 4973              	.LFB44:
3494:Middlewares/Third_Party/FreeRTOS/Source/tasks.c **** 	TCB_t *pxTCB;
 4974              		.loc 1 3494 2 is_stmt 1 view -0
 4975              		.cfi_startproc
 4976              		@ args = 0, pretend = 0, frame = 0
 4977              		@ frame_needed = 0, uses_anonymous_args = 0
3494:Middlewares/Third_Party/FreeRTOS/Source/tasks.c **** 	TCB_t *pxTCB;
 4978              		.loc 1 3494 2 is_stmt 0 view .LVU1391
 4979 0000 70B5     		push	{r4, r5, r6, lr}
 4980              		.cfi_def_cfa_offset 16
 4981              		.cfi_offset 4, -16
 4982              		.cfi_offset 5, -12
 4983              		.cfi_offset 6, -8
 4984              		.cfi_offset 14, -4
 4985 0002 0C46     		mov	r4, r1
 4986 0004 1646     		mov	r6, r2
3495:Middlewares/Third_Party/FreeRTOS/Source/tasks.c **** 
 4987              		.loc 1 3495 2 is_stmt 1 view .LVU1392
3498:Middlewares/Third_Party/FreeRTOS/Source/tasks.c **** 
 4988              		.loc 1 3498 3 view .LVU1393
3498:Middlewares/Third_Party/FreeRTOS/Source/tasks.c **** 
 4989              		.loc 1 3498 11 is_stmt 0 view .LVU1394
 4990 0006 0546     		mov	r5, r0
ARM GAS  /tmp/ccshf83P.s 			page 202


 4991 0008 D0B1     		cbz	r0, .L408
 4992              	.LVL335:
 4993              	.L400:
3500:Middlewares/Third_Party/FreeRTOS/Source/tasks.c **** 		pxTaskStatus->pcTaskName = ( const char * ) &( pxTCB->pcTaskName [ 0 ] );
 4994              		.loc 1 3500 3 is_stmt 1 view .LVU1395
3500:Middlewares/Third_Party/FreeRTOS/Source/tasks.c **** 		pxTaskStatus->pcTaskName = ( const char * ) &( pxTCB->pcTaskName [ 0 ] );
 4995              		.loc 1 3500 25 is_stmt 0 view .LVU1396
 4996 000a 2560     		str	r5, [r4]
3501:Middlewares/Third_Party/FreeRTOS/Source/tasks.c **** 		pxTaskStatus->uxCurrentPriority = pxTCB->uxPriority;
 4997              		.loc 1 3501 3 is_stmt 1 view .LVU1397
3501:Middlewares/Third_Party/FreeRTOS/Source/tasks.c **** 		pxTaskStatus->uxCurrentPriority = pxTCB->uxPriority;
 4998              		.loc 1 3501 47 is_stmt 0 view .LVU1398
 4999 000c 05F13402 		add	r2, r5, #52
3501:Middlewares/Third_Party/FreeRTOS/Source/tasks.c **** 		pxTaskStatus->uxCurrentPriority = pxTCB->uxPriority;
 5000              		.loc 1 3501 28 view .LVU1399
 5001 0010 6260     		str	r2, [r4, #4]
3502:Middlewares/Third_Party/FreeRTOS/Source/tasks.c **** 		pxTaskStatus->pxStackBase = pxTCB->pxStack;
 5002              		.loc 1 3502 3 is_stmt 1 view .LVU1400
3502:Middlewares/Third_Party/FreeRTOS/Source/tasks.c **** 		pxTaskStatus->pxStackBase = pxTCB->pxStack;
 5003              		.loc 1 3502 42 is_stmt 0 view .LVU1401
 5004 0012 EA6A     		ldr	r2, [r5, #44]
3502:Middlewares/Third_Party/FreeRTOS/Source/tasks.c **** 		pxTaskStatus->pxStackBase = pxTCB->pxStack;
 5005              		.loc 1 3502 35 view .LVU1402
 5006 0014 2261     		str	r2, [r4, #16]
3503:Middlewares/Third_Party/FreeRTOS/Source/tasks.c **** 		pxTaskStatus->xTaskNumber = pxTCB->uxTCBNumber;
 5007              		.loc 1 3503 3 is_stmt 1 view .LVU1403
3503:Middlewares/Third_Party/FreeRTOS/Source/tasks.c **** 		pxTaskStatus->xTaskNumber = pxTCB->uxTCBNumber;
 5008              		.loc 1 3503 36 is_stmt 0 view .LVU1404
 5009 0016 2A6B     		ldr	r2, [r5, #48]
3503:Middlewares/Third_Party/FreeRTOS/Source/tasks.c **** 		pxTaskStatus->xTaskNumber = pxTCB->uxTCBNumber;
 5010              		.loc 1 3503 29 view .LVU1405
 5011 0018 E261     		str	r2, [r4, #28]
3504:Middlewares/Third_Party/FreeRTOS/Source/tasks.c **** 
 5012              		.loc 1 3504 3 is_stmt 1 view .LVU1406
3504:Middlewares/Third_Party/FreeRTOS/Source/tasks.c **** 
 5013              		.loc 1 3504 36 is_stmt 0 view .LVU1407
 5014 001a 6A6C     		ldr	r2, [r5, #68]
3504:Middlewares/Third_Party/FreeRTOS/Source/tasks.c **** 
 5015              		.loc 1 3504 29 view .LVU1408
 5016 001c A260     		str	r2, [r4, #8]
3508:Middlewares/Third_Party/FreeRTOS/Source/tasks.c **** 		}
 5017              		.loc 1 3508 4 is_stmt 1 view .LVU1409
3508:Middlewares/Third_Party/FreeRTOS/Source/tasks.c **** 		}
 5018              		.loc 1 3508 40 is_stmt 0 view .LVU1410
 5019 001e EA6C     		ldr	r2, [r5, #76]
3508:Middlewares/Third_Party/FreeRTOS/Source/tasks.c **** 		}
 5020              		.loc 1 3508 33 view .LVU1411
 5021 0020 6261     		str	r2, [r4, #20]
3522:Middlewares/Third_Party/FreeRTOS/Source/tasks.c **** 		}
 5022              		.loc 1 3522 4 is_stmt 1 view .LVU1412
3522:Middlewares/Third_Party/FreeRTOS/Source/tasks.c **** 		}
 5023              		.loc 1 3522 35 is_stmt 0 view .LVU1413
 5024 0022 0022     		movs	r2, #0
 5025 0024 A261     		str	r2, [r4, #24]
3529:Middlewares/Third_Party/FreeRTOS/Source/tasks.c **** 		{
 5026              		.loc 1 3529 3 is_stmt 1 view .LVU1414
3529:Middlewares/Third_Party/FreeRTOS/Source/tasks.c **** 		{
ARM GAS  /tmp/ccshf83P.s 			page 203


 5027              		.loc 1 3529 5 is_stmt 0 view .LVU1415
 5028 0026 052B     		cmp	r3, #5
 5029 0028 19D0     		beq	.L401
3531:Middlewares/Third_Party/FreeRTOS/Source/tasks.c **** 			{
 5030              		.loc 1 3531 4 is_stmt 1 view .LVU1416
3531:Middlewares/Third_Party/FreeRTOS/Source/tasks.c **** 			{
 5031              		.loc 1 3531 14 is_stmt 0 view .LVU1417
 5032 002a 124A     		ldr	r2, .L412
 5033 002c 1268     		ldr	r2, [r2]
3531:Middlewares/Third_Party/FreeRTOS/Source/tasks.c **** 			{
 5034              		.loc 1 3531 6 view .LVU1418
 5035 002e AA42     		cmp	r2, r5
 5036 0030 09D0     		beq	.L409
3537:Middlewares/Third_Party/FreeRTOS/Source/tasks.c **** 
 5037              		.loc 1 3537 5 is_stmt 1 view .LVU1419
3537:Middlewares/Third_Party/FreeRTOS/Source/tasks.c **** 
 5038              		.loc 1 3537 33 is_stmt 0 view .LVU1420
 5039 0032 2373     		strb	r3, [r4, #12]
3544:Middlewares/Third_Party/FreeRTOS/Source/tasks.c **** 					{
 5040              		.loc 1 3544 6 is_stmt 1 view .LVU1421
3544:Middlewares/Third_Party/FreeRTOS/Source/tasks.c **** 					{
 5041              		.loc 1 3544 8 is_stmt 0 view .LVU1422
 5042 0034 032B     		cmp	r3, #3
 5043 0036 09D0     		beq	.L410
 5044              	.LVL336:
 5045              	.L403:
3566:Middlewares/Third_Party/FreeRTOS/Source/tasks.c **** 		{
 5046              		.loc 1 3566 3 is_stmt 1 view .LVU1423
3566:Middlewares/Third_Party/FreeRTOS/Source/tasks.c **** 		{
 5047              		.loc 1 3566 5 is_stmt 0 view .LVU1424
 5048 0038 B6B9     		cbnz	r6, .L411
3580:Middlewares/Third_Party/FreeRTOS/Source/tasks.c **** 		}
 5049              		.loc 1 3580 4 is_stmt 1 view .LVU1425
3580:Middlewares/Third_Party/FreeRTOS/Source/tasks.c **** 		}
 5050              		.loc 1 3580 39 is_stmt 0 view .LVU1426
 5051 003a 0023     		movs	r3, #0
 5052 003c 2384     		strh	r3, [r4, #32]	@ movhi
 5053              	.L399:
3582:Middlewares/Third_Party/FreeRTOS/Source/tasks.c **** 
 5054              		.loc 1 3582 2 view .LVU1427
 5055 003e 70BD     		pop	{r4, r5, r6, pc}
 5056              	.LVL337:
 5057              	.L408:
3498:Middlewares/Third_Party/FreeRTOS/Source/tasks.c **** 
 5058              		.loc 1 3498 11 discriminator 1 view .LVU1428
 5059 0040 0C4A     		ldr	r2, .L412
 5060              	.LVL338:
3498:Middlewares/Third_Party/FreeRTOS/Source/tasks.c **** 
 5061              		.loc 1 3498 11 discriminator 1 view .LVU1429
 5062 0042 1568     		ldr	r5, [r2]
 5063              	.LVL339:
3498:Middlewares/Third_Party/FreeRTOS/Source/tasks.c **** 
 5064              		.loc 1 3498 11 discriminator 1 view .LVU1430
 5065 0044 E1E7     		b	.L400
 5066              	.LVL340:
 5067              	.L409:
3533:Middlewares/Third_Party/FreeRTOS/Source/tasks.c **** 			}
ARM GAS  /tmp/ccshf83P.s 			page 204


 5068              		.loc 1 3533 5 is_stmt 1 view .LVU1431
3533:Middlewares/Third_Party/FreeRTOS/Source/tasks.c **** 			}
 5069              		.loc 1 3533 33 is_stmt 0 view .LVU1432
 5070 0046 0023     		movs	r3, #0
 5071              	.LVL341:
3533:Middlewares/Third_Party/FreeRTOS/Source/tasks.c **** 			}
 5072              		.loc 1 3533 33 view .LVU1433
 5073 0048 2373     		strb	r3, [r4, #12]
 5074 004a F5E7     		b	.L403
 5075              	.LVL342:
 5076              	.L410:
3546:Middlewares/Third_Party/FreeRTOS/Source/tasks.c **** 						{
 5077              		.loc 1 3546 7 is_stmt 1 view .LVU1434
 5078 004c FFF7FEFF 		bl	vTaskSuspendAll
 5079              	.LVL343:
3548:Middlewares/Third_Party/FreeRTOS/Source/tasks.c **** 							{
 5080              		.loc 1 3548 8 view .LVU1435
3548:Middlewares/Third_Party/FreeRTOS/Source/tasks.c **** 							{
 5081              		.loc 1 3548 12 is_stmt 0 view .LVU1436
 5082 0050 AB6A     		ldr	r3, [r5, #40]
3548:Middlewares/Third_Party/FreeRTOS/Source/tasks.c **** 							{
 5083              		.loc 1 3548 10 view .LVU1437
 5084 0052 0BB1     		cbz	r3, .L404
3550:Middlewares/Third_Party/FreeRTOS/Source/tasks.c **** 							}
 5085              		.loc 1 3550 9 is_stmt 1 view .LVU1438
3550:Middlewares/Third_Party/FreeRTOS/Source/tasks.c **** 							}
 5086              		.loc 1 3550 37 is_stmt 0 view .LVU1439
 5087 0054 0223     		movs	r3, #2
 5088 0056 2373     		strb	r3, [r4, #12]
 5089              	.L404:
3553:Middlewares/Third_Party/FreeRTOS/Source/tasks.c **** 					}
 5090              		.loc 1 3553 7 is_stmt 1 view .LVU1440
3553:Middlewares/Third_Party/FreeRTOS/Source/tasks.c **** 					}
 5091              		.loc 1 3553 16 is_stmt 0 view .LVU1441
 5092 0058 FFF7FEFF 		bl	xTaskResumeAll
 5093              	.LVL344:
 5094 005c ECE7     		b	.L403
 5095              	.LVL345:
 5096              	.L401:
3561:Middlewares/Third_Party/FreeRTOS/Source/tasks.c **** 		}
 5097              		.loc 1 3561 4 is_stmt 1 view .LVU1442
3561:Middlewares/Third_Party/FreeRTOS/Source/tasks.c **** 		}
 5098              		.loc 1 3561 34 is_stmt 0 view .LVU1443
 5099 005e 2846     		mov	r0, r5
 5100 0060 FFF7FEFF 		bl	eTaskGetState
 5101              	.LVL346:
3561:Middlewares/Third_Party/FreeRTOS/Source/tasks.c **** 		}
 5102              		.loc 1 3561 32 discriminator 1 view .LVU1444
 5103 0064 2073     		strb	r0, [r4, #12]
 5104 0066 E7E7     		b	.L403
 5105              	.L411:
3574:Middlewares/Third_Party/FreeRTOS/Source/tasks.c **** 			}
 5106              		.loc 1 3574 5 is_stmt 1 view .LVU1445
3574:Middlewares/Third_Party/FreeRTOS/Source/tasks.c **** 			}
 5107              		.loc 1 3574 42 is_stmt 0 view .LVU1446
 5108 0068 286B     		ldr	r0, [r5, #48]
 5109 006a FFF7FEFF 		bl	prvTaskCheckFreeStackSpace
ARM GAS  /tmp/ccshf83P.s 			page 205


 5110              	.LVL347:
3574:Middlewares/Third_Party/FreeRTOS/Source/tasks.c **** 			}
 5111              		.loc 1 3574 40 discriminator 1 view .LVU1447
 5112 006e 2084     		strh	r0, [r4, #32]	@ movhi
 5113 0070 E5E7     		b	.L399
 5114              	.L413:
 5115 0072 00BF     		.align	2
 5116              	.L412:
 5117 0074 00000000 		.word	pxCurrentTCB
 5118              		.cfi_endproc
 5119              	.LFE44:
 5121              		.section	.text.prvListTasksWithinSingleList,"ax",%progbits
 5122              		.align	1
 5123              		.syntax unified
 5124              		.thumb
 5125              		.thumb_func
 5127              	prvListTasksWithinSingleList:
 5128              	.LVL348:
 5129              	.LFB45:
3590:Middlewares/Third_Party/FreeRTOS/Source/tasks.c **** 	configLIST_VOLATILE TCB_t *pxNextTCB, *pxFirstTCB;
 5130              		.loc 1 3590 2 is_stmt 1 view -0
 5131              		.cfi_startproc
 5132              		@ args = 0, pretend = 0, frame = 0
 5133              		@ frame_needed = 0, uses_anonymous_args = 0
3590:Middlewares/Third_Party/FreeRTOS/Source/tasks.c **** 	configLIST_VOLATILE TCB_t *pxNextTCB, *pxFirstTCB;
 5134              		.loc 1 3590 2 is_stmt 0 view .LVU1449
 5135 0000 2DE9F047 		push	{r4, r5, r6, r7, r8, r9, r10, lr}
 5136              		.cfi_def_cfa_offset 32
 5137              		.cfi_offset 4, -32
 5138              		.cfi_offset 5, -28
 5139              		.cfi_offset 6, -24
 5140              		.cfi_offset 7, -20
 5141              		.cfi_offset 8, -16
 5142              		.cfi_offset 9, -12
 5143              		.cfi_offset 10, -8
 5144              		.cfi_offset 14, -4
3591:Middlewares/Third_Party/FreeRTOS/Source/tasks.c **** 	UBaseType_t uxTask = 0;
 5145              		.loc 1 3591 22 is_stmt 1 view .LVU1450
3592:Middlewares/Third_Party/FreeRTOS/Source/tasks.c **** 
 5146              		.loc 1 3592 2 view .LVU1451
 5147              	.LVL349:
3594:Middlewares/Third_Party/FreeRTOS/Source/tasks.c **** 		{
 5148              		.loc 1 3594 3 view .LVU1452
3594:Middlewares/Third_Party/FreeRTOS/Source/tasks.c **** 		{
 5149              		.loc 1 3594 7 is_stmt 0 view .LVU1453
 5150 0004 0C68     		ldr	r4, [r1]
3594:Middlewares/Third_Party/FreeRTOS/Source/tasks.c **** 		{
 5151              		.loc 1 3594 5 view .LVU1454
 5152 0006 3CB3     		cbz	r4, .L414
 5153 0008 0746     		mov	r7, r0
 5154 000a 0D46     		mov	r5, r1
 5155 000c 9046     		mov	r8, r2
 5156              	.LBB209:
3596:Middlewares/Third_Party/FreeRTOS/Source/tasks.c **** 
 5157              		.loc 1 3596 4 is_stmt 1 view .LVU1455
 5158              	.LVL350:
3596:Middlewares/Third_Party/FreeRTOS/Source/tasks.c **** 
ARM GAS  /tmp/ccshf83P.s 			page 206


 5159              		.loc 1 3596 4 view .LVU1456
 5160 000e 4B68     		ldr	r3, [r1, #4]
 5161 0010 5B68     		ldr	r3, [r3, #4]
 5162 0012 4B60     		str	r3, [r1, #4]
3596:Middlewares/Third_Party/FreeRTOS/Source/tasks.c **** 
 5163              		.loc 1 3596 4 view .LVU1457
 5164 0014 01F10809 		add	r9, r1, #8
 5165 0018 4B45     		cmp	r3, r9
 5166 001a 04D0     		beq	.L420
 5167              	.L416:
3596:Middlewares/Third_Party/FreeRTOS/Source/tasks.c **** 
 5168              		.loc 1 3596 4 discriminator 3 view .LVU1458
 5169 001c 6B68     		ldr	r3, [r5, #4]
 5170 001e D3F80CA0 		ldr	r10, [r3, #12]
 5171              	.LVL351:
3596:Middlewares/Third_Party/FreeRTOS/Source/tasks.c **** 
 5172              		.loc 1 3596 4 is_stmt 0 discriminator 3 view .LVU1459
 5173              	.LBE209:
3592:Middlewares/Third_Party/FreeRTOS/Source/tasks.c **** 
 5174              		.loc 1 3592 14 view .LVU1460
 5175 0022 0024     		movs	r4, #0
 5176 0024 10E0     		b	.L418
 5177              	.LVL352:
 5178              	.L420:
 5179              	.LBB210:
3596:Middlewares/Third_Party/FreeRTOS/Source/tasks.c **** 
 5180              		.loc 1 3596 4 is_stmt 1 discriminator 1 view .LVU1461
 5181 0026 5B68     		ldr	r3, [r3, #4]
 5182 0028 4B60     		str	r3, [r1, #4]
 5183 002a F7E7     		b	.L416
 5184              	.LVL353:
 5185              	.L417:
3596:Middlewares/Third_Party/FreeRTOS/Source/tasks.c **** 
 5186              		.loc 1 3596 4 is_stmt 0 discriminator 1 view .LVU1462
 5187              	.LBE210:
 5188              	.LBB211:
3604:Middlewares/Third_Party/FreeRTOS/Source/tasks.c **** 				vTaskGetInfo( ( TaskHandle_t ) pxNextTCB, &( pxTaskStatusArray[ uxTask ] ), pdTRUE, eState );
 5189              		.loc 1 3604 5 is_stmt 1 discriminator 3 view .LVU1463
 5190 002c 6B68     		ldr	r3, [r5, #4]
 5191 002e DE68     		ldr	r6, [r3, #12]
 5192              	.LVL354:
3604:Middlewares/Third_Party/FreeRTOS/Source/tasks.c **** 				vTaskGetInfo( ( TaskHandle_t ) pxNextTCB, &( pxTaskStatusArray[ uxTask ] ), pdTRUE, eState );
 5193              		.loc 1 3604 5 is_stmt 0 discriminator 3 view .LVU1464
 5194              	.LBE211:
3604:Middlewares/Third_Party/FreeRTOS/Source/tasks.c **** 				vTaskGetInfo( ( TaskHandle_t ) pxNextTCB, &( pxTaskStatusArray[ uxTask ] ), pdTRUE, eState );
 5195              		.loc 1 3604 53 is_stmt 1 discriminator 3 view .LVU1465
3605:Middlewares/Third_Party/FreeRTOS/Source/tasks.c **** 				uxTask++;
 5196              		.loc 1 3605 5 view .LVU1466
3605:Middlewares/Third_Party/FreeRTOS/Source/tasks.c **** 				uxTask++;
 5197              		.loc 1 3605 67 is_stmt 0 view .LVU1467
 5198 0030 04EBC401 		add	r1, r4, r4, lsl #3
3605:Middlewares/Third_Party/FreeRTOS/Source/tasks.c **** 				uxTask++;
 5199              		.loc 1 3605 5 view .LVU1468
 5200 0034 4346     		mov	r3, r8
 5201 0036 0122     		movs	r2, #1
 5202 0038 07EB8101 		add	r1, r7, r1, lsl #2
 5203 003c 3046     		mov	r0, r6
ARM GAS  /tmp/ccshf83P.s 			page 207


 5204 003e FFF7FEFF 		bl	vTaskGetInfo
 5205              	.LVL355:
3606:Middlewares/Third_Party/FreeRTOS/Source/tasks.c **** 			} while( pxNextTCB != pxFirstTCB );
 5206              		.loc 1 3606 5 is_stmt 1 view .LVU1469
3606:Middlewares/Third_Party/FreeRTOS/Source/tasks.c **** 			} while( pxNextTCB != pxFirstTCB );
 5207              		.loc 1 3606 11 is_stmt 0 view .LVU1470
 5208 0042 0134     		adds	r4, r4, #1
 5209              	.LVL356:
3607:Middlewares/Third_Party/FreeRTOS/Source/tasks.c **** 		}
 5210              		.loc 1 3607 23 is_stmt 1 view .LVU1471
 5211 0044 B245     		cmp	r10, r6
 5212 0046 07D0     		beq	.L414
 5213              	.LVL357:
 5214              	.L418:
3596:Middlewares/Third_Party/FreeRTOS/Source/tasks.c **** 
 5215              		.loc 1 3596 53 discriminator 4 view .LVU1472
3602:Middlewares/Third_Party/FreeRTOS/Source/tasks.c **** 			{
 5216              		.loc 1 3602 4 view .LVU1473
 5217              	.LBB212:
3604:Middlewares/Third_Party/FreeRTOS/Source/tasks.c **** 				vTaskGetInfo( ( TaskHandle_t ) pxNextTCB, &( pxTaskStatusArray[ uxTask ] ), pdTRUE, eState );
 5218              		.loc 1 3604 5 view .LVU1474
3604:Middlewares/Third_Party/FreeRTOS/Source/tasks.c **** 				vTaskGetInfo( ( TaskHandle_t ) pxNextTCB, &( pxTaskStatusArray[ uxTask ] ), pdTRUE, eState );
 5219              		.loc 1 3604 5 view .LVU1475
 5220 0048 6B68     		ldr	r3, [r5, #4]
 5221 004a 5968     		ldr	r1, [r3, #4]
 5222 004c 6960     		str	r1, [r5, #4]
3604:Middlewares/Third_Party/FreeRTOS/Source/tasks.c **** 				vTaskGetInfo( ( TaskHandle_t ) pxNextTCB, &( pxTaskStatusArray[ uxTask ] ), pdTRUE, eState );
 5223              		.loc 1 3604 5 view .LVU1476
 5224 004e 8945     		cmp	r9, r1
 5225 0050 ECD1     		bne	.L417
3604:Middlewares/Third_Party/FreeRTOS/Source/tasks.c **** 				vTaskGetInfo( ( TaskHandle_t ) pxNextTCB, &( pxTaskStatusArray[ uxTask ] ), pdTRUE, eState );
 5226              		.loc 1 3604 5 discriminator 1 view .LVU1477
 5227 0052 4B68     		ldr	r3, [r1, #4]
 5228 0054 6B60     		str	r3, [r5, #4]
 5229 0056 E9E7     		b	.L417
 5230              	.LVL358:
 5231              	.L414:
3604:Middlewares/Third_Party/FreeRTOS/Source/tasks.c **** 				vTaskGetInfo( ( TaskHandle_t ) pxNextTCB, &( pxTaskStatusArray[ uxTask ] ), pdTRUE, eState );
 5232              		.loc 1 3604 5 is_stmt 0 discriminator 1 view .LVU1478
 5233              	.LBE212:
3615:Middlewares/Third_Party/FreeRTOS/Source/tasks.c **** 
 5234              		.loc 1 3615 2 view .LVU1479
 5235 0058 2046     		mov	r0, r4
 5236 005a BDE8F087 		pop	{r4, r5, r6, r7, r8, r9, r10, pc}
 5237              		.cfi_endproc
 5238              	.LFE45:
 5240              		.section	.text.uxTaskGetSystemState,"ax",%progbits
 5241              		.align	1
 5242              		.global	uxTaskGetSystemState
 5243              		.syntax unified
 5244              		.thumb
 5245              		.thumb_func
 5247              	uxTaskGetSystemState:
 5248              	.LVL359:
 5249              	.LFB27:
2404:Middlewares/Third_Party/FreeRTOS/Source/tasks.c **** 	UBaseType_t uxTask = 0, uxQueue = configMAX_PRIORITIES;
 5250              		.loc 1 2404 2 is_stmt 1 view -0
ARM GAS  /tmp/ccshf83P.s 			page 208


 5251              		.cfi_startproc
 5252              		@ args = 0, pretend = 0, frame = 0
 5253              		@ frame_needed = 0, uses_anonymous_args = 0
2404:Middlewares/Third_Party/FreeRTOS/Source/tasks.c **** 	UBaseType_t uxTask = 0, uxQueue = configMAX_PRIORITIES;
 5254              		.loc 1 2404 2 is_stmt 0 view .LVU1481
 5255 0000 F8B5     		push	{r3, r4, r5, r6, r7, lr}
 5256              		.cfi_def_cfa_offset 24
 5257              		.cfi_offset 3, -24
 5258              		.cfi_offset 4, -20
 5259              		.cfi_offset 5, -16
 5260              		.cfi_offset 6, -12
 5261              		.cfi_offset 7, -8
 5262              		.cfi_offset 14, -4
 5263 0002 0746     		mov	r7, r0
 5264 0004 0C46     		mov	r4, r1
 5265 0006 1646     		mov	r6, r2
2405:Middlewares/Third_Party/FreeRTOS/Source/tasks.c **** 
 5266              		.loc 1 2405 2 is_stmt 1 view .LVU1482
 5267              	.LVL360:
2407:Middlewares/Third_Party/FreeRTOS/Source/tasks.c **** 		{
 5268              		.loc 1 2407 3 view .LVU1483
 5269 0008 FFF7FEFF 		bl	vTaskSuspendAll
 5270              	.LVL361:
2410:Middlewares/Third_Party/FreeRTOS/Source/tasks.c **** 			{
 5271              		.loc 1 2410 4 view .LVU1484
2410:Middlewares/Third_Party/FreeRTOS/Source/tasks.c **** 			{
 5272              		.loc 1 2410 20 is_stmt 0 view .LVU1485
 5273 000c 224B     		ldr	r3, .L426
 5274 000e 1B68     		ldr	r3, [r3]
2410:Middlewares/Third_Party/FreeRTOS/Source/tasks.c **** 			{
 5275              		.loc 1 2410 6 view .LVU1486
 5276 0010 A342     		cmp	r3, r4
 5277 0012 3BD8     		bhi	.L424
2405:Middlewares/Third_Party/FreeRTOS/Source/tasks.c **** 
 5278              		.loc 1 2405 26 view .LVU1487
 5279 0014 3824     		movs	r4, #56
 5280              	.LVL362:
2405:Middlewares/Third_Party/FreeRTOS/Source/tasks.c **** 
 5281              		.loc 1 2405 14 view .LVU1488
 5282 0016 0025     		movs	r5, #0
 5283              	.LVL363:
 5284              	.L423:
2414:Middlewares/Third_Party/FreeRTOS/Source/tasks.c **** 				{
 5285              		.loc 1 2414 5 is_stmt 1 view .LVU1489
2416:Middlewares/Third_Party/FreeRTOS/Source/tasks.c **** 					uxTask += prvListTasksWithinSingleList( &( pxTaskStatusArray[ uxTask ] ), &( pxReadyTasksLists
 5286              		.loc 1 2416 6 view .LVU1490
2416:Middlewares/Third_Party/FreeRTOS/Source/tasks.c **** 					uxTask += prvListTasksWithinSingleList( &( pxTaskStatusArray[ uxTask ] ), &( pxReadyTasksLists
 5287              		.loc 1 2416 13 is_stmt 0 view .LVU1491
 5288 0018 013C     		subs	r4, r4, #1
 5289              	.LVL364:
2417:Middlewares/Third_Party/FreeRTOS/Source/tasks.c **** 
 5290              		.loc 1 2417 6 is_stmt 1 view .LVU1492
2417:Middlewares/Third_Party/FreeRTOS/Source/tasks.c **** 
 5291              		.loc 1 2417 66 is_stmt 0 view .LVU1493
 5292 001a 05EBC500 		add	r0, r5, r5, lsl #3
2417:Middlewares/Third_Party/FreeRTOS/Source/tasks.c **** 
 5293              		.loc 1 2417 16 view .LVU1494
ARM GAS  /tmp/ccshf83P.s 			page 209


 5294 001e 04EB8401 		add	r1, r4, r4, lsl #2
 5295 0022 0122     		movs	r2, #1
 5296 0024 1D4B     		ldr	r3, .L426+4
 5297 0026 03EB8101 		add	r1, r3, r1, lsl #2
 5298 002a 07EB8000 		add	r0, r7, r0, lsl #2
 5299 002e FFF7FEFF 		bl	prvListTasksWithinSingleList
 5300              	.LVL365:
2417:Middlewares/Third_Party/FreeRTOS/Source/tasks.c **** 
 5301              		.loc 1 2417 13 discriminator 1 view .LVU1495
 5302 0032 0544     		add	r5, r5, r0
 5303              	.LVL366:
2419:Middlewares/Third_Party/FreeRTOS/Source/tasks.c **** 
 5304              		.loc 1 2419 22 is_stmt 1 discriminator 1 view .LVU1496
 5305 0034 002C     		cmp	r4, #0
 5306 0036 EFD1     		bne	.L423
2423:Middlewares/Third_Party/FreeRTOS/Source/tasks.c **** 				uxTask += prvListTasksWithinSingleList( &( pxTaskStatusArray[ uxTask ] ), ( List_t * ) pxOverfl
 5307              		.loc 1 2423 5 view .LVU1497
2423:Middlewares/Third_Party/FreeRTOS/Source/tasks.c **** 				uxTask += prvListTasksWithinSingleList( &( pxTaskStatusArray[ uxTask ] ), ( List_t * ) pxOverfl
 5308              		.loc 1 2423 65 is_stmt 0 view .LVU1498
 5309 0038 05EBC500 		add	r0, r5, r5, lsl #3
2423:Middlewares/Third_Party/FreeRTOS/Source/tasks.c **** 				uxTask += prvListTasksWithinSingleList( &( pxTaskStatusArray[ uxTask ] ), ( List_t * ) pxOverfl
 5310              		.loc 1 2423 15 view .LVU1499
 5311 003c 184B     		ldr	r3, .L426+8
 5312 003e 1968     		ldr	r1, [r3]
 5313 0040 0222     		movs	r2, #2
 5314 0042 07EB8000 		add	r0, r7, r0, lsl #2
 5315 0046 FFF7FEFF 		bl	prvListTasksWithinSingleList
 5316              	.LVL367:
2423:Middlewares/Third_Party/FreeRTOS/Source/tasks.c **** 				uxTask += prvListTasksWithinSingleList( &( pxTaskStatusArray[ uxTask ] ), ( List_t * ) pxOverfl
 5317              		.loc 1 2423 12 discriminator 1 view .LVU1500
 5318 004a 0544     		add	r5, r5, r0
 5319              	.LVL368:
2424:Middlewares/Third_Party/FreeRTOS/Source/tasks.c **** 
 5320              		.loc 1 2424 5 is_stmt 1 view .LVU1501
2424:Middlewares/Third_Party/FreeRTOS/Source/tasks.c **** 
 5321              		.loc 1 2424 65 is_stmt 0 view .LVU1502
 5322 004c 05EBC500 		add	r0, r5, r5, lsl #3
2424:Middlewares/Third_Party/FreeRTOS/Source/tasks.c **** 
 5323              		.loc 1 2424 15 view .LVU1503
 5324 0050 144B     		ldr	r3, .L426+12
 5325 0052 1968     		ldr	r1, [r3]
 5326 0054 0222     		movs	r2, #2
 5327 0056 07EB8000 		add	r0, r7, r0, lsl #2
 5328 005a FFF7FEFF 		bl	prvListTasksWithinSingleList
 5329              	.LVL369:
2424:Middlewares/Third_Party/FreeRTOS/Source/tasks.c **** 
 5330              		.loc 1 2424 12 discriminator 1 view .LVU1504
 5331 005e 0544     		add	r5, r5, r0
 5332              	.LVL370:
2430:Middlewares/Third_Party/FreeRTOS/Source/tasks.c **** 				}
 5333              		.loc 1 2430 6 is_stmt 1 view .LVU1505
2430:Middlewares/Third_Party/FreeRTOS/Source/tasks.c **** 				}
 5334              		.loc 1 2430 66 is_stmt 0 view .LVU1506
 5335 0060 05EBC500 		add	r0, r5, r5, lsl #3
2430:Middlewares/Third_Party/FreeRTOS/Source/tasks.c **** 				}
 5336              		.loc 1 2430 16 view .LVU1507
 5337 0064 0422     		movs	r2, #4
ARM GAS  /tmp/ccshf83P.s 			page 210


 5338 0066 1049     		ldr	r1, .L426+16
 5339 0068 07EB8000 		add	r0, r7, r0, lsl #2
 5340 006c FFF7FEFF 		bl	prvListTasksWithinSingleList
 5341              	.LVL371:
2430:Middlewares/Third_Party/FreeRTOS/Source/tasks.c **** 				}
 5342              		.loc 1 2430 13 discriminator 1 view .LVU1508
 5343 0070 2C18     		adds	r4, r5, r0
 5344              	.LVL372:
2438:Middlewares/Third_Party/FreeRTOS/Source/tasks.c **** 				}
 5345              		.loc 1 2438 6 is_stmt 1 view .LVU1509
2438:Middlewares/Third_Party/FreeRTOS/Source/tasks.c **** 				}
 5346              		.loc 1 2438 66 is_stmt 0 view .LVU1510
 5347 0072 04EBC400 		add	r0, r4, r4, lsl #3
2438:Middlewares/Third_Party/FreeRTOS/Source/tasks.c **** 				}
 5348              		.loc 1 2438 16 view .LVU1511
 5349 0076 0322     		movs	r2, #3
 5350 0078 0C49     		ldr	r1, .L426+20
 5351 007a 07EB8000 		add	r0, r7, r0, lsl #2
 5352 007e FFF7FEFF 		bl	prvListTasksWithinSingleList
 5353              	.LVL373:
2438:Middlewares/Third_Party/FreeRTOS/Source/tasks.c **** 				}
 5354              		.loc 1 2438 13 discriminator 1 view .LVU1512
 5355 0082 0444     		add	r4, r4, r0
 5356              	.LVL374:
2455:Middlewares/Third_Party/FreeRTOS/Source/tasks.c **** 					{
 5357              		.loc 1 2455 6 is_stmt 1 view .LVU1513
2455:Middlewares/Third_Party/FreeRTOS/Source/tasks.c **** 					{
 5358              		.loc 1 2455 8 is_stmt 0 view .LVU1514
 5359 0084 1EB1     		cbz	r6, .L422
2457:Middlewares/Third_Party/FreeRTOS/Source/tasks.c **** 					}
 5360              		.loc 1 2457 7 is_stmt 1 view .LVU1515
2457:Middlewares/Third_Party/FreeRTOS/Source/tasks.c **** 					}
 5361              		.loc 1 2457 24 is_stmt 0 view .LVU1516
 5362 0086 0023     		movs	r3, #0
 5363 0088 3360     		str	r3, [r6]
 5364 008a 00E0     		b	.L422
 5365              	.LVL375:
 5366              	.L424:
2405:Middlewares/Third_Party/FreeRTOS/Source/tasks.c **** 
 5367              		.loc 1 2405 14 view .LVU1517
 5368 008c 0024     		movs	r4, #0
 5369              	.LVL376:
 5370              	.L422:
2464:Middlewares/Third_Party/FreeRTOS/Source/tasks.c **** 			}
 5371              		.loc 1 2464 29 is_stmt 1 view .LVU1518
2467:Middlewares/Third_Party/FreeRTOS/Source/tasks.c **** 
 5372              		.loc 1 2467 3 view .LVU1519
2467:Middlewares/Third_Party/FreeRTOS/Source/tasks.c **** 
 5373              		.loc 1 2467 12 is_stmt 0 view .LVU1520
 5374 008e FFF7FEFF 		bl	xTaskResumeAll
 5375              	.LVL377:
2469:Middlewares/Third_Party/FreeRTOS/Source/tasks.c **** 	}
 5376              		.loc 1 2469 3 is_stmt 1 view .LVU1521
2470:Middlewares/Third_Party/FreeRTOS/Source/tasks.c **** 
 5377              		.loc 1 2470 2 is_stmt 0 view .LVU1522
 5378 0092 2046     		mov	r0, r4
 5379 0094 F8BD     		pop	{r3, r4, r5, r6, r7, pc}
ARM GAS  /tmp/ccshf83P.s 			page 211


 5380              	.LVL378:
 5381              	.L427:
2470:Middlewares/Third_Party/FreeRTOS/Source/tasks.c **** 
 5382              		.loc 1 2470 2 view .LVU1523
 5383 0096 00BF     		.align	2
 5384              	.L426:
 5385 0098 00000000 		.word	uxCurrentNumberOfTasks
 5386 009c 00000000 		.word	pxReadyTasksLists
 5387 00a0 00000000 		.word	pxDelayedTaskList
 5388 00a4 00000000 		.word	pxOverflowDelayedTaskList
 5389 00a8 00000000 		.word	xTasksWaitingTermination
 5390 00ac 00000000 		.word	xSuspendedTaskList
 5391              		.cfi_endproc
 5392              	.LFE27:
 5394              		.section	.text.uxTaskGetStackHighWaterMark,"ax",%progbits
 5395              		.align	1
 5396              		.global	uxTaskGetStackHighWaterMark
 5397              		.syntax unified
 5398              		.thumb
 5399              		.thumb_func
 5401              	uxTaskGetStackHighWaterMark:
 5402              	.LVL379:
 5403              	.LFB47:
3643:Middlewares/Third_Party/FreeRTOS/Source/tasks.c **** 	TCB_t *pxTCB;
 5404              		.loc 1 3643 2 is_stmt 1 view -0
 5405              		.cfi_startproc
 5406              		@ args = 0, pretend = 0, frame = 0
 5407              		@ frame_needed = 0, uses_anonymous_args = 0
3643:Middlewares/Third_Party/FreeRTOS/Source/tasks.c **** 	TCB_t *pxTCB;
 5408              		.loc 1 3643 2 is_stmt 0 view .LVU1525
 5409 0000 08B5     		push	{r3, lr}
 5410              		.cfi_def_cfa_offset 8
 5411              		.cfi_offset 3, -8
 5412              		.cfi_offset 14, -4
3644:Middlewares/Third_Party/FreeRTOS/Source/tasks.c **** 	uint8_t *pucEndOfStack;
 5413              		.loc 1 3644 2 is_stmt 1 view .LVU1526
3645:Middlewares/Third_Party/FreeRTOS/Source/tasks.c **** 	UBaseType_t uxReturn;
 5414              		.loc 1 3645 2 view .LVU1527
3646:Middlewares/Third_Party/FreeRTOS/Source/tasks.c **** 
 5415              		.loc 1 3646 2 view .LVU1528
3648:Middlewares/Third_Party/FreeRTOS/Source/tasks.c **** 
 5416              		.loc 1 3648 3 view .LVU1529
3648:Middlewares/Third_Party/FreeRTOS/Source/tasks.c **** 
 5417              		.loc 1 3648 11 is_stmt 0 view .LVU1530
 5418 0002 0346     		mov	r3, r0
 5419 0004 18B1     		cbz	r0, .L431
 5420              	.LVL380:
 5421              	.L429:
3652:Middlewares/Third_Party/FreeRTOS/Source/tasks.c **** 		}
 5422              		.loc 1 3652 4 is_stmt 1 view .LVU1531
3660:Middlewares/Third_Party/FreeRTOS/Source/tasks.c **** 
 5423              		.loc 1 3660 3 view .LVU1532
3660:Middlewares/Third_Party/FreeRTOS/Source/tasks.c **** 
 5424              		.loc 1 3660 30 is_stmt 0 view .LVU1533
 5425 0006 186B     		ldr	r0, [r3, #48]
 5426 0008 FFF7FEFF 		bl	prvTaskCheckFreeStackSpace
 5427              	.LVL381:
ARM GAS  /tmp/ccshf83P.s 			page 212


3662:Middlewares/Third_Party/FreeRTOS/Source/tasks.c **** 	}
 5428              		.loc 1 3662 3 is_stmt 1 view .LVU1534
3663:Middlewares/Third_Party/FreeRTOS/Source/tasks.c **** 
 5429              		.loc 1 3663 2 is_stmt 0 view .LVU1535
 5430 000c 08BD     		pop	{r3, pc}
 5431              	.LVL382:
 5432              	.L431:
3648:Middlewares/Third_Party/FreeRTOS/Source/tasks.c **** 
 5433              		.loc 1 3648 11 discriminator 1 view .LVU1536
 5434 000e 014B     		ldr	r3, .L432
 5435 0010 1B68     		ldr	r3, [r3]
 5436              	.LVL383:
3648:Middlewares/Third_Party/FreeRTOS/Source/tasks.c **** 
 5437              		.loc 1 3648 11 discriminator 1 view .LVU1537
 5438 0012 F8E7     		b	.L429
 5439              	.L433:
 5440              		.align	2
 5441              	.L432:
 5442 0014 00000000 		.word	pxCurrentTCB
 5443              		.cfi_endproc
 5444              	.LFE47:
 5446              		.section	.text.xTaskGetCurrentTaskHandle,"ax",%progbits
 5447              		.align	1
 5448              		.global	xTaskGetCurrentTaskHandle
 5449              		.syntax unified
 5450              		.thumb
 5451              		.thumb_func
 5453              	xTaskGetCurrentTaskHandle:
 5454              	.LFB50:
3751:Middlewares/Third_Party/FreeRTOS/Source/tasks.c **** 	TaskHandle_t xReturn;
 5455              		.loc 1 3751 2 is_stmt 1 view -0
 5456              		.cfi_startproc
 5457              		@ args = 0, pretend = 0, frame = 0
 5458              		@ frame_needed = 0, uses_anonymous_args = 0
 5459              		@ link register save eliminated.
3752:Middlewares/Third_Party/FreeRTOS/Source/tasks.c **** 
 5460              		.loc 1 3752 2 view .LVU1539
3757:Middlewares/Third_Party/FreeRTOS/Source/tasks.c **** 
 5461              		.loc 1 3757 3 view .LVU1540
3757:Middlewares/Third_Party/FreeRTOS/Source/tasks.c **** 
 5462              		.loc 1 3757 11 is_stmt 0 view .LVU1541
 5463 0000 014B     		ldr	r3, .L435
 5464 0002 1868     		ldr	r0, [r3]
 5465              	.LVL384:
3759:Middlewares/Third_Party/FreeRTOS/Source/tasks.c **** 	}
 5466              		.loc 1 3759 3 is_stmt 1 view .LVU1542
3760:Middlewares/Third_Party/FreeRTOS/Source/tasks.c **** 
 5467              		.loc 1 3760 2 is_stmt 0 view .LVU1543
 5468 0004 7047     		bx	lr
 5469              	.L436:
 5470 0006 00BF     		.align	2
 5471              	.L435:
 5472 0008 00000000 		.word	pxCurrentTCB
 5473              		.cfi_endproc
 5474              	.LFE50:
 5476              		.section	.text.xTaskGetSchedulerState,"ax",%progbits
 5477              		.align	1
ARM GAS  /tmp/ccshf83P.s 			page 213


 5478              		.global	xTaskGetSchedulerState
 5479              		.syntax unified
 5480              		.thumb
 5481              		.thumb_func
 5483              	xTaskGetSchedulerState:
 5484              	.LFB51:
3768:Middlewares/Third_Party/FreeRTOS/Source/tasks.c **** 	BaseType_t xReturn;
 5485              		.loc 1 3768 2 is_stmt 1 view -0
 5486              		.cfi_startproc
 5487              		@ args = 0, pretend = 0, frame = 0
 5488              		@ frame_needed = 0, uses_anonymous_args = 0
 5489              		@ link register save eliminated.
3769:Middlewares/Third_Party/FreeRTOS/Source/tasks.c **** 
 5490              		.loc 1 3769 2 view .LVU1545
3771:Middlewares/Third_Party/FreeRTOS/Source/tasks.c **** 		{
 5491              		.loc 1 3771 3 view .LVU1546
3771:Middlewares/Third_Party/FreeRTOS/Source/tasks.c **** 		{
 5492              		.loc 1 3771 25 is_stmt 0 view .LVU1547
 5493 0000 054B     		ldr	r3, .L442
 5494 0002 1B68     		ldr	r3, [r3]
3771:Middlewares/Third_Party/FreeRTOS/Source/tasks.c **** 		{
 5495              		.loc 1 3771 5 view .LVU1548
 5496 0004 33B1     		cbz	r3, .L439
3777:Middlewares/Third_Party/FreeRTOS/Source/tasks.c **** 			{
 5497              		.loc 1 3777 4 is_stmt 1 view .LVU1549
3777:Middlewares/Third_Party/FreeRTOS/Source/tasks.c **** 			{
 5498              		.loc 1 3777 29 is_stmt 0 view .LVU1550
 5499 0006 054B     		ldr	r3, .L442+4
 5500 0008 1B68     		ldr	r3, [r3]
3777:Middlewares/Third_Party/FreeRTOS/Source/tasks.c **** 			{
 5501              		.loc 1 3777 6 view .LVU1551
 5502 000a 0BB1     		cbz	r3, .L441
3783:Middlewares/Third_Party/FreeRTOS/Source/tasks.c **** 			}
 5503              		.loc 1 3783 13 view .LVU1552
 5504 000c 0020     		movs	r0, #0
 5505              	.LVL385:
3787:Middlewares/Third_Party/FreeRTOS/Source/tasks.c **** 	}
 5506              		.loc 1 3787 3 is_stmt 1 view .LVU1553
3788:Middlewares/Third_Party/FreeRTOS/Source/tasks.c **** 
 5507              		.loc 1 3788 2 is_stmt 0 view .LVU1554
 5508 000e 7047     		bx	lr
 5509              	.LVL386:
 5510              	.L441:
3779:Middlewares/Third_Party/FreeRTOS/Source/tasks.c **** 			}
 5511              		.loc 1 3779 13 view .LVU1555
 5512 0010 0220     		movs	r0, #2
 5513 0012 7047     		bx	lr
 5514              	.L439:
3773:Middlewares/Third_Party/FreeRTOS/Source/tasks.c **** 		}
 5515              		.loc 1 3773 12 view .LVU1556
 5516 0014 0120     		movs	r0, #1
 5517 0016 7047     		bx	lr
 5518              	.L443:
 5519              		.align	2
 5520              	.L442:
 5521 0018 00000000 		.word	xSchedulerRunning
 5522 001c 00000000 		.word	uxSchedulerSuspended
ARM GAS  /tmp/ccshf83P.s 			page 214


 5523              		.cfi_endproc
 5524              	.LFE51:
 5526              		.section	.text.xTaskPriorityInherit,"ax",%progbits
 5527              		.align	1
 5528              		.global	xTaskPriorityInherit
 5529              		.syntax unified
 5530              		.thumb
 5531              		.thumb_func
 5533              	xTaskPriorityInherit:
 5534              	.LVL387:
 5535              	.LFB52:
3796:Middlewares/Third_Party/FreeRTOS/Source/tasks.c **** 	TCB_t * const pxMutexHolderTCB = ( TCB_t * ) pxMutexHolder;
 5536              		.loc 1 3796 2 is_stmt 1 view -0
 5537              		.cfi_startproc
 5538              		@ args = 0, pretend = 0, frame = 0
 5539              		@ frame_needed = 0, uses_anonymous_args = 0
3797:Middlewares/Third_Party/FreeRTOS/Source/tasks.c **** 	BaseType_t xReturn = pdFALSE;
 5540              		.loc 1 3797 2 view .LVU1558
3798:Middlewares/Third_Party/FreeRTOS/Source/tasks.c **** 
 5541              		.loc 1 3798 2 view .LVU1559
3803:Middlewares/Third_Party/FreeRTOS/Source/tasks.c **** 		{
 5542              		.loc 1 3803 3 view .LVU1560
3803:Middlewares/Third_Party/FreeRTOS/Source/tasks.c **** 		{
 5543              		.loc 1 3803 5 is_stmt 0 view .LVU1561
 5544 0000 0028     		cmp	r0, #0
 5545 0002 3FD0     		beq	.L451
3796:Middlewares/Third_Party/FreeRTOS/Source/tasks.c **** 	TCB_t * const pxMutexHolderTCB = ( TCB_t * ) pxMutexHolder;
 5546              		.loc 1 3796 2 view .LVU1562
 5547 0004 38B5     		push	{r3, r4, r5, lr}
 5548              		.cfi_def_cfa_offset 16
 5549              		.cfi_offset 3, -16
 5550              		.cfi_offset 4, -12
 5551              		.cfi_offset 5, -8
 5552              		.cfi_offset 14, -4
 5553 0006 0446     		mov	r4, r0
3808:Middlewares/Third_Party/FreeRTOS/Source/tasks.c **** 			{
 5554              		.loc 1 3808 4 is_stmt 1 view .LVU1563
3808:Middlewares/Third_Party/FreeRTOS/Source/tasks.c **** 			{
 5555              		.loc 1 3808 24 is_stmt 0 view .LVU1564
 5556 0008 C36A     		ldr	r3, [r0, #44]
3808:Middlewares/Third_Party/FreeRTOS/Source/tasks.c **** 			{
 5557              		.loc 1 3808 51 view .LVU1565
 5558 000a 204A     		ldr	r2, .L458
 5559 000c 1268     		ldr	r2, [r2]
 5560 000e D26A     		ldr	r2, [r2, #44]
3808:Middlewares/Third_Party/FreeRTOS/Source/tasks.c **** 			{
 5561              		.loc 1 3808 6 view .LVU1566
 5562 0010 9342     		cmp	r3, r2
 5563 0012 2FD2     		bcs	.L446
3813:Middlewares/Third_Party/FreeRTOS/Source/tasks.c **** 				{
 5564              		.loc 1 3813 5 is_stmt 1 view .LVU1567
3813:Middlewares/Third_Party/FreeRTOS/Source/tasks.c **** 				{
 5565              		.loc 1 3813 11 is_stmt 0 view .LVU1568
 5566 0014 8269     		ldr	r2, [r0, #24]
3813:Middlewares/Third_Party/FreeRTOS/Source/tasks.c **** 				{
 5567              		.loc 1 3813 7 view .LVU1569
 5568 0016 002A     		cmp	r2, #0
ARM GAS  /tmp/ccshf83P.s 			page 215


 5569 0018 05DB     		blt	.L447
3815:Middlewares/Third_Party/FreeRTOS/Source/tasks.c **** 				}
 5570              		.loc 1 3815 6 is_stmt 1 view .LVU1570
 5571 001a 1C4A     		ldr	r2, .L458
 5572 001c 1268     		ldr	r2, [r2]
 5573 001e D26A     		ldr	r2, [r2, #44]
 5574 0020 C2F13802 		rsb	r2, r2, #56
 5575 0024 8261     		str	r2, [r0, #24]
 5576              	.L447:
3819:Middlewares/Third_Party/FreeRTOS/Source/tasks.c **** 				}
 5577              		.loc 1 3819 30 view .LVU1571
3824:Middlewares/Third_Party/FreeRTOS/Source/tasks.c **** 				{
 5578              		.loc 1 3824 5 view .LVU1572
3824:Middlewares/Third_Party/FreeRTOS/Source/tasks.c **** 				{
 5579              		.loc 1 3824 9 is_stmt 0 view .LVU1573
 5580 0026 6169     		ldr	r1, [r4, #20]
 5581 0028 03EB8303 		add	r3, r3, r3, lsl #2
 5582 002c 184A     		ldr	r2, .L458+4
 5583 002e 02EB8303 		add	r3, r2, r3, lsl #2
3824:Middlewares/Third_Party/FreeRTOS/Source/tasks.c **** 				{
 5584              		.loc 1 3824 130 view .LVU1574
 5585 0032 9942     		cmp	r1, r3
 5586 0034 05D0     		beq	.L457
3842:Middlewares/Third_Party/FreeRTOS/Source/tasks.c **** 				}
 5587              		.loc 1 3842 6 is_stmt 1 view .LVU1575
3842:Middlewares/Third_Party/FreeRTOS/Source/tasks.c **** 				}
 5588              		.loc 1 3842 49 is_stmt 0 view .LVU1576
 5589 0036 154B     		ldr	r3, .L458
 5590 0038 1B68     		ldr	r3, [r3]
 5591 003a DB6A     		ldr	r3, [r3, #44]
3842:Middlewares/Third_Party/FreeRTOS/Source/tasks.c **** 				}
 5592              		.loc 1 3842 35 view .LVU1577
 5593 003c E362     		str	r3, [r4, #44]
3848:Middlewares/Third_Party/FreeRTOS/Source/tasks.c **** 			}
 5594              		.loc 1 3848 13 view .LVU1578
 5595 003e 0120     		movs	r0, #1
 5596              	.LVL388:
 5597              	.L444:
3875:Middlewares/Third_Party/FreeRTOS/Source/tasks.c **** 
 5598              		.loc 1 3875 2 view .LVU1579
 5599 0040 38BD     		pop	{r3, r4, r5, pc}
 5600              	.LVL389:
 5601              	.L457:
3826:Middlewares/Third_Party/FreeRTOS/Source/tasks.c **** 					{
 5602              		.loc 1 3826 6 is_stmt 1 view .LVU1580
3826:Middlewares/Third_Party/FreeRTOS/Source/tasks.c **** 					{
 5603              		.loc 1 3826 10 is_stmt 0 view .LVU1581
 5604 0042 251D     		adds	r5, r4, #4
 5605 0044 2846     		mov	r0, r5
 5606              	.LVL390:
3826:Middlewares/Third_Party/FreeRTOS/Source/tasks.c **** 					{
 5607              		.loc 1 3826 10 view .LVU1582
 5608 0046 FFF7FEFF 		bl	uxListRemove
 5609              	.LVL391:
3828:Middlewares/Third_Party/FreeRTOS/Source/tasks.c **** 					}
 5610              		.loc 1 3828 63 is_stmt 1 view .LVU1583
3832:Middlewares/Third_Party/FreeRTOS/Source/tasks.c **** 					}
ARM GAS  /tmp/ccshf83P.s 			page 216


 5611              		.loc 1 3832 31 view .LVU1584
3836:Middlewares/Third_Party/FreeRTOS/Source/tasks.c **** 					prvAddTaskToReadyList( pxMutexHolderTCB );
 5612              		.loc 1 3836 6 view .LVU1585
3836:Middlewares/Third_Party/FreeRTOS/Source/tasks.c **** 					prvAddTaskToReadyList( pxMutexHolderTCB );
 5613              		.loc 1 3836 49 is_stmt 0 view .LVU1586
 5614 004a 104B     		ldr	r3, .L458
 5615 004c 1B68     		ldr	r3, [r3]
 5616 004e D86A     		ldr	r0, [r3, #44]
3836:Middlewares/Third_Party/FreeRTOS/Source/tasks.c **** 					prvAddTaskToReadyList( pxMutexHolderTCB );
 5617              		.loc 1 3836 35 view .LVU1587
 5618 0050 E062     		str	r0, [r4, #44]
3837:Middlewares/Third_Party/FreeRTOS/Source/tasks.c **** 				}
 5619              		.loc 1 3837 6 is_stmt 1 view .LVU1588
3837:Middlewares/Third_Party/FreeRTOS/Source/tasks.c **** 				}
 5620              		.loc 1 3837 6 view .LVU1589
 5621 0052 104B     		ldr	r3, .L458+8
 5622 0054 1B68     		ldr	r3, [r3]
 5623 0056 9842     		cmp	r0, r3
 5624 0058 09D8     		bhi	.L449
 5625              	.L450:
3837:Middlewares/Third_Party/FreeRTOS/Source/tasks.c **** 				}
 5626              		.loc 1 3837 6 discriminator 3 view .LVU1590
3837:Middlewares/Third_Party/FreeRTOS/Source/tasks.c **** 				}
 5627              		.loc 1 3837 6 discriminator 3 view .LVU1591
 5628 005a 00EB8000 		add	r0, r0, r0, lsl #2
 5629 005e 2946     		mov	r1, r5
 5630 0060 0B4B     		ldr	r3, .L458+4
 5631 0062 03EB8000 		add	r0, r3, r0, lsl #2
 5632 0066 FFF7FEFF 		bl	vListInsertEnd
 5633              	.LVL392:
3837:Middlewares/Third_Party/FreeRTOS/Source/tasks.c **** 				}
 5634              		.loc 1 3837 47 discriminator 1 view .LVU1592
3848:Middlewares/Third_Party/FreeRTOS/Source/tasks.c **** 			}
 5635              		.loc 1 3848 13 is_stmt 0 view .LVU1593
 5636 006a 0120     		movs	r0, #1
 5637 006c E8E7     		b	.L444
 5638              	.L449:
3837:Middlewares/Third_Party/FreeRTOS/Source/tasks.c **** 				}
 5639              		.loc 1 3837 6 is_stmt 1 discriminator 1 view .LVU1594
 5640 006e 094B     		ldr	r3, .L458+8
 5641 0070 1860     		str	r0, [r3]
 5642 0072 F2E7     		b	.L450
 5643              	.LVL393:
 5644              	.L446:
3852:Middlewares/Third_Party/FreeRTOS/Source/tasks.c **** 				{
 5645              		.loc 1 3852 5 view .LVU1595
3852:Middlewares/Third_Party/FreeRTOS/Source/tasks.c **** 				{
 5646              		.loc 1 3852 25 is_stmt 0 view .LVU1596
 5647 0074 C26C     		ldr	r2, [r0, #76]
3852:Middlewares/Third_Party/FreeRTOS/Source/tasks.c **** 				{
 5648              		.loc 1 3852 56 view .LVU1597
 5649 0076 054B     		ldr	r3, .L458
 5650 0078 1B68     		ldr	r3, [r3]
 5651 007a DB6A     		ldr	r3, [r3, #44]
3852:Middlewares/Third_Party/FreeRTOS/Source/tasks.c **** 				{
 5652              		.loc 1 3852 7 view .LVU1598
 5653 007c 9A42     		cmp	r2, r3
ARM GAS  /tmp/ccshf83P.s 			page 217


 5654 007e 03D3     		bcc	.L452
3798:Middlewares/Third_Party/FreeRTOS/Source/tasks.c **** 
 5655              		.loc 1 3798 13 view .LVU1599
 5656 0080 0020     		movs	r0, #0
 5657              	.LVL394:
3798:Middlewares/Third_Party/FreeRTOS/Source/tasks.c **** 
 5658              		.loc 1 3798 13 view .LVU1600
 5659 0082 DDE7     		b	.L444
 5660              	.LVL395:
 5661              	.L451:
 5662              		.cfi_def_cfa_offset 0
 5663              		.cfi_restore 3
 5664              		.cfi_restore 4
 5665              		.cfi_restore 5
 5666              		.cfi_restore 14
3798:Middlewares/Third_Party/FreeRTOS/Source/tasks.c **** 
 5667              		.loc 1 3798 13 view .LVU1601
 5668 0084 0020     		movs	r0, #0
 5669              	.LVL396:
3875:Middlewares/Third_Party/FreeRTOS/Source/tasks.c **** 
 5670              		.loc 1 3875 2 view .LVU1602
 5671 0086 7047     		bx	lr
 5672              	.LVL397:
 5673              	.L452:
 5674              		.cfi_def_cfa_offset 16
 5675              		.cfi_offset 3, -16
 5676              		.cfi_offset 4, -12
 5677              		.cfi_offset 5, -8
 5678              		.cfi_offset 14, -4
3861:Middlewares/Third_Party/FreeRTOS/Source/tasks.c **** 				}
 5679              		.loc 1 3861 14 view .LVU1603
 5680 0088 0120     		movs	r0, #1
 5681              	.LVL398:
3871:Middlewares/Third_Party/FreeRTOS/Source/tasks.c **** 		}
 5682              		.loc 1 3871 28 is_stmt 1 view .LVU1604
3874:Middlewares/Third_Party/FreeRTOS/Source/tasks.c **** 	}
 5683              		.loc 1 3874 3 view .LVU1605
3874:Middlewares/Third_Party/FreeRTOS/Source/tasks.c **** 	}
 5684              		.loc 1 3874 10 is_stmt 0 view .LVU1606
 5685 008a D9E7     		b	.L444
 5686              	.L459:
 5687              		.align	2
 5688              	.L458:
 5689 008c 00000000 		.word	pxCurrentTCB
 5690 0090 00000000 		.word	pxReadyTasksLists
 5691 0094 00000000 		.word	uxTopReadyPriority
 5692              		.cfi_endproc
 5693              	.LFE52:
 5695              		.section	.text.xTaskPriorityDisinherit,"ax",%progbits
 5696              		.align	1
 5697              		.global	xTaskPriorityDisinherit
 5698              		.syntax unified
 5699              		.thumb
 5700              		.thumb_func
 5702              	xTaskPriorityDisinherit:
 5703              	.LVL399:
 5704              	.LFB53:
ARM GAS  /tmp/ccshf83P.s 			page 218


3883:Middlewares/Third_Party/FreeRTOS/Source/tasks.c **** 	TCB_t * const pxTCB = ( TCB_t * ) pxMutexHolder;
 5705              		.loc 1 3883 2 is_stmt 1 view -0
 5706              		.cfi_startproc
 5707              		@ args = 0, pretend = 0, frame = 0
 5708              		@ frame_needed = 0, uses_anonymous_args = 0
3884:Middlewares/Third_Party/FreeRTOS/Source/tasks.c **** 	BaseType_t xReturn = pdFALSE;
 5709              		.loc 1 3884 2 view .LVU1608
3885:Middlewares/Third_Party/FreeRTOS/Source/tasks.c **** 
 5710              		.loc 1 3885 2 view .LVU1609
3887:Middlewares/Third_Party/FreeRTOS/Source/tasks.c **** 		{
 5711              		.loc 1 3887 3 view .LVU1610
3887:Middlewares/Third_Party/FreeRTOS/Source/tasks.c **** 		{
 5712              		.loc 1 3887 5 is_stmt 0 view .LVU1611
 5713 0000 0028     		cmp	r0, #0
 5714 0002 3BD0     		beq	.L467
3883:Middlewares/Third_Party/FreeRTOS/Source/tasks.c **** 	TCB_t * const pxTCB = ( TCB_t * ) pxMutexHolder;
 5715              		.loc 1 3883 2 view .LVU1612
 5716 0004 38B5     		push	{r3, r4, r5, lr}
 5717              		.cfi_def_cfa_offset 16
 5718              		.cfi_offset 3, -16
 5719              		.cfi_offset 4, -12
 5720              		.cfi_offset 5, -8
 5721              		.cfi_offset 14, -4
 5722 0006 0446     		mov	r4, r0
3893:Middlewares/Third_Party/FreeRTOS/Source/tasks.c **** 			configASSERT( pxTCB->uxMutexesHeld );
 5723              		.loc 1 3893 4 is_stmt 1 view .LVU1613
 5724 0008 1E4B     		ldr	r3, .L475
 5725 000a 1B68     		ldr	r3, [r3]
 5726 000c 8342     		cmp	r3, r0
 5727 000e 08D0     		beq	.L462
3893:Middlewares/Third_Party/FreeRTOS/Source/tasks.c **** 			configASSERT( pxTCB->uxMutexesHeld );
 5728              		.loc 1 3893 4 discriminator 1 view .LVU1614
 5729              	.LBB213:
 5730              	.LBI213:
 191:Middlewares/Third_Party/FreeRTOS/Source/portable/GCC/ARM_CM3/portmacro.h **** {
 5731              		.loc 2 191 30 view .LVU1615
 5732              	.LBB214:
 193:Middlewares/Third_Party/FreeRTOS/Source/portable/GCC/ARM_CM3/portmacro.h **** 
 5733              		.loc 2 193 1 view .LVU1616
 195:Middlewares/Third_Party/FreeRTOS/Source/portable/GCC/ARM_CM3/portmacro.h **** 	(
 5734              		.loc 2 195 2 view .LVU1617
 5735              		.syntax unified
 5736              	@ 195 "Middlewares/Third_Party/FreeRTOS/Source/portable/GCC/ARM_CM3/portmacro.h" 1
 5737 0010 4FF05003 			mov r3, #80												
 5738 0014 83F31188 		msr basepri, r3											
 5739 0018 BFF36F8F 		isb														
 5740 001c BFF34F8F 		dsb														
 5741              	
 5742              	@ 0 "" 2
 5743              		.thumb
 5744              		.syntax unified
 5745              	.L463:
 5746              	.LBE214:
 5747              	.LBE213:
3893:Middlewares/Third_Party/FreeRTOS/Source/tasks.c **** 			configASSERT( pxTCB->uxMutexesHeld );
 5748              		.loc 1 3893 4 discriminator 3 view .LVU1618
3893:Middlewares/Third_Party/FreeRTOS/Source/tasks.c **** 			configASSERT( pxTCB->uxMutexesHeld );
ARM GAS  /tmp/ccshf83P.s 			page 219


 5749              		.loc 1 3893 4 discriminator 3 view .LVU1619
 5750 0020 FEE7     		b	.L463
 5751              	.L462:
3893:Middlewares/Third_Party/FreeRTOS/Source/tasks.c **** 			configASSERT( pxTCB->uxMutexesHeld );
 5752              		.loc 1 3893 41 discriminator 2 view .LVU1620
3894:Middlewares/Third_Party/FreeRTOS/Source/tasks.c **** 			( pxTCB->uxMutexesHeld )--;
 5753              		.loc 1 3894 4 view .LVU1621
 5754 0022 036D     		ldr	r3, [r0, #80]
 5755 0024 43B9     		cbnz	r3, .L464
3894:Middlewares/Third_Party/FreeRTOS/Source/tasks.c **** 			( pxTCB->uxMutexesHeld )--;
 5756              		.loc 1 3894 4 discriminator 1 view .LVU1622
 5757              	.LBB215:
 5758              	.LBI215:
 191:Middlewares/Third_Party/FreeRTOS/Source/portable/GCC/ARM_CM3/portmacro.h **** {
 5759              		.loc 2 191 30 view .LVU1623
 5760              	.LBB216:
 193:Middlewares/Third_Party/FreeRTOS/Source/portable/GCC/ARM_CM3/portmacro.h **** 
 5761              		.loc 2 193 1 view .LVU1624
 195:Middlewares/Third_Party/FreeRTOS/Source/portable/GCC/ARM_CM3/portmacro.h **** 	(
 5762              		.loc 2 195 2 view .LVU1625
 5763              		.syntax unified
 5764              	@ 195 "Middlewares/Third_Party/FreeRTOS/Source/portable/GCC/ARM_CM3/portmacro.h" 1
 5765 0026 4FF05003 			mov r3, #80												
 5766 002a 83F31188 		msr basepri, r3											
 5767 002e BFF36F8F 		isb														
 5768 0032 BFF34F8F 		dsb														
 5769              	
 5770              	@ 0 "" 2
 5771              		.thumb
 5772              		.syntax unified
 5773              	.L465:
 5774              	.LBE216:
 5775              	.LBE215:
3894:Middlewares/Third_Party/FreeRTOS/Source/tasks.c **** 			( pxTCB->uxMutexesHeld )--;
 5776              		.loc 1 3894 4 discriminator 3 view .LVU1626
3894:Middlewares/Third_Party/FreeRTOS/Source/tasks.c **** 			( pxTCB->uxMutexesHeld )--;
 5777              		.loc 1 3894 4 discriminator 3 view .LVU1627
 5778 0036 FEE7     		b	.L465
 5779              	.L464:
3894:Middlewares/Third_Party/FreeRTOS/Source/tasks.c **** 			( pxTCB->uxMutexesHeld )--;
 5780              		.loc 1 3894 40 discriminator 2 view .LVU1628
3895:Middlewares/Third_Party/FreeRTOS/Source/tasks.c **** 
 5781              		.loc 1 3895 4 view .LVU1629
3895:Middlewares/Third_Party/FreeRTOS/Source/tasks.c **** 
 5782              		.loc 1 3895 28 is_stmt 0 view .LVU1630
 5783 0038 013B     		subs	r3, r3, #1
 5784 003a 0365     		str	r3, [r0, #80]
3899:Middlewares/Third_Party/FreeRTOS/Source/tasks.c **** 			{
 5785              		.loc 1 3899 4 is_stmt 1 view .LVU1631
3899:Middlewares/Third_Party/FreeRTOS/Source/tasks.c **** 			{
 5786              		.loc 1 3899 13 is_stmt 0 view .LVU1632
 5787 003c C16A     		ldr	r1, [r0, #44]
3899:Middlewares/Third_Party/FreeRTOS/Source/tasks.c **** 			{
 5788              		.loc 1 3899 34 view .LVU1633
 5789 003e C26C     		ldr	r2, [r0, #76]
3899:Middlewares/Third_Party/FreeRTOS/Source/tasks.c **** 			{
 5790              		.loc 1 3899 6 view .LVU1634
ARM GAS  /tmp/ccshf83P.s 			page 220


 5791 0040 9142     		cmp	r1, r2
 5792 0042 1DD0     		beq	.L468
3902:Middlewares/Third_Party/FreeRTOS/Source/tasks.c **** 				{
 5793              		.loc 1 3902 5 is_stmt 1 view .LVU1635
3902:Middlewares/Third_Party/FreeRTOS/Source/tasks.c **** 				{
 5794              		.loc 1 3902 7 is_stmt 0 view .LVU1636
 5795 0044 0BB1     		cbz	r3, .L474
3885:Middlewares/Third_Party/FreeRTOS/Source/tasks.c **** 
 5796              		.loc 1 3885 13 view .LVU1637
 5797 0046 0020     		movs	r0, #0
 5798              	.LVL400:
3951:Middlewares/Third_Party/FreeRTOS/Source/tasks.c **** 		}
 5799              		.loc 1 3951 28 is_stmt 1 view .LVU1638
3954:Middlewares/Third_Party/FreeRTOS/Source/tasks.c **** 	}
 5800              		.loc 1 3954 3 view .LVU1639
 5801              	.L460:
3955:Middlewares/Third_Party/FreeRTOS/Source/tasks.c **** 
 5802              		.loc 1 3955 2 is_stmt 0 view .LVU1640
 5803 0048 38BD     		pop	{r3, r4, r5, pc}
 5804              	.LVL401:
 5805              	.L474:
3909:Middlewares/Third_Party/FreeRTOS/Source/tasks.c **** 					{
 5806              		.loc 1 3909 6 is_stmt 1 view .LVU1641
3909:Middlewares/Third_Party/FreeRTOS/Source/tasks.c **** 					{
 5807              		.loc 1 3909 10 is_stmt 0 view .LVU1642
 5808 004a 051D     		adds	r5, r0, #4
 5809 004c 2846     		mov	r0, r5
 5810              	.LVL402:
3909:Middlewares/Third_Party/FreeRTOS/Source/tasks.c **** 					{
 5811              		.loc 1 3909 10 view .LVU1643
 5812 004e FFF7FEFF 		bl	uxListRemove
 5813              	.LVL403:
3911:Middlewares/Third_Party/FreeRTOS/Source/tasks.c **** 					}
 5814              		.loc 1 3911 52 is_stmt 1 view .LVU1644
3915:Middlewares/Third_Party/FreeRTOS/Source/tasks.c **** 					}
 5815              		.loc 1 3915 31 view .LVU1645
3920:Middlewares/Third_Party/FreeRTOS/Source/tasks.c **** 					pxTCB->uxPriority = pxTCB->uxBasePriority;
 5816              		.loc 1 3920 67 view .LVU1646
3921:Middlewares/Third_Party/FreeRTOS/Source/tasks.c **** 
 5817              		.loc 1 3921 6 view .LVU1647
3921:Middlewares/Third_Party/FreeRTOS/Source/tasks.c **** 
 5818              		.loc 1 3921 31 is_stmt 0 view .LVU1648
 5819 0052 E06C     		ldr	r0, [r4, #76]
3921:Middlewares/Third_Party/FreeRTOS/Source/tasks.c **** 
 5820              		.loc 1 3921 24 view .LVU1649
 5821 0054 E062     		str	r0, [r4, #44]
3926:Middlewares/Third_Party/FreeRTOS/Source/tasks.c **** 					prvAddTaskToReadyList( pxTCB );
 5822              		.loc 1 3926 6 is_stmt 1 view .LVU1650
 5823 0056 C0F13803 		rsb	r3, r0, #56
 5824 005a A361     		str	r3, [r4, #24]
3927:Middlewares/Third_Party/FreeRTOS/Source/tasks.c **** 
 5825              		.loc 1 3927 6 view .LVU1651
3927:Middlewares/Third_Party/FreeRTOS/Source/tasks.c **** 
 5826              		.loc 1 3927 6 view .LVU1652
 5827 005c 0A4B     		ldr	r3, .L475+4
 5828 005e 1B68     		ldr	r3, [r3]
 5829 0060 9842     		cmp	r0, r3
ARM GAS  /tmp/ccshf83P.s 			page 221


 5830 0062 01D9     		bls	.L466
3927:Middlewares/Third_Party/FreeRTOS/Source/tasks.c **** 
 5831              		.loc 1 3927 6 discriminator 1 view .LVU1653
 5832 0064 084B     		ldr	r3, .L475+4
 5833 0066 1860     		str	r0, [r3]
 5834              	.L466:
3927:Middlewares/Third_Party/FreeRTOS/Source/tasks.c **** 
 5835              		.loc 1 3927 6 discriminator 3 view .LVU1654
3927:Middlewares/Third_Party/FreeRTOS/Source/tasks.c **** 
 5836              		.loc 1 3927 6 discriminator 3 view .LVU1655
 5837 0068 00EB8000 		add	r0, r0, r0, lsl #2
 5838 006c 2946     		mov	r1, r5
 5839 006e 074B     		ldr	r3, .L475+8
 5840 0070 03EB8000 		add	r0, r3, r0, lsl #2
 5841 0074 FFF7FEFF 		bl	vListInsertEnd
 5842              	.LVL404:
3927:Middlewares/Third_Party/FreeRTOS/Source/tasks.c **** 
 5843              		.loc 1 3927 36 discriminator 1 view .LVU1656
3937:Middlewares/Third_Party/FreeRTOS/Source/tasks.c **** 				}
 5844              		.loc 1 3937 6 view .LVU1657
3937:Middlewares/Third_Party/FreeRTOS/Source/tasks.c **** 				}
 5845              		.loc 1 3937 14 is_stmt 0 view .LVU1658
 5846 0078 0120     		movs	r0, #1
 5847 007a E5E7     		b	.L460
 5848              	.LVL405:
 5849              	.L467:
 5850              		.cfi_def_cfa_offset 0
 5851              		.cfi_restore 3
 5852              		.cfi_restore 4
 5853              		.cfi_restore 5
 5854              		.cfi_restore 14
3885:Middlewares/Third_Party/FreeRTOS/Source/tasks.c **** 
 5855              		.loc 1 3885 13 view .LVU1659
 5856 007c 0020     		movs	r0, #0
 5857              	.LVL406:
3955:Middlewares/Third_Party/FreeRTOS/Source/tasks.c **** 
 5858              		.loc 1 3955 2 view .LVU1660
 5859 007e 7047     		bx	lr
 5860              	.LVL407:
 5861              	.L468:
 5862              		.cfi_def_cfa_offset 16
 5863              		.cfi_offset 3, -16
 5864              		.cfi_offset 4, -12
 5865              		.cfi_offset 5, -8
 5866              		.cfi_offset 14, -4
3885:Middlewares/Third_Party/FreeRTOS/Source/tasks.c **** 
 5867              		.loc 1 3885 13 view .LVU1661
 5868 0080 0020     		movs	r0, #0
 5869              	.LVL408:
3885:Middlewares/Third_Party/FreeRTOS/Source/tasks.c **** 
 5870              		.loc 1 3885 13 view .LVU1662
 5871 0082 E1E7     		b	.L460
 5872              	.L476:
 5873              		.align	2
 5874              	.L475:
 5875 0084 00000000 		.word	pxCurrentTCB
 5876 0088 00000000 		.word	uxTopReadyPriority
ARM GAS  /tmp/ccshf83P.s 			page 222


 5877 008c 00000000 		.word	pxReadyTasksLists
 5878              		.cfi_endproc
 5879              	.LFE53:
 5881              		.section	.text.vTaskPriorityDisinheritAfterTimeout,"ax",%progbits
 5882              		.align	1
 5883              		.global	vTaskPriorityDisinheritAfterTimeout
 5884              		.syntax unified
 5885              		.thumb
 5886              		.thumb_func
 5888              	vTaskPriorityDisinheritAfterTimeout:
 5889              	.LVL409:
 5890              	.LFB54:
3963:Middlewares/Third_Party/FreeRTOS/Source/tasks.c **** 	TCB_t * const pxTCB = ( TCB_t * ) pxMutexHolder;
 5891              		.loc 1 3963 2 is_stmt 1 view -0
 5892              		.cfi_startproc
 5893              		@ args = 0, pretend = 0, frame = 0
 5894              		@ frame_needed = 0, uses_anonymous_args = 0
3964:Middlewares/Third_Party/FreeRTOS/Source/tasks.c **** 	UBaseType_t uxPriorityUsedOnEntry, uxPriorityToUse;
 5895              		.loc 1 3964 2 view .LVU1664
3965:Middlewares/Third_Party/FreeRTOS/Source/tasks.c **** 	const UBaseType_t uxOnlyOneMutexHeld = ( UBaseType_t ) 1;
 5896              		.loc 1 3965 2 view .LVU1665
3966:Middlewares/Third_Party/FreeRTOS/Source/tasks.c **** 
 5897              		.loc 1 3966 2 view .LVU1666
3968:Middlewares/Third_Party/FreeRTOS/Source/tasks.c **** 		{
 5898              		.loc 1 3968 3 view .LVU1667
3968:Middlewares/Third_Party/FreeRTOS/Source/tasks.c **** 		{
 5899              		.loc 1 3968 5 is_stmt 0 view .LVU1668
 5900 0000 0028     		cmp	r0, #0
 5901 0002 46D0     		beq	.L487
3963:Middlewares/Third_Party/FreeRTOS/Source/tasks.c **** 	TCB_t * const pxTCB = ( TCB_t * ) pxMutexHolder;
 5902              		.loc 1 3963 2 view .LVU1669
 5903 0004 38B5     		push	{r3, r4, r5, lr}
 5904              		.cfi_def_cfa_offset 16
 5905              		.cfi_offset 3, -16
 5906              		.cfi_offset 4, -12
 5907              		.cfi_offset 5, -8
 5908              		.cfi_offset 14, -4
 5909 0006 0446     		mov	r4, r0
3972:Middlewares/Third_Party/FreeRTOS/Source/tasks.c **** 
 5910              		.loc 1 3972 4 is_stmt 1 view .LVU1670
 5911 0008 036D     		ldr	r3, [r0, #80]
 5912 000a 43B9     		cbnz	r3, .L479
3972:Middlewares/Third_Party/FreeRTOS/Source/tasks.c **** 
 5913              		.loc 1 3972 4 discriminator 1 view .LVU1671
 5914              	.LBB217:
 5915              	.LBI217:
 191:Middlewares/Third_Party/FreeRTOS/Source/portable/GCC/ARM_CM3/portmacro.h **** {
 5916              		.loc 2 191 30 view .LVU1672
 5917              	.LBB218:
 193:Middlewares/Third_Party/FreeRTOS/Source/portable/GCC/ARM_CM3/portmacro.h **** 
 5918              		.loc 2 193 1 view .LVU1673
 195:Middlewares/Third_Party/FreeRTOS/Source/portable/GCC/ARM_CM3/portmacro.h **** 	(
 5919              		.loc 2 195 2 view .LVU1674
 5920              		.syntax unified
 5921              	@ 195 "Middlewares/Third_Party/FreeRTOS/Source/portable/GCC/ARM_CM3/portmacro.h" 1
 5922 000c 4FF05003 			mov r3, #80												
 5923 0010 83F31188 		msr basepri, r3											
ARM GAS  /tmp/ccshf83P.s 			page 223


 5924 0014 BFF36F8F 		isb														
 5925 0018 BFF34F8F 		dsb														
 5926              	
 5927              	@ 0 "" 2
 5928              		.thumb
 5929              		.syntax unified
 5930              	.L480:
 5931              	.LBE218:
 5932              	.LBE217:
3972:Middlewares/Third_Party/FreeRTOS/Source/tasks.c **** 
 5933              		.loc 1 3972 4 discriminator 3 view .LVU1675
3972:Middlewares/Third_Party/FreeRTOS/Source/tasks.c **** 
 5934              		.loc 1 3972 4 discriminator 3 view .LVU1676
 5935 001c FEE7     		b	.L480
 5936              	.L479:
3972:Middlewares/Third_Party/FreeRTOS/Source/tasks.c **** 
 5937              		.loc 1 3972 40 discriminator 2 view .LVU1677
3978:Middlewares/Third_Party/FreeRTOS/Source/tasks.c **** 			{
 5938              		.loc 1 3978 4 view .LVU1678
3978:Middlewares/Third_Party/FreeRTOS/Source/tasks.c **** 			{
 5939              		.loc 1 3978 13 is_stmt 0 view .LVU1679
 5940 001e C26C     		ldr	r2, [r0, #76]
3978:Middlewares/Third_Party/FreeRTOS/Source/tasks.c **** 			{
 5941              		.loc 1 3978 6 view .LVU1680
 5942 0020 8A42     		cmp	r2, r1
 5943 0022 00D2     		bcs	.L481
3980:Middlewares/Third_Party/FreeRTOS/Source/tasks.c **** 			}
 5944              		.loc 1 3980 21 view .LVU1681
 5945 0024 0A46     		mov	r2, r1
 5946              	.L481:
 5947              	.LVL410:
3988:Middlewares/Third_Party/FreeRTOS/Source/tasks.c **** 			{
 5948              		.loc 1 3988 4 is_stmt 1 view .LVU1682
3988:Middlewares/Third_Party/FreeRTOS/Source/tasks.c **** 			{
 5949              		.loc 1 3988 13 is_stmt 0 view .LVU1683
 5950 0026 E16A     		ldr	r1, [r4, #44]
 5951              	.LVL411:
3988:Middlewares/Third_Party/FreeRTOS/Source/tasks.c **** 			{
 5952              		.loc 1 3988 6 view .LVU1684
 5953 0028 9142     		cmp	r1, r2
 5954 002a 01D0     		beq	.L477
3994:Middlewares/Third_Party/FreeRTOS/Source/tasks.c **** 				{
 5955              		.loc 1 3994 5 is_stmt 1 view .LVU1685
3994:Middlewares/Third_Party/FreeRTOS/Source/tasks.c **** 				{
 5956              		.loc 1 3994 7 is_stmt 0 view .LVU1686
 5957 002c 012B     		cmp	r3, #1
 5958 002e 00D0     		beq	.L490
 5959              	.LVL412:
 5960              	.L477:
4057:Middlewares/Third_Party/FreeRTOS/Source/tasks.c **** 
 5961              		.loc 1 4057 2 view .LVU1687
 5962 0030 38BD     		pop	{r3, r4, r5, pc}
 5963              	.LVL413:
 5964              	.L490:
3999:Middlewares/Third_Party/FreeRTOS/Source/tasks.c **** 
 5965              		.loc 1 3999 6 is_stmt 1 view .LVU1688
 5966 0032 184B     		ldr	r3, .L492
ARM GAS  /tmp/ccshf83P.s 			page 224


 5967 0034 1B68     		ldr	r3, [r3]
 5968 0036 A342     		cmp	r3, r4
 5969 0038 22D0     		beq	.L491
3999:Middlewares/Third_Party/FreeRTOS/Source/tasks.c **** 
 5970              		.loc 1 3999 43 discriminator 2 view .LVU1689
4004:Middlewares/Third_Party/FreeRTOS/Source/tasks.c **** 					uxPriorityUsedOnEntry = pxTCB->uxPriority;
 5971              		.loc 1 4004 67 view .LVU1690
4005:Middlewares/Third_Party/FreeRTOS/Source/tasks.c **** 					pxTCB->uxPriority = uxPriorityToUse;
 5972              		.loc 1 4005 6 view .LVU1691
 5973              	.LVL414:
4006:Middlewares/Third_Party/FreeRTOS/Source/tasks.c **** 
 5974              		.loc 1 4006 6 view .LVU1692
4006:Middlewares/Third_Party/FreeRTOS/Source/tasks.c **** 
 5975              		.loc 1 4006 24 is_stmt 0 view .LVU1693
 5976 003a E262     		str	r2, [r4, #44]
4010:Middlewares/Third_Party/FreeRTOS/Source/tasks.c **** 					{
 5977              		.loc 1 4010 6 is_stmt 1 view .LVU1694
4010:Middlewares/Third_Party/FreeRTOS/Source/tasks.c **** 					{
 5978              		.loc 1 4010 12 is_stmt 0 view .LVU1695
 5979 003c A369     		ldr	r3, [r4, #24]
4010:Middlewares/Third_Party/FreeRTOS/Source/tasks.c **** 					{
 5980              		.loc 1 4010 8 view .LVU1696
 5981 003e 002B     		cmp	r3, #0
 5982 0040 02DB     		blt	.L484
4012:Middlewares/Third_Party/FreeRTOS/Source/tasks.c **** 					}
 5983              		.loc 1 4012 7 is_stmt 1 view .LVU1697
 5984 0042 C2F13802 		rsb	r2, r2, #56
 5985              	.LVL415:
4012:Middlewares/Third_Party/FreeRTOS/Source/tasks.c **** 					}
 5986              		.loc 1 4012 7 is_stmt 0 view .LVU1698
 5987 0046 A261     		str	r2, [r4, #24]
 5988              	.L484:
4016:Middlewares/Third_Party/FreeRTOS/Source/tasks.c **** 					}
 5989              		.loc 1 4016 31 is_stmt 1 view .LVU1699
4025:Middlewares/Third_Party/FreeRTOS/Source/tasks.c **** 					{
 5990              		.loc 1 4025 6 view .LVU1700
4025:Middlewares/Third_Party/FreeRTOS/Source/tasks.c **** 					{
 5991              		.loc 1 4025 10 is_stmt 0 view .LVU1701
 5992 0048 6269     		ldr	r2, [r4, #20]
 5993 004a 01EB8101 		add	r1, r1, r1, lsl #2
 5994              	.LVL416:
4025:Middlewares/Third_Party/FreeRTOS/Source/tasks.c **** 					{
 5995              		.loc 1 4025 10 view .LVU1702
 5996 004e 124B     		ldr	r3, .L492+4
 5997 0050 03EB8103 		add	r3, r3, r1, lsl #2
4025:Middlewares/Third_Party/FreeRTOS/Source/tasks.c **** 					{
 5998              		.loc 1 4025 113 view .LVU1703
 5999 0054 9A42     		cmp	r2, r3
 6000 0056 EBD1     		bne	.L477
4027:Middlewares/Third_Party/FreeRTOS/Source/tasks.c **** 						{
 6001              		.loc 1 4027 7 is_stmt 1 view .LVU1704
4027:Middlewares/Third_Party/FreeRTOS/Source/tasks.c **** 						{
 6002              		.loc 1 4027 11 is_stmt 0 view .LVU1705
 6003 0058 251D     		adds	r5, r4, #4
 6004 005a 2846     		mov	r0, r5
 6005              	.LVL417:
4027:Middlewares/Third_Party/FreeRTOS/Source/tasks.c **** 						{
ARM GAS  /tmp/ccshf83P.s 			page 225


 6006              		.loc 1 4027 11 view .LVU1706
 6007 005c FFF7FEFF 		bl	uxListRemove
 6008              	.LVL418:
4029:Middlewares/Third_Party/FreeRTOS/Source/tasks.c **** 						}
 6009              		.loc 1 4029 53 is_stmt 1 view .LVU1707
4033:Middlewares/Third_Party/FreeRTOS/Source/tasks.c **** 						}
 6010              		.loc 1 4033 32 view .LVU1708
4036:Middlewares/Third_Party/FreeRTOS/Source/tasks.c **** 					}
 6011              		.loc 1 4036 7 view .LVU1709
4036:Middlewares/Third_Party/FreeRTOS/Source/tasks.c **** 					}
 6012              		.loc 1 4036 7 view .LVU1710
 6013 0060 E06A     		ldr	r0, [r4, #44]
 6014 0062 0E4B     		ldr	r3, .L492+8
 6015 0064 1B68     		ldr	r3, [r3]
 6016 0066 9842     		cmp	r0, r3
 6017 0068 01D9     		bls	.L485
4036:Middlewares/Third_Party/FreeRTOS/Source/tasks.c **** 					}
 6018              		.loc 1 4036 7 discriminator 1 view .LVU1711
 6019 006a 0C4B     		ldr	r3, .L492+8
 6020 006c 1860     		str	r0, [r3]
 6021              	.L485:
4036:Middlewares/Third_Party/FreeRTOS/Source/tasks.c **** 					}
 6022              		.loc 1 4036 7 discriminator 3 view .LVU1712
4036:Middlewares/Third_Party/FreeRTOS/Source/tasks.c **** 					}
 6023              		.loc 1 4036 7 discriminator 3 view .LVU1713
 6024 006e 00EB8000 		add	r0, r0, r0, lsl #2
 6025 0072 2946     		mov	r1, r5
 6026 0074 084B     		ldr	r3, .L492+4
 6027 0076 03EB8000 		add	r0, r3, r0, lsl #2
 6028 007a FFF7FEFF 		bl	vListInsertEnd
 6029              	.LVL419:
4036:Middlewares/Third_Party/FreeRTOS/Source/tasks.c **** 					}
 6030              		.loc 1 4036 37 discriminator 1 view .LVU1714
4055:Middlewares/Third_Party/FreeRTOS/Source/tasks.c **** 		}
 6031              		.loc 1 4055 28 view .LVU1715
4057:Middlewares/Third_Party/FreeRTOS/Source/tasks.c **** 
 6032              		.loc 1 4057 2 is_stmt 0 view .LVU1716
 6033 007e D7E7     		b	.L477
 6034              	.LVL420:
 6035              	.L491:
3999:Middlewares/Third_Party/FreeRTOS/Source/tasks.c **** 
 6036              		.loc 1 3999 6 is_stmt 1 discriminator 1 view .LVU1717
 6037              	.LBB219:
 6038              	.LBI219:
 191:Middlewares/Third_Party/FreeRTOS/Source/portable/GCC/ARM_CM3/portmacro.h **** {
 6039              		.loc 2 191 30 view .LVU1718
 6040              	.LBB220:
 193:Middlewares/Third_Party/FreeRTOS/Source/portable/GCC/ARM_CM3/portmacro.h **** 
 6041              		.loc 2 193 1 view .LVU1719
 195:Middlewares/Third_Party/FreeRTOS/Source/portable/GCC/ARM_CM3/portmacro.h **** 	(
 6042              		.loc 2 195 2 view .LVU1720
 6043              		.syntax unified
 6044              	@ 195 "Middlewares/Third_Party/FreeRTOS/Source/portable/GCC/ARM_CM3/portmacro.h" 1
 6045 0080 4FF05003 			mov r3, #80												
 6046 0084 83F31188 		msr basepri, r3											
 6047 0088 BFF36F8F 		isb														
 6048 008c BFF34F8F 		dsb														
ARM GAS  /tmp/ccshf83P.s 			page 226


 6049              	
 6050              	@ 0 "" 2
 6051              		.thumb
 6052              		.syntax unified
 6053              	.L483:
 6054              	.LBE220:
 6055              	.LBE219:
3999:Middlewares/Third_Party/FreeRTOS/Source/tasks.c **** 
 6056              		.loc 1 3999 6 discriminator 3 view .LVU1721
3999:Middlewares/Third_Party/FreeRTOS/Source/tasks.c **** 
 6057              		.loc 1 3999 6 discriminator 3 view .LVU1722
 6058 0090 FEE7     		b	.L483
 6059              	.LVL421:
 6060              	.L487:
 6061              		.cfi_def_cfa_offset 0
 6062              		.cfi_restore 3
 6063              		.cfi_restore 4
 6064              		.cfi_restore 5
 6065              		.cfi_restore 14
3999:Middlewares/Third_Party/FreeRTOS/Source/tasks.c **** 
 6066              		.loc 1 3999 6 is_stmt 0 discriminator 3 view .LVU1723
 6067 0092 7047     		bx	lr
 6068              	.L493:
 6069              		.align	2
 6070              	.L492:
 6071 0094 00000000 		.word	pxCurrentTCB
 6072 0098 00000000 		.word	pxReadyTasksLists
 6073 009c 00000000 		.word	uxTopReadyPriority
 6074              		.cfi_endproc
 6075              	.LFE54:
 6077              		.section	.text.uxTaskResetEventItemValue,"ax",%progbits
 6078              		.align	1
 6079              		.global	uxTaskResetEventItemValue
 6080              		.syntax unified
 6081              		.thumb
 6082              		.thumb_func
 6084              	uxTaskResetEventItemValue:
 6085              	.LFB55:
4377:Middlewares/Third_Party/FreeRTOS/Source/tasks.c **** TickType_t uxReturn;
 6086              		.loc 1 4377 1 is_stmt 1 view -0
 6087              		.cfi_startproc
 6088              		@ args = 0, pretend = 0, frame = 0
 6089              		@ frame_needed = 0, uses_anonymous_args = 0
 6090              		@ link register save eliminated.
4378:Middlewares/Third_Party/FreeRTOS/Source/tasks.c **** 
 6091              		.loc 1 4378 1 view .LVU1725
4380:Middlewares/Third_Party/FreeRTOS/Source/tasks.c **** 
 6092              		.loc 1 4380 2 view .LVU1726
4380:Middlewares/Third_Party/FreeRTOS/Source/tasks.c **** 
 6093              		.loc 1 4380 13 is_stmt 0 view .LVU1727
 6094 0000 044A     		ldr	r2, .L495
 6095 0002 1368     		ldr	r3, [r2]
4380:Middlewares/Third_Party/FreeRTOS/Source/tasks.c **** 
 6096              		.loc 1 4380 11 view .LVU1728
 6097 0004 9869     		ldr	r0, [r3, #24]
 6098              	.LVL422:
4384:Middlewares/Third_Party/FreeRTOS/Source/tasks.c **** 
ARM GAS  /tmp/ccshf83P.s 			page 227


 6099              		.loc 1 4384 2 is_stmt 1 view .LVU1729
 6100 0006 1368     		ldr	r3, [r2]
 6101 0008 DB6A     		ldr	r3, [r3, #44]
 6102 000a 1268     		ldr	r2, [r2]
 6103 000c C3F13803 		rsb	r3, r3, #56
 6104 0010 9361     		str	r3, [r2, #24]
4386:Middlewares/Third_Party/FreeRTOS/Source/tasks.c **** }
 6105              		.loc 1 4386 2 view .LVU1730
4387:Middlewares/Third_Party/FreeRTOS/Source/tasks.c **** /*-----------------------------------------------------------*/
 6106              		.loc 1 4387 1 is_stmt 0 view .LVU1731
 6107 0012 7047     		bx	lr
 6108              	.L496:
 6109              		.align	2
 6110              	.L495:
 6111 0014 00000000 		.word	pxCurrentTCB
 6112              		.cfi_endproc
 6113              	.LFE55:
 6115              		.section	.text.pvTaskIncrementMutexHeldCount,"ax",%progbits
 6116              		.align	1
 6117              		.global	pvTaskIncrementMutexHeldCount
 6118              		.syntax unified
 6119              		.thumb
 6120              		.thumb_func
 6122              	pvTaskIncrementMutexHeldCount:
 6123              	.LFB56:
4393:Middlewares/Third_Party/FreeRTOS/Source/tasks.c **** 		/* If xSemaphoreCreateMutex() is called before any tasks have been created
 6124              		.loc 1 4393 2 is_stmt 1 view -0
 6125              		.cfi_startproc
 6126              		@ args = 0, pretend = 0, frame = 0
 6127              		@ frame_needed = 0, uses_anonymous_args = 0
 6128              		@ link register save eliminated.
4396:Middlewares/Third_Party/FreeRTOS/Source/tasks.c **** 		{
 6129              		.loc 1 4396 3 view .LVU1733
4396:Middlewares/Third_Party/FreeRTOS/Source/tasks.c **** 		{
 6130              		.loc 1 4396 20 is_stmt 0 view .LVU1734
 6131 0000 054B     		ldr	r3, .L499
 6132 0002 1B68     		ldr	r3, [r3]
4396:Middlewares/Third_Party/FreeRTOS/Source/tasks.c **** 		{
 6133              		.loc 1 4396 5 view .LVU1735
 6134 0004 23B1     		cbz	r3, .L498
4398:Middlewares/Third_Party/FreeRTOS/Source/tasks.c **** 		}
 6135              		.loc 1 4398 4 is_stmt 1 view .LVU1736
4398:Middlewares/Third_Party/FreeRTOS/Source/tasks.c **** 		}
 6136              		.loc 1 4398 18 is_stmt 0 view .LVU1737
 6137 0006 044B     		ldr	r3, .L499
 6138 0008 1A68     		ldr	r2, [r3]
 6139 000a 136D     		ldr	r3, [r2, #80]
4398:Middlewares/Third_Party/FreeRTOS/Source/tasks.c **** 		}
 6140              		.loc 1 4398 35 view .LVU1738
 6141 000c 0133     		adds	r3, r3, #1
 6142 000e 1365     		str	r3, [r2, #80]
 6143              	.L498:
4401:Middlewares/Third_Party/FreeRTOS/Source/tasks.c **** 	}
 6144              		.loc 1 4401 3 is_stmt 1 view .LVU1739
4401:Middlewares/Third_Party/FreeRTOS/Source/tasks.c **** 	}
 6145              		.loc 1 4401 10 is_stmt 0 view .LVU1740
 6146 0010 014B     		ldr	r3, .L499
ARM GAS  /tmp/ccshf83P.s 			page 228


 6147 0012 1868     		ldr	r0, [r3]
4402:Middlewares/Third_Party/FreeRTOS/Source/tasks.c **** 
 6148              		.loc 1 4402 2 view .LVU1741
 6149 0014 7047     		bx	lr
 6150              	.L500:
 6151 0016 00BF     		.align	2
 6152              	.L499:
 6153 0018 00000000 		.word	pxCurrentTCB
 6154              		.cfi_endproc
 6155              	.LFE56:
 6157              		.section	.text.ulTaskNotifyTake,"ax",%progbits
 6158              		.align	1
 6159              		.global	ulTaskNotifyTake
 6160              		.syntax unified
 6161              		.thumb
 6162              		.thumb_func
 6164              	ulTaskNotifyTake:
 6165              	.LVL423:
 6166              	.LFB57:
4410:Middlewares/Third_Party/FreeRTOS/Source/tasks.c **** 	uint32_t ulReturn;
 6167              		.loc 1 4410 2 is_stmt 1 view -0
 6168              		.cfi_startproc
 6169              		@ args = 0, pretend = 0, frame = 0
 6170              		@ frame_needed = 0, uses_anonymous_args = 0
4410:Middlewares/Third_Party/FreeRTOS/Source/tasks.c **** 	uint32_t ulReturn;
 6171              		.loc 1 4410 2 is_stmt 0 view .LVU1743
 6172 0000 38B5     		push	{r3, r4, r5, lr}
 6173              		.cfi_def_cfa_offset 16
 6174              		.cfi_offset 3, -16
 6175              		.cfi_offset 4, -12
 6176              		.cfi_offset 5, -8
 6177              		.cfi_offset 14, -4
 6178 0002 0546     		mov	r5, r0
 6179 0004 0C46     		mov	r4, r1
4411:Middlewares/Third_Party/FreeRTOS/Source/tasks.c **** 
 6180              		.loc 1 4411 2 is_stmt 1 view .LVU1744
4413:Middlewares/Third_Party/FreeRTOS/Source/tasks.c **** 		{
 6181              		.loc 1 4413 3 view .LVU1745
 6182 0006 FFF7FEFF 		bl	vPortEnterCritical
 6183              	.LVL424:
4416:Middlewares/Third_Party/FreeRTOS/Source/tasks.c **** 			{
 6184              		.loc 1 4416 4 view .LVU1746
4416:Middlewares/Third_Party/FreeRTOS/Source/tasks.c **** 			{
 6185              		.loc 1 4416 20 is_stmt 0 view .LVU1747
 6186 000a 1C4B     		ldr	r3, .L507
 6187 000c 1B68     		ldr	r3, [r3]
 6188 000e D3F87831 		ldr	r3, [r3, #376]
4416:Middlewares/Third_Party/FreeRTOS/Source/tasks.c **** 			{
 6189              		.loc 1 4416 6 view .LVU1748
 6190 0012 2BB9     		cbnz	r3, .L502
4419:Middlewares/Third_Party/FreeRTOS/Source/tasks.c **** 
 6191              		.loc 1 4419 5 is_stmt 1 view .LVU1749
4419:Middlewares/Third_Party/FreeRTOS/Source/tasks.c **** 
 6192              		.loc 1 4419 17 is_stmt 0 view .LVU1750
 6193 0014 194B     		ldr	r3, .L507
 6194 0016 1B68     		ldr	r3, [r3]
4419:Middlewares/Third_Party/FreeRTOS/Source/tasks.c **** 
ARM GAS  /tmp/ccshf83P.s 			page 229


 6195              		.loc 1 4419 33 view .LVU1751
 6196 0018 0122     		movs	r2, #1
 6197 001a 83F87C21 		strb	r2, [r3, #380]
4421:Middlewares/Third_Party/FreeRTOS/Source/tasks.c **** 				{
 6198              		.loc 1 4421 5 is_stmt 1 view .LVU1752
4421:Middlewares/Third_Party/FreeRTOS/Source/tasks.c **** 				{
 6199              		.loc 1 4421 7 is_stmt 0 view .LVU1753
 6200 001e BCB9     		cbnz	r4, .L506
 6201              	.L502:
4439:Middlewares/Third_Party/FreeRTOS/Source/tasks.c **** 			}
 6202              		.loc 1 4439 29 is_stmt 1 view .LVU1754
4442:Middlewares/Third_Party/FreeRTOS/Source/tasks.c **** 
 6203              		.loc 1 4442 3 view .LVU1755
 6204 0020 FFF7FEFF 		bl	vPortExitCritical
 6205              	.LVL425:
4444:Middlewares/Third_Party/FreeRTOS/Source/tasks.c **** 		{
 6206              		.loc 1 4444 3 view .LVU1756
 6207 0024 FFF7FEFF 		bl	vPortEnterCritical
 6208              	.LVL426:
4446:Middlewares/Third_Party/FreeRTOS/Source/tasks.c **** 			ulReturn = pxCurrentTCB->ulNotifiedValue;
 6209              		.loc 1 4446 27 view .LVU1757
4447:Middlewares/Third_Party/FreeRTOS/Source/tasks.c **** 
 6210              		.loc 1 4447 4 view .LVU1758
4447:Middlewares/Third_Party/FreeRTOS/Source/tasks.c **** 
 6211              		.loc 1 4447 27 is_stmt 0 view .LVU1759
 6212 0028 144B     		ldr	r3, .L507
 6213 002a 1B68     		ldr	r3, [r3]
4447:Middlewares/Third_Party/FreeRTOS/Source/tasks.c **** 
 6214              		.loc 1 4447 13 view .LVU1760
 6215 002c D3F87841 		ldr	r4, [r3, #376]
 6216              	.LVL427:
4449:Middlewares/Third_Party/FreeRTOS/Source/tasks.c **** 			{
 6217              		.loc 1 4449 4 is_stmt 1 view .LVU1761
4449:Middlewares/Third_Party/FreeRTOS/Source/tasks.c **** 			{
 6218              		.loc 1 4449 6 is_stmt 0 view .LVU1762
 6219 0030 2CB1     		cbz	r4, .L503
4451:Middlewares/Third_Party/FreeRTOS/Source/tasks.c **** 				{
 6220              		.loc 1 4451 5 is_stmt 1 view .LVU1763
4451:Middlewares/Third_Party/FreeRTOS/Source/tasks.c **** 				{
 6221              		.loc 1 4451 7 is_stmt 0 view .LVU1764
 6222 0032 E5B1     		cbz	r5, .L504
4453:Middlewares/Third_Party/FreeRTOS/Source/tasks.c **** 				}
 6223              		.loc 1 4453 6 is_stmt 1 view .LVU1765
4453:Middlewares/Third_Party/FreeRTOS/Source/tasks.c **** 				}
 6224              		.loc 1 4453 18 is_stmt 0 view .LVU1766
 6225 0034 114B     		ldr	r3, .L507
 6226 0036 1B68     		ldr	r3, [r3]
4453:Middlewares/Third_Party/FreeRTOS/Source/tasks.c **** 				}
 6227              		.loc 1 4453 36 view .LVU1767
 6228 0038 0022     		movs	r2, #0
 6229 003a C3F87821 		str	r2, [r3, #376]
 6230              	.L503:
4462:Middlewares/Third_Party/FreeRTOS/Source/tasks.c **** 			}
 6231              		.loc 1 4462 29 is_stmt 1 view .LVU1768
4465:Middlewares/Third_Party/FreeRTOS/Source/tasks.c **** 		}
 6232              		.loc 1 4465 4 view .LVU1769
4465:Middlewares/Third_Party/FreeRTOS/Source/tasks.c **** 		}
ARM GAS  /tmp/ccshf83P.s 			page 230


 6233              		.loc 1 4465 16 is_stmt 0 view .LVU1770
 6234 003e 0F4B     		ldr	r3, .L507
 6235 0040 1B68     		ldr	r3, [r3]
4465:Middlewares/Third_Party/FreeRTOS/Source/tasks.c **** 		}
 6236              		.loc 1 4465 32 view .LVU1771
 6237 0042 0022     		movs	r2, #0
 6238 0044 83F87C21 		strb	r2, [r3, #380]
4467:Middlewares/Third_Party/FreeRTOS/Source/tasks.c **** 
 6239              		.loc 1 4467 3 is_stmt 1 view .LVU1772
 6240 0048 FFF7FEFF 		bl	vPortExitCritical
 6241              	.LVL428:
4469:Middlewares/Third_Party/FreeRTOS/Source/tasks.c **** 	}
 6242              		.loc 1 4469 3 view .LVU1773
4470:Middlewares/Third_Party/FreeRTOS/Source/tasks.c **** 
 6243              		.loc 1 4470 2 is_stmt 0 view .LVU1774
 6244 004c 2046     		mov	r0, r4
 6245 004e 38BD     		pop	{r3, r4, r5, pc}
 6246              	.LVL429:
 6247              	.L506:
4423:Middlewares/Third_Party/FreeRTOS/Source/tasks.c **** 					traceTASK_NOTIFY_TAKE_BLOCK();
 6248              		.loc 1 4423 6 is_stmt 1 view .LVU1775
 6249 0050 1146     		mov	r1, r2
 6250 0052 2046     		mov	r0, r4
 6251 0054 FFF7FEFF 		bl	prvAddCurrentTaskToDelayedList
 6252              	.LVL430:
4424:Middlewares/Third_Party/FreeRTOS/Source/tasks.c **** 
 6253              		.loc 1 4424 35 view .LVU1776
4430:Middlewares/Third_Party/FreeRTOS/Source/tasks.c **** 				}
 6254              		.loc 1 4430 6 view .LVU1777
 6255 0058 4FF0E023 		mov	r3, #-536813568
 6256 005c 4FF08052 		mov	r2, #268435456
 6257 0060 C3F8042D 		str	r2, [r3, #3332]
4430:Middlewares/Third_Party/FreeRTOS/Source/tasks.c **** 				}
 6258              		.loc 1 4430 6 view .LVU1778
 6259              		.syntax unified
 6260              	@ 4430 "Middlewares/Third_Party/FreeRTOS/Source/tasks.c" 1
 6261 0064 BFF34F8F 		dsb
 6262              	@ 0 "" 2
4430:Middlewares/Third_Party/FreeRTOS/Source/tasks.c **** 				}
 6263              		.loc 1 4430 6 view .LVU1779
 6264              	@ 4430 "Middlewares/Third_Party/FreeRTOS/Source/tasks.c" 1
 6265 0068 BFF36F8F 		isb
 6266              	@ 0 "" 2
4430:Middlewares/Third_Party/FreeRTOS/Source/tasks.c **** 				}
 6267              		.loc 1 4430 28 view .LVU1780
 6268              		.thumb
 6269              		.syntax unified
 6270 006c D8E7     		b	.L502
 6271              	.LVL431:
 6272              	.L504:
4457:Middlewares/Third_Party/FreeRTOS/Source/tasks.c **** 				}
 6273              		.loc 1 4457 6 view .LVU1781
4457:Middlewares/Third_Party/FreeRTOS/Source/tasks.c **** 				}
 6274              		.loc 1 4457 18 is_stmt 0 view .LVU1782
 6275 006e 034B     		ldr	r3, .L507
 6276 0070 1B68     		ldr	r3, [r3]
4457:Middlewares/Third_Party/FreeRTOS/Source/tasks.c **** 				}
ARM GAS  /tmp/ccshf83P.s 			page 231


 6277              		.loc 1 4457 47 view .LVU1783
 6278 0072 621E     		subs	r2, r4, #1
4457:Middlewares/Third_Party/FreeRTOS/Source/tasks.c **** 				}
 6279              		.loc 1 4457 36 view .LVU1784
 6280 0074 C3F87821 		str	r2, [r3, #376]
 6281 0078 E1E7     		b	.L503
 6282              	.L508:
 6283 007a 00BF     		.align	2
 6284              	.L507:
 6285 007c 00000000 		.word	pxCurrentTCB
 6286              		.cfi_endproc
 6287              	.LFE57:
 6289              		.section	.text.xTaskNotifyWait,"ax",%progbits
 6290              		.align	1
 6291              		.global	xTaskNotifyWait
 6292              		.syntax unified
 6293              		.thumb
 6294              		.thumb_func
 6296              	xTaskNotifyWait:
 6297              	.LVL432:
 6298              	.LFB58:
4478:Middlewares/Third_Party/FreeRTOS/Source/tasks.c **** 	BaseType_t xReturn;
 6299              		.loc 1 4478 2 is_stmt 1 view -0
 6300              		.cfi_startproc
 6301              		@ args = 0, pretend = 0, frame = 0
 6302              		@ frame_needed = 0, uses_anonymous_args = 0
4478:Middlewares/Third_Party/FreeRTOS/Source/tasks.c **** 	BaseType_t xReturn;
 6303              		.loc 1 4478 2 is_stmt 0 view .LVU1786
 6304 0000 F8B5     		push	{r3, r4, r5, r6, r7, lr}
 6305              		.cfi_def_cfa_offset 24
 6306              		.cfi_offset 3, -24
 6307              		.cfi_offset 4, -20
 6308              		.cfi_offset 5, -16
 6309              		.cfi_offset 6, -12
 6310              		.cfi_offset 7, -8
 6311              		.cfi_offset 14, -4
 6312 0002 0646     		mov	r6, r0
 6313 0004 0F46     		mov	r7, r1
 6314 0006 1446     		mov	r4, r2
 6315 0008 1D46     		mov	r5, r3
4479:Middlewares/Third_Party/FreeRTOS/Source/tasks.c **** 
 6316              		.loc 1 4479 2 is_stmt 1 view .LVU1787
4481:Middlewares/Third_Party/FreeRTOS/Source/tasks.c **** 		{
 6317              		.loc 1 4481 3 view .LVU1788
 6318 000a FFF7FEFF 		bl	vPortEnterCritical
 6319              	.LVL433:
4484:Middlewares/Third_Party/FreeRTOS/Source/tasks.c **** 			{
 6320              		.loc 1 4484 4 view .LVU1789
4484:Middlewares/Third_Party/FreeRTOS/Source/tasks.c **** 			{
 6321              		.loc 1 4484 20 is_stmt 0 view .LVU1790
 6322 000e 244B     		ldr	r3, .L517
 6323 0010 1B68     		ldr	r3, [r3]
 6324 0012 93F87C21 		ldrb	r2, [r3, #380]	@ zero_extendqisi2
 6325 0016 D2B2     		uxtb	r2, r2
4484:Middlewares/Third_Party/FreeRTOS/Source/tasks.c **** 			{
 6326              		.loc 1 4484 6 view .LVU1791
 6327 0018 022A     		cmp	r2, #2
ARM GAS  /tmp/ccshf83P.s 			page 232


 6328 001a 0CD0     		beq	.L510
4489:Middlewares/Third_Party/FreeRTOS/Source/tasks.c **** 
 6329              		.loc 1 4489 5 is_stmt 1 view .LVU1792
4489:Middlewares/Third_Party/FreeRTOS/Source/tasks.c **** 
 6330              		.loc 1 4489 17 is_stmt 0 view .LVU1793
 6331 001c 204A     		ldr	r2, .L517
 6332 001e 1168     		ldr	r1, [r2]
 6333 0020 D1F87831 		ldr	r3, [r1, #376]
4489:Middlewares/Third_Party/FreeRTOS/Source/tasks.c **** 
 6334              		.loc 1 4489 35 view .LVU1794
 6335 0024 23EA0603 		bic	r3, r3, r6
 6336 0028 C1F87831 		str	r3, [r1, #376]
4492:Middlewares/Third_Party/FreeRTOS/Source/tasks.c **** 
 6337              		.loc 1 4492 5 is_stmt 1 view .LVU1795
4492:Middlewares/Third_Party/FreeRTOS/Source/tasks.c **** 
 6338              		.loc 1 4492 17 is_stmt 0 view .LVU1796
 6339 002c 1368     		ldr	r3, [r2]
4492:Middlewares/Third_Party/FreeRTOS/Source/tasks.c **** 
 6340              		.loc 1 4492 33 view .LVU1797
 6341 002e 0122     		movs	r2, #1
 6342 0030 83F87C21 		strb	r2, [r3, #380]
4494:Middlewares/Third_Party/FreeRTOS/Source/tasks.c **** 				{
 6343              		.loc 1 4494 5 is_stmt 1 view .LVU1798
4494:Middlewares/Third_Party/FreeRTOS/Source/tasks.c **** 				{
 6344              		.loc 1 4494 7 is_stmt 0 view .LVU1799
 6345 0034 D5B9     		cbnz	r5, .L515
 6346              	.L510:
4512:Middlewares/Third_Party/FreeRTOS/Source/tasks.c **** 			}
 6347              		.loc 1 4512 29 is_stmt 1 view .LVU1800
4515:Middlewares/Third_Party/FreeRTOS/Source/tasks.c **** 
 6348              		.loc 1 4515 3 view .LVU1801
 6349 0036 FFF7FEFF 		bl	vPortExitCritical
 6350              	.LVL434:
4517:Middlewares/Third_Party/FreeRTOS/Source/tasks.c **** 		{
 6351              		.loc 1 4517 3 view .LVU1802
 6352 003a FFF7FEFF 		bl	vPortEnterCritical
 6353              	.LVL435:
4519:Middlewares/Third_Party/FreeRTOS/Source/tasks.c **** 
 6354              		.loc 1 4519 27 view .LVU1803
4521:Middlewares/Third_Party/FreeRTOS/Source/tasks.c **** 			{
 6355              		.loc 1 4521 4 view .LVU1804
4521:Middlewares/Third_Party/FreeRTOS/Source/tasks.c **** 			{
 6356              		.loc 1 4521 6 is_stmt 0 view .LVU1805
 6357 003e 24B1     		cbz	r4, .L511
4525:Middlewares/Third_Party/FreeRTOS/Source/tasks.c **** 			}
 6358              		.loc 1 4525 5 is_stmt 1 view .LVU1806
4525:Middlewares/Third_Party/FreeRTOS/Source/tasks.c **** 			}
 6359              		.loc 1 4525 41 is_stmt 0 view .LVU1807
 6360 0040 174B     		ldr	r3, .L517
 6361 0042 1B68     		ldr	r3, [r3]
 6362 0044 D3F87831 		ldr	r3, [r3, #376]
4525:Middlewares/Third_Party/FreeRTOS/Source/tasks.c **** 			}
 6363              		.loc 1 4525 27 view .LVU1808
 6364 0048 2360     		str	r3, [r4]
 6365              	.L511:
4532:Middlewares/Third_Party/FreeRTOS/Source/tasks.c **** 			{
 6366              		.loc 1 4532 4 is_stmt 1 view .LVU1809
ARM GAS  /tmp/ccshf83P.s 			page 233


4532:Middlewares/Third_Party/FreeRTOS/Source/tasks.c **** 			{
 6367              		.loc 1 4532 20 is_stmt 0 view .LVU1810
 6368 004a 154B     		ldr	r3, .L517
 6369 004c 1B68     		ldr	r3, [r3]
 6370 004e 93F87C31 		ldrb	r3, [r3, #380]	@ zero_extendqisi2
 6371 0052 DBB2     		uxtb	r3, r3
4532:Middlewares/Third_Party/FreeRTOS/Source/tasks.c **** 			{
 6372              		.loc 1 4532 6 view .LVU1811
 6373 0054 022B     		cmp	r3, #2
 6374 0056 18D0     		beq	.L516
4535:Middlewares/Third_Party/FreeRTOS/Source/tasks.c **** 			}
 6375              		.loc 1 4535 13 view .LVU1812
 6376 0058 0024     		movs	r4, #0
 6377              	.LVL436:
 6378              	.L512:
4545:Middlewares/Third_Party/FreeRTOS/Source/tasks.c **** 		}
 6379              		.loc 1 4545 4 is_stmt 1 view .LVU1813
4545:Middlewares/Third_Party/FreeRTOS/Source/tasks.c **** 		}
 6380              		.loc 1 4545 16 is_stmt 0 view .LVU1814
 6381 005a 114B     		ldr	r3, .L517
 6382 005c 1B68     		ldr	r3, [r3]
4545:Middlewares/Third_Party/FreeRTOS/Source/tasks.c **** 		}
 6383              		.loc 1 4545 32 view .LVU1815
 6384 005e 0022     		movs	r2, #0
 6385 0060 83F87C21 		strb	r2, [r3, #380]
4547:Middlewares/Third_Party/FreeRTOS/Source/tasks.c **** 
 6386              		.loc 1 4547 3 is_stmt 1 view .LVU1816
 6387 0064 FFF7FEFF 		bl	vPortExitCritical
 6388              	.LVL437:
4549:Middlewares/Third_Party/FreeRTOS/Source/tasks.c **** 	}
 6389              		.loc 1 4549 3 view .LVU1817
4550:Middlewares/Third_Party/FreeRTOS/Source/tasks.c **** 
 6390              		.loc 1 4550 2 is_stmt 0 view .LVU1818
 6391 0068 2046     		mov	r0, r4
 6392 006a F8BD     		pop	{r3, r4, r5, r6, r7, pc}
 6393              	.LVL438:
 6394              	.L515:
4496:Middlewares/Third_Party/FreeRTOS/Source/tasks.c **** 					traceTASK_NOTIFY_WAIT_BLOCK();
 6395              		.loc 1 4496 6 is_stmt 1 view .LVU1819
 6396 006c 1146     		mov	r1, r2
 6397 006e 2846     		mov	r0, r5
 6398 0070 FFF7FEFF 		bl	prvAddCurrentTaskToDelayedList
 6399              	.LVL439:
4497:Middlewares/Third_Party/FreeRTOS/Source/tasks.c **** 
 6400              		.loc 1 4497 35 view .LVU1820
4503:Middlewares/Third_Party/FreeRTOS/Source/tasks.c **** 				}
 6401              		.loc 1 4503 6 view .LVU1821
 6402 0074 4FF0E023 		mov	r3, #-536813568
 6403 0078 4FF08052 		mov	r2, #268435456
 6404 007c C3F8042D 		str	r2, [r3, #3332]
4503:Middlewares/Third_Party/FreeRTOS/Source/tasks.c **** 				}
 6405              		.loc 1 4503 6 view .LVU1822
 6406              		.syntax unified
 6407              	@ 4503 "Middlewares/Third_Party/FreeRTOS/Source/tasks.c" 1
 6408 0080 BFF34F8F 		dsb
 6409              	@ 0 "" 2
4503:Middlewares/Third_Party/FreeRTOS/Source/tasks.c **** 				}
ARM GAS  /tmp/ccshf83P.s 			page 234


 6410              		.loc 1 4503 6 view .LVU1823
 6411              	@ 4503 "Middlewares/Third_Party/FreeRTOS/Source/tasks.c" 1
 6412 0084 BFF36F8F 		isb
 6413              	@ 0 "" 2
4503:Middlewares/Third_Party/FreeRTOS/Source/tasks.c **** 				}
 6414              		.loc 1 4503 28 view .LVU1824
 6415              		.thumb
 6416              		.syntax unified
 6417 0088 D5E7     		b	.L510
 6418              	.L516:
4541:Middlewares/Third_Party/FreeRTOS/Source/tasks.c **** 				xReturn = pdTRUE;
 6419              		.loc 1 4541 5 view .LVU1825
4541:Middlewares/Third_Party/FreeRTOS/Source/tasks.c **** 				xReturn = pdTRUE;
 6420              		.loc 1 4541 17 is_stmt 0 view .LVU1826
 6421 008a 054B     		ldr	r3, .L517
 6422 008c 1A68     		ldr	r2, [r3]
 6423 008e D2F87831 		ldr	r3, [r2, #376]
4541:Middlewares/Third_Party/FreeRTOS/Source/tasks.c **** 				xReturn = pdTRUE;
 6424              		.loc 1 4541 35 view .LVU1827
 6425 0092 23EA0703 		bic	r3, r3, r7
 6426 0096 C2F87831 		str	r3, [r2, #376]
4542:Middlewares/Third_Party/FreeRTOS/Source/tasks.c **** 			}
 6427              		.loc 1 4542 5 is_stmt 1 view .LVU1828
 6428              	.LVL440:
4542:Middlewares/Third_Party/FreeRTOS/Source/tasks.c **** 			}
 6429              		.loc 1 4542 13 is_stmt 0 view .LVU1829
 6430 009a 0124     		movs	r4, #1
 6431              	.LVL441:
4542:Middlewares/Third_Party/FreeRTOS/Source/tasks.c **** 			}
 6432              		.loc 1 4542 13 view .LVU1830
 6433 009c DDE7     		b	.L512
 6434              	.L518:
 6435 009e 00BF     		.align	2
 6436              	.L517:
 6437 00a0 00000000 		.word	pxCurrentTCB
 6438              		.cfi_endproc
 6439              	.LFE58:
 6441              		.section	.text.xTaskGenericNotify,"ax",%progbits
 6442              		.align	1
 6443              		.global	xTaskGenericNotify
 6444              		.syntax unified
 6445              		.thumb
 6446              		.thumb_func
 6448              	xTaskGenericNotify:
 6449              	.LVL442:
 6450              	.LFB59:
4558:Middlewares/Third_Party/FreeRTOS/Source/tasks.c **** 	TCB_t * pxTCB;
 6451              		.loc 1 4558 2 is_stmt 1 view -0
 6452              		.cfi_startproc
 6453              		@ args = 0, pretend = 0, frame = 0
 6454              		@ frame_needed = 0, uses_anonymous_args = 0
4558:Middlewares/Third_Party/FreeRTOS/Source/tasks.c **** 	TCB_t * pxTCB;
 6455              		.loc 1 4558 2 is_stmt 0 view .LVU1832
 6456 0000 F8B5     		push	{r3, r4, r5, r6, r7, lr}
 6457              		.cfi_def_cfa_offset 24
 6458              		.cfi_offset 3, -24
 6459              		.cfi_offset 4, -20
ARM GAS  /tmp/ccshf83P.s 			page 235


 6460              		.cfi_offset 5, -16
 6461              		.cfi_offset 6, -12
 6462              		.cfi_offset 7, -8
 6463              		.cfi_offset 14, -4
4559:Middlewares/Third_Party/FreeRTOS/Source/tasks.c **** 	BaseType_t xReturn = pdPASS;
 6464              		.loc 1 4559 2 is_stmt 1 view .LVU1833
4560:Middlewares/Third_Party/FreeRTOS/Source/tasks.c **** 	uint8_t ucOriginalNotifyState;
 6465              		.loc 1 4560 2 view .LVU1834
 6466              	.LVL443:
4561:Middlewares/Third_Party/FreeRTOS/Source/tasks.c **** 
 6467              		.loc 1 4561 2 view .LVU1835
4563:Middlewares/Third_Party/FreeRTOS/Source/tasks.c **** 		pxTCB = ( TCB_t * ) xTaskToNotify;
 6468              		.loc 1 4563 3 view .LVU1836
 6469 0002 B0B1     		cbz	r0, .L538
 6470 0004 0E46     		mov	r6, r1
 6471 0006 1746     		mov	r7, r2
 6472 0008 1C46     		mov	r4, r3
 6473 000a 0546     		mov	r5, r0
4563:Middlewares/Third_Party/FreeRTOS/Source/tasks.c **** 		pxTCB = ( TCB_t * ) xTaskToNotify;
 6474              		.loc 1 4563 32 discriminator 2 view .LVU1837
4564:Middlewares/Third_Party/FreeRTOS/Source/tasks.c **** 
 6475              		.loc 1 4564 3 view .LVU1838
 6476              	.LVL444:
4566:Middlewares/Third_Party/FreeRTOS/Source/tasks.c **** 		{
 6477              		.loc 1 4566 3 view .LVU1839
 6478 000c FFF7FEFF 		bl	vPortEnterCritical
 6479              	.LVL445:
4568:Middlewares/Third_Party/FreeRTOS/Source/tasks.c **** 			{
 6480              		.loc 1 4568 4 view .LVU1840
4568:Middlewares/Third_Party/FreeRTOS/Source/tasks.c **** 			{
 6481              		.loc 1 4568 6 is_stmt 0 view .LVU1841
 6482 0010 14B1     		cbz	r4, .L522
4570:Middlewares/Third_Party/FreeRTOS/Source/tasks.c **** 			}
 6483              		.loc 1 4570 5 is_stmt 1 view .LVU1842
4570:Middlewares/Third_Party/FreeRTOS/Source/tasks.c **** 			}
 6484              		.loc 1 4570 42 is_stmt 0 view .LVU1843
 6485 0012 D5F87831 		ldr	r3, [r5, #376]
4570:Middlewares/Third_Party/FreeRTOS/Source/tasks.c **** 			}
 6486              		.loc 1 4570 35 view .LVU1844
 6487 0016 2360     		str	r3, [r4]
 6488              	.L522:
4573:Middlewares/Third_Party/FreeRTOS/Source/tasks.c **** 
 6489              		.loc 1 4573 4 is_stmt 1 view .LVU1845
4573:Middlewares/Third_Party/FreeRTOS/Source/tasks.c **** 
 6490              		.loc 1 4573 26 is_stmt 0 view .LVU1846
 6491 0018 95F87C31 		ldrb	r3, [r5, #380]	@ zero_extendqisi2
 6492 001c DBB2     		uxtb	r3, r3
 6493              	.LVL446:
4575:Middlewares/Third_Party/FreeRTOS/Source/tasks.c **** 
 6494              		.loc 1 4575 4 is_stmt 1 view .LVU1847
4575:Middlewares/Third_Party/FreeRTOS/Source/tasks.c **** 
 6495              		.loc 1 4575 25 is_stmt 0 view .LVU1848
 6496 001e 0222     		movs	r2, #2
 6497 0020 85F87C21 		strb	r2, [r5, #380]
4577:Middlewares/Third_Party/FreeRTOS/Source/tasks.c **** 			{
 6498              		.loc 1 4577 4 is_stmt 1 view .LVU1849
 6499 0024 7A1E     		subs	r2, r7, #1
ARM GAS  /tmp/ccshf83P.s 			page 236


 6500 0026 032A     		cmp	r2, #3
 6501 0028 11D8     		bhi	.L523
 6502 002a DFE802F0 		tbb	[pc, r2]
 6503              	.L525:
 6504 002e 0B       		.byte	(.L528-.L525)/2
 6505 002f 17       		.byte	(.L527-.L525)/2
 6506 0030 1D       		.byte	(.L526-.L525)/2
 6507 0031 20       		.byte	(.L524-.L525)/2
 6508              	.LVL447:
 6509              		.p2align 1
 6510              	.L538:
4563:Middlewares/Third_Party/FreeRTOS/Source/tasks.c **** 		pxTCB = ( TCB_t * ) xTaskToNotify;
 6511              		.loc 1 4563 3 discriminator 1 view .LVU1850
 6512              	.LBB221:
 6513              	.LBI221:
 191:Middlewares/Third_Party/FreeRTOS/Source/portable/GCC/ARM_CM3/portmacro.h **** {
 6514              		.loc 2 191 30 view .LVU1851
 6515              	.LBB222:
 193:Middlewares/Third_Party/FreeRTOS/Source/portable/GCC/ARM_CM3/portmacro.h **** 
 6516              		.loc 2 193 1 view .LVU1852
 195:Middlewares/Third_Party/FreeRTOS/Source/portable/GCC/ARM_CM3/portmacro.h **** 	(
 6517              		.loc 2 195 2 view .LVU1853
 6518              		.syntax unified
 6519              	@ 195 "Middlewares/Third_Party/FreeRTOS/Source/portable/GCC/ARM_CM3/portmacro.h" 1
 6520 0032 4FF05003 			mov r3, #80												
 6521 0036 83F31188 		msr basepri, r3											
 6522 003a BFF36F8F 		isb														
 6523 003e BFF34F8F 		dsb														
 6524              	
 6525              	@ 0 "" 2
 6526              	.LVL448:
 6527              		.thumb
 6528              		.syntax unified
 6529              	.L521:
 195:Middlewares/Third_Party/FreeRTOS/Source/portable/GCC/ARM_CM3/portmacro.h **** 	(
 6530              		.loc 2 195 2 is_stmt 0 view .LVU1854
 6531              	.LBE222:
 6532              	.LBE221:
4563:Middlewares/Third_Party/FreeRTOS/Source/tasks.c **** 		pxTCB = ( TCB_t * ) xTaskToNotify;
 6533              		.loc 1 4563 3 is_stmt 1 discriminator 3 view .LVU1855
4563:Middlewares/Third_Party/FreeRTOS/Source/tasks.c **** 		pxTCB = ( TCB_t * ) xTaskToNotify;
 6534              		.loc 1 4563 3 discriminator 3 view .LVU1856
 6535 0042 FEE7     		b	.L521
 6536              	.LVL449:
 6537              	.L528:
4580:Middlewares/Third_Party/FreeRTOS/Source/tasks.c **** 					break;
 6538              		.loc 1 4580 6 view .LVU1857
4580:Middlewares/Third_Party/FreeRTOS/Source/tasks.c **** 					break;
 6539              		.loc 1 4580 11 is_stmt 0 view .LVU1858
 6540 0044 D5F87821 		ldr	r2, [r5, #376]
4580:Middlewares/Third_Party/FreeRTOS/Source/tasks.c **** 					break;
 6541              		.loc 1 4580 29 view .LVU1859
 6542 0048 3243     		orrs	r2, r2, r6
 6543 004a C5F87821 		str	r2, [r5, #376]
4581:Middlewares/Third_Party/FreeRTOS/Source/tasks.c **** 
 6544              		.loc 1 4581 6 is_stmt 1 view .LVU1860
 6545              	.L523:
ARM GAS  /tmp/ccshf83P.s 			page 237


4609:Middlewares/Third_Party/FreeRTOS/Source/tasks.c **** 
 6546              		.loc 1 4609 22 view .LVU1861
4613:Middlewares/Third_Party/FreeRTOS/Source/tasks.c **** 			{
 6547              		.loc 1 4613 4 view .LVU1862
4613:Middlewares/Third_Party/FreeRTOS/Source/tasks.c **** 			{
 6548              		.loc 1 4613 6 is_stmt 0 view .LVU1863
 6549 004e 012B     		cmp	r3, #1
 6550 0050 12D0     		beq	.L539
 6551 0052 0124     		movs	r4, #1
 6552              	.LVL450:
 6553              	.L529:
4650:Middlewares/Third_Party/FreeRTOS/Source/tasks.c **** 			}
 6554              		.loc 1 4650 29 is_stmt 1 view .LVU1864
4653:Middlewares/Third_Party/FreeRTOS/Source/tasks.c **** 
 6555              		.loc 1 4653 3 view .LVU1865
 6556 0054 FFF7FEFF 		bl	vPortExitCritical
 6557              	.LVL451:
4655:Middlewares/Third_Party/FreeRTOS/Source/tasks.c **** 	}
 6558              		.loc 1 4655 3 view .LVU1866
4656:Middlewares/Third_Party/FreeRTOS/Source/tasks.c **** 
 6559              		.loc 1 4656 2 is_stmt 0 view .LVU1867
 6560 0058 2046     		mov	r0, r4
 6561 005a F8BD     		pop	{r3, r4, r5, r6, r7, pc}
 6562              	.LVL452:
 6563              	.L527:
4584:Middlewares/Third_Party/FreeRTOS/Source/tasks.c **** 					break;
 6564              		.loc 1 4584 6 is_stmt 1 view .LVU1868
4584:Middlewares/Third_Party/FreeRTOS/Source/tasks.c **** 					break;
 6565              		.loc 1 4584 13 is_stmt 0 view .LVU1869
 6566 005c D5F87821 		ldr	r2, [r5, #376]
4584:Middlewares/Third_Party/FreeRTOS/Source/tasks.c **** 					break;
 6567              		.loc 1 4584 32 view .LVU1870
 6568 0060 0132     		adds	r2, r2, #1
 6569 0062 C5F87821 		str	r2, [r5, #376]
4585:Middlewares/Third_Party/FreeRTOS/Source/tasks.c **** 
 6570              		.loc 1 4585 6 is_stmt 1 view .LVU1871
 6571 0066 F2E7     		b	.L523
 6572              	.L526:
4588:Middlewares/Third_Party/FreeRTOS/Source/tasks.c **** 					break;
 6573              		.loc 1 4588 6 view .LVU1872
4588:Middlewares/Third_Party/FreeRTOS/Source/tasks.c **** 					break;
 6574              		.loc 1 4588 29 is_stmt 0 view .LVU1873
 6575 0068 C5F87861 		str	r6, [r5, #376]
4589:Middlewares/Third_Party/FreeRTOS/Source/tasks.c **** 
 6576              		.loc 1 4589 6 is_stmt 1 view .LVU1874
 6577 006c EFE7     		b	.L523
 6578              	.L524:
4592:Middlewares/Third_Party/FreeRTOS/Source/tasks.c **** 					{
 6579              		.loc 1 4592 6 view .LVU1875
4592:Middlewares/Third_Party/FreeRTOS/Source/tasks.c **** 					{
 6580              		.loc 1 4592 8 is_stmt 0 view .LVU1876
 6581 006e 022B     		cmp	r3, #2
 6582 0070 32D0     		beq	.L533
4594:Middlewares/Third_Party/FreeRTOS/Source/tasks.c **** 					}
 6583              		.loc 1 4594 7 is_stmt 1 view .LVU1877
4594:Middlewares/Third_Party/FreeRTOS/Source/tasks.c **** 					}
 6584              		.loc 1 4594 30 is_stmt 0 view .LVU1878
ARM GAS  /tmp/ccshf83P.s 			page 238


 6585 0072 C5F87861 		str	r6, [r5, #376]
 6586 0076 EAE7     		b	.L523
 6587              	.L539:
4615:Middlewares/Third_Party/FreeRTOS/Source/tasks.c **** 				prvAddTaskToReadyList( pxTCB );
 6588              		.loc 1 4615 5 is_stmt 1 view .LVU1879
4615:Middlewares/Third_Party/FreeRTOS/Source/tasks.c **** 				prvAddTaskToReadyList( pxTCB );
 6589              		.loc 1 4615 14 is_stmt 0 view .LVU1880
 6590 0078 2C1D     		adds	r4, r5, #4
 6591              	.LVL453:
4615:Middlewares/Third_Party/FreeRTOS/Source/tasks.c **** 				prvAddTaskToReadyList( pxTCB );
 6592              		.loc 1 4615 14 view .LVU1881
 6593 007a 2046     		mov	r0, r4
 6594 007c FFF7FEFF 		bl	uxListRemove
 6595              	.LVL454:
4616:Middlewares/Third_Party/FreeRTOS/Source/tasks.c **** 
 6596              		.loc 1 4616 5 is_stmt 1 view .LVU1882
4616:Middlewares/Third_Party/FreeRTOS/Source/tasks.c **** 
 6597              		.loc 1 4616 5 view .LVU1883
 6598 0080 E86A     		ldr	r0, [r5, #44]
 6599 0082 174B     		ldr	r3, .L540
 6600 0084 1B68     		ldr	r3, [r3]
 6601 0086 9842     		cmp	r0, r3
 6602 0088 01D9     		bls	.L530
4616:Middlewares/Third_Party/FreeRTOS/Source/tasks.c **** 
 6603              		.loc 1 4616 5 discriminator 1 view .LVU1884
 6604 008a 154B     		ldr	r3, .L540
 6605 008c 1860     		str	r0, [r3]
 6606              	.L530:
4616:Middlewares/Third_Party/FreeRTOS/Source/tasks.c **** 
 6607              		.loc 1 4616 5 discriminator 3 view .LVU1885
4616:Middlewares/Third_Party/FreeRTOS/Source/tasks.c **** 
 6608              		.loc 1 4616 5 discriminator 3 view .LVU1886
 6609 008e 00EB8000 		add	r0, r0, r0, lsl #2
 6610 0092 2146     		mov	r1, r4
 6611 0094 134B     		ldr	r3, .L540+4
 6612 0096 03EB8000 		add	r0, r3, r0, lsl #2
 6613 009a FFF7FEFF 		bl	vListInsertEnd
 6614              	.LVL455:
4616:Middlewares/Third_Party/FreeRTOS/Source/tasks.c **** 
 6615              		.loc 1 4616 35 discriminator 1 view .LVU1887
4619:Middlewares/Third_Party/FreeRTOS/Source/tasks.c **** 
 6616              		.loc 1 4619 5 view .LVU1888
 6617 009e AB6A     		ldr	r3, [r5, #40]
 6618 00a0 43B1     		cbz	r3, .L531
4619:Middlewares/Third_Party/FreeRTOS/Source/tasks.c **** 
 6619              		.loc 1 4619 5 discriminator 1 view .LVU1889
 6620              	.LBB223:
 6621              	.LBI223:
 191:Middlewares/Third_Party/FreeRTOS/Source/portable/GCC/ARM_CM3/portmacro.h **** {
 6622              		.loc 2 191 30 view .LVU1890
 6623              	.LBB224:
 193:Middlewares/Third_Party/FreeRTOS/Source/portable/GCC/ARM_CM3/portmacro.h **** 
 6624              		.loc 2 193 1 view .LVU1891
 195:Middlewares/Third_Party/FreeRTOS/Source/portable/GCC/ARM_CM3/portmacro.h **** 	(
 6625              		.loc 2 195 2 view .LVU1892
 6626              		.syntax unified
 6627              	@ 195 "Middlewares/Third_Party/FreeRTOS/Source/portable/GCC/ARM_CM3/portmacro.h" 1
ARM GAS  /tmp/ccshf83P.s 			page 239


 6628 00a2 4FF05003 			mov r3, #80												
 6629 00a6 83F31188 		msr basepri, r3											
 6630 00aa BFF36F8F 		isb														
 6631 00ae BFF34F8F 		dsb														
 6632              	
 6633              	@ 0 "" 2
 6634              		.thumb
 6635              		.syntax unified
 6636              	.L532:
 6637              	.LBE224:
 6638              	.LBE223:
4619:Middlewares/Third_Party/FreeRTOS/Source/tasks.c **** 
 6639              		.loc 1 4619 5 discriminator 3 view .LVU1893
4619:Middlewares/Third_Party/FreeRTOS/Source/tasks.c **** 
 6640              		.loc 1 4619 5 discriminator 3 view .LVU1894
 6641 00b2 FEE7     		b	.L532
 6642              	.L531:
4619:Middlewares/Third_Party/FreeRTOS/Source/tasks.c **** 
 6643              		.loc 1 4619 82 discriminator 2 view .LVU1895
4637:Middlewares/Third_Party/FreeRTOS/Source/tasks.c **** 				{
 6644              		.loc 1 4637 5 view .LVU1896
4637:Middlewares/Third_Party/FreeRTOS/Source/tasks.c **** 				{
 6645              		.loc 1 4637 14 is_stmt 0 view .LVU1897
 6646 00b4 EA6A     		ldr	r2, [r5, #44]
4637:Middlewares/Third_Party/FreeRTOS/Source/tasks.c **** 				{
 6647              		.loc 1 4637 41 view .LVU1898
 6648 00b6 0C4B     		ldr	r3, .L540+8
 6649 00b8 1B68     		ldr	r3, [r3]
 6650 00ba DB6A     		ldr	r3, [r3, #44]
4637:Middlewares/Third_Party/FreeRTOS/Source/tasks.c **** 				{
 6651              		.loc 1 4637 7 view .LVU1899
 6652 00bc 9A42     		cmp	r2, r3
 6653 00be 0DD9     		bls	.L535
4641:Middlewares/Third_Party/FreeRTOS/Source/tasks.c **** 				}
 6654              		.loc 1 4641 6 is_stmt 1 view .LVU1900
 6655 00c0 4FF0E023 		mov	r3, #-536813568
 6656 00c4 4FF08052 		mov	r2, #268435456
 6657 00c8 C3F8042D 		str	r2, [r3, #3332]
4641:Middlewares/Third_Party/FreeRTOS/Source/tasks.c **** 				}
 6658              		.loc 1 4641 6 view .LVU1901
 6659              		.syntax unified
 6660              	@ 4641 "Middlewares/Third_Party/FreeRTOS/Source/tasks.c" 1
 6661 00cc BFF34F8F 		dsb
 6662              	@ 0 "" 2
4641:Middlewares/Third_Party/FreeRTOS/Source/tasks.c **** 				}
 6663              		.loc 1 4641 6 view .LVU1902
 6664              	@ 4641 "Middlewares/Third_Party/FreeRTOS/Source/tasks.c" 1
 6665 00d0 BFF36F8F 		isb
 6666              	@ 0 "" 2
4641:Middlewares/Third_Party/FreeRTOS/Source/tasks.c **** 				}
 6667              		.loc 1 4641 37 view .LVU1903
 6668              		.thumb
 6669              		.syntax unified
 6670 00d4 0124     		movs	r4, #1
 6671 00d6 BDE7     		b	.L529
 6672              	.LVL456:
 6673              	.L533:
ARM GAS  /tmp/ccshf83P.s 			page 240


4599:Middlewares/Third_Party/FreeRTOS/Source/tasks.c **** 					}
 6674              		.loc 1 4599 15 is_stmt 0 view .LVU1904
 6675 00d8 0024     		movs	r4, #0
 6676              	.LVL457:
4599:Middlewares/Third_Party/FreeRTOS/Source/tasks.c **** 					}
 6677              		.loc 1 4599 15 view .LVU1905
 6678 00da BBE7     		b	.L529
 6679              	.LVL458:
 6680              	.L535:
4599:Middlewares/Third_Party/FreeRTOS/Source/tasks.c **** 					}
 6681              		.loc 1 4599 15 view .LVU1906
 6682 00dc 0124     		movs	r4, #1
 6683 00de B9E7     		b	.L529
 6684              	.L541:
 6685              		.align	2
 6686              	.L540:
 6687 00e0 00000000 		.word	uxTopReadyPriority
 6688 00e4 00000000 		.word	pxReadyTasksLists
 6689 00e8 00000000 		.word	pxCurrentTCB
 6690              		.cfi_endproc
 6691              	.LFE59:
 6693              		.section	.text.xTaskGenericNotifyFromISR,"ax",%progbits
 6694              		.align	1
 6695              		.global	xTaskGenericNotifyFromISR
 6696              		.syntax unified
 6697              		.thumb
 6698              		.thumb_func
 6700              	xTaskGenericNotifyFromISR:
 6701              	.LVL459:
 6702              	.LFB60:
4664:Middlewares/Third_Party/FreeRTOS/Source/tasks.c **** 	TCB_t * pxTCB;
 6703              		.loc 1 4664 2 is_stmt 1 view -0
 6704              		.cfi_startproc
 6705              		@ args = 4, pretend = 0, frame = 0
 6706              		@ frame_needed = 0, uses_anonymous_args = 0
4665:Middlewares/Third_Party/FreeRTOS/Source/tasks.c **** 	uint8_t ucOriginalNotifyState;
 6707              		.loc 1 4665 2 view .LVU1908
4666:Middlewares/Third_Party/FreeRTOS/Source/tasks.c **** 	BaseType_t xReturn = pdPASS;
 6708              		.loc 1 4666 2 view .LVU1909
4667:Middlewares/Third_Party/FreeRTOS/Source/tasks.c **** 	UBaseType_t uxSavedInterruptStatus;
 6709              		.loc 1 4667 2 view .LVU1910
4668:Middlewares/Third_Party/FreeRTOS/Source/tasks.c **** 
 6710              		.loc 1 4668 2 view .LVU1911
4670:Middlewares/Third_Party/FreeRTOS/Source/tasks.c **** 
 6711              		.loc 1 4670 3 view .LVU1912
 6712 0000 10B3     		cbz	r0, .L565
4664:Middlewares/Third_Party/FreeRTOS/Source/tasks.c **** 	TCB_t * pxTCB;
 6713              		.loc 1 4664 2 is_stmt 0 view .LVU1913
 6714 0002 2DE9F041 		push	{r4, r5, r6, r7, r8, lr}
 6715              		.cfi_def_cfa_offset 24
 6716              		.cfi_offset 4, -24
 6717              		.cfi_offset 5, -20
 6718              		.cfi_offset 6, -16
 6719              		.cfi_offset 7, -12
 6720              		.cfi_offset 8, -8
 6721              		.cfi_offset 14, -4
 6722 0006 0E46     		mov	r6, r1
ARM GAS  /tmp/ccshf83P.s 			page 241


 6723 0008 1746     		mov	r7, r2
 6724 000a 1C46     		mov	r4, r3
 6725 000c 0546     		mov	r5, r0
4670:Middlewares/Third_Party/FreeRTOS/Source/tasks.c **** 
 6726              		.loc 1 4670 32 is_stmt 1 discriminator 2 view .LVU1914
4688:Middlewares/Third_Party/FreeRTOS/Source/tasks.c **** 
 6727              		.loc 1 4688 3 view .LVU1915
 6728 000e FFF7FEFF 		bl	vPortValidateInterruptPriority
 6729              	.LVL460:
4690:Middlewares/Third_Party/FreeRTOS/Source/tasks.c **** 
 6730              		.loc 1 4690 3 view .LVU1916
4692:Middlewares/Third_Party/FreeRTOS/Source/tasks.c **** 		{
 6731              		.loc 1 4692 3 view .LVU1917
 6732              	.LBB225:
 6733              	.LBI225:
 207:Middlewares/Third_Party/FreeRTOS/Source/portable/GCC/ARM_CM3/portmacro.h **** {
 6734              		.loc 2 207 34 view .LVU1918
 6735              	.LBB226:
 209:Middlewares/Third_Party/FreeRTOS/Source/portable/GCC/ARM_CM3/portmacro.h **** 
 6736              		.loc 2 209 1 view .LVU1919
 211:Middlewares/Third_Party/FreeRTOS/Source/portable/GCC/ARM_CM3/portmacro.h **** 	(
 6737              		.loc 2 211 2 view .LVU1920
 6738              		.syntax unified
 6739              	@ 211 "Middlewares/Third_Party/FreeRTOS/Source/portable/GCC/ARM_CM3/portmacro.h" 1
 6740 0012 EFF31188 			mrs r8, basepri											
 6741 0016 4FF05003 		mov r3, #80												
 6742 001a 83F31188 		msr basepri, r3											
 6743 001e BFF36F8F 		isb														
 6744 0022 BFF34F8F 		dsb														
 6745              	
 6746              	@ 0 "" 2
 6747              	.LVL461:
 223:Middlewares/Third_Party/FreeRTOS/Source/portable/GCC/ARM_CM3/portmacro.h **** }
 6748              		.loc 2 223 2 view .LVU1921
 223:Middlewares/Third_Party/FreeRTOS/Source/portable/GCC/ARM_CM3/portmacro.h **** }
 6749              		.loc 2 223 2 is_stmt 0 view .LVU1922
 6750              		.thumb
 6751              		.syntax unified
 6752              	.LBE226:
 6753              	.LBE225:
4694:Middlewares/Third_Party/FreeRTOS/Source/tasks.c **** 			{
 6754              		.loc 1 4694 4 is_stmt 1 view .LVU1923
4694:Middlewares/Third_Party/FreeRTOS/Source/tasks.c **** 			{
 6755              		.loc 1 4694 6 is_stmt 0 view .LVU1924
 6756 0026 14B1     		cbz	r4, .L545
4696:Middlewares/Third_Party/FreeRTOS/Source/tasks.c **** 			}
 6757              		.loc 1 4696 5 is_stmt 1 view .LVU1925
4696:Middlewares/Third_Party/FreeRTOS/Source/tasks.c **** 			}
 6758              		.loc 1 4696 42 is_stmt 0 view .LVU1926
 6759 0028 D5F87831 		ldr	r3, [r5, #376]
4696:Middlewares/Third_Party/FreeRTOS/Source/tasks.c **** 			}
 6760              		.loc 1 4696 35 view .LVU1927
 6761 002c 2360     		str	r3, [r4]
 6762              	.L545:
4699:Middlewares/Third_Party/FreeRTOS/Source/tasks.c **** 			pxTCB->ucNotifyState = taskNOTIFICATION_RECEIVED;
 6763              		.loc 1 4699 4 is_stmt 1 view .LVU1928
4699:Middlewares/Third_Party/FreeRTOS/Source/tasks.c **** 			pxTCB->ucNotifyState = taskNOTIFICATION_RECEIVED;
ARM GAS  /tmp/ccshf83P.s 			page 242


 6764              		.loc 1 4699 26 is_stmt 0 view .LVU1929
 6765 002e 95F87C31 		ldrb	r3, [r5, #380]	@ zero_extendqisi2
 6766 0032 DBB2     		uxtb	r3, r3
 6767              	.LVL462:
4700:Middlewares/Third_Party/FreeRTOS/Source/tasks.c **** 
 6768              		.loc 1 4700 4 is_stmt 1 view .LVU1930
4700:Middlewares/Third_Party/FreeRTOS/Source/tasks.c **** 
 6769              		.loc 1 4700 25 is_stmt 0 view .LVU1931
 6770 0034 0222     		movs	r2, #2
 6771 0036 85F87C21 		strb	r2, [r5, #380]
4702:Middlewares/Third_Party/FreeRTOS/Source/tasks.c **** 			{
 6772              		.loc 1 4702 4 is_stmt 1 view .LVU1932
 6773 003a 7A1E     		subs	r2, r7, #1
 6774 003c 032A     		cmp	r2, #3
 6775 003e 11D8     		bhi	.L546
 6776 0040 DFE802F0 		tbb	[pc, r2]
 6777              	.L548:
 6778 0044 0B       		.byte	(.L551-.L548)/2
 6779 0045 17       		.byte	(.L550-.L548)/2
 6780 0046 1D       		.byte	(.L549-.L548)/2
 6781 0047 20       		.byte	(.L547-.L548)/2
 6782              	.LVL463:
 6783              		.p2align 1
 6784              	.L565:
 6785              		.cfi_def_cfa_offset 0
 6786              		.cfi_restore 4
 6787              		.cfi_restore 5
 6788              		.cfi_restore 6
 6789              		.cfi_restore 7
 6790              		.cfi_restore 8
 6791              		.cfi_restore 14
4670:Middlewares/Third_Party/FreeRTOS/Source/tasks.c **** 
 6792              		.loc 1 4670 3 discriminator 1 view .LVU1933
 6793              	.LBB227:
 6794              	.LBI227:
 191:Middlewares/Third_Party/FreeRTOS/Source/portable/GCC/ARM_CM3/portmacro.h **** {
 6795              		.loc 2 191 30 view .LVU1934
 6796              	.LBB228:
 193:Middlewares/Third_Party/FreeRTOS/Source/portable/GCC/ARM_CM3/portmacro.h **** 
 6797              		.loc 2 193 1 view .LVU1935
 195:Middlewares/Third_Party/FreeRTOS/Source/portable/GCC/ARM_CM3/portmacro.h **** 	(
 6798              		.loc 2 195 2 view .LVU1936
 6799              		.syntax unified
 6800              	@ 195 "Middlewares/Third_Party/FreeRTOS/Source/portable/GCC/ARM_CM3/portmacro.h" 1
 6801 0048 4FF05003 			mov r3, #80												
 6802 004c 83F31188 		msr basepri, r3											
 6803 0050 BFF36F8F 		isb														
 6804 0054 BFF34F8F 		dsb														
 6805              	
 6806              	@ 0 "" 2
 6807              	.LVL464:
 6808              		.thumb
 6809              		.syntax unified
 6810              	.L544:
 195:Middlewares/Third_Party/FreeRTOS/Source/portable/GCC/ARM_CM3/portmacro.h **** 	(
 6811              		.loc 2 195 2 is_stmt 0 view .LVU1937
 6812              	.LBE228:
ARM GAS  /tmp/ccshf83P.s 			page 243


 6813              	.LBE227:
4670:Middlewares/Third_Party/FreeRTOS/Source/tasks.c **** 
 6814              		.loc 1 4670 3 is_stmt 1 discriminator 3 view .LVU1938
4670:Middlewares/Third_Party/FreeRTOS/Source/tasks.c **** 
 6815              		.loc 1 4670 3 discriminator 3 view .LVU1939
 6816 0058 FEE7     		b	.L544
 6817              	.LVL465:
 6818              	.L551:
 6819              		.cfi_def_cfa_offset 24
 6820              		.cfi_offset 4, -24
 6821              		.cfi_offset 5, -20
 6822              		.cfi_offset 6, -16
 6823              		.cfi_offset 7, -12
 6824              		.cfi_offset 8, -8
 6825              		.cfi_offset 14, -4
4705:Middlewares/Third_Party/FreeRTOS/Source/tasks.c **** 					break;
 6826              		.loc 1 4705 6 view .LVU1940
4705:Middlewares/Third_Party/FreeRTOS/Source/tasks.c **** 					break;
 6827              		.loc 1 4705 11 is_stmt 0 view .LVU1941
 6828 005a D5F87821 		ldr	r2, [r5, #376]
4705:Middlewares/Third_Party/FreeRTOS/Source/tasks.c **** 					break;
 6829              		.loc 1 4705 29 view .LVU1942
 6830 005e 3243     		orrs	r2, r2, r6
 6831 0060 C5F87821 		str	r2, [r5, #376]
4706:Middlewares/Third_Party/FreeRTOS/Source/tasks.c **** 
 6832              		.loc 1 4706 6 is_stmt 1 view .LVU1943
 6833              	.L546:
4734:Middlewares/Third_Party/FreeRTOS/Source/tasks.c **** 
 6834              		.loc 1 4734 31 view .LVU1944
4738:Middlewares/Third_Party/FreeRTOS/Source/tasks.c **** 			{
 6835              		.loc 1 4738 4 view .LVU1945
4738:Middlewares/Third_Party/FreeRTOS/Source/tasks.c **** 			{
 6836              		.loc 1 4738 6 is_stmt 0 view .LVU1946
 6837 0064 012B     		cmp	r3, #1
 6838 0066 12D0     		beq	.L566
 6839 0068 0120     		movs	r0, #1
 6840              	.LVL466:
 6841              	.L552:
4773:Middlewares/Third_Party/FreeRTOS/Source/tasks.c **** 				}
 6842              		.loc 1 4773 30 is_stmt 1 view .LVU1947
4777:Middlewares/Third_Party/FreeRTOS/Source/tasks.c **** 
 6843              		.loc 1 4777 3 view .LVU1948
 6844              	.LBB229:
 6845              	.LBI229:
 227:Middlewares/Third_Party/FreeRTOS/Source/portable/GCC/ARM_CM3/portmacro.h **** {
 6846              		.loc 2 227 30 view .LVU1949
 6847              	.LBB230:
 6848              		.loc 2 229 2 view .LVU1950
 6849              		.syntax unified
 6850              	@ 229 "Middlewares/Third_Party/FreeRTOS/Source/portable/GCC/ARM_CM3/portmacro.h" 1
 6851 006a 88F31188 			msr basepri, r8	
 6852              	@ 0 "" 2
 6853              		.thumb
 6854              		.syntax unified
 6855              	.LBE230:
 6856              	.LBE229:
4779:Middlewares/Third_Party/FreeRTOS/Source/tasks.c **** 	}
ARM GAS  /tmp/ccshf83P.s 			page 244


 6857              		.loc 1 4779 3 view .LVU1951
4780:Middlewares/Third_Party/FreeRTOS/Source/tasks.c **** 
 6858              		.loc 1 4780 2 is_stmt 0 view .LVU1952
 6859 006e BDE8F081 		pop	{r4, r5, r6, r7, r8, pc}
 6860              	.LVL467:
 6861              	.L550:
4709:Middlewares/Third_Party/FreeRTOS/Source/tasks.c **** 					break;
 6862              		.loc 1 4709 6 is_stmt 1 view .LVU1953
4709:Middlewares/Third_Party/FreeRTOS/Source/tasks.c **** 					break;
 6863              		.loc 1 4709 13 is_stmt 0 view .LVU1954
 6864 0072 D5F87821 		ldr	r2, [r5, #376]
4709:Middlewares/Third_Party/FreeRTOS/Source/tasks.c **** 					break;
 6865              		.loc 1 4709 32 view .LVU1955
 6866 0076 0132     		adds	r2, r2, #1
 6867 0078 C5F87821 		str	r2, [r5, #376]
4710:Middlewares/Third_Party/FreeRTOS/Source/tasks.c **** 
 6868              		.loc 1 4710 6 is_stmt 1 view .LVU1956
 6869 007c F2E7     		b	.L546
 6870              	.L549:
4713:Middlewares/Third_Party/FreeRTOS/Source/tasks.c **** 					break;
 6871              		.loc 1 4713 6 view .LVU1957
4713:Middlewares/Third_Party/FreeRTOS/Source/tasks.c **** 					break;
 6872              		.loc 1 4713 29 is_stmt 0 view .LVU1958
 6873 007e C5F87861 		str	r6, [r5, #376]
4714:Middlewares/Third_Party/FreeRTOS/Source/tasks.c **** 
 6874              		.loc 1 4714 6 is_stmt 1 view .LVU1959
 6875 0082 EFE7     		b	.L546
 6876              	.L547:
4717:Middlewares/Third_Party/FreeRTOS/Source/tasks.c **** 					{
 6877              		.loc 1 4717 6 view .LVU1960
4717:Middlewares/Third_Party/FreeRTOS/Source/tasks.c **** 					{
 6878              		.loc 1 4717 8 is_stmt 0 view .LVU1961
 6879 0084 022B     		cmp	r3, #2
 6880 0086 38D0     		beq	.L559
4719:Middlewares/Third_Party/FreeRTOS/Source/tasks.c **** 					}
 6881              		.loc 1 4719 7 is_stmt 1 view .LVU1962
4719:Middlewares/Third_Party/FreeRTOS/Source/tasks.c **** 					}
 6882              		.loc 1 4719 30 is_stmt 0 view .LVU1963
 6883 0088 C5F87861 		str	r6, [r5, #376]
 6884 008c EAE7     		b	.L546
 6885              	.L566:
4741:Middlewares/Third_Party/FreeRTOS/Source/tasks.c **** 
 6886              		.loc 1 4741 5 is_stmt 1 view .LVU1964
 6887 008e AB6A     		ldr	r3, [r5, #40]
 6888              	.LVL468:
4741:Middlewares/Third_Party/FreeRTOS/Source/tasks.c **** 
 6889              		.loc 1 4741 5 is_stmt 0 view .LVU1965
 6890 0090 43B1     		cbz	r3, .L553
4741:Middlewares/Third_Party/FreeRTOS/Source/tasks.c **** 
 6891              		.loc 1 4741 5 is_stmt 1 discriminator 1 view .LVU1966
 6892              	.LBB231:
 6893              	.LBI231:
 191:Middlewares/Third_Party/FreeRTOS/Source/portable/GCC/ARM_CM3/portmacro.h **** {
 6894              		.loc 2 191 30 view .LVU1967
 6895              	.LBB232:
 193:Middlewares/Third_Party/FreeRTOS/Source/portable/GCC/ARM_CM3/portmacro.h **** 
 6896              		.loc 2 193 1 view .LVU1968
ARM GAS  /tmp/ccshf83P.s 			page 245


 195:Middlewares/Third_Party/FreeRTOS/Source/portable/GCC/ARM_CM3/portmacro.h **** 	(
 6897              		.loc 2 195 2 view .LVU1969
 6898              		.syntax unified
 6899              	@ 195 "Middlewares/Third_Party/FreeRTOS/Source/portable/GCC/ARM_CM3/portmacro.h" 1
 6900 0092 4FF05003 			mov r3, #80												
 6901 0096 83F31188 		msr basepri, r3											
 6902 009a BFF36F8F 		isb														
 6903 009e BFF34F8F 		dsb														
 6904              	
 6905              	@ 0 "" 2
 6906              		.thumb
 6907              		.syntax unified
 6908              	.L554:
 6909              	.LBE232:
 6910              	.LBE231:
4741:Middlewares/Third_Party/FreeRTOS/Source/tasks.c **** 
 6911              		.loc 1 4741 5 discriminator 3 view .LVU1970
4741:Middlewares/Third_Party/FreeRTOS/Source/tasks.c **** 
 6912              		.loc 1 4741 5 discriminator 3 view .LVU1971
 6913 00a2 FEE7     		b	.L554
 6914              	.L553:
4741:Middlewares/Third_Party/FreeRTOS/Source/tasks.c **** 
 6915              		.loc 1 4741 82 discriminator 2 view .LVU1972
4743:Middlewares/Third_Party/FreeRTOS/Source/tasks.c **** 				{
 6916              		.loc 1 4743 5 view .LVU1973
4743:Middlewares/Third_Party/FreeRTOS/Source/tasks.c **** 				{
 6917              		.loc 1 4743 30 is_stmt 0 view .LVU1974
 6918 00a4 174B     		ldr	r3, .L567
 6919 00a6 1B68     		ldr	r3, [r3]
4743:Middlewares/Third_Party/FreeRTOS/Source/tasks.c **** 				{
 6920              		.loc 1 4743 7 view .LVU1975
 6921 00a8 EBB9     		cbnz	r3, .L555
4745:Middlewares/Third_Party/FreeRTOS/Source/tasks.c **** 					prvAddTaskToReadyList( pxTCB );
 6922              		.loc 1 4745 6 is_stmt 1 view .LVU1976
4745:Middlewares/Third_Party/FreeRTOS/Source/tasks.c **** 					prvAddTaskToReadyList( pxTCB );
 6923              		.loc 1 4745 15 is_stmt 0 view .LVU1977
 6924 00aa 2C1D     		adds	r4, r5, #4
 6925              	.LVL469:
4745:Middlewares/Third_Party/FreeRTOS/Source/tasks.c **** 					prvAddTaskToReadyList( pxTCB );
 6926              		.loc 1 4745 15 view .LVU1978
 6927 00ac 2046     		mov	r0, r4
 6928 00ae FFF7FEFF 		bl	uxListRemove
 6929              	.LVL470:
4746:Middlewares/Third_Party/FreeRTOS/Source/tasks.c **** 				}
 6930              		.loc 1 4746 6 is_stmt 1 view .LVU1979
4746:Middlewares/Third_Party/FreeRTOS/Source/tasks.c **** 				}
 6931              		.loc 1 4746 6 view .LVU1980
 6932 00b2 E86A     		ldr	r0, [r5, #44]
 6933 00b4 144B     		ldr	r3, .L567+4
 6934 00b6 1B68     		ldr	r3, [r3]
 6935 00b8 9842     		cmp	r0, r3
 6936 00ba 01D9     		bls	.L556
4746:Middlewares/Third_Party/FreeRTOS/Source/tasks.c **** 				}
 6937              		.loc 1 4746 6 discriminator 1 view .LVU1981
 6938 00bc 124B     		ldr	r3, .L567+4
 6939 00be 1860     		str	r0, [r3]
 6940              	.L556:
ARM GAS  /tmp/ccshf83P.s 			page 246


4746:Middlewares/Third_Party/FreeRTOS/Source/tasks.c **** 				}
 6941              		.loc 1 4746 6 discriminator 3 view .LVU1982
4746:Middlewares/Third_Party/FreeRTOS/Source/tasks.c **** 				}
 6942              		.loc 1 4746 6 discriminator 3 view .LVU1983
 6943 00c0 00EB8000 		add	r0, r0, r0, lsl #2
 6944 00c4 2146     		mov	r1, r4
 6945 00c6 114B     		ldr	r3, .L567+8
 6946 00c8 03EB8000 		add	r0, r3, r0, lsl #2
 6947 00cc FFF7FEFF 		bl	vListInsertEnd
 6948              	.LVL471:
4746:Middlewares/Third_Party/FreeRTOS/Source/tasks.c **** 				}
 6949              		.loc 1 4746 36 discriminator 1 view .LVU1984
 6950              	.L557:
4755:Middlewares/Third_Party/FreeRTOS/Source/tasks.c **** 				{
 6951              		.loc 1 4755 5 view .LVU1985
4755:Middlewares/Third_Party/FreeRTOS/Source/tasks.c **** 				{
 6952              		.loc 1 4755 14 is_stmt 0 view .LVU1986
 6953 00d0 EA6A     		ldr	r2, [r5, #44]
4755:Middlewares/Third_Party/FreeRTOS/Source/tasks.c **** 				{
 6954              		.loc 1 4755 41 view .LVU1987
 6955 00d2 0F4B     		ldr	r3, .L567+12
 6956 00d4 1B68     		ldr	r3, [r3]
 6957 00d6 DB6A     		ldr	r3, [r3, #44]
4755:Middlewares/Third_Party/FreeRTOS/Source/tasks.c **** 				{
 6958              		.loc 1 4755 7 view .LVU1988
 6959 00d8 9A42     		cmp	r2, r3
 6960 00da 10D9     		bls	.L561
4759:Middlewares/Third_Party/FreeRTOS/Source/tasks.c **** 					{
 6961              		.loc 1 4759 6 is_stmt 1 view .LVU1989
4759:Middlewares/Third_Party/FreeRTOS/Source/tasks.c **** 					{
 6962              		.loc 1 4759 8 is_stmt 0 view .LVU1990
 6963 00dc 069B     		ldr	r3, [sp, #24]
 6964 00de 43B1     		cbz	r3, .L558
4761:Middlewares/Third_Party/FreeRTOS/Source/tasks.c **** 					}
 6965              		.loc 1 4761 7 is_stmt 1 view .LVU1991
4761:Middlewares/Third_Party/FreeRTOS/Source/tasks.c **** 					}
 6966              		.loc 1 4761 34 is_stmt 0 view .LVU1992
 6967 00e0 0120     		movs	r0, #1
 6968 00e2 1860     		str	r0, [r3]
 6969 00e4 C1E7     		b	.L552
 6970              	.LVL472:
 6971              	.L555:
4752:Middlewares/Third_Party/FreeRTOS/Source/tasks.c **** 				}
 6972              		.loc 1 4752 6 is_stmt 1 view .LVU1993
 6973 00e6 05F11801 		add	r1, r5, #24
 6974 00ea 0A48     		ldr	r0, .L567+16
 6975 00ec FFF7FEFF 		bl	vListInsertEnd
 6976              	.LVL473:
 6977 00f0 EEE7     		b	.L557
 6978              	.LVL474:
 6979              	.L558:
4768:Middlewares/Third_Party/FreeRTOS/Source/tasks.c **** 					}
 6980              		.loc 1 4768 7 view .LVU1994
4768:Middlewares/Third_Party/FreeRTOS/Source/tasks.c **** 					}
 6981              		.loc 1 4768 21 is_stmt 0 view .LVU1995
 6982 00f2 0120     		movs	r0, #1
 6983 00f4 084B     		ldr	r3, .L567+20
ARM GAS  /tmp/ccshf83P.s 			page 247


 6984 00f6 1860     		str	r0, [r3]
 6985 00f8 B7E7     		b	.L552
 6986              	.LVL475:
 6987              	.L559:
4724:Middlewares/Third_Party/FreeRTOS/Source/tasks.c **** 					}
 6988              		.loc 1 4724 15 view .LVU1996
 6989 00fa 0020     		movs	r0, #0
 6990 00fc B5E7     		b	.L552
 6991              	.LVL476:
 6992              	.L561:
4724:Middlewares/Third_Party/FreeRTOS/Source/tasks.c **** 					}
 6993              		.loc 1 4724 15 view .LVU1997
 6994 00fe 0120     		movs	r0, #1
 6995 0100 B3E7     		b	.L552
 6996              	.L568:
 6997 0102 00BF     		.align	2
 6998              	.L567:
 6999 0104 00000000 		.word	uxSchedulerSuspended
 7000 0108 00000000 		.word	uxTopReadyPriority
 7001 010c 00000000 		.word	pxReadyTasksLists
 7002 0110 00000000 		.word	pxCurrentTCB
 7003 0114 00000000 		.word	xPendingReadyList
 7004 0118 00000000 		.word	xYieldPending
 7005              		.cfi_endproc
 7006              	.LFE60:
 7008              		.section	.text.vTaskNotifyGiveFromISR,"ax",%progbits
 7009              		.align	1
 7010              		.global	vTaskNotifyGiveFromISR
 7011              		.syntax unified
 7012              		.thumb
 7013              		.thumb_func
 7015              	vTaskNotifyGiveFromISR:
 7016              	.LVL477:
 7017              	.LFB61:
4788:Middlewares/Third_Party/FreeRTOS/Source/tasks.c **** 	TCB_t * pxTCB;
 7018              		.loc 1 4788 2 is_stmt 1 view -0
 7019              		.cfi_startproc
 7020              		@ args = 0, pretend = 0, frame = 0
 7021              		@ frame_needed = 0, uses_anonymous_args = 0
4788:Middlewares/Third_Party/FreeRTOS/Source/tasks.c **** 	TCB_t * pxTCB;
 7022              		.loc 1 4788 2 is_stmt 0 view .LVU1999
 7023 0000 F8B5     		push	{r3, r4, r5, r6, r7, lr}
 7024              		.cfi_def_cfa_offset 24
 7025              		.cfi_offset 3, -24
 7026              		.cfi_offset 4, -20
 7027              		.cfi_offset 5, -16
 7028              		.cfi_offset 6, -12
 7029              		.cfi_offset 7, -8
 7030              		.cfi_offset 14, -4
4789:Middlewares/Third_Party/FreeRTOS/Source/tasks.c **** 	uint8_t ucOriginalNotifyState;
 7031              		.loc 1 4789 2 is_stmt 1 view .LVU2000
4790:Middlewares/Third_Party/FreeRTOS/Source/tasks.c **** 	UBaseType_t uxSavedInterruptStatus;
 7032              		.loc 1 4790 2 view .LVU2001
4791:Middlewares/Third_Party/FreeRTOS/Source/tasks.c **** 
 7033              		.loc 1 4791 2 view .LVU2002
4793:Middlewares/Third_Party/FreeRTOS/Source/tasks.c **** 
 7034              		.loc 1 4793 3 view .LVU2003
ARM GAS  /tmp/ccshf83P.s 			page 248


 7035 0002 F0B1     		cbz	r0, .L580
 7036 0004 0D46     		mov	r5, r1
 7037 0006 0446     		mov	r4, r0
4793:Middlewares/Third_Party/FreeRTOS/Source/tasks.c **** 
 7038              		.loc 1 4793 32 discriminator 2 view .LVU2004
4811:Middlewares/Third_Party/FreeRTOS/Source/tasks.c **** 
 7039              		.loc 1 4811 3 view .LVU2005
 7040 0008 FFF7FEFF 		bl	vPortValidateInterruptPriority
 7041              	.LVL478:
4813:Middlewares/Third_Party/FreeRTOS/Source/tasks.c **** 
 7042              		.loc 1 4813 3 view .LVU2006
4815:Middlewares/Third_Party/FreeRTOS/Source/tasks.c **** 		{
 7043              		.loc 1 4815 3 view .LVU2007
 7044              	.LBB233:
 7045              	.LBI233:
 207:Middlewares/Third_Party/FreeRTOS/Source/portable/GCC/ARM_CM3/portmacro.h **** {
 7046              		.loc 2 207 34 view .LVU2008
 7047              	.LBB234:
 209:Middlewares/Third_Party/FreeRTOS/Source/portable/GCC/ARM_CM3/portmacro.h **** 
 7048              		.loc 2 209 1 view .LVU2009
 211:Middlewares/Third_Party/FreeRTOS/Source/portable/GCC/ARM_CM3/portmacro.h **** 	(
 7049              		.loc 2 211 2 view .LVU2010
 7050              		.syntax unified
 7051              	@ 211 "Middlewares/Third_Party/FreeRTOS/Source/portable/GCC/ARM_CM3/portmacro.h" 1
 7052 000c EFF31183 			mrs r3, basepri											
 7053 0010 4FF05002 		mov r2, #80												
 7054 0014 82F31188 		msr basepri, r2											
 7055 0018 BFF36F8F 		isb														
 7056 001c BFF34F8F 		dsb														
 7057              	
 7058              	@ 0 "" 2
 7059              		.thumb
 7060              		.syntax unified
 7061 0020 1E46     		mov	r6, r3
 7062              	.LVL479:
 223:Middlewares/Third_Party/FreeRTOS/Source/portable/GCC/ARM_CM3/portmacro.h **** }
 7063              		.loc 2 223 2 view .LVU2011
 223:Middlewares/Third_Party/FreeRTOS/Source/portable/GCC/ARM_CM3/portmacro.h **** }
 7064              		.loc 2 223 2 is_stmt 0 view .LVU2012
 7065              	.LBE234:
 7066              	.LBE233:
4817:Middlewares/Third_Party/FreeRTOS/Source/tasks.c **** 			pxTCB->ucNotifyState = taskNOTIFICATION_RECEIVED;
 7067              		.loc 1 4817 4 is_stmt 1 view .LVU2013
4817:Middlewares/Third_Party/FreeRTOS/Source/tasks.c **** 			pxTCB->ucNotifyState = taskNOTIFICATION_RECEIVED;
 7068              		.loc 1 4817 26 is_stmt 0 view .LVU2014
 7069 0022 94F87C31 		ldrb	r3, [r4, #380]	@ zero_extendqisi2
 7070              	.LVL480:
4817:Middlewares/Third_Party/FreeRTOS/Source/tasks.c **** 			pxTCB->ucNotifyState = taskNOTIFICATION_RECEIVED;
 7071              		.loc 1 4817 26 view .LVU2015
 7072 0026 DBB2     		uxtb	r3, r3
 7073              	.LVL481:
4818:Middlewares/Third_Party/FreeRTOS/Source/tasks.c **** 
 7074              		.loc 1 4818 4 is_stmt 1 view .LVU2016
4818:Middlewares/Third_Party/FreeRTOS/Source/tasks.c **** 
 7075              		.loc 1 4818 25 is_stmt 0 view .LVU2017
 7076 0028 0222     		movs	r2, #2
 7077 002a 84F87C21 		strb	r2, [r4, #380]
ARM GAS  /tmp/ccshf83P.s 			page 249


4822:Middlewares/Third_Party/FreeRTOS/Source/tasks.c **** 
 7078              		.loc 1 4822 4 is_stmt 1 view .LVU2018
4822:Middlewares/Third_Party/FreeRTOS/Source/tasks.c **** 
 7079              		.loc 1 4822 11 is_stmt 0 view .LVU2019
 7080 002e D4F87821 		ldr	r2, [r4, #376]
4822:Middlewares/Third_Party/FreeRTOS/Source/tasks.c **** 
 7081              		.loc 1 4822 30 view .LVU2020
 7082 0032 0132     		adds	r2, r2, #1
 7083 0034 C4F87821 		str	r2, [r4, #376]
4824:Middlewares/Third_Party/FreeRTOS/Source/tasks.c **** 
 7084              		.loc 1 4824 36 is_stmt 1 view .LVU2021
4828:Middlewares/Third_Party/FreeRTOS/Source/tasks.c **** 			{
 7085              		.loc 1 4828 4 view .LVU2022
4828:Middlewares/Third_Party/FreeRTOS/Source/tasks.c **** 			{
 7086              		.loc 1 4828 6 is_stmt 0 view .LVU2023
 7087 0038 012B     		cmp	r3, #1
 7088 003a 0BD0     		beq	.L581
 7089              	.LVL482:
 7090              	.L572:
4863:Middlewares/Third_Party/FreeRTOS/Source/tasks.c **** 				}
 7091              		.loc 1 4863 30 is_stmt 1 view .LVU2024
4867:Middlewares/Third_Party/FreeRTOS/Source/tasks.c **** 	}
 7092              		.loc 1 4867 3 view .LVU2025
 7093              	.LBB235:
 7094              	.LBI235:
 227:Middlewares/Third_Party/FreeRTOS/Source/portable/GCC/ARM_CM3/portmacro.h **** {
 7095              		.loc 2 227 30 view .LVU2026
 7096              	.LBB236:
 7097              		.loc 2 229 2 view .LVU2027
 7098              		.syntax unified
 7099              	@ 229 "Middlewares/Third_Party/FreeRTOS/Source/portable/GCC/ARM_CM3/portmacro.h" 1
 7100 003c 86F31188 			msr basepri, r6	
 7101              	@ 0 "" 2
 7102              		.thumb
 7103              		.syntax unified
 7104              	.LBE236:
 7105              	.LBE235:
4868:Middlewares/Third_Party/FreeRTOS/Source/tasks.c **** 
 7106              		.loc 1 4868 2 is_stmt 0 view .LVU2028
 7107 0040 F8BD     		pop	{r3, r4, r5, r6, r7, pc}
 7108              	.LVL483:
 7109              	.L580:
4793:Middlewares/Third_Party/FreeRTOS/Source/tasks.c **** 
 7110              		.loc 1 4793 3 is_stmt 1 discriminator 1 view .LVU2029
 7111              	.LBB237:
 7112              	.LBI237:
 191:Middlewares/Third_Party/FreeRTOS/Source/portable/GCC/ARM_CM3/portmacro.h **** {
 7113              		.loc 2 191 30 view .LVU2030
 7114              	.LBB238:
 193:Middlewares/Third_Party/FreeRTOS/Source/portable/GCC/ARM_CM3/portmacro.h **** 
 7115              		.loc 2 193 1 view .LVU2031
 195:Middlewares/Third_Party/FreeRTOS/Source/portable/GCC/ARM_CM3/portmacro.h **** 	(
 7116              		.loc 2 195 2 view .LVU2032
 7117              		.syntax unified
 7118              	@ 195 "Middlewares/Third_Party/FreeRTOS/Source/portable/GCC/ARM_CM3/portmacro.h" 1
 7119 0042 4FF05003 			mov r3, #80												
 7120 0046 83F31188 		msr basepri, r3											
ARM GAS  /tmp/ccshf83P.s 			page 250


 7121 004a BFF36F8F 		isb														
 7122 004e BFF34F8F 		dsb														
 7123              	
 7124              	@ 0 "" 2
 7125              		.thumb
 7126              		.syntax unified
 7127              	.L571:
 7128              	.LBE238:
 7129              	.LBE237:
4793:Middlewares/Third_Party/FreeRTOS/Source/tasks.c **** 
 7130              		.loc 1 4793 3 discriminator 3 view .LVU2033
4793:Middlewares/Third_Party/FreeRTOS/Source/tasks.c **** 
 7131              		.loc 1 4793 3 discriminator 3 view .LVU2034
 7132 0052 FEE7     		b	.L571
 7133              	.LVL484:
 7134              	.L581:
4831:Middlewares/Third_Party/FreeRTOS/Source/tasks.c **** 
 7135              		.loc 1 4831 5 view .LVU2035
 7136 0054 A36A     		ldr	r3, [r4, #40]
 7137              	.LVL485:
4831:Middlewares/Third_Party/FreeRTOS/Source/tasks.c **** 
 7138              		.loc 1 4831 5 is_stmt 0 view .LVU2036
 7139 0056 43B1     		cbz	r3, .L573
4831:Middlewares/Third_Party/FreeRTOS/Source/tasks.c **** 
 7140              		.loc 1 4831 5 is_stmt 1 discriminator 1 view .LVU2037
 7141              	.LBB239:
 7142              	.LBI239:
 191:Middlewares/Third_Party/FreeRTOS/Source/portable/GCC/ARM_CM3/portmacro.h **** {
 7143              		.loc 2 191 30 view .LVU2038
 7144              	.LBB240:
 193:Middlewares/Third_Party/FreeRTOS/Source/portable/GCC/ARM_CM3/portmacro.h **** 
 7145              		.loc 2 193 1 view .LVU2039
 195:Middlewares/Third_Party/FreeRTOS/Source/portable/GCC/ARM_CM3/portmacro.h **** 	(
 7146              		.loc 2 195 2 view .LVU2040
 7147              		.syntax unified
 7148              	@ 195 "Middlewares/Third_Party/FreeRTOS/Source/portable/GCC/ARM_CM3/portmacro.h" 1
 7149 0058 4FF05003 			mov r3, #80												
 7150 005c 83F31188 		msr basepri, r3											
 7151 0060 BFF36F8F 		isb														
 7152 0064 BFF34F8F 		dsb														
 7153              	
 7154              	@ 0 "" 2
 7155              		.thumb
 7156              		.syntax unified
 7157              	.L574:
 7158              	.LBE240:
 7159              	.LBE239:
4831:Middlewares/Third_Party/FreeRTOS/Source/tasks.c **** 
 7160              		.loc 1 4831 5 discriminator 3 view .LVU2041
4831:Middlewares/Third_Party/FreeRTOS/Source/tasks.c **** 
 7161              		.loc 1 4831 5 discriminator 3 view .LVU2042
 7162 0068 FEE7     		b	.L574
 7163              	.L573:
4831:Middlewares/Third_Party/FreeRTOS/Source/tasks.c **** 
 7164              		.loc 1 4831 82 discriminator 2 view .LVU2043
4833:Middlewares/Third_Party/FreeRTOS/Source/tasks.c **** 				{
 7165              		.loc 1 4833 5 view .LVU2044
ARM GAS  /tmp/ccshf83P.s 			page 251


4833:Middlewares/Third_Party/FreeRTOS/Source/tasks.c **** 				{
 7166              		.loc 1 4833 30 is_stmt 0 view .LVU2045
 7167 006a 154B     		ldr	r3, .L582
 7168 006c 1B68     		ldr	r3, [r3]
4833:Middlewares/Third_Party/FreeRTOS/Source/tasks.c **** 				{
 7169              		.loc 1 4833 7 view .LVU2046
 7170 006e E3B9     		cbnz	r3, .L575
4835:Middlewares/Third_Party/FreeRTOS/Source/tasks.c **** 					prvAddTaskToReadyList( pxTCB );
 7171              		.loc 1 4835 6 is_stmt 1 view .LVU2047
4835:Middlewares/Third_Party/FreeRTOS/Source/tasks.c **** 					prvAddTaskToReadyList( pxTCB );
 7172              		.loc 1 4835 15 is_stmt 0 view .LVU2048
 7173 0070 271D     		adds	r7, r4, #4
 7174 0072 3846     		mov	r0, r7
 7175 0074 FFF7FEFF 		bl	uxListRemove
 7176              	.LVL486:
4836:Middlewares/Third_Party/FreeRTOS/Source/tasks.c **** 				}
 7177              		.loc 1 4836 6 is_stmt 1 view .LVU2049
4836:Middlewares/Third_Party/FreeRTOS/Source/tasks.c **** 				}
 7178              		.loc 1 4836 6 view .LVU2050
 7179 0078 E06A     		ldr	r0, [r4, #44]
 7180 007a 124B     		ldr	r3, .L582+4
 7181 007c 1B68     		ldr	r3, [r3]
 7182 007e 9842     		cmp	r0, r3
 7183 0080 01D9     		bls	.L576
4836:Middlewares/Third_Party/FreeRTOS/Source/tasks.c **** 				}
 7184              		.loc 1 4836 6 discriminator 1 view .LVU2051
 7185 0082 104B     		ldr	r3, .L582+4
 7186 0084 1860     		str	r0, [r3]
 7187              	.L576:
4836:Middlewares/Third_Party/FreeRTOS/Source/tasks.c **** 				}
 7188              		.loc 1 4836 6 discriminator 3 view .LVU2052
4836:Middlewares/Third_Party/FreeRTOS/Source/tasks.c **** 				}
 7189              		.loc 1 4836 6 discriminator 3 view .LVU2053
 7190 0086 00EB8000 		add	r0, r0, r0, lsl #2
 7191 008a 3946     		mov	r1, r7
 7192 008c 0E4B     		ldr	r3, .L582+8
 7193 008e 03EB8000 		add	r0, r3, r0, lsl #2
 7194 0092 FFF7FEFF 		bl	vListInsertEnd
 7195              	.LVL487:
4836:Middlewares/Third_Party/FreeRTOS/Source/tasks.c **** 				}
 7196              		.loc 1 4836 36 discriminator 1 view .LVU2054
 7197              	.L577:
4845:Middlewares/Third_Party/FreeRTOS/Source/tasks.c **** 				{
 7198              		.loc 1 4845 5 view .LVU2055
4845:Middlewares/Third_Party/FreeRTOS/Source/tasks.c **** 				{
 7199              		.loc 1 4845 14 is_stmt 0 view .LVU2056
 7200 0096 E26A     		ldr	r2, [r4, #44]
4845:Middlewares/Third_Party/FreeRTOS/Source/tasks.c **** 				{
 7201              		.loc 1 4845 41 view .LVU2057
 7202 0098 0C4B     		ldr	r3, .L582+12
 7203 009a 1B68     		ldr	r3, [r3]
 7204 009c DB6A     		ldr	r3, [r3, #44]
4845:Middlewares/Third_Party/FreeRTOS/Source/tasks.c **** 				{
 7205              		.loc 1 4845 7 view .LVU2058
 7206 009e 9A42     		cmp	r2, r3
 7207 00a0 CCD9     		bls	.L572
4849:Middlewares/Third_Party/FreeRTOS/Source/tasks.c **** 					{
ARM GAS  /tmp/ccshf83P.s 			page 252


 7208              		.loc 1 4849 6 is_stmt 1 view .LVU2059
4849:Middlewares/Third_Party/FreeRTOS/Source/tasks.c **** 					{
 7209              		.loc 1 4849 8 is_stmt 0 view .LVU2060
 7210 00a2 45B1     		cbz	r5, .L578
4851:Middlewares/Third_Party/FreeRTOS/Source/tasks.c **** 					}
 7211              		.loc 1 4851 7 is_stmt 1 view .LVU2061
4851:Middlewares/Third_Party/FreeRTOS/Source/tasks.c **** 					}
 7212              		.loc 1 4851 34 is_stmt 0 view .LVU2062
 7213 00a4 0123     		movs	r3, #1
 7214 00a6 2B60     		str	r3, [r5]
 7215 00a8 C8E7     		b	.L572
 7216              	.L575:
4842:Middlewares/Third_Party/FreeRTOS/Source/tasks.c **** 				}
 7217              		.loc 1 4842 6 is_stmt 1 view .LVU2063
 7218 00aa 04F11801 		add	r1, r4, #24
 7219 00ae 0848     		ldr	r0, .L582+16
 7220 00b0 FFF7FEFF 		bl	vListInsertEnd
 7221              	.LVL488:
 7222 00b4 EFE7     		b	.L577
 7223              	.L578:
4858:Middlewares/Third_Party/FreeRTOS/Source/tasks.c **** 					}
 7224              		.loc 1 4858 7 view .LVU2064
4858:Middlewares/Third_Party/FreeRTOS/Source/tasks.c **** 					}
 7225              		.loc 1 4858 21 is_stmt 0 view .LVU2065
 7226 00b6 074B     		ldr	r3, .L582+20
 7227 00b8 0122     		movs	r2, #1
 7228 00ba 1A60     		str	r2, [r3]
 7229 00bc BEE7     		b	.L572
 7230              	.L583:
 7231 00be 00BF     		.align	2
 7232              	.L582:
 7233 00c0 00000000 		.word	uxSchedulerSuspended
 7234 00c4 00000000 		.word	uxTopReadyPriority
 7235 00c8 00000000 		.word	pxReadyTasksLists
 7236 00cc 00000000 		.word	pxCurrentTCB
 7237 00d0 00000000 		.word	xPendingReadyList
 7238 00d4 00000000 		.word	xYieldPending
 7239              		.cfi_endproc
 7240              	.LFE61:
 7242              		.section	.text.xTaskNotifyStateClear,"ax",%progbits
 7243              		.align	1
 7244              		.global	xTaskNotifyStateClear
 7245              		.syntax unified
 7246              		.thumb
 7247              		.thumb_func
 7249              	xTaskNotifyStateClear:
 7250              	.LVL489:
 7251              	.LFB62:
4877:Middlewares/Third_Party/FreeRTOS/Source/tasks.c **** 	TCB_t *pxTCB;
 7252              		.loc 1 4877 2 is_stmt 1 view -0
 7253              		.cfi_startproc
 7254              		@ args = 0, pretend = 0, frame = 0
 7255              		@ frame_needed = 0, uses_anonymous_args = 0
4877:Middlewares/Third_Party/FreeRTOS/Source/tasks.c **** 	TCB_t *pxTCB;
 7256              		.loc 1 4877 2 is_stmt 0 view .LVU2067
 7257 0000 10B5     		push	{r4, lr}
 7258              		.cfi_def_cfa_offset 8
ARM GAS  /tmp/ccshf83P.s 			page 253


 7259              		.cfi_offset 4, -8
 7260              		.cfi_offset 14, -4
4878:Middlewares/Third_Party/FreeRTOS/Source/tasks.c **** 	BaseType_t xReturn;
 7261              		.loc 1 4878 2 is_stmt 1 view .LVU2068
4879:Middlewares/Third_Party/FreeRTOS/Source/tasks.c **** 
 7262              		.loc 1 4879 2 view .LVU2069
4883:Middlewares/Third_Party/FreeRTOS/Source/tasks.c **** 
 7263              		.loc 1 4883 3 view .LVU2070
4883:Middlewares/Third_Party/FreeRTOS/Source/tasks.c **** 
 7264              		.loc 1 4883 11 is_stmt 0 view .LVU2071
 7265 0002 0446     		mov	r4, r0
 7266 0004 58B1     		cbz	r0, .L589
 7267              	.LVL490:
 7268              	.L585:
4885:Middlewares/Third_Party/FreeRTOS/Source/tasks.c **** 		{
 7269              		.loc 1 4885 3 is_stmt 1 view .LVU2072
 7270 0006 FFF7FEFF 		bl	vPortEnterCritical
 7271              	.LVL491:
4887:Middlewares/Third_Party/FreeRTOS/Source/tasks.c **** 			{
 7272              		.loc 1 4887 4 view .LVU2073
4887:Middlewares/Third_Party/FreeRTOS/Source/tasks.c **** 			{
 7273              		.loc 1 4887 13 is_stmt 0 view .LVU2074
 7274 000a 94F87C31 		ldrb	r3, [r4, #380]	@ zero_extendqisi2
 7275 000e DBB2     		uxtb	r3, r3
4887:Middlewares/Third_Party/FreeRTOS/Source/tasks.c **** 			{
 7276              		.loc 1 4887 6 view .LVU2075
 7277 0010 022B     		cmp	r3, #2
 7278 0012 07D0     		beq	.L590
4894:Middlewares/Third_Party/FreeRTOS/Source/tasks.c **** 			}
 7279              		.loc 1 4894 13 view .LVU2076
 7280 0014 0024     		movs	r4, #0
 7281              	.LVL492:
 7282              	.L586:
4897:Middlewares/Third_Party/FreeRTOS/Source/tasks.c **** 
 7283              		.loc 1 4897 3 is_stmt 1 view .LVU2077
 7284 0016 FFF7FEFF 		bl	vPortExitCritical
 7285              	.LVL493:
4899:Middlewares/Third_Party/FreeRTOS/Source/tasks.c **** 	}
 7286              		.loc 1 4899 3 view .LVU2078
4900:Middlewares/Third_Party/FreeRTOS/Source/tasks.c **** 
 7287              		.loc 1 4900 2 is_stmt 0 view .LVU2079
 7288 001a 2046     		mov	r0, r4
 7289 001c 10BD     		pop	{r4, pc}
 7290              	.LVL494:
 7291              	.L589:
4883:Middlewares/Third_Party/FreeRTOS/Source/tasks.c **** 
 7292              		.loc 1 4883 11 discriminator 1 view .LVU2080
 7293 001e 044B     		ldr	r3, .L591
 7294 0020 1C68     		ldr	r4, [r3]
 7295              	.LVL495:
4883:Middlewares/Third_Party/FreeRTOS/Source/tasks.c **** 
 7296              		.loc 1 4883 11 discriminator 1 view .LVU2081
 7297 0022 F0E7     		b	.L585
 7298              	.LVL496:
 7299              	.L590:
4889:Middlewares/Third_Party/FreeRTOS/Source/tasks.c **** 				xReturn = pdPASS;
 7300              		.loc 1 4889 5 is_stmt 1 view .LVU2082
ARM GAS  /tmp/ccshf83P.s 			page 254


4889:Middlewares/Third_Party/FreeRTOS/Source/tasks.c **** 				xReturn = pdPASS;
 7301              		.loc 1 4889 26 is_stmt 0 view .LVU2083
 7302 0024 0023     		movs	r3, #0
 7303 0026 84F87C31 		strb	r3, [r4, #380]
4890:Middlewares/Third_Party/FreeRTOS/Source/tasks.c **** 			}
 7304              		.loc 1 4890 5 is_stmt 1 view .LVU2084
 7305              	.LVL497:
4890:Middlewares/Third_Party/FreeRTOS/Source/tasks.c **** 			}
 7306              		.loc 1 4890 13 is_stmt 0 view .LVU2085
 7307 002a 0124     		movs	r4, #1
 7308              	.LVL498:
4890:Middlewares/Third_Party/FreeRTOS/Source/tasks.c **** 			}
 7309              		.loc 1 4890 13 view .LVU2086
 7310 002c F3E7     		b	.L586
 7311              	.L592:
 7312 002e 00BF     		.align	2
 7313              	.L591:
 7314 0030 00000000 		.word	pxCurrentTCB
 7315              		.cfi_endproc
 7316              	.LFE62:
 7318              		.section	.bss.uxSchedulerSuspended,"aw",%nobits
 7319              		.align	2
 7322              	uxSchedulerSuspended:
 7323 0000 00000000 		.space	4
 7324              		.section	.bss.xIdleTaskHandle,"aw",%nobits
 7325              		.align	2
 7328              	xIdleTaskHandle:
 7329 0000 00000000 		.space	4
 7330              		.section	.bss.xNextTaskUnblockTime,"aw",%nobits
 7331              		.align	2
 7334              	xNextTaskUnblockTime:
 7335 0000 00000000 		.space	4
 7336              		.section	.bss.uxTaskNumber,"aw",%nobits
 7337              		.align	2
 7340              	uxTaskNumber:
 7341 0000 00000000 		.space	4
 7342              		.section	.bss.xNumOfOverflows,"aw",%nobits
 7343              		.align	2
 7346              	xNumOfOverflows:
 7347 0000 00000000 		.space	4
 7348              		.section	.bss.xYieldPending,"aw",%nobits
 7349              		.align	2
 7352              	xYieldPending:
 7353 0000 00000000 		.space	4
 7354              		.section	.bss.uxPendedTicks,"aw",%nobits
 7355              		.align	2
 7358              	uxPendedTicks:
 7359 0000 00000000 		.space	4
 7360              		.section	.bss.xSchedulerRunning,"aw",%nobits
 7361              		.align	2
 7364              	xSchedulerRunning:
 7365 0000 00000000 		.space	4
 7366              		.section	.bss.uxTopReadyPriority,"aw",%nobits
 7367              		.align	2
 7370              	uxTopReadyPriority:
 7371 0000 00000000 		.space	4
 7372              		.section	.bss.xTickCount,"aw",%nobits
ARM GAS  /tmp/ccshf83P.s 			page 255


 7373              		.align	2
 7376              	xTickCount:
 7377 0000 00000000 		.space	4
 7378              		.section	.bss.uxCurrentNumberOfTasks,"aw",%nobits
 7379              		.align	2
 7382              	uxCurrentNumberOfTasks:
 7383 0000 00000000 		.space	4
 7384              		.section	.bss.xSuspendedTaskList,"aw",%nobits
 7385              		.align	2
 7388              	xSuspendedTaskList:
 7389 0000 00000000 		.space	20
 7389      00000000 
 7389      00000000 
 7389      00000000 
 7389      00000000 
 7390              		.section	.bss.uxDeletedTasksWaitingCleanUp,"aw",%nobits
 7391              		.align	2
 7394              	uxDeletedTasksWaitingCleanUp:
 7395 0000 00000000 		.space	4
 7396              		.section	.bss.xTasksWaitingTermination,"aw",%nobits
 7397              		.align	2
 7400              	xTasksWaitingTermination:
 7401 0000 00000000 		.space	20
 7401      00000000 
 7401      00000000 
 7401      00000000 
 7401      00000000 
 7402              		.section	.bss.xPendingReadyList,"aw",%nobits
 7403              		.align	2
 7406              	xPendingReadyList:
 7407 0000 00000000 		.space	20
 7407      00000000 
 7407      00000000 
 7407      00000000 
 7407      00000000 
 7408              		.section	.bss.pxOverflowDelayedTaskList,"aw",%nobits
 7409              		.align	2
 7412              	pxOverflowDelayedTaskList:
 7413 0000 00000000 		.space	4
 7414              		.section	.bss.pxDelayedTaskList,"aw",%nobits
 7415              		.align	2
 7418              	pxDelayedTaskList:
 7419 0000 00000000 		.space	4
 7420              		.section	.bss.xDelayedTaskList2,"aw",%nobits
 7421              		.align	2
 7424              	xDelayedTaskList2:
 7425 0000 00000000 		.space	20
 7425      00000000 
 7425      00000000 
 7425      00000000 
 7425      00000000 
 7426              		.section	.bss.xDelayedTaskList1,"aw",%nobits
 7427              		.align	2
 7430              	xDelayedTaskList1:
 7431 0000 00000000 		.space	20
 7431      00000000 
 7431      00000000 
ARM GAS  /tmp/ccshf83P.s 			page 256


 7431      00000000 
 7431      00000000 
 7432              		.section	.bss.pxReadyTasksLists,"aw",%nobits
 7433              		.align	2
 7436              	pxReadyTasksLists:
 7437 0000 00000000 		.space	1120
 7437      00000000 
 7437      00000000 
 7437      00000000 
 7437      00000000 
 7438              		.global	pxCurrentTCB
 7439              		.section	.bss.pxCurrentTCB,"aw",%nobits
 7440              		.align	2
 7443              	pxCurrentTCB:
 7444 0000 00000000 		.space	4
 7445              		.text
 7446              	.Letext0:
 7447              		.file 3 "/home/lorolol/.config/Code/User/globalStorage/bmd.stm32-for-vscode/@xpack-dev-tools/arm-n
 7448              		.file 4 "/home/lorolol/.config/Code/User/globalStorage/bmd.stm32-for-vscode/@xpack-dev-tools/arm-n
 7449              		.file 5 "/home/lorolol/.config/Code/User/globalStorage/bmd.stm32-for-vscode/@xpack-dev-tools/arm-n
 7450              		.file 6 "/home/lorolol/.config/Code/User/globalStorage/bmd.stm32-for-vscode/@xpack-dev-tools/arm-n
 7451              		.file 7 "/home/lorolol/.config/Code/User/globalStorage/bmd.stm32-for-vscode/@xpack-dev-tools/arm-n
 7452              		.file 8 "/home/lorolol/.config/Code/User/globalStorage/bmd.stm32-for-vscode/@xpack-dev-tools/arm-n
 7453              		.file 9 "Middlewares/Third_Party/FreeRTOS/Source/include/projdefs.h"
 7454              		.file 10 "Middlewares/Third_Party/FreeRTOS/Source/include/FreeRTOS.h"
 7455              		.file 11 "Middlewares/Third_Party/FreeRTOS/Source/include/list.h"
 7456              		.file 12 "Middlewares/Third_Party/FreeRTOS/Source/include/task.h"
 7457              		.file 13 "Middlewares/Third_Party/FreeRTOS/Source/include/portable.h"
 7458              		.file 14 "Middlewares/Third_Party/FreeRTOS/Source/include/timers.h"
 7459              		.file 15 "/home/lorolol/.config/Code/User/globalStorage/bmd.stm32-for-vscode/@xpack-dev-tools/arm-
 7460              		.file 16 "<built-in>"
ARM GAS  /tmp/ccshf83P.s 			page 257


DEFINED SYMBOLS
                            *ABS*:00000000 tasks.c
     /tmp/ccshf83P.s:19     .text.prvTaskIsTaskSuspended:00000000 $t
     /tmp/ccshf83P.s:24     .text.prvTaskIsTaskSuspended:00000000 prvTaskIsTaskSuspended
     /tmp/ccshf83P.s:110    .text.prvTaskIsTaskSuspended:00000038 $d
     /tmp/ccshf83P.s:7388   .bss.xSuspendedTaskList:00000000 xSuspendedTaskList
     /tmp/ccshf83P.s:7406   .bss.xPendingReadyList:00000000 xPendingReadyList
     /tmp/ccshf83P.s:116    .text.prvTaskCheckFreeStackSpace:00000000 $t
     /tmp/ccshf83P.s:121    .text.prvTaskCheckFreeStackSpace:00000000 prvTaskCheckFreeStackSpace
     /tmp/ccshf83P.s:164    .text.prvResetNextTaskUnblockTime:00000000 $t
     /tmp/ccshf83P.s:169    .text.prvResetNextTaskUnblockTime:00000000 prvResetNextTaskUnblockTime
     /tmp/ccshf83P.s:212    .text.prvResetNextTaskUnblockTime:00000024 $d
     /tmp/ccshf83P.s:7418   .bss.pxDelayedTaskList:00000000 pxDelayedTaskList
     /tmp/ccshf83P.s:7334   .bss.xNextTaskUnblockTime:00000000 xNextTaskUnblockTime
     /tmp/ccshf83P.s:218    .text.prvInitialiseNewTask:00000000 $t
     /tmp/ccshf83P.s:223    .text.prvInitialiseNewTask:00000000 prvInitialiseNewTask
     /tmp/ccshf83P.s:418    .text.prvInitialiseNewTask:000000f4 $d
     /tmp/ccshf83P.s:423    .text.prvInitialiseTaskLists:00000000 $t
     /tmp/ccshf83P.s:428    .text.prvInitialiseTaskLists:00000000 prvInitialiseTaskLists
     /tmp/ccshf83P.s:500    .text.prvInitialiseTaskLists:00000048 $d
     /tmp/ccshf83P.s:7436   .bss.pxReadyTasksLists:00000000 pxReadyTasksLists
     /tmp/ccshf83P.s:7430   .bss.xDelayedTaskList1:00000000 xDelayedTaskList1
     /tmp/ccshf83P.s:7424   .bss.xDelayedTaskList2:00000000 xDelayedTaskList2
     /tmp/ccshf83P.s:7400   .bss.xTasksWaitingTermination:00000000 xTasksWaitingTermination
     /tmp/ccshf83P.s:7412   .bss.pxOverflowDelayedTaskList:00000000 pxOverflowDelayedTaskList
     /tmp/ccshf83P.s:512    .text.prvAddNewTaskToReadyList:00000000 $t
     /tmp/ccshf83P.s:517    .text.prvAddNewTaskToReadyList:00000000 prvAddNewTaskToReadyList
     /tmp/ccshf83P.s:658    .text.prvAddNewTaskToReadyList:00000094 $d
     /tmp/ccshf83P.s:7382   .bss.uxCurrentNumberOfTasks:00000000 uxCurrentNumberOfTasks
     /tmp/ccshf83P.s:7443   .bss.pxCurrentTCB:00000000 pxCurrentTCB
     /tmp/ccshf83P.s:7364   .bss.xSchedulerRunning:00000000 xSchedulerRunning
     /tmp/ccshf83P.s:7340   .bss.uxTaskNumber:00000000 uxTaskNumber
     /tmp/ccshf83P.s:7370   .bss.uxTopReadyPriority:00000000 uxTopReadyPriority
     /tmp/ccshf83P.s:668    .text.prvDeleteTCB:00000000 $t
     /tmp/ccshf83P.s:673    .text.prvDeleteTCB:00000000 prvDeleteTCB
     /tmp/ccshf83P.s:751    .text.prvCheckTasksWaitingTermination:00000000 $t
     /tmp/ccshf83P.s:756    .text.prvCheckTasksWaitingTermination:00000000 prvCheckTasksWaitingTermination
     /tmp/ccshf83P.s:827    .text.prvCheckTasksWaitingTermination:00000040 $d
     /tmp/ccshf83P.s:7394   .bss.uxDeletedTasksWaitingCleanUp:00000000 uxDeletedTasksWaitingCleanUp
     /tmp/ccshf83P.s:834    .text.prvIdleTask:00000000 $t
     /tmp/ccshf83P.s:839    .text.prvIdleTask:00000000 prvIdleTask
     /tmp/ccshf83P.s:887    .text.prvIdleTask:00000024 $d
     /tmp/ccshf83P.s:892    .text.prvAddCurrentTaskToDelayedList:00000000 $t
     /tmp/ccshf83P.s:897    .text.prvAddCurrentTaskToDelayedList:00000000 prvAddCurrentTaskToDelayedList
     /tmp/ccshf83P.s:1004   .text.prvAddCurrentTaskToDelayedList:00000064 $d
     /tmp/ccshf83P.s:7376   .bss.xTickCount:00000000 xTickCount
     /tmp/ccshf83P.s:1014   .text.xTaskCreateStatic:00000000 $t
     /tmp/ccshf83P.s:1020   .text.xTaskCreateStatic:00000000 xTaskCreateStatic
     /tmp/ccshf83P.s:1176   .text.xTaskCreate:00000000 $t
     /tmp/ccshf83P.s:1182   .text.xTaskCreate:00000000 xTaskCreate
     /tmp/ccshf83P.s:1296   .text.vTaskDelete:00000000 $t
     /tmp/ccshf83P.s:1302   .text.vTaskDelete:00000000 vTaskDelete
     /tmp/ccshf83P.s:1466   .text.vTaskDelete:0000009c $d
     /tmp/ccshf83P.s:7322   .bss.uxSchedulerSuspended:00000000 uxSchedulerSuspended
     /tmp/ccshf83P.s:1477   .text.eTaskGetState:00000000 $t
     /tmp/ccshf83P.s:1483   .text.eTaskGetState:00000000 eTaskGetState
     /tmp/ccshf83P.s:1617   .text.eTaskGetState:0000006c $d
ARM GAS  /tmp/ccshf83P.s 			page 258


     /tmp/ccshf83P.s:1626   .text.uxTaskPriorityGet:00000000 $t
     /tmp/ccshf83P.s:1632   .text.uxTaskPriorityGet:00000000 uxTaskPriorityGet
     /tmp/ccshf83P.s:1677   .text.uxTaskPriorityGet:0000001c $d
     /tmp/ccshf83P.s:1682   .text.uxTaskPriorityGetFromISR:00000000 $t
     /tmp/ccshf83P.s:1688   .text.uxTaskPriorityGetFromISR:00000000 uxTaskPriorityGetFromISR
     /tmp/ccshf83P.s:1766   .text.uxTaskPriorityGetFromISR:0000002c $d
     /tmp/ccshf83P.s:1771   .text.vTaskPrioritySet:00000000 $t
     /tmp/ccshf83P.s:1777   .text.vTaskPrioritySet:00000000 vTaskPrioritySet
     /tmp/ccshf83P.s:2009   .text.vTaskPrioritySet:000000c8 $d
     /tmp/ccshf83P.s:2016   .text.vTaskResume:00000000 $t
     /tmp/ccshf83P.s:2022   .text.vTaskResume:00000000 vTaskResume
     /tmp/ccshf83P.s:2152   .text.vTaskResume:0000007c $d
     /tmp/ccshf83P.s:2159   .text.xTaskResumeFromISR:00000000 $t
     /tmp/ccshf83P.s:2165   .text.xTaskResumeFromISR:00000000 xTaskResumeFromISR
     /tmp/ccshf83P.s:2334   .text.xTaskResumeFromISR:00000090 $d
     /tmp/ccshf83P.s:2343   .rodata.vTaskStartScheduler.str1.4:00000000 $d
     /tmp/ccshf83P.s:2347   .text.vTaskStartScheduler:00000000 $t
     /tmp/ccshf83P.s:2353   .text.vTaskStartScheduler:00000000 vTaskStartScheduler
     /tmp/ccshf83P.s:2518   .text.vTaskStartScheduler:0000008c $d
     /tmp/ccshf83P.s:7328   .bss.xIdleTaskHandle:00000000 xIdleTaskHandle
     /tmp/ccshf83P.s:2530   .text.vTaskEndScheduler:00000000 $t
     /tmp/ccshf83P.s:2536   .text.vTaskEndScheduler:00000000 vTaskEndScheduler
     /tmp/ccshf83P.s:2578   .text.vTaskEndScheduler:00000020 $d
     /tmp/ccshf83P.s:2583   .text.vTaskSuspendAll:00000000 $t
     /tmp/ccshf83P.s:2589   .text.vTaskSuspendAll:00000000 vTaskSuspendAll
     /tmp/ccshf83P.s:2606   .text.vTaskSuspendAll:0000000c $d
     /tmp/ccshf83P.s:2611   .text.xTaskGetTickCount:00000000 $t
     /tmp/ccshf83P.s:2617   .text.xTaskGetTickCount:00000000 xTaskGetTickCount
     /tmp/ccshf83P.s:2638   .text.xTaskGetTickCount:00000008 $d
     /tmp/ccshf83P.s:2643   .text.xTaskGetTickCountFromISR:00000000 $t
     /tmp/ccshf83P.s:2649   .text.xTaskGetTickCountFromISR:00000000 xTaskGetTickCountFromISR
     /tmp/ccshf83P.s:2677   .text.xTaskGetTickCountFromISR:0000000c $d
     /tmp/ccshf83P.s:2682   .text.uxTaskGetNumberOfTasks:00000000 $t
     /tmp/ccshf83P.s:2688   .text.uxTaskGetNumberOfTasks:00000000 uxTaskGetNumberOfTasks
     /tmp/ccshf83P.s:2704   .text.uxTaskGetNumberOfTasks:00000008 $d
     /tmp/ccshf83P.s:2709   .text.pcTaskGetName:00000000 $t
     /tmp/ccshf83P.s:2715   .text.pcTaskGetName:00000000 pcTaskGetName
     /tmp/ccshf83P.s:2772   .text.pcTaskGetName:00000024 $d
     /tmp/ccshf83P.s:2777   .text.xTaskIncrementTick:00000000 $t
     /tmp/ccshf83P.s:2783   .text.xTaskIncrementTick:00000000 xTaskIncrementTick
     /tmp/ccshf83P.s:3045   .text.xTaskIncrementTick:000000ec $d
     /tmp/ccshf83P.s:7346   .bss.xNumOfOverflows:00000000 xNumOfOverflows
     /tmp/ccshf83P.s:7358   .bss.uxPendedTicks:00000000 uxPendedTicks
     /tmp/ccshf83P.s:7352   .bss.xYieldPending:00000000 xYieldPending
     /tmp/ccshf83P.s:3060   .text.xTaskResumeAll:00000000 $t
     /tmp/ccshf83P.s:3066   .text.xTaskResumeAll:00000000 xTaskResumeAll
     /tmp/ccshf83P.s:3300   .text.xTaskResumeAll:000000d8 $d
     /tmp/ccshf83P.s:3312   .text.vTaskDelayUntil:00000000 $t
     /tmp/ccshf83P.s:3318   .text.vTaskDelayUntil:00000000 vTaskDelayUntil
     /tmp/ccshf83P.s:3531   .text.vTaskDelayUntil:0000009c $d
     /tmp/ccshf83P.s:3538   .text.vTaskDelay:00000000 $t
     /tmp/ccshf83P.s:3544   .text.vTaskDelay:00000000 vTaskDelay
     /tmp/ccshf83P.s:3633   .text.vTaskDelay:00000048 $d
     /tmp/ccshf83P.s:3638   .text.vTaskSwitchContext:00000000 $t
     /tmp/ccshf83P.s:3644   .text.vTaskSwitchContext:00000000 vTaskSwitchContext
     /tmp/ccshf83P.s:3781   .text.vTaskSwitchContext:0000008c $d
     /tmp/ccshf83P.s:3793   .text.vTaskSuspend:00000000 $t
ARM GAS  /tmp/ccshf83P.s 			page 259


     /tmp/ccshf83P.s:3799   .text.vTaskSuspend:00000000 vTaskSuspend
     /tmp/ccshf83P.s:3984   .text.vTaskSuspend:000000b0 $d
     /tmp/ccshf83P.s:3993   .text.vTaskPlaceOnEventList:00000000 $t
     /tmp/ccshf83P.s:3999   .text.vTaskPlaceOnEventList:00000000 vTaskPlaceOnEventList
     /tmp/ccshf83P.s:4062   .text.vTaskPlaceOnEventList:0000002c $d
     /tmp/ccshf83P.s:4067   .text.vTaskPlaceOnUnorderedEventList:00000000 $t
     /tmp/ccshf83P.s:4073   .text.vTaskPlaceOnUnorderedEventList:00000000 vTaskPlaceOnUnorderedEventList
     /tmp/ccshf83P.s:4181   .text.vTaskPlaceOnUnorderedEventList:00000050 $d
     /tmp/ccshf83P.s:4187   .text.vTaskPlaceOnEventListRestricted:00000000 $t
     /tmp/ccshf83P.s:4193   .text.vTaskPlaceOnEventListRestricted:00000000 vTaskPlaceOnEventListRestricted
     /tmp/ccshf83P.s:4266   .text.vTaskPlaceOnEventListRestricted:00000034 $d
     /tmp/ccshf83P.s:4271   .text.xTaskRemoveFromEventList:00000000 $t
     /tmp/ccshf83P.s:4277   .text.xTaskRemoveFromEventList:00000000 xTaskRemoveFromEventList
     /tmp/ccshf83P.s:4407   .text.xTaskRemoveFromEventList:00000074 $d
     /tmp/ccshf83P.s:4417   .text.vTaskRemoveFromUnorderedEventList:00000000 $t
     /tmp/ccshf83P.s:4423   .text.vTaskRemoveFromUnorderedEventList:00000000 vTaskRemoveFromUnorderedEventList
     /tmp/ccshf83P.s:4555   .text.vTaskRemoveFromUnorderedEventList:00000074 $d
     /tmp/ccshf83P.s:4564   .text.vTaskSetTimeOutState:00000000 $t
     /tmp/ccshf83P.s:4570   .text.vTaskSetTimeOutState:00000000 vTaskSetTimeOutState
     /tmp/ccshf83P.s:4635   .text.vTaskSetTimeOutState:00000030 $d
     /tmp/ccshf83P.s:4641   .text.vTaskInternalSetTimeOutState:00000000 $t
     /tmp/ccshf83P.s:4647   .text.vTaskInternalSetTimeOutState:00000000 vTaskInternalSetTimeOutState
     /tmp/ccshf83P.s:4670   .text.vTaskInternalSetTimeOutState:00000010 $d
     /tmp/ccshf83P.s:4676   .text.xTaskCheckForTimeOut:00000000 $t
     /tmp/ccshf83P.s:4682   .text.xTaskCheckForTimeOut:00000000 xTaskCheckForTimeOut
     /tmp/ccshf83P.s:4860   .text.xTaskCheckForTimeOut:0000007c $d
     /tmp/ccshf83P.s:4867   .text.vTaskMissedYield:00000000 $t
     /tmp/ccshf83P.s:4873   .text.vTaskMissedYield:00000000 vTaskMissedYield
     /tmp/ccshf83P.s:4890   .text.vTaskMissedYield:00000008 $d
     /tmp/ccshf83P.s:4895   .text.uxTaskGetTaskNumber:00000000 $t
     /tmp/ccshf83P.s:4901   .text.uxTaskGetTaskNumber:00000000 uxTaskGetTaskNumber
     /tmp/ccshf83P.s:4934   .text.vTaskSetTaskNumber:00000000 $t
     /tmp/ccshf83P.s:4940   .text.vTaskSetTaskNumber:00000000 vTaskSetTaskNumber
     /tmp/ccshf83P.s:4965   .text.vTaskGetInfo:00000000 $t
     /tmp/ccshf83P.s:4971   .text.vTaskGetInfo:00000000 vTaskGetInfo
     /tmp/ccshf83P.s:5117   .text.vTaskGetInfo:00000074 $d
     /tmp/ccshf83P.s:5122   .text.prvListTasksWithinSingleList:00000000 $t
     /tmp/ccshf83P.s:5127   .text.prvListTasksWithinSingleList:00000000 prvListTasksWithinSingleList
     /tmp/ccshf83P.s:5241   .text.uxTaskGetSystemState:00000000 $t
     /tmp/ccshf83P.s:5247   .text.uxTaskGetSystemState:00000000 uxTaskGetSystemState
     /tmp/ccshf83P.s:5385   .text.uxTaskGetSystemState:00000098 $d
     /tmp/ccshf83P.s:5395   .text.uxTaskGetStackHighWaterMark:00000000 $t
     /tmp/ccshf83P.s:5401   .text.uxTaskGetStackHighWaterMark:00000000 uxTaskGetStackHighWaterMark
     /tmp/ccshf83P.s:5442   .text.uxTaskGetStackHighWaterMark:00000014 $d
     /tmp/ccshf83P.s:5447   .text.xTaskGetCurrentTaskHandle:00000000 $t
     /tmp/ccshf83P.s:5453   .text.xTaskGetCurrentTaskHandle:00000000 xTaskGetCurrentTaskHandle
     /tmp/ccshf83P.s:5472   .text.xTaskGetCurrentTaskHandle:00000008 $d
     /tmp/ccshf83P.s:5477   .text.xTaskGetSchedulerState:00000000 $t
     /tmp/ccshf83P.s:5483   .text.xTaskGetSchedulerState:00000000 xTaskGetSchedulerState
     /tmp/ccshf83P.s:5521   .text.xTaskGetSchedulerState:00000018 $d
     /tmp/ccshf83P.s:5527   .text.xTaskPriorityInherit:00000000 $t
     /tmp/ccshf83P.s:5533   .text.xTaskPriorityInherit:00000000 xTaskPriorityInherit
     /tmp/ccshf83P.s:5689   .text.xTaskPriorityInherit:0000008c $d
     /tmp/ccshf83P.s:5696   .text.xTaskPriorityDisinherit:00000000 $t
     /tmp/ccshf83P.s:5702   .text.xTaskPriorityDisinherit:00000000 xTaskPriorityDisinherit
     /tmp/ccshf83P.s:5875   .text.xTaskPriorityDisinherit:00000084 $d
     /tmp/ccshf83P.s:5882   .text.vTaskPriorityDisinheritAfterTimeout:00000000 $t
ARM GAS  /tmp/ccshf83P.s 			page 260


     /tmp/ccshf83P.s:5888   .text.vTaskPriorityDisinheritAfterTimeout:00000000 vTaskPriorityDisinheritAfterTimeout
     /tmp/ccshf83P.s:6071   .text.vTaskPriorityDisinheritAfterTimeout:00000094 $d
     /tmp/ccshf83P.s:6078   .text.uxTaskResetEventItemValue:00000000 $t
     /tmp/ccshf83P.s:6084   .text.uxTaskResetEventItemValue:00000000 uxTaskResetEventItemValue
     /tmp/ccshf83P.s:6111   .text.uxTaskResetEventItemValue:00000014 $d
     /tmp/ccshf83P.s:6116   .text.pvTaskIncrementMutexHeldCount:00000000 $t
     /tmp/ccshf83P.s:6122   .text.pvTaskIncrementMutexHeldCount:00000000 pvTaskIncrementMutexHeldCount
     /tmp/ccshf83P.s:6153   .text.pvTaskIncrementMutexHeldCount:00000018 $d
     /tmp/ccshf83P.s:6158   .text.ulTaskNotifyTake:00000000 $t
     /tmp/ccshf83P.s:6164   .text.ulTaskNotifyTake:00000000 ulTaskNotifyTake
     /tmp/ccshf83P.s:6285   .text.ulTaskNotifyTake:0000007c $d
     /tmp/ccshf83P.s:6290   .text.xTaskNotifyWait:00000000 $t
     /tmp/ccshf83P.s:6296   .text.xTaskNotifyWait:00000000 xTaskNotifyWait
     /tmp/ccshf83P.s:6437   .text.xTaskNotifyWait:000000a0 $d
     /tmp/ccshf83P.s:6442   .text.xTaskGenericNotify:00000000 $t
     /tmp/ccshf83P.s:6448   .text.xTaskGenericNotify:00000000 xTaskGenericNotify
     /tmp/ccshf83P.s:6504   .text.xTaskGenericNotify:0000002e $d
     /tmp/ccshf83P.s:6509   .text.xTaskGenericNotify:00000032 $t
     /tmp/ccshf83P.s:6687   .text.xTaskGenericNotify:000000e0 $d
     /tmp/ccshf83P.s:6694   .text.xTaskGenericNotifyFromISR:00000000 $t
     /tmp/ccshf83P.s:6700   .text.xTaskGenericNotifyFromISR:00000000 xTaskGenericNotifyFromISR
     /tmp/ccshf83P.s:6778   .text.xTaskGenericNotifyFromISR:00000044 $d
     /tmp/ccshf83P.s:6783   .text.xTaskGenericNotifyFromISR:00000048 $t
     /tmp/ccshf83P.s:6999   .text.xTaskGenericNotifyFromISR:00000104 $d
     /tmp/ccshf83P.s:7009   .text.vTaskNotifyGiveFromISR:00000000 $t
     /tmp/ccshf83P.s:7015   .text.vTaskNotifyGiveFromISR:00000000 vTaskNotifyGiveFromISR
     /tmp/ccshf83P.s:7233   .text.vTaskNotifyGiveFromISR:000000c0 $d
     /tmp/ccshf83P.s:7243   .text.xTaskNotifyStateClear:00000000 $t
     /tmp/ccshf83P.s:7249   .text.xTaskNotifyStateClear:00000000 xTaskNotifyStateClear
     /tmp/ccshf83P.s:7314   .text.xTaskNotifyStateClear:00000030 $d
     /tmp/ccshf83P.s:7319   .bss.uxSchedulerSuspended:00000000 $d
     /tmp/ccshf83P.s:7325   .bss.xIdleTaskHandle:00000000 $d
     /tmp/ccshf83P.s:7331   .bss.xNextTaskUnblockTime:00000000 $d
     /tmp/ccshf83P.s:7337   .bss.uxTaskNumber:00000000 $d
     /tmp/ccshf83P.s:7343   .bss.xNumOfOverflows:00000000 $d
     /tmp/ccshf83P.s:7349   .bss.xYieldPending:00000000 $d
     /tmp/ccshf83P.s:7355   .bss.uxPendedTicks:00000000 $d
     /tmp/ccshf83P.s:7361   .bss.xSchedulerRunning:00000000 $d
     /tmp/ccshf83P.s:7367   .bss.uxTopReadyPriority:00000000 $d
     /tmp/ccshf83P.s:7373   .bss.xTickCount:00000000 $d
     /tmp/ccshf83P.s:7379   .bss.uxCurrentNumberOfTasks:00000000 $d
     /tmp/ccshf83P.s:7385   .bss.xSuspendedTaskList:00000000 $d
     /tmp/ccshf83P.s:7391   .bss.uxDeletedTasksWaitingCleanUp:00000000 $d
     /tmp/ccshf83P.s:7397   .bss.xTasksWaitingTermination:00000000 $d
     /tmp/ccshf83P.s:7403   .bss.xPendingReadyList:00000000 $d
     /tmp/ccshf83P.s:7409   .bss.pxOverflowDelayedTaskList:00000000 $d
     /tmp/ccshf83P.s:7415   .bss.pxDelayedTaskList:00000000 $d
     /tmp/ccshf83P.s:7421   .bss.xDelayedTaskList2:00000000 $d
     /tmp/ccshf83P.s:7427   .bss.xDelayedTaskList1:00000000 $d
     /tmp/ccshf83P.s:7433   .bss.pxReadyTasksLists:00000000 $d
     /tmp/ccshf83P.s:7440   .bss.pxCurrentTCB:00000000 $d

UNDEFINED SYMBOLS
memset
vListInitialiseItem
pxPortInitialiseStack
__sf
ARM GAS  /tmp/ccshf83P.s 			page 261


vListInitialise
vPortEnterCritical
vListInsertEnd
vPortExitCritical
_reclaim_reent
vPortFree
uxListRemove
vListInsert
pvPortMalloc
vPortValidateInterruptPriority
vApplicationGetIdleTaskMemory
xTimerCreateTimerTask
xPortStartScheduler
_impure_ptr
vPortEndScheduler
