2024-09-17 19:54:00,773 [ERROR] LogOutputStream:75 - [STDERR_REDIRECT] Sep 17, 2024 7:54:00 PM java.util.prefs.FileSystemPreferences checkLockFile0ErrorCode
2024-09-17 19:54:00,777 [ERROR] LogOutputStream:75 - [STDERR_REDIRECT] WARNING: Could not lock System prefs. Unix error code 30544.
2024-09-17 19:54:00,777 [ERROR] LogOutputStream:75 - [STDERR_REDIRECT] 
2024-09-17 19:54:00,778 [ERROR] LogOutputStream:75 - [STDERR_REDIRECT] Sep 17, 2024 7:54:00 PM java.util.prefs.FileSystemPreferences syncWorld
2024-09-17 19:54:00,778 [ERROR] LogOutputStream:75 - [STDERR_REDIRECT] WARNING: Couldn't flush system prefs: java.util.prefs.BackingStoreException: Couldn't get file lock.
2024-09-17 19:54:00,778 [ERROR] LogOutputStream:75 - [STDERR_REDIRECT] 
2024-09-17 19:54:30,772 [ERROR] LogOutputStream:75 - [STDERR_REDIRECT] Sep 17, 2024 7:54:30 PM java.util.prefs.FileSystemPreferences checkLockFile0ErrorCode
2024-09-17 19:54:30,772 [ERROR] LogOutputStream:75 - [STDERR_REDIRECT] WARNING: Could not lock System prefs. Unix error code 30544.
2024-09-17 19:54:30,773 [ERROR] LogOutputStream:75 - [STDERR_REDIRECT] 
2024-09-17 19:54:30,773 [ERROR] LogOutputStream:75 - [STDERR_REDIRECT] Sep 17, 2024 7:54:30 PM java.util.prefs.FileSystemPreferences syncWorld
2024-09-17 19:54:30,773 [ERROR] LogOutputStream:75 - [STDERR_REDIRECT] WARNING: Couldn't flush system prefs: java.util.prefs.BackingStoreException: Couldn't get file lock.
2024-09-17 19:54:30,773 [ERROR] LogOutputStream:75 - [STDERR_REDIRECT] 
2024-09-17 19:55:00,774 [ERROR] LogOutputStream:75 - [STDERR_REDIRECT] Sep 17, 2024 7:55:00 PM java.util.prefs.FileSystemPreferences checkLockFile0ErrorCode
2024-09-17 19:55:00,775 [ERROR] LogOutputStream:75 - [STDERR_REDIRECT] WARNING: Could not lock System prefs. Unix error code 30544.
2024-09-17 19:55:00,776 [ERROR] LogOutputStream:75 - [STDERR_REDIRECT] 
2024-09-17 19:55:00,777 [ERROR] LogOutputStream:75 - [STDERR_REDIRECT] Sep 17, 2024 7:55:00 PM java.util.prefs.FileSystemPreferences syncWorld
2024-09-17 19:55:00,778 [ERROR] LogOutputStream:75 - [STDERR_REDIRECT] WARNING: Couldn't flush system prefs: java.util.prefs.BackingStoreException: Couldn't get file lock.
2024-09-17 19:55:00,778 [ERROR] LogOutputStream:75 - [STDERR_REDIRECT] 
2024-09-17 19:55:30,774 [ERROR] LogOutputStream:75 - [STDERR_REDIRECT] Sep 17, 2024 7:55:30 PM java.util.prefs.FileSystemPreferences checkLockFile0ErrorCode
2024-09-17 19:55:30,775 [ERROR] LogOutputStream:75 - [STDERR_REDIRECT] WARNING: Could not lock System prefs. Unix error code 30544.
2024-09-17 19:55:30,775 [ERROR] LogOutputStream:75 - [STDERR_REDIRECT] 
2024-09-17 19:55:30,777 [ERROR] LogOutputStream:75 - [STDERR_REDIRECT] Sep 17, 2024 7:55:30 PM java.util.prefs.FileSystemPreferences syncWorld
2024-09-17 19:55:30,778 [ERROR] LogOutputStream:75 - [STDERR_REDIRECT] WARNING: Couldn't flush system prefs: java.util.prefs.BackingStoreException: Couldn't get file lock.
2024-09-17 19:55:30,778 [ERROR] LogOutputStream:75 - [STDERR_REDIRECT] 
2024-09-17 19:56:00,774 [ERROR] LogOutputStream:75 - [STDERR_REDIRECT] Sep 17, 2024 7:56:00 PM java.util.prefs.FileSystemPreferences checkLockFile0ErrorCode
2024-09-17 19:56:00,774 [ERROR] LogOutputStream:75 - [STDERR_REDIRECT] WARNING: Could not lock System prefs. Unix error code 30544.
2024-09-17 19:56:00,774 [ERROR] LogOutputStream:75 - [STDERR_REDIRECT] 
2024-09-17 19:56:00,774 [ERROR] LogOutputStream:75 - [STDERR_REDIRECT] Sep 17, 2024 7:56:00 PM java.util.prefs.FileSystemPreferences syncWorld
2024-09-17 19:56:00,774 [ERROR] LogOutputStream:75 - [STDERR_REDIRECT] WARNING: Couldn't flush system prefs: java.util.prefs.BackingStoreException: Couldn't get file lock.
2024-09-17 19:56:00,774 [ERROR] LogOutputStream:75 - [STDERR_REDIRECT] 
2024-09-17 19:56:30,773 [ERROR] LogOutputStream:75 - [STDERR_REDIRECT] Sep 17, 2024 7:56:30 PM java.util.prefs.FileSystemPreferences checkLockFile0ErrorCode
2024-09-17 19:56:30,773 [ERROR] LogOutputStream:75 - [STDERR_REDIRECT] WARNING: Could not lock System prefs. Unix error code 30544.
2024-09-17 19:56:30,773 [ERROR] LogOutputStream:75 - [STDERR_REDIRECT] 
2024-09-17 19:56:30,774 [ERROR] LogOutputStream:75 - [STDERR_REDIRECT] Sep 17, 2024 7:56:30 PM java.util.prefs.FileSystemPreferences syncWorld
2024-09-17 19:56:30,774 [ERROR] LogOutputStream:75 - [STDERR_REDIRECT] WARNING: Couldn't flush system prefs: java.util.prefs.BackingStoreException: Couldn't get file lock.
2024-09-17 19:56:30,774 [ERROR] LogOutputStream:75 - [STDERR_REDIRECT] 
2024-09-17 19:57:00,775 [ERROR] LogOutputStream:75 - [STDERR_REDIRECT] Sep 17, 2024 7:57:00 PM java.util.prefs.FileSystemPreferences checkLockFile0ErrorCode
2024-09-17 19:57:00,776 [ERROR] LogOutputStream:75 - [STDERR_REDIRECT] WARNING: Could not lock System prefs. Unix error code 30544.
2024-09-17 19:57:00,776 [ERROR] LogOutputStream:75 - [STDERR_REDIRECT] 
2024-09-17 19:57:00,778 [ERROR] LogOutputStream:75 - [STDERR_REDIRECT] Sep 17, 2024 7:57:00 PM java.util.prefs.FileSystemPreferences syncWorld
2024-09-17 19:57:00,781 [ERROR] LogOutputStream:75 - [STDERR_REDIRECT] WARNING: Couldn't flush system prefs: java.util.prefs.BackingStoreException: Couldn't get file lock.
2024-09-17 19:57:00,781 [ERROR] LogOutputStream:75 - [STDERR_REDIRECT] 
2024-09-17 19:57:30,773 [ERROR] LogOutputStream:75 - [STDERR_REDIRECT] Sep 17, 2024 7:57:30 PM java.util.prefs.FileSystemPreferences checkLockFile0ErrorCode
2024-09-17 19:57:30,773 [ERROR] LogOutputStream:75 - [STDERR_REDIRECT] WARNING: Could not lock System prefs. Unix error code 30544.
2024-09-17 19:57:30,774 [ERROR] LogOutputStream:75 - [STDERR_REDIRECT] 
2024-09-17 19:57:30,774 [ERROR] LogOutputStream:75 - [STDERR_REDIRECT] Sep 17, 2024 7:57:30 PM java.util.prefs.FileSystemPreferences syncWorld
2024-09-17 19:57:30,774 [ERROR] LogOutputStream:75 - [STDERR_REDIRECT] WARNING: Couldn't flush system prefs: java.util.prefs.BackingStoreException: Couldn't get file lock.
2024-09-17 19:57:30,774 [ERROR] LogOutputStream:75 - [STDERR_REDIRECT] 
2024-09-17 19:58:00,774 [ERROR] LogOutputStream:75 - [STDERR_REDIRECT] Sep 17, 2024 7:58:00 PM java.util.prefs.FileSystemPreferences checkLockFile0ErrorCode
2024-09-17 19:58:00,775 [ERROR] LogOutputStream:75 - [STDERR_REDIRECT] WARNING: Could not lock System prefs. Unix error code 30544.
2024-09-17 19:58:00,775 [ERROR] LogOutputStream:75 - [STDERR_REDIRECT] 
2024-09-17 19:58:00,775 [ERROR] LogOutputStream:75 - [STDERR_REDIRECT] Sep 17, 2024 7:58:00 PM java.util.prefs.FileSystemPreferences syncWorld
2024-09-17 19:58:00,776 [ERROR] LogOutputStream:75 - [STDERR_REDIRECT] WARNING: Couldn't flush system prefs: java.util.prefs.BackingStoreException: Couldn't get file lock.
2024-09-17 19:58:00,776 [ERROR] LogOutputStream:75 - [STDERR_REDIRECT] 
2024-09-17 19:58:30,778 [ERROR] LogOutputStream:75 - [STDERR_REDIRECT] Sep 17, 2024 7:58:30 PM java.util.prefs.FileSystemPreferences checkLockFile0ErrorCode
2024-09-17 19:58:30,779 [ERROR] LogOutputStream:75 - [STDERR_REDIRECT] WARNING: Could not lock System prefs. Unix error code 30544.
2024-09-17 19:58:30,779 [ERROR] LogOutputStream:75 - [STDERR_REDIRECT] 
2024-09-17 19:58:30,781 [ERROR] LogOutputStream:75 - [STDERR_REDIRECT] Sep 17, 2024 7:58:30 PM java.util.prefs.FileSystemPreferences syncWorld
2024-09-17 19:58:30,782 [ERROR] LogOutputStream:75 - [STDERR_REDIRECT] WARNING: Couldn't flush system prefs: java.util.prefs.BackingStoreException: Couldn't get file lock.
2024-09-17 19:58:30,782 [ERROR] LogOutputStream:75 - [STDERR_REDIRECT] 
2024-09-17 19:59:00,778 [ERROR] LogOutputStream:75 - [STDERR_REDIRECT] Sep 17, 2024 7:59:00 PM java.util.prefs.FileSystemPreferences checkLockFile0ErrorCode
2024-09-17 19:59:00,778 [ERROR] LogOutputStream:75 - [STDERR_REDIRECT] WARNING: Could not lock System prefs. Unix error code 30544.
2024-09-17 19:59:00,779 [ERROR] LogOutputStream:75 - [STDERR_REDIRECT] 
2024-09-17 19:59:00,780 [ERROR] LogOutputStream:75 - [STDERR_REDIRECT] Sep 17, 2024 7:59:00 PM java.util.prefs.FileSystemPreferences syncWorld
2024-09-17 19:59:00,782 [ERROR] LogOutputStream:75 - [STDERR_REDIRECT] WARNING: Couldn't flush system prefs: java.util.prefs.BackingStoreException: Couldn't get file lock.
2024-09-17 19:59:00,782 [ERROR] LogOutputStream:75 - [STDERR_REDIRECT] 
2024-09-17 19:59:30,778 [ERROR] LogOutputStream:75 - [STDERR_REDIRECT] Sep 17, 2024 7:59:30 PM java.util.prefs.FileSystemPreferences checkLockFile0ErrorCode
2024-09-17 19:59:30,779 [ERROR] LogOutputStream:75 - [STDERR_REDIRECT] WARNING: Could not lock System prefs. Unix error code 30544.
2024-09-17 19:59:30,779 [ERROR] LogOutputStream:75 - [STDERR_REDIRECT] 
2024-09-17 19:59:30,781 [ERROR] LogOutputStream:75 - [STDERR_REDIRECT] Sep 17, 2024 7:59:30 PM java.util.prefs.FileSystemPreferences syncWorld
2024-09-17 19:59:30,782 [ERROR] LogOutputStream:75 - [STDERR_REDIRECT] WARNING: Couldn't flush system prefs: java.util.prefs.BackingStoreException: Couldn't get file lock.
2024-09-17 19:59:30,782 [ERROR] LogOutputStream:75 - [STDERR_REDIRECT] 
2024-09-17 20:00:00,778 [ERROR] LogOutputStream:75 - [STDERR_REDIRECT] Sep 17, 2024 8:00:00 PM java.util.prefs.FileSystemPreferences checkLockFile0ErrorCode
2024-09-17 20:00:00,778 [ERROR] LogOutputStream:75 - [STDERR_REDIRECT] WARNING: Could not lock System prefs. Unix error code 30544.
2024-09-17 20:00:00,779 [ERROR] LogOutputStream:75 - [STDERR_REDIRECT] 
2024-09-17 20:00:00,779 [ERROR] LogOutputStream:75 - [STDERR_REDIRECT] Sep 17, 2024 8:00:00 PM java.util.prefs.FileSystemPreferences syncWorld
2024-09-17 20:00:00,780 [ERROR] LogOutputStream:75 - [STDERR_REDIRECT] WARNING: Couldn't flush system prefs: java.util.prefs.BackingStoreException: Couldn't get file lock.
2024-09-17 20:00:00,780 [ERROR] LogOutputStream:75 - [STDERR_REDIRECT] 
2024-09-17 20:00:30,779 [ERROR] LogOutputStream:75 - [STDERR_REDIRECT] Sep 17, 2024 8:00:30 PM java.util.prefs.FileSystemPreferences checkLockFile0ErrorCode
2024-09-17 20:00:30,779 [ERROR] LogOutputStream:75 - [STDERR_REDIRECT] WARNING: Could not lock System prefs. Unix error code 30544.
2024-09-17 20:00:30,780 [ERROR] LogOutputStream:75 - [STDERR_REDIRECT] 
2024-09-17 20:00:30,781 [ERROR] LogOutputStream:75 - [STDERR_REDIRECT] Sep 17, 2024 8:00:30 PM java.util.prefs.FileSystemPreferences syncWorld
2024-09-17 20:00:30,782 [ERROR] LogOutputStream:75 - [STDERR_REDIRECT] WARNING: Couldn't flush system prefs: java.util.prefs.BackingStoreException: Couldn't get file lock.
2024-09-17 20:00:30,782 [ERROR] LogOutputStream:75 - [STDERR_REDIRECT] 
2024-09-17 20:01:00,778 [ERROR] LogOutputStream:75 - [STDERR_REDIRECT] Sep 17, 2024 8:01:00 PM java.util.prefs.FileSystemPreferences checkLockFile0ErrorCode
2024-09-17 20:01:00,779 [ERROR] LogOutputStream:75 - [STDERR_REDIRECT] WARNING: Could not lock System prefs. Unix error code 30544.
2024-09-17 20:01:00,779 [ERROR] LogOutputStream:75 - [STDERR_REDIRECT] 
2024-09-17 20:01:00,779 [ERROR] LogOutputStream:75 - [STDERR_REDIRECT] Sep 17, 2024 8:01:00 PM java.util.prefs.FileSystemPreferences syncWorld
2024-09-17 20:01:00,780 [ERROR] LogOutputStream:75 - [STDERR_REDIRECT] WARNING: Couldn't flush system prefs: java.util.prefs.BackingStoreException: Couldn't get file lock.
2024-09-17 20:01:00,780 [ERROR] LogOutputStream:75 - [STDERR_REDIRECT] 
2024-09-17 20:01:30,779 [ERROR] LogOutputStream:75 - [STDERR_REDIRECT] Sep 17, 2024 8:01:30 PM java.util.prefs.FileSystemPreferences checkLockFile0ErrorCode
2024-09-17 20:01:30,780 [ERROR] LogOutputStream:75 - [STDERR_REDIRECT] WARNING: Could not lock System prefs. Unix error code 30544.
2024-09-17 20:01:30,780 [ERROR] LogOutputStream:75 - [STDERR_REDIRECT] 
2024-09-17 20:01:30,781 [ERROR] LogOutputStream:75 - [STDERR_REDIRECT] Sep 17, 2024 8:01:30 PM java.util.prefs.FileSystemPreferences syncWorld
2024-09-17 20:01:30,782 [ERROR] LogOutputStream:75 - [STDERR_REDIRECT] WARNING: Couldn't flush system prefs: java.util.prefs.BackingStoreException: Couldn't get file lock.
2024-09-17 20:01:30,782 [ERROR] LogOutputStream:75 - [STDERR_REDIRECT] 
2024-09-17 20:02:00,780 [ERROR] LogOutputStream:75 - [STDERR_REDIRECT] Sep 17, 2024 8:02:00 PM java.util.prefs.FileSystemPreferences checkLockFile0ErrorCode
2024-09-17 20:02:00,781 [ERROR] LogOutputStream:75 - [STDERR_REDIRECT] WARNING: Could not lock System prefs. Unix error code 30544.
2024-09-17 20:02:00,781 [ERROR] LogOutputStream:75 - [STDERR_REDIRECT] 
2024-09-17 20:02:00,782 [ERROR] LogOutputStream:75 - [STDERR_REDIRECT] Sep 17, 2024 8:02:00 PM java.util.prefs.FileSystemPreferences syncWorld
2024-09-17 20:02:00,783 [ERROR] LogOutputStream:75 - [STDERR_REDIRECT] WARNING: Couldn't flush system prefs: java.util.prefs.BackingStoreException: Couldn't get file lock.
2024-09-17 20:02:00,783 [ERROR] LogOutputStream:75 - [STDERR_REDIRECT] 
2024-09-17 20:02:30,779 [ERROR] LogOutputStream:75 - [STDERR_REDIRECT] Sep 17, 2024 8:02:30 PM java.util.prefs.FileSystemPreferences checkLockFile0ErrorCode
2024-09-17 20:02:30,780 [ERROR] LogOutputStream:75 - [STDERR_REDIRECT] WARNING: Could not lock System prefs. Unix error code 30544.
2024-09-17 20:02:30,781 [ERROR] LogOutputStream:75 - [STDERR_REDIRECT] 
2024-09-17 20:02:30,782 [ERROR] LogOutputStream:75 - [STDERR_REDIRECT] Sep 17, 2024 8:02:30 PM java.util.prefs.FileSystemPreferences syncWorld
2024-09-17 20:02:30,783 [ERROR] LogOutputStream:75 - [STDERR_REDIRECT] WARNING: Couldn't flush system prefs: java.util.prefs.BackingStoreException: Couldn't get file lock.
2024-09-17 20:02:30,784 [ERROR] LogOutputStream:75 - [STDERR_REDIRECT] 
2024-09-17 20:03:00,780 [ERROR] LogOutputStream:75 - [STDERR_REDIRECT] Sep 17, 2024 8:03:00 PM java.util.prefs.FileSystemPreferences checkLockFile0ErrorCode
2024-09-17 20:03:00,781 [ERROR] LogOutputStream:75 - [STDERR_REDIRECT] WARNING: Could not lock System prefs. Unix error code 30544.
2024-09-17 20:03:00,782 [ERROR] LogOutputStream:75 - [STDERR_REDIRECT] 
2024-09-17 20:03:00,783 [ERROR] LogOutputStream:75 - [STDERR_REDIRECT] Sep 17, 2024 8:03:00 PM java.util.prefs.FileSystemPreferences syncWorld
2024-09-17 20:03:00,784 [ERROR] LogOutputStream:75 - [STDERR_REDIRECT] WARNING: Couldn't flush system prefs: java.util.prefs.BackingStoreException: Couldn't get file lock.
2024-09-17 20:03:00,785 [ERROR] LogOutputStream:75 - [STDERR_REDIRECT] 
2024-09-17 20:03:30,780 [ERROR] LogOutputStream:75 - [STDERR_REDIRECT] Sep 17, 2024 8:03:30 PM java.util.prefs.FileSystemPreferences checkLockFile0ErrorCode
2024-09-17 20:03:30,781 [ERROR] LogOutputStream:75 - [STDERR_REDIRECT] WARNING: Could not lock System prefs. Unix error code 30544.
2024-09-17 20:03:30,781 [ERROR] LogOutputStream:75 - [STDERR_REDIRECT] 
2024-09-17 20:03:30,781 [ERROR] LogOutputStream:75 - [STDERR_REDIRECT] Sep 17, 2024 8:03:30 PM java.util.prefs.FileSystemPreferences syncWorld
2024-09-17 20:03:30,782 [ERROR] LogOutputStream:75 - [STDERR_REDIRECT] WARNING: Couldn't flush system prefs: java.util.prefs.BackingStoreException: Couldn't get file lock.
2024-09-17 20:03:30,782 [ERROR] LogOutputStream:75 - [STDERR_REDIRECT] 
2024-09-17 20:04:00,781 [ERROR] LogOutputStream:75 - [STDERR_REDIRECT] Sep 17, 2024 8:04:00 PM java.util.prefs.FileSystemPreferences checkLockFile0ErrorCode
2024-09-17 20:04:00,782 [ERROR] LogOutputStream:75 - [STDERR_REDIRECT] WARNING: Could not lock System prefs. Unix error code 30544.
2024-09-17 20:04:00,783 [ERROR] LogOutputStream:75 - [STDERR_REDIRECT] 
2024-09-17 20:04:00,784 [ERROR] LogOutputStream:75 - [STDERR_REDIRECT] Sep 17, 2024 8:04:00 PM java.util.prefs.FileSystemPreferences syncWorld
2024-09-17 20:04:00,785 [ERROR] LogOutputStream:75 - [STDERR_REDIRECT] WARNING: Couldn't flush system prefs: java.util.prefs.BackingStoreException: Couldn't get file lock.
2024-09-17 20:04:00,785 [ERROR] LogOutputStream:75 - [STDERR_REDIRECT] 
2024-09-17 20:04:30,781 [ERROR] LogOutputStream:75 - [STDERR_REDIRECT] Sep 17, 2024 8:04:30 PM java.util.prefs.FileSystemPreferences checkLockFile0ErrorCode
2024-09-17 20:04:30,782 [ERROR] LogOutputStream:75 - [STDERR_REDIRECT] WARNING: Could not lock System prefs. Unix error code 30544.
2024-09-17 20:04:30,782 [ERROR] LogOutputStream:75 - [STDERR_REDIRECT] 
2024-09-17 20:04:30,783 [ERROR] LogOutputStream:75 - [STDERR_REDIRECT] Sep 17, 2024 8:04:30 PM java.util.prefs.FileSystemPreferences syncWorld
2024-09-17 20:04:30,784 [ERROR] LogOutputStream:75 - [STDERR_REDIRECT] WARNING: Couldn't flush system prefs: java.util.prefs.BackingStoreException: Couldn't get file lock.
2024-09-17 20:04:30,784 [ERROR] LogOutputStream:75 - [STDERR_REDIRECT] 
2024-09-17 20:05:00,781 [ERROR] LogOutputStream:75 - [STDERR_REDIRECT] Sep 17, 2024 8:05:00 PM java.util.prefs.FileSystemPreferences checkLockFile0ErrorCode
2024-09-17 20:05:00,782 [ERROR] LogOutputStream:75 - [STDERR_REDIRECT] WARNING: Could not lock System prefs. Unix error code 30544.
2024-09-17 20:05:00,782 [ERROR] LogOutputStream:75 - [STDERR_REDIRECT] 
2024-09-17 20:05:00,783 [ERROR] LogOutputStream:75 - [STDERR_REDIRECT] Sep 17, 2024 8:05:00 PM java.util.prefs.FileSystemPreferences syncWorld
2024-09-17 20:05:00,784 [ERROR] LogOutputStream:75 - [STDERR_REDIRECT] WARNING: Couldn't flush system prefs: java.util.prefs.BackingStoreException: Couldn't get file lock.
2024-09-17 20:05:00,784 [ERROR] LogOutputStream:75 - [STDERR_REDIRECT] 
2024-09-17 20:05:30,780 [ERROR] LogOutputStream:75 - [STDERR_REDIRECT] Sep 17, 2024 8:05:30 PM java.util.prefs.FileSystemPreferences checkLockFile0ErrorCode
2024-09-17 20:05:30,781 [ERROR] LogOutputStream:75 - [STDERR_REDIRECT] WARNING: Could not lock System prefs. Unix error code 30544.
2024-09-17 20:05:30,781 [ERROR] LogOutputStream:75 - [STDERR_REDIRECT] 
2024-09-17 20:05:30,781 [ERROR] LogOutputStream:75 - [STDERR_REDIRECT] Sep 17, 2024 8:05:30 PM java.util.prefs.FileSystemPreferences syncWorld
2024-09-17 20:05:30,781 [ERROR] LogOutputStream:75 - [STDERR_REDIRECT] WARNING: Couldn't flush system prefs: java.util.prefs.BackingStoreException: Couldn't get file lock.
2024-09-17 20:05:30,781 [ERROR] LogOutputStream:75 - [STDERR_REDIRECT] 
2024-09-17 20:06:00,781 [ERROR] LogOutputStream:75 - [STDERR_REDIRECT] Sep 17, 2024 8:06:00 PM java.util.prefs.FileSystemPreferences checkLockFile0ErrorCode
2024-09-17 20:06:00,781 [ERROR] LogOutputStream:75 - [STDERR_REDIRECT] WARNING: Could not lock System prefs. Unix error code 30544.
2024-09-17 20:06:00,782 [ERROR] LogOutputStream:75 - [STDERR_REDIRECT] 
2024-09-17 20:06:00,782 [ERROR] LogOutputStream:75 - [STDERR_REDIRECT] Sep 17, 2024 8:06:00 PM java.util.prefs.FileSystemPreferences syncWorld
2024-09-17 20:06:00,783 [ERROR] LogOutputStream:75 - [STDERR_REDIRECT] WARNING: Couldn't flush system prefs: java.util.prefs.BackingStoreException: Couldn't get file lock.
2024-09-17 20:06:00,783 [ERROR] LogOutputStream:75 - [STDERR_REDIRECT] 
2024-09-17 20:06:30,781 [ERROR] LogOutputStream:75 - [STDERR_REDIRECT] Sep 17, 2024 8:06:30 PM java.util.prefs.FileSystemPreferences checkLockFile0ErrorCode
2024-09-17 20:06:30,782 [ERROR] LogOutputStream:75 - [STDERR_REDIRECT] WARNING: Could not lock System prefs. Unix error code 30544.
2024-09-17 20:06:30,783 [ERROR] LogOutputStream:75 - [STDERR_REDIRECT] 
2024-09-17 20:06:30,784 [ERROR] LogOutputStream:75 - [STDERR_REDIRECT] Sep 17, 2024 8:06:30 PM java.util.prefs.FileSystemPreferences syncWorld
2024-09-17 20:06:30,784 [ERROR] LogOutputStream:75 - [STDERR_REDIRECT] WARNING: Couldn't flush system prefs: java.util.prefs.BackingStoreException: Couldn't get file lock.
2024-09-17 20:06:30,784 [ERROR] LogOutputStream:75 - [STDERR_REDIRECT] 
2024-09-17 20:07:00,781 [ERROR] LogOutputStream:75 - [STDERR_REDIRECT] Sep 17, 2024 8:07:00 PM java.util.prefs.FileSystemPreferences checkLockFile0ErrorCode
2024-09-17 20:07:00,781 [ERROR] LogOutputStream:75 - [STDERR_REDIRECT] WARNING: Could not lock System prefs. Unix error code 30544.
2024-09-17 20:07:00,782 [ERROR] LogOutputStream:75 - [STDERR_REDIRECT] 
2024-09-17 20:07:00,783 [ERROR] LogOutputStream:75 - [STDERR_REDIRECT] Sep 17, 2024 8:07:00 PM java.util.prefs.FileSystemPreferences syncWorld
2024-09-17 20:07:00,784 [ERROR] LogOutputStream:75 - [STDERR_REDIRECT] WARNING: Couldn't flush system prefs: java.util.prefs.BackingStoreException: Couldn't get file lock.
2024-09-17 20:07:00,784 [ERROR] LogOutputStream:75 - [STDERR_REDIRECT] 
2024-09-17 20:07:30,783 [ERROR] LogOutputStream:75 - [STDERR_REDIRECT] Sep 17, 2024 8:07:30 PM java.util.prefs.FileSystemPreferences checkLockFile0ErrorCode
2024-09-17 20:07:30,783 [ERROR] LogOutputStream:75 - [STDERR_REDIRECT] WARNING: Could not lock System prefs. Unix error code 30544.
2024-09-17 20:07:30,784 [ERROR] LogOutputStream:75 - [STDERR_REDIRECT] 
2024-09-17 20:07:30,785 [ERROR] LogOutputStream:75 - [STDERR_REDIRECT] Sep 17, 2024 8:07:30 PM java.util.prefs.FileSystemPreferences syncWorld
2024-09-17 20:07:30,786 [ERROR] LogOutputStream:75 - [STDERR_REDIRECT] WARNING: Couldn't flush system prefs: java.util.prefs.BackingStoreException: Couldn't get file lock.
2024-09-17 20:07:30,786 [ERROR] LogOutputStream:75 - [STDERR_REDIRECT] 
2024-09-17 20:08:00,782 [ERROR] LogOutputStream:75 - [STDERR_REDIRECT] Sep 17, 2024 8:08:00 PM java.util.prefs.FileSystemPreferences checkLockFile0ErrorCode
2024-09-17 20:08:00,782 [ERROR] LogOutputStream:75 - [STDERR_REDIRECT] WARNING: Could not lock System prefs. Unix error code 30544.
2024-09-17 20:08:00,782 [ERROR] LogOutputStream:75 - [STDERR_REDIRECT] 
2024-09-17 20:08:00,783 [ERROR] LogOutputStream:75 - [STDERR_REDIRECT] Sep 17, 2024 8:08:00 PM java.util.prefs.FileSystemPreferences syncWorld
2024-09-17 20:08:00,783 [ERROR] LogOutputStream:75 - [STDERR_REDIRECT] WARNING: Couldn't flush system prefs: java.util.prefs.BackingStoreException: Couldn't get file lock.
2024-09-17 20:08:00,783 [ERROR] LogOutputStream:75 - [STDERR_REDIRECT] 
2024-09-17 20:08:30,783 [ERROR] LogOutputStream:75 - [STDERR_REDIRECT] Sep 17, 2024 8:08:30 PM java.util.prefs.FileSystemPreferences checkLockFile0ErrorCode
2024-09-17 20:08:30,783 [ERROR] LogOutputStream:75 - [STDERR_REDIRECT] WARNING: Could not lock System prefs. Unix error code 30544.
2024-09-17 20:08:30,784 [ERROR] LogOutputStream:75 - [STDERR_REDIRECT] 
2024-09-17 20:08:30,785 [ERROR] LogOutputStream:75 - [STDERR_REDIRECT] Sep 17, 2024 8:08:30 PM java.util.prefs.FileSystemPreferences syncWorld
2024-09-17 20:08:30,786 [ERROR] LogOutputStream:75 - [STDERR_REDIRECT] WARNING: Couldn't flush system prefs: java.util.prefs.BackingStoreException: Couldn't get file lock.
2024-09-17 20:08:30,787 [ERROR] LogOutputStream:75 - [STDERR_REDIRECT] 
2024-09-17 20:09:00,783 [ERROR] LogOutputStream:75 - [STDERR_REDIRECT] Sep 17, 2024 8:09:00 PM java.util.prefs.FileSystemPreferences checkLockFile0ErrorCode
2024-09-17 20:09:00,783 [ERROR] LogOutputStream:75 - [STDERR_REDIRECT] WARNING: Could not lock System prefs. Unix error code 30544.
2024-09-17 20:09:00,783 [ERROR] LogOutputStream:75 - [STDERR_REDIRECT] 
2024-09-17 20:09:00,783 [ERROR] LogOutputStream:75 - [STDERR_REDIRECT] Sep 17, 2024 8:09:00 PM java.util.prefs.FileSystemPreferences syncWorld
2024-09-17 20:09:00,784 [ERROR] LogOutputStream:75 - [STDERR_REDIRECT] WARNING: Couldn't flush system prefs: java.util.prefs.BackingStoreException: Couldn't get file lock.
2024-09-17 20:09:00,784 [ERROR] LogOutputStream:75 - [STDERR_REDIRECT] 
2024-09-17 20:09:13,033 [ERROR] LogOutputStream:75 - [STDERR_REDIRECT] Exception in thread "AWT-EventQueue-0" java.lang.NullPointerException: Cannot invoke "com.st.stm32cube.common.mx.targetselector.IdeMcuFinder.cleanUp(boolean)" because "this.this$0.mcuFinder" is null
2024-09-17 20:09:13,034 [ERROR] LogOutputStream:75 - [STDERR_REDIRECT] 	at com.st.stm32cube.common.mx.targetselector.TargetSelectorAdapter$7.run(TargetSelectorAdapter.java:353)
2024-09-17 20:09:13,034 [ERROR] LogOutputStream:75 - [STDERR_REDIRECT] 	at com.st.stm32cube.common.mx.oss.core.awtswtbridge.AwtEnvironment$2.run(AwtEnvironment.java:166)
2024-09-17 20:09:13,035 [ERROR] LogOutputStream:75 - [STDERR_REDIRECT] 	at java.desktop/java.awt.event.InvocationEvent.dispatch(InvocationEvent.java:318)
2024-09-17 20:09:13,035 [ERROR] LogOutputStream:75 - [STDERR_REDIRECT] 	at java.desktop/java.awt.EventQueue.dispatchEventImpl(EventQueue.java:773)
2024-09-17 20:09:13,035 [ERROR] LogOutputStream:75 - [STDERR_REDIRECT] 	at java.desktop/java.awt.EventQueue$4.run(EventQueue.java:720)
2024-09-17 20:09:13,035 [ERROR] LogOutputStream:75 - [STDERR_REDIRECT] 	at java.desktop/java.awt.EventQueue$4.run(EventQueue.java:714)
2024-09-17 20:09:13,036 [ERROR] LogOutputStream:75 - [STDERR_REDIRECT] 	at java.base/java.security.AccessController.doPrivileged(AccessController.java:399)
2024-09-17 20:09:13,036 [ERROR] LogOutputStream:75 - [STDERR_REDIRECT] 	at java.base/java.security.ProtectionDomain$JavaSecurityAccessImpl.doIntersectionPrivilege(ProtectionDomain.java:86)
2024-09-17 20:09:13,036 [ERROR] LogOutputStream:75 - [STDERR_REDIRECT] 	at java.desktop/java.awt.EventQueue.dispatchEvent(EventQueue.java:742)
2024-09-17 20:09:13,036 [ERROR] LogOutputStream:75 - [STDERR_REDIRECT] 	at java.desktop/java.awt.EventDispatchThread.pumpOneEventForFilters(EventDispatchThread.java:203)
2024-09-17 20:09:13,037 [ERROR] LogOutputStream:75 - [STDERR_REDIRECT] 	at java.desktop/java.awt.EventDispatchThread.pumpEventsForFilter(EventDispatchThread.java:124)
2024-09-17 20:09:13,037 [ERROR] LogOutputStream:75 - [STDERR_REDIRECT] 	at java.desktop/java.awt.EventDispatchThread.pumpEventsForHierarchy(EventDispatchThread.java:113)
2024-09-17 20:09:13,037 [ERROR] LogOutputStream:75 - [STDERR_REDIRECT] 	at java.desktop/java.awt.EventDispatchThread.pumpEvents(EventDispatchThread.java:109)
2024-09-17 20:09:13,037 [ERROR] LogOutputStream:75 - [STDERR_REDIRECT] 	at java.desktop/java.awt.EventDispatchThread.pumpEvents(EventDispatchThread.java:101)
2024-09-17 20:09:13,037 [ERROR] LogOutputStream:75 - [STDERR_REDIRECT] 	at java.desktop/java.awt.EventDispatchThread.run(EventDispatchThread.java:90)
2024-09-17 20:09:30,793 [ERROR] LogOutputStream:75 - [STDERR_REDIRECT] Sep 17, 2024 8:09:30 PM java.util.prefs.FileSystemPreferences checkLockFile0ErrorCode
2024-09-17 20:09:30,793 [ERROR] LogOutputStream:75 - [STDERR_REDIRECT] WARNING: Could not lock System prefs. Unix error code 30544.
2024-09-17 20:09:30,794 [ERROR] LogOutputStream:75 - [STDERR_REDIRECT] 
2024-09-17 20:09:30,795 [ERROR] LogOutputStream:75 - [STDERR_REDIRECT] Sep 17, 2024 8:09:30 PM java.util.prefs.FileSystemPreferences syncWorld
2024-09-17 20:09:30,796 [ERROR] LogOutputStream:75 - [STDERR_REDIRECT] WARNING: Couldn't flush system prefs: java.util.prefs.BackingStoreException: Couldn't get file lock.
2024-09-17 20:09:30,796 [ERROR] LogOutputStream:75 - [STDERR_REDIRECT] 
2024-09-17 20:10:00,794 [ERROR] LogOutputStream:75 - [STDERR_REDIRECT] Sep 17, 2024 8:10:00 PM java.util.prefs.FileSystemPreferences checkLockFile0ErrorCode
2024-09-17 20:10:00,794 [ERROR] LogOutputStream:75 - [STDERR_REDIRECT] WARNING: Could not lock System prefs. Unix error code 30544.
2024-09-17 20:10:00,795 [ERROR] LogOutputStream:75 - [STDERR_REDIRECT] 
2024-09-17 20:10:00,795 [ERROR] LogOutputStream:75 - [STDERR_REDIRECT] Sep 17, 2024 8:10:00 PM java.util.prefs.FileSystemPreferences syncWorld
2024-09-17 20:10:00,796 [ERROR] LogOutputStream:75 - [STDERR_REDIRECT] WARNING: Couldn't flush system prefs: java.util.prefs.BackingStoreException: Couldn't get file lock.
2024-09-17 20:10:00,796 [ERROR] LogOutputStream:75 - [STDERR_REDIRECT] 
2024-09-17 20:10:30,785 [ERROR] LogOutputStream:75 - [STDERR_REDIRECT] Sep 17, 2024 8:10:30 PM java.util.prefs.FileSystemPreferences checkLockFile0ErrorCode
2024-09-17 20:10:30,786 [ERROR] LogOutputStream:75 - [STDERR_REDIRECT] WARNING: Could not lock System prefs. Unix error code 30544.
2024-09-17 20:10:30,786 [ERROR] LogOutputStream:75 - [STDERR_REDIRECT] 
2024-09-17 20:10:30,787 [ERROR] LogOutputStream:75 - [STDERR_REDIRECT] Sep 17, 2024 8:10:30 PM java.util.prefs.FileSystemPreferences syncWorld
2024-09-17 20:10:30,788 [ERROR] LogOutputStream:75 - [STDERR_REDIRECT] WARNING: Couldn't flush system prefs: java.util.prefs.BackingStoreException: Couldn't get file lock.
2024-09-17 20:10:30,788 [ERROR] LogOutputStream:75 - [STDERR_REDIRECT] 
2024-09-17 20:11:00,786 [ERROR] LogOutputStream:75 - [STDERR_REDIRECT] Sep 17, 2024 8:11:00 PM java.util.prefs.FileSystemPreferences checkLockFile0ErrorCode
2024-09-17 20:11:00,787 [ERROR] LogOutputStream:75 - [STDERR_REDIRECT] WARNING: Could not lock System prefs. Unix error code -775182216.
2024-09-17 20:11:00,787 [ERROR] LogOutputStream:75 - [STDERR_REDIRECT] 
2024-09-17 20:11:00,788 [ERROR] LogOutputStream:75 - [STDERR_REDIRECT] Sep 17, 2024 8:11:00 PM java.util.prefs.FileSystemPreferences syncWorld
2024-09-17 20:11:00,788 [ERROR] LogOutputStream:75 - [STDERR_REDIRECT] WARNING: Couldn't flush system prefs: java.util.prefs.BackingStoreException: Couldn't get file lock.
2024-09-17 20:11:00,789 [ERROR] LogOutputStream:75 - [STDERR_REDIRECT] 
2024-09-17 20:11:30,798 [ERROR] LogOutputStream:75 - [STDERR_REDIRECT] Sep 17, 2024 8:11:30 PM java.util.prefs.FileSystemPreferences checkLockFile0ErrorCode
2024-09-17 20:11:30,800 [ERROR] LogOutputStream:75 - [STDERR_REDIRECT] WARNING: Could not lock System prefs. Unix error code 5.
2024-09-17 20:11:30,800 [ERROR] LogOutputStream:75 - [STDERR_REDIRECT] 
2024-09-17 20:11:30,801 [ERROR] LogOutputStream:75 - [STDERR_REDIRECT] Sep 17, 2024 8:11:30 PM java.util.prefs.FileSystemPreferences syncWorld
2024-09-17 20:11:30,802 [ERROR] LogOutputStream:75 - [STDERR_REDIRECT] WARNING: Couldn't flush system prefs: java.util.prefs.BackingStoreException: Couldn't get file lock.
2024-09-17 20:11:30,802 [ERROR] LogOutputStream:75 - [STDERR_REDIRECT] 
2024-09-17 20:12:00,786 [ERROR] LogOutputStream:75 - [STDERR_REDIRECT] Sep 17, 2024 8:12:00 PM java.util.prefs.FileSystemPreferences checkLockFile0ErrorCode
2024-09-17 20:12:00,787 [ERROR] LogOutputStream:75 - [STDERR_REDIRECT] WARNING: Could not lock System prefs. Unix error code 5.
2024-09-17 20:12:00,788 [ERROR] LogOutputStream:75 - [STDERR_REDIRECT] 
2024-09-17 20:12:00,789 [ERROR] LogOutputStream:75 - [STDERR_REDIRECT] Sep 17, 2024 8:12:00 PM java.util.prefs.FileSystemPreferences syncWorld
2024-09-17 20:12:00,789 [ERROR] LogOutputStream:75 - [STDERR_REDIRECT] WARNING: Couldn't flush system prefs: java.util.prefs.BackingStoreException: Couldn't get file lock.
2024-09-17 20:12:00,790 [ERROR] LogOutputStream:75 - [STDERR_REDIRECT] 
2024-09-17 20:12:30,785 [ERROR] LogOutputStream:75 - [STDERR_REDIRECT] Sep 17, 2024 8:12:30 PM java.util.prefs.FileSystemPreferences checkLockFile0ErrorCode
2024-09-17 20:12:30,822 [ERROR] LogOutputStream:75 - [STDERR_REDIRECT] WARNING: Could not lock System prefs. Unix error code 5.
2024-09-17 20:12:30,822 [ERROR] LogOutputStream:75 - [STDERR_REDIRECT] 
2024-09-17 20:12:30,823 [ERROR] LogOutputStream:75 - [STDERR_REDIRECT] Sep 17, 2024 8:12:30 PM java.util.prefs.FileSystemPreferences syncWorld
2024-09-17 20:12:30,824 [ERROR] LogOutputStream:75 - [STDERR_REDIRECT] WARNING: Couldn't flush system prefs: java.util.prefs.BackingStoreException: Couldn't get file lock.
2024-09-17 20:12:30,825 [ERROR] LogOutputStream:75 - [STDERR_REDIRECT] 
2024-09-17 20:13:00,785 [ERROR] LogOutputStream:75 - [STDERR_REDIRECT] Sep 17, 2024 8:13:00 PM java.util.prefs.FileSystemPreferences checkLockFile0ErrorCode
2024-09-17 20:13:00,786 [ERROR] LogOutputStream:75 - [STDERR_REDIRECT] WARNING: Could not lock System prefs. Unix error code 5.
2024-09-17 20:13:00,786 [ERROR] LogOutputStream:75 - [STDERR_REDIRECT] 
2024-09-17 20:13:00,787 [ERROR] LogOutputStream:75 - [STDERR_REDIRECT] Sep 17, 2024 8:13:00 PM java.util.prefs.FileSystemPreferences syncWorld
2024-09-17 20:13:00,788 [ERROR] LogOutputStream:75 - [STDERR_REDIRECT] WARNING: Couldn't flush system prefs: java.util.prefs.BackingStoreException: Couldn't get file lock.
2024-09-17 20:13:00,788 [ERROR] LogOutputStream:75 - [STDERR_REDIRECT] 
2024-09-17 20:13:30,785 [ERROR] LogOutputStream:75 - [STDERR_REDIRECT] Sep 17, 2024 8:13:30 PM java.util.prefs.FileSystemPreferences checkLockFile0ErrorCode
2024-09-17 20:13:30,786 [ERROR] LogOutputStream:75 - [STDERR_REDIRECT] WARNING: Could not lock System prefs. Unix error code 5.
2024-09-17 20:13:30,786 [ERROR] LogOutputStream:75 - [STDERR_REDIRECT] 
2024-09-17 20:13:30,786 [ERROR] LogOutputStream:75 - [STDERR_REDIRECT] Sep 17, 2024 8:13:30 PM java.util.prefs.FileSystemPreferences syncWorld
2024-09-17 20:13:30,787 [ERROR] LogOutputStream:75 - [STDERR_REDIRECT] WARNING: Couldn't flush system prefs: java.util.prefs.BackingStoreException: Couldn't get file lock.
2024-09-17 20:13:30,787 [ERROR] LogOutputStream:75 - [STDERR_REDIRECT] 
2024-09-17 20:14:00,786 [ERROR] LogOutputStream:75 - [STDERR_REDIRECT] Sep 17, 2024 8:14:00 PM java.util.prefs.FileSystemPreferences checkLockFile0ErrorCode
2024-09-17 20:14:00,792 [ERROR] LogOutputStream:75 - [STDERR_REDIRECT] WARNING: Could not lock System prefs. Unix error code 5.
2024-09-17 20:14:00,792 [ERROR] LogOutputStream:75 - [STDERR_REDIRECT] 
2024-09-17 20:14:00,794 [ERROR] LogOutputStream:75 - [STDERR_REDIRECT] Sep 17, 2024 8:14:00 PM java.util.prefs.FileSystemPreferences syncWorld
2024-09-17 20:14:00,795 [ERROR] LogOutputStream:75 - [STDERR_REDIRECT] WARNING: Couldn't flush system prefs: java.util.prefs.BackingStoreException: Couldn't get file lock.
2024-09-17 20:14:00,796 [ERROR] LogOutputStream:75 - [STDERR_REDIRECT] 
2024-09-17 20:14:30,786 [ERROR] LogOutputStream:75 - [STDERR_REDIRECT] Sep 17, 2024 8:14:30 PM java.util.prefs.FileSystemPreferences checkLockFile0ErrorCode
2024-09-17 20:14:30,787 [ERROR] LogOutputStream:75 - [STDERR_REDIRECT] WARNING: Could not lock System prefs. Unix error code 5.
2024-09-17 20:14:30,788 [ERROR] LogOutputStream:75 - [STDERR_REDIRECT] 
2024-09-17 20:14:30,790 [ERROR] LogOutputStream:75 - [STDERR_REDIRECT] Sep 17, 2024 8:14:30 PM java.util.prefs.FileSystemPreferences syncWorld
2024-09-17 20:14:30,791 [ERROR] LogOutputStream:75 - [STDERR_REDIRECT] WARNING: Couldn't flush system prefs: java.util.prefs.BackingStoreException: Couldn't get file lock.
2024-09-17 20:14:30,792 [ERROR] LogOutputStream:75 - [STDERR_REDIRECT] 
2024-09-17 20:15:00,793 [ERROR] LogOutputStream:75 - [STDERR_REDIRECT] Sep 17, 2024 8:15:00 PM java.util.prefs.FileSystemPreferences checkLockFile0ErrorCode
2024-09-17 20:15:00,793 [ERROR] LogOutputStream:75 - [STDERR_REDIRECT] WARNING: Could not lock System prefs. Unix error code 5.
2024-09-17 20:15:00,793 [ERROR] LogOutputStream:75 - [STDERR_REDIRECT] 
2024-09-17 20:15:00,794 [ERROR] LogOutputStream:75 - [STDERR_REDIRECT] Sep 17, 2024 8:15:00 PM java.util.prefs.FileSystemPreferences syncWorld
2024-09-17 20:15:00,794 [ERROR] LogOutputStream:75 - [STDERR_REDIRECT] WARNING: Couldn't flush system prefs: java.util.prefs.BackingStoreException: Couldn't get file lock.
2024-09-17 20:15:00,794 [ERROR] LogOutputStream:75 - [STDERR_REDIRECT] 
2024-09-17 20:15:30,787 [ERROR] LogOutputStream:75 - [STDERR_REDIRECT] Sep 17, 2024 8:15:30 PM java.util.prefs.FileSystemPreferences checkLockFile0ErrorCode
2024-09-17 20:15:30,789 [ERROR] LogOutputStream:75 - [STDERR_REDIRECT] WARNING: Could not lock System prefs. Unix error code 5.
2024-09-17 20:15:30,791 [ERROR] LogOutputStream:75 - [STDERR_REDIRECT] 
2024-09-17 20:15:30,792 [ERROR] LogOutputStream:75 - [STDERR_REDIRECT] Sep 17, 2024 8:15:30 PM java.util.prefs.FileSystemPreferences syncWorld
2024-09-17 20:15:30,792 [ERROR] LogOutputStream:75 - [STDERR_REDIRECT] WARNING: Couldn't flush system prefs: java.util.prefs.BackingStoreException: Couldn't get file lock.
2024-09-17 20:15:30,793 [ERROR] LogOutputStream:75 - [STDERR_REDIRECT] 
2024-09-17 20:16:00,786 [ERROR] LogOutputStream:75 - [STDERR_REDIRECT] Sep 17, 2024 8:16:00 PM java.util.prefs.FileSystemPreferences checkLockFile0ErrorCode
2024-09-17 20:16:00,786 [ERROR] LogOutputStream:75 - [STDERR_REDIRECT] WARNING: Could not lock System prefs. Unix error code 5.
2024-09-17 20:16:00,787 [ERROR] LogOutputStream:75 - [STDERR_REDIRECT] 
2024-09-17 20:16:00,788 [ERROR] LogOutputStream:75 - [STDERR_REDIRECT] Sep 17, 2024 8:16:00 PM java.util.prefs.FileSystemPreferences syncWorld
2024-09-17 20:16:00,788 [ERROR] LogOutputStream:75 - [STDERR_REDIRECT] WARNING: Couldn't flush system prefs: java.util.prefs.BackingStoreException: Couldn't get file lock.
2024-09-17 20:16:00,788 [ERROR] LogOutputStream:75 - [STDERR_REDIRECT] 
2024-09-17 20:16:30,785 [ERROR] LogOutputStream:75 - [STDERR_REDIRECT] Sep 17, 2024 8:16:30 PM java.util.prefs.FileSystemPreferences checkLockFile0ErrorCode
2024-09-17 20:16:30,786 [ERROR] LogOutputStream:75 - [STDERR_REDIRECT] WARNING: Could not lock System prefs. Unix error code 5.
2024-09-17 20:16:30,786 [ERROR] LogOutputStream:75 - [STDERR_REDIRECT] 
2024-09-17 20:16:30,787 [ERROR] LogOutputStream:75 - [STDERR_REDIRECT] Sep 17, 2024 8:16:30 PM java.util.prefs.FileSystemPreferences syncWorld
2024-09-17 20:16:30,787 [ERROR] LogOutputStream:75 - [STDERR_REDIRECT] WARNING: Couldn't flush system prefs: java.util.prefs.BackingStoreException: Couldn't get file lock.
2024-09-17 20:16:30,787 [ERROR] LogOutputStream:75 - [STDERR_REDIRECT] 
2024-09-17 20:17:00,784 [ERROR] LogOutputStream:75 - [STDERR_REDIRECT] Sep 17, 2024 8:17:00 PM java.util.prefs.FileSystemPreferences checkLockFile0ErrorCode
2024-09-17 20:17:00,784 [ERROR] LogOutputStream:75 - [STDERR_REDIRECT] WARNING: Could not lock System prefs. Unix error code 5.
2024-09-17 20:17:00,784 [ERROR] LogOutputStream:75 - [STDERR_REDIRECT] 
2024-09-17 20:17:00,784 [ERROR] LogOutputStream:75 - [STDERR_REDIRECT] Sep 17, 2024 8:17:00 PM java.util.prefs.FileSystemPreferences syncWorld
2024-09-17 20:17:00,784 [ERROR] LogOutputStream:75 - [STDERR_REDIRECT] WARNING: Couldn't flush system prefs: java.util.prefs.BackingStoreException: Couldn't get file lock.
2024-09-17 20:17:00,784 [ERROR] LogOutputStream:75 - [STDERR_REDIRECT] 
2024-09-17 20:17:30,786 [ERROR] LogOutputStream:75 - [STDERR_REDIRECT] Sep 17, 2024 8:17:30 PM java.util.prefs.FileSystemPreferences checkLockFile0ErrorCode
2024-09-17 20:17:30,787 [ERROR] LogOutputStream:75 - [STDERR_REDIRECT] WARNING: Could not lock System prefs. Unix error code 5.
2024-09-17 20:17:30,788 [ERROR] LogOutputStream:75 - [STDERR_REDIRECT] 
2024-09-17 20:17:30,788 [ERROR] LogOutputStream:75 - [STDERR_REDIRECT] Sep 17, 2024 8:17:30 PM java.util.prefs.FileSystemPreferences syncWorld
2024-09-17 20:17:30,789 [ERROR] LogOutputStream:75 - [STDERR_REDIRECT] WARNING: Couldn't flush system prefs: java.util.prefs.BackingStoreException: Couldn't get file lock.
2024-09-17 20:17:30,789 [ERROR] LogOutputStream:75 - [STDERR_REDIRECT] 
2024-09-17 20:18:00,786 [ERROR] LogOutputStream:75 - [STDERR_REDIRECT] Sep 17, 2024 8:18:00 PM java.util.prefs.FileSystemPreferences checkLockFile0ErrorCode
2024-09-17 20:18:00,786 [ERROR] LogOutputStream:75 - [STDERR_REDIRECT] WARNING: Could not lock System prefs. Unix error code 5.
2024-09-17 20:18:00,786 [ERROR] LogOutputStream:75 - [STDERR_REDIRECT] 
2024-09-17 20:18:00,787 [ERROR] LogOutputStream:75 - [STDERR_REDIRECT] Sep 17, 2024 8:18:00 PM java.util.prefs.FileSystemPreferences syncWorld
2024-09-17 20:18:00,787 [ERROR] LogOutputStream:75 - [STDERR_REDIRECT] WARNING: Couldn't flush system prefs: java.util.prefs.BackingStoreException: Couldn't get file lock.
2024-09-17 20:18:00,787 [ERROR] LogOutputStream:75 - [STDERR_REDIRECT] 
2024-09-17 20:18:30,787 [ERROR] LogOutputStream:75 - [STDERR_REDIRECT] Sep 17, 2024 8:18:30 PM java.util.prefs.FileSystemPreferences checkLockFile0ErrorCode
2024-09-17 20:18:30,788 [ERROR] LogOutputStream:75 - [STDERR_REDIRECT] WARNING: Could not lock System prefs. Unix error code 5.
2024-09-17 20:18:30,788 [ERROR] LogOutputStream:75 - [STDERR_REDIRECT] 
2024-09-17 20:18:30,789 [ERROR] LogOutputStream:75 - [STDERR_REDIRECT] Sep 17, 2024 8:18:30 PM java.util.prefs.FileSystemPreferences syncWorld
2024-09-17 20:18:30,790 [ERROR] LogOutputStream:75 - [STDERR_REDIRECT] WARNING: Couldn't flush system prefs: java.util.prefs.BackingStoreException: Couldn't get file lock.
2024-09-17 20:18:30,790 [ERROR] LogOutputStream:75 - [STDERR_REDIRECT] 
2024-09-17 20:19:00,787 [ERROR] LogOutputStream:75 - [STDERR_REDIRECT] Sep 17, 2024 8:19:00 PM java.util.prefs.FileSystemPreferences checkLockFile0ErrorCode
2024-09-17 20:19:00,788 [ERROR] LogOutputStream:75 - [STDERR_REDIRECT] WARNING: Could not lock System prefs. Unix error code 5.
2024-09-17 20:19:00,788 [ERROR] LogOutputStream:75 - [STDERR_REDIRECT] 
2024-09-17 20:19:00,789 [ERROR] LogOutputStream:75 - [STDERR_REDIRECT] Sep 17, 2024 8:19:00 PM java.util.prefs.FileSystemPreferences syncWorld
2024-09-17 20:19:00,790 [ERROR] LogOutputStream:75 - [STDERR_REDIRECT] WARNING: Couldn't flush system prefs: java.util.prefs.BackingStoreException: Couldn't get file lock.
2024-09-17 20:19:00,790 [ERROR] LogOutputStream:75 - [STDERR_REDIRECT] 
2024-09-17 20:19:30,786 [ERROR] LogOutputStream:75 - [STDERR_REDIRECT] Sep 17, 2024 8:19:30 PM java.util.prefs.FileSystemPreferences checkLockFile0ErrorCode
2024-09-17 20:19:30,786 [ERROR] LogOutputStream:75 - [STDERR_REDIRECT] WARNING: Could not lock System prefs. Unix error code 5.
2024-09-17 20:19:30,786 [ERROR] LogOutputStream:75 - [STDERR_REDIRECT] 
2024-09-17 20:19:30,787 [ERROR] LogOutputStream:75 - [STDERR_REDIRECT] Sep 17, 2024 8:19:30 PM java.util.prefs.FileSystemPreferences syncWorld
2024-09-17 20:19:30,787 [ERROR] LogOutputStream:75 - [STDERR_REDIRECT] WARNING: Couldn't flush system prefs: java.util.prefs.BackingStoreException: Couldn't get file lock.
2024-09-17 20:19:30,787 [ERROR] LogOutputStream:75 - [STDERR_REDIRECT] 
2024-09-17 20:20:00,788 [ERROR] LogOutputStream:75 - [STDERR_REDIRECT] Sep 17, 2024 8:20:00 PM java.util.prefs.FileSystemPreferences checkLockFile0ErrorCode
2024-09-17 20:20:00,788 [ERROR] LogOutputStream:75 - [STDERR_REDIRECT] WARNING: Could not lock System prefs. Unix error code 5.
2024-09-17 20:20:00,789 [ERROR] LogOutputStream:75 - [STDERR_REDIRECT] 
2024-09-17 20:20:00,789 [ERROR] LogOutputStream:75 - [STDERR_REDIRECT] Sep 17, 2024 8:20:00 PM java.util.prefs.FileSystemPreferences syncWorld
2024-09-17 20:20:00,790 [ERROR] LogOutputStream:75 - [STDERR_REDIRECT] WARNING: Couldn't flush system prefs: java.util.prefs.BackingStoreException: Couldn't get file lock.
2024-09-17 20:20:00,790 [ERROR] LogOutputStream:75 - [STDERR_REDIRECT] 
2024-09-17 20:20:30,786 [ERROR] LogOutputStream:75 - [STDERR_REDIRECT] Sep 17, 2024 8:20:30 PM java.util.prefs.FileSystemPreferences checkLockFile0ErrorCode
2024-09-17 20:20:30,786 [ERROR] LogOutputStream:75 - [STDERR_REDIRECT] WARNING: Could not lock System prefs. Unix error code 5.
2024-09-17 20:20:30,786 [ERROR] LogOutputStream:75 - [STDERR_REDIRECT] 
2024-09-17 20:20:30,786 [ERROR] LogOutputStream:75 - [STDERR_REDIRECT] Sep 17, 2024 8:20:30 PM java.util.prefs.FileSystemPreferences syncWorld
2024-09-17 20:20:30,786 [ERROR] LogOutputStream:75 - [STDERR_REDIRECT] WARNING: Couldn't flush system prefs: java.util.prefs.BackingStoreException: Couldn't get file lock.
2024-09-17 20:20:30,786 [ERROR] LogOutputStream:75 - [STDERR_REDIRECT] 
2024-09-17 20:21:00,787 [ERROR] LogOutputStream:75 - [STDERR_REDIRECT] Sep 17, 2024 8:21:00 PM java.util.prefs.FileSystemPreferences checkLockFile0ErrorCode
2024-09-17 20:21:00,788 [ERROR] LogOutputStream:75 - [STDERR_REDIRECT] WARNING: Could not lock System prefs. Unix error code 5.
2024-09-17 20:21:00,788 [ERROR] LogOutputStream:75 - [STDERR_REDIRECT] 
2024-09-17 20:21:00,790 [ERROR] LogOutputStream:75 - [STDERR_REDIRECT] Sep 17, 2024 8:21:00 PM java.util.prefs.FileSystemPreferences syncWorld
2024-09-17 20:21:00,791 [ERROR] LogOutputStream:75 - [STDERR_REDIRECT] WARNING: Couldn't flush system prefs: java.util.prefs.BackingStoreException: Couldn't get file lock.
2024-09-17 20:21:00,792 [ERROR] LogOutputStream:75 - [STDERR_REDIRECT] 
2024-09-17 20:21:30,788 [ERROR] LogOutputStream:75 - [STDERR_REDIRECT] Sep 17, 2024 8:21:30 PM java.util.prefs.FileSystemPreferences checkLockFile0ErrorCode
2024-09-17 20:21:30,789 [ERROR] LogOutputStream:75 - [STDERR_REDIRECT] WARNING: Could not lock System prefs. Unix error code 5.
2024-09-17 20:21:30,790 [ERROR] LogOutputStream:75 - [STDERR_REDIRECT] 
2024-09-17 20:21:30,792 [ERROR] LogOutputStream:75 - [STDERR_REDIRECT] Sep 17, 2024 8:21:30 PM java.util.prefs.FileSystemPreferences syncWorld
2024-09-17 20:21:30,793 [ERROR] LogOutputStream:75 - [STDERR_REDIRECT] WARNING: Couldn't flush system prefs: java.util.prefs.BackingStoreException: Couldn't get file lock.
2024-09-17 20:21:30,793 [ERROR] LogOutputStream:75 - [STDERR_REDIRECT] 
2024-09-17 20:22:00,789 [ERROR] LogOutputStream:75 - [STDERR_REDIRECT] Sep 17, 2024 8:22:00 PM java.util.prefs.FileSystemPreferences checkLockFile0ErrorCode
2024-09-17 20:22:00,790 [ERROR] LogOutputStream:75 - [STDERR_REDIRECT] WARNING: Could not lock System prefs. Unix error code 5.
2024-09-17 20:22:00,791 [ERROR] LogOutputStream:75 - [STDERR_REDIRECT] 
2024-09-17 20:22:00,792 [ERROR] LogOutputStream:75 - [STDERR_REDIRECT] Sep 17, 2024 8:22:00 PM java.util.prefs.FileSystemPreferences syncWorld
2024-09-17 20:22:00,793 [ERROR] LogOutputStream:75 - [STDERR_REDIRECT] WARNING: Couldn't flush system prefs: java.util.prefs.BackingStoreException: Couldn't get file lock.
2024-09-17 20:22:00,794 [ERROR] LogOutputStream:75 - [STDERR_REDIRECT] 
2024-09-17 20:22:30,787 [ERROR] LogOutputStream:75 - [STDERR_REDIRECT] Sep 17, 2024 8:22:30 PM java.util.prefs.FileSystemPreferences checkLockFile0ErrorCode
2024-09-17 20:22:30,788 [ERROR] LogOutputStream:75 - [STDERR_REDIRECT] WARNING: Could not lock System prefs. Unix error code 5.
2024-09-17 20:22:30,788 [ERROR] LogOutputStream:75 - [STDERR_REDIRECT] 
2024-09-17 20:22:30,789 [ERROR] LogOutputStream:75 - [STDERR_REDIRECT] Sep 17, 2024 8:22:30 PM java.util.prefs.FileSystemPreferences syncWorld
2024-09-17 20:22:30,789 [ERROR] LogOutputStream:75 - [STDERR_REDIRECT] WARNING: Couldn't flush system prefs: java.util.prefs.BackingStoreException: Couldn't get file lock.
2024-09-17 20:22:30,789 [ERROR] LogOutputStream:75 - [STDERR_REDIRECT] 
2024-09-17 20:23:00,787 [ERROR] LogOutputStream:75 - [STDERR_REDIRECT] Sep 17, 2024 8:23:00 PM java.util.prefs.FileSystemPreferences checkLockFile0ErrorCode
2024-09-17 20:23:00,787 [ERROR] LogOutputStream:75 - [STDERR_REDIRECT] WARNING: Could not lock System prefs. Unix error code 5.
2024-09-17 20:23:00,788 [ERROR] LogOutputStream:75 - [STDERR_REDIRECT] 
2024-09-17 20:23:00,788 [ERROR] LogOutputStream:75 - [STDERR_REDIRECT] Sep 17, 2024 8:23:00 PM java.util.prefs.FileSystemPreferences syncWorld
2024-09-17 20:23:00,788 [ERROR] LogOutputStream:75 - [STDERR_REDIRECT] WARNING: Couldn't flush system prefs: java.util.prefs.BackingStoreException: Couldn't get file lock.
2024-09-17 20:23:00,788 [ERROR] LogOutputStream:75 - [STDERR_REDIRECT] 
2024-09-17 20:23:30,785 [ERROR] LogOutputStream:75 - [STDERR_REDIRECT] Sep 17, 2024 8:23:30 PM java.util.prefs.FileSystemPreferences checkLockFile0ErrorCode
2024-09-17 20:23:30,785 [ERROR] LogOutputStream:75 - [STDERR_REDIRECT] WARNING: Could not lock System prefs. Unix error code 5.
2024-09-17 20:23:30,786 [ERROR] LogOutputStream:75 - [STDERR_REDIRECT] 
2024-09-17 20:23:30,786 [ERROR] LogOutputStream:75 - [STDERR_REDIRECT] Sep 17, 2024 8:23:30 PM java.util.prefs.FileSystemPreferences syncWorld
2024-09-17 20:23:30,786 [ERROR] LogOutputStream:75 - [STDERR_REDIRECT] WARNING: Couldn't flush system prefs: java.util.prefs.BackingStoreException: Couldn't get file lock.
2024-09-17 20:23:30,786 [ERROR] LogOutputStream:75 - [STDERR_REDIRECT] 
2024-09-17 20:24:00,788 [ERROR] LogOutputStream:75 - [STDERR_REDIRECT] Sep 17, 2024 8:24:00 PM java.util.prefs.FileSystemPreferences checkLockFile0ErrorCode
2024-09-17 20:24:00,788 [ERROR] LogOutputStream:75 - [STDERR_REDIRECT] WARNING: Could not lock System prefs. Unix error code 5.
2024-09-17 20:24:00,789 [ERROR] LogOutputStream:75 - [STDERR_REDIRECT] 
2024-09-17 20:24:00,790 [ERROR] LogOutputStream:75 - [STDERR_REDIRECT] Sep 17, 2024 8:24:00 PM java.util.prefs.FileSystemPreferences syncWorld
2024-09-17 20:24:00,790 [ERROR] LogOutputStream:75 - [STDERR_REDIRECT] WARNING: Couldn't flush system prefs: java.util.prefs.BackingStoreException: Couldn't get file lock.
2024-09-17 20:24:00,790 [ERROR] LogOutputStream:75 - [STDERR_REDIRECT] 
2024-09-17 20:24:30,788 [ERROR] LogOutputStream:75 - [STDERR_REDIRECT] Sep 17, 2024 8:24:30 PM java.util.prefs.FileSystemPreferences checkLockFile0ErrorCode
2024-09-17 20:24:30,789 [ERROR] LogOutputStream:75 - [STDERR_REDIRECT] WARNING: Could not lock System prefs. Unix error code 5.
2024-09-17 20:24:30,789 [ERROR] LogOutputStream:75 - [STDERR_REDIRECT] 
2024-09-17 20:24:30,789 [ERROR] LogOutputStream:75 - [STDERR_REDIRECT] Sep 17, 2024 8:24:30 PM java.util.prefs.FileSystemPreferences syncWorld
2024-09-17 20:24:30,790 [ERROR] LogOutputStream:75 - [STDERR_REDIRECT] WARNING: Couldn't flush system prefs: java.util.prefs.BackingStoreException: Couldn't get file lock.
2024-09-17 20:24:30,790 [ERROR] LogOutputStream:75 - [STDERR_REDIRECT] 
2024-09-17 20:25:00,792 [ERROR] LogOutputStream:75 - [STDERR_REDIRECT] Sep 17, 2024 8:25:00 PM java.util.prefs.FileSystemPreferences checkLockFile0ErrorCode
2024-09-17 20:25:00,792 [ERROR] LogOutputStream:75 - [STDERR_REDIRECT] WARNING: Could not lock System prefs. Unix error code 5.
2024-09-17 20:25:00,793 [ERROR] LogOutputStream:75 - [STDERR_REDIRECT] 
2024-09-17 20:25:00,793 [ERROR] LogOutputStream:75 - [STDERR_REDIRECT] Sep 17, 2024 8:25:00 PM java.util.prefs.FileSystemPreferences syncWorld
2024-09-17 20:25:00,794 [ERROR] LogOutputStream:75 - [STDERR_REDIRECT] WARNING: Couldn't flush system prefs: java.util.prefs.BackingStoreException: Couldn't get file lock.
2024-09-17 20:25:00,794 [ERROR] LogOutputStream:75 - [STDERR_REDIRECT] 
2024-09-17 20:25:30,788 [ERROR] LogOutputStream:75 - [STDERR_REDIRECT] Sep 17, 2024 8:25:30 PM java.util.prefs.FileSystemPreferences checkLockFile0ErrorCode
2024-09-17 20:25:30,789 [ERROR] LogOutputStream:75 - [STDERR_REDIRECT] WARNING: Could not lock System prefs. Unix error code 5.
2024-09-17 20:25:30,789 [ERROR] LogOutputStream:75 - [STDERR_REDIRECT] 
2024-09-17 20:25:30,790 [ERROR] LogOutputStream:75 - [STDERR_REDIRECT] Sep 17, 2024 8:25:30 PM java.util.prefs.FileSystemPreferences syncWorld
2024-09-17 20:25:30,790 [ERROR] LogOutputStream:75 - [STDERR_REDIRECT] WARNING: Couldn't flush system prefs: java.util.prefs.BackingStoreException: Couldn't get file lock.
2024-09-17 20:25:30,791 [ERROR] LogOutputStream:75 - [STDERR_REDIRECT] 
2024-09-17 20:26:00,787 [ERROR] LogOutputStream:75 - [STDERR_REDIRECT] Sep 17, 2024 8:26:00 PM java.util.prefs.FileSystemPreferences checkLockFile0ErrorCode
2024-09-17 20:26:00,788 [ERROR] LogOutputStream:75 - [STDERR_REDIRECT] WARNING: Could not lock System prefs. Unix error code 5.
2024-09-17 20:26:00,788 [ERROR] LogOutputStream:75 - [STDERR_REDIRECT] 
2024-09-17 20:26:00,790 [ERROR] LogOutputStream:75 - [STDERR_REDIRECT] Sep 17, 2024 8:26:00 PM java.util.prefs.FileSystemPreferences syncWorld
2024-09-17 20:26:00,790 [ERROR] LogOutputStream:75 - [STDERR_REDIRECT] WARNING: Couldn't flush system prefs: java.util.prefs.BackingStoreException: Couldn't get file lock.
2024-09-17 20:26:00,791 [ERROR] LogOutputStream:75 - [STDERR_REDIRECT] 
2024-09-17 20:26:30,788 [ERROR] LogOutputStream:75 - [STDERR_REDIRECT] Sep 17, 2024 8:26:30 PM java.util.prefs.FileSystemPreferences checkLockFile0ErrorCode
2024-09-17 20:26:30,788 [ERROR] LogOutputStream:75 - [STDERR_REDIRECT] WARNING: Could not lock System prefs. Unix error code 5.
2024-09-17 20:26:30,788 [ERROR] LogOutputStream:75 - [STDERR_REDIRECT] 
2024-09-17 20:26:30,789 [ERROR] LogOutputStream:75 - [STDERR_REDIRECT] Sep 17, 2024 8:26:30 PM java.util.prefs.FileSystemPreferences syncWorld
2024-09-17 20:26:30,789 [ERROR] LogOutputStream:75 - [STDERR_REDIRECT] WARNING: Couldn't flush system prefs: java.util.prefs.BackingStoreException: Couldn't get file lock.
2024-09-17 20:26:30,789 [ERROR] LogOutputStream:75 - [STDERR_REDIRECT] 
2024-09-17 20:27:00,788 [ERROR] LogOutputStream:75 - [STDERR_REDIRECT] Sep 17, 2024 8:27:00 PM java.util.prefs.FileSystemPreferences checkLockFile0ErrorCode
2024-09-17 20:27:00,788 [ERROR] LogOutputStream:75 - [STDERR_REDIRECT] WARNING: Could not lock System prefs. Unix error code 5.
2024-09-17 20:27:00,789 [ERROR] LogOutputStream:75 - [STDERR_REDIRECT] 
2024-09-17 20:27:00,790 [ERROR] LogOutputStream:75 - [STDERR_REDIRECT] Sep 17, 2024 8:27:00 PM java.util.prefs.FileSystemPreferences syncWorld
2024-09-17 20:27:00,790 [ERROR] LogOutputStream:75 - [STDERR_REDIRECT] WARNING: Couldn't flush system prefs: java.util.prefs.BackingStoreException: Couldn't get file lock.
2024-09-17 20:27:00,791 [ERROR] LogOutputStream:75 - [STDERR_REDIRECT] 
2024-09-17 20:27:30,788 [ERROR] LogOutputStream:75 - [STDERR_REDIRECT] Sep 17, 2024 8:27:30 PM java.util.prefs.FileSystemPreferences checkLockFile0ErrorCode
2024-09-17 20:27:30,788 [ERROR] LogOutputStream:75 - [STDERR_REDIRECT] WARNING: Could not lock System prefs. Unix error code 5.
2024-09-17 20:27:30,788 [ERROR] LogOutputStream:75 - [STDERR_REDIRECT] 
2024-09-17 20:27:30,789 [ERROR] LogOutputStream:75 - [STDERR_REDIRECT] Sep 17, 2024 8:27:30 PM java.util.prefs.FileSystemPreferences syncWorld
2024-09-17 20:27:30,789 [ERROR] LogOutputStream:75 - [STDERR_REDIRECT] WARNING: Couldn't flush system prefs: java.util.prefs.BackingStoreException: Couldn't get file lock.
2024-09-17 20:27:30,790 [ERROR] LogOutputStream:75 - [STDERR_REDIRECT] 
2024-09-17 20:28:00,787 [ERROR] LogOutputStream:75 - [STDERR_REDIRECT] Sep 17, 2024 8:28:00 PM java.util.prefs.FileSystemPreferences checkLockFile0ErrorCode
2024-09-17 20:28:00,787 [ERROR] LogOutputStream:75 - [STDERR_REDIRECT] WARNING: Could not lock System prefs. Unix error code 5.
2024-09-17 20:28:00,787 [ERROR] LogOutputStream:75 - [STDERR_REDIRECT] 
2024-09-17 20:28:00,787 [ERROR] LogOutputStream:75 - [STDERR_REDIRECT] Sep 17, 2024 8:28:00 PM java.util.prefs.FileSystemPreferences syncWorld
2024-09-17 20:28:00,788 [ERROR] LogOutputStream:75 - [STDERR_REDIRECT] WARNING: Couldn't flush system prefs: java.util.prefs.BackingStoreException: Couldn't get file lock.
2024-09-17 20:28:00,788 [ERROR] LogOutputStream:75 - [STDERR_REDIRECT] 
2024-09-17 20:28:30,787 [ERROR] LogOutputStream:75 - [STDERR_REDIRECT] Sep 17, 2024 8:28:30 PM java.util.prefs.FileSystemPreferences checkLockFile0ErrorCode
2024-09-17 20:28:30,788 [ERROR] LogOutputStream:75 - [STDERR_REDIRECT] WARNING: Could not lock System prefs. Unix error code 5.
2024-09-17 20:28:30,788 [ERROR] LogOutputStream:75 - [STDERR_REDIRECT] 
2024-09-17 20:28:30,789 [ERROR] LogOutputStream:75 - [STDERR_REDIRECT] Sep 17, 2024 8:28:30 PM java.util.prefs.FileSystemPreferences syncWorld
2024-09-17 20:28:30,789 [ERROR] LogOutputStream:75 - [STDERR_REDIRECT] WARNING: Couldn't flush system prefs: java.util.prefs.BackingStoreException: Couldn't get file lock.
2024-09-17 20:28:30,789 [ERROR] LogOutputStream:75 - [STDERR_REDIRECT] 
2024-09-17 20:29:00,788 [ERROR] LogOutputStream:75 - [STDERR_REDIRECT] Sep 17, 2024 8:29:00 PM java.util.prefs.FileSystemPreferences checkLockFile0ErrorCode
2024-09-17 20:29:00,789 [ERROR] LogOutputStream:75 - [STDERR_REDIRECT] WARNING: Could not lock System prefs. Unix error code 5.
2024-09-17 20:29:00,789 [ERROR] LogOutputStream:75 - [STDERR_REDIRECT] 
2024-09-17 20:29:00,790 [ERROR] LogOutputStream:75 - [STDERR_REDIRECT] Sep 17, 2024 8:29:00 PM java.util.prefs.FileSystemPreferences syncWorld
2024-09-17 20:29:00,791 [ERROR] LogOutputStream:75 - [STDERR_REDIRECT] WARNING: Couldn't flush system prefs: java.util.prefs.BackingStoreException: Couldn't get file lock.
2024-09-17 20:29:00,791 [ERROR] LogOutputStream:75 - [STDERR_REDIRECT] 
2024-09-17 20:29:30,789 [ERROR] LogOutputStream:75 - [STDERR_REDIRECT] Sep 17, 2024 8:29:30 PM java.util.prefs.FileSystemPreferences checkLockFile0ErrorCode
2024-09-17 20:29:30,789 [ERROR] LogOutputStream:75 - [STDERR_REDIRECT] WARNING: Could not lock System prefs. Unix error code 5.
2024-09-17 20:29:30,790 [ERROR] LogOutputStream:75 - [STDERR_REDIRECT] 
2024-09-17 20:29:30,790 [ERROR] LogOutputStream:75 - [STDERR_REDIRECT] Sep 17, 2024 8:29:30 PM java.util.prefs.FileSystemPreferences syncWorld
2024-09-17 20:29:30,791 [ERROR] LogOutputStream:75 - [STDERR_REDIRECT] WARNING: Couldn't flush system prefs: java.util.prefs.BackingStoreException: Couldn't get file lock.
2024-09-17 20:29:30,791 [ERROR] LogOutputStream:75 - [STDERR_REDIRECT] 
2024-09-17 20:30:00,790 [ERROR] LogOutputStream:75 - [STDERR_REDIRECT] Sep 17, 2024 8:30:00 PM java.util.prefs.FileSystemPreferences checkLockFile0ErrorCode
2024-09-17 20:30:00,791 [ERROR] LogOutputStream:75 - [STDERR_REDIRECT] WARNING: Could not lock System prefs. Unix error code 5.
2024-09-17 20:30:00,792 [ERROR] LogOutputStream:75 - [STDERR_REDIRECT] 
2024-09-17 20:30:00,793 [ERROR] LogOutputStream:75 - [STDERR_REDIRECT] Sep 17, 2024 8:30:00 PM java.util.prefs.FileSystemPreferences syncWorld
2024-09-17 20:30:00,794 [ERROR] LogOutputStream:75 - [STDERR_REDIRECT] WARNING: Couldn't flush system prefs: java.util.prefs.BackingStoreException: Couldn't get file lock.
2024-09-17 20:30:00,794 [ERROR] LogOutputStream:75 - [STDERR_REDIRECT] 
2024-09-17 20:30:30,790 [ERROR] LogOutputStream:75 - [STDERR_REDIRECT] Sep 17, 2024 8:30:30 PM java.util.prefs.FileSystemPreferences checkLockFile0ErrorCode
2024-09-17 20:30:30,790 [ERROR] LogOutputStream:75 - [STDERR_REDIRECT] WARNING: Could not lock System prefs. Unix error code 5.
2024-09-17 20:30:30,790 [ERROR] LogOutputStream:75 - [STDERR_REDIRECT] 
2024-09-17 20:30:30,791 [ERROR] LogOutputStream:75 - [STDERR_REDIRECT] Sep 17, 2024 8:30:30 PM java.util.prefs.FileSystemPreferences syncWorld
2024-09-17 20:30:30,791 [ERROR] LogOutputStream:75 - [STDERR_REDIRECT] WARNING: Couldn't flush system prefs: java.util.prefs.BackingStoreException: Couldn't get file lock.
2024-09-17 20:30:30,791 [ERROR] LogOutputStream:75 - [STDERR_REDIRECT] 
2024-09-17 20:31:00,791 [ERROR] LogOutputStream:75 - [STDERR_REDIRECT] Sep 17, 2024 8:31:00 PM java.util.prefs.FileSystemPreferences checkLockFile0ErrorCode
2024-09-17 20:31:00,792 [ERROR] LogOutputStream:75 - [STDERR_REDIRECT] WARNING: Could not lock System prefs. Unix error code 5.
2024-09-17 20:31:00,792 [ERROR] LogOutputStream:75 - [STDERR_REDIRECT] 
2024-09-17 20:31:00,793 [ERROR] LogOutputStream:75 - [STDERR_REDIRECT] Sep 17, 2024 8:31:00 PM java.util.prefs.FileSystemPreferences syncWorld
2024-09-17 20:31:00,793 [ERROR] LogOutputStream:75 - [STDERR_REDIRECT] WARNING: Couldn't flush system prefs: java.util.prefs.BackingStoreException: Couldn't get file lock.
2024-09-17 20:31:00,794 [ERROR] LogOutputStream:75 - [STDERR_REDIRECT] 
2024-09-17 20:31:30,791 [ERROR] LogOutputStream:75 - [STDERR_REDIRECT] Sep 17, 2024 8:31:30 PM java.util.prefs.FileSystemPreferences checkLockFile0ErrorCode
2024-09-17 20:31:30,792 [ERROR] LogOutputStream:75 - [STDERR_REDIRECT] WARNING: Could not lock System prefs. Unix error code 5.
2024-09-17 20:31:30,792 [ERROR] LogOutputStream:75 - [STDERR_REDIRECT] 
2024-09-17 20:31:30,793 [ERROR] LogOutputStream:75 - [STDERR_REDIRECT] Sep 17, 2024 8:31:30 PM java.util.prefs.FileSystemPreferences syncWorld
2024-09-17 20:31:30,794 [ERROR] LogOutputStream:75 - [STDERR_REDIRECT] WARNING: Couldn't flush system prefs: java.util.prefs.BackingStoreException: Couldn't get file lock.
2024-09-17 20:31:30,794 [ERROR] LogOutputStream:75 - [STDERR_REDIRECT] 
2024-09-17 20:32:00,791 [ERROR] LogOutputStream:75 - [STDERR_REDIRECT] Sep 17, 2024 8:32:00 PM java.util.prefs.FileSystemPreferences checkLockFile0ErrorCode
2024-09-17 20:32:00,792 [ERROR] LogOutputStream:75 - [STDERR_REDIRECT] WARNING: Could not lock System prefs. Unix error code 5.
2024-09-17 20:32:00,792 [ERROR] LogOutputStream:75 - [STDERR_REDIRECT] 
2024-09-17 20:32:00,793 [ERROR] LogOutputStream:75 - [STDERR_REDIRECT] Sep 17, 2024 8:32:00 PM java.util.prefs.FileSystemPreferences syncWorld
2024-09-17 20:32:00,794 [ERROR] LogOutputStream:75 - [STDERR_REDIRECT] WARNING: Couldn't flush system prefs: java.util.prefs.BackingStoreException: Couldn't get file lock.
2024-09-17 20:32:00,794 [ERROR] LogOutputStream:75 - [STDERR_REDIRECT] 
2024-09-17 20:32:30,791 [ERROR] LogOutputStream:75 - [STDERR_REDIRECT] Sep 17, 2024 8:32:30 PM java.util.prefs.FileSystemPreferences checkLockFile0ErrorCode
2024-09-17 20:32:30,792 [ERROR] LogOutputStream:75 - [STDERR_REDIRECT] WARNING: Could not lock System prefs. Unix error code 5.
2024-09-17 20:32:30,793 [ERROR] LogOutputStream:75 - [STDERR_REDIRECT] 
2024-09-17 20:32:30,793 [ERROR] LogOutputStream:75 - [STDERR_REDIRECT] Sep 17, 2024 8:32:30 PM java.util.prefs.FileSystemPreferences syncWorld
2024-09-17 20:32:30,794 [ERROR] LogOutputStream:75 - [STDERR_REDIRECT] WARNING: Couldn't flush system prefs: java.util.prefs.BackingStoreException: Couldn't get file lock.
2024-09-17 20:32:30,794 [ERROR] LogOutputStream:75 - [STDERR_REDIRECT] 
2024-09-17 20:33:00,791 [ERROR] LogOutputStream:75 - [STDERR_REDIRECT] Sep 17, 2024 8:33:00 PM java.util.prefs.FileSystemPreferences checkLockFile0ErrorCode
2024-09-17 20:33:00,791 [ERROR] LogOutputStream:75 - [STDERR_REDIRECT] WARNING: Could not lock System prefs. Unix error code 5.
2024-09-17 20:33:00,792 [ERROR] LogOutputStream:75 - [STDERR_REDIRECT] 
2024-09-17 20:33:00,793 [ERROR] LogOutputStream:75 - [STDERR_REDIRECT] Sep 17, 2024 8:33:00 PM java.util.prefs.FileSystemPreferences syncWorld
2024-09-17 20:33:00,793 [ERROR] LogOutputStream:75 - [STDERR_REDIRECT] WARNING: Couldn't flush system prefs: java.util.prefs.BackingStoreException: Couldn't get file lock.
2024-09-17 20:33:00,793 [ERROR] LogOutputStream:75 - [STDERR_REDIRECT] 
2024-09-17 20:33:30,790 [ERROR] LogOutputStream:75 - [STDERR_REDIRECT] Sep 17, 2024 8:33:30 PM java.util.prefs.FileSystemPreferences checkLockFile0ErrorCode
2024-09-17 20:33:30,791 [ERROR] LogOutputStream:75 - [STDERR_REDIRECT] WARNING: Could not lock System prefs. Unix error code 5.
2024-09-17 20:33:30,791 [ERROR] LogOutputStream:75 - [STDERR_REDIRECT] 
2024-09-17 20:33:30,792 [ERROR] LogOutputStream:75 - [STDERR_REDIRECT] Sep 17, 2024 8:33:30 PM java.util.prefs.FileSystemPreferences syncWorld
2024-09-17 20:33:30,792 [ERROR] LogOutputStream:75 - [STDERR_REDIRECT] WARNING: Couldn't flush system prefs: java.util.prefs.BackingStoreException: Couldn't get file lock.
2024-09-17 20:33:30,793 [ERROR] LogOutputStream:75 - [STDERR_REDIRECT] 
2024-09-17 20:34:00,791 [ERROR] LogOutputStream:75 - [STDERR_REDIRECT] Sep 17, 2024 8:34:00 PM java.util.prefs.FileSystemPreferences checkLockFile0ErrorCode
2024-09-17 20:34:00,791 [ERROR] LogOutputStream:75 - [STDERR_REDIRECT] WARNING: Could not lock System prefs. Unix error code 5.
2024-09-17 20:34:00,792 [ERROR] LogOutputStream:75 - [STDERR_REDIRECT] 
2024-09-17 20:34:00,792 [ERROR] LogOutputStream:75 - [STDERR_REDIRECT] Sep 17, 2024 8:34:00 PM java.util.prefs.FileSystemPreferences syncWorld
2024-09-17 20:34:00,793 [ERROR] LogOutputStream:75 - [STDERR_REDIRECT] WARNING: Couldn't flush system prefs: java.util.prefs.BackingStoreException: Couldn't get file lock.
2024-09-17 20:34:00,793 [ERROR] LogOutputStream:75 - [STDERR_REDIRECT] 
2024-09-17 20:34:30,790 [ERROR] LogOutputStream:75 - [STDERR_REDIRECT] Sep 17, 2024 8:34:30 PM java.util.prefs.FileSystemPreferences checkLockFile0ErrorCode
2024-09-17 20:34:30,790 [ERROR] LogOutputStream:75 - [STDERR_REDIRECT] WARNING: Could not lock System prefs. Unix error code 5.
2024-09-17 20:34:30,790 [ERROR] LogOutputStream:75 - [STDERR_REDIRECT] 
2024-09-17 20:34:30,790 [ERROR] LogOutputStream:75 - [STDERR_REDIRECT] Sep 17, 2024 8:34:30 PM java.util.prefs.FileSystemPreferences syncWorld
2024-09-17 20:34:30,790 [ERROR] LogOutputStream:75 - [STDERR_REDIRECT] WARNING: Couldn't flush system prefs: java.util.prefs.BackingStoreException: Couldn't get file lock.
2024-09-17 20:34:30,790 [ERROR] LogOutputStream:75 - [STDERR_REDIRECT] 
2024-09-17 20:35:00,791 [ERROR] LogOutputStream:75 - [STDERR_REDIRECT] Sep 17, 2024 8:35:00 PM java.util.prefs.FileSystemPreferences checkLockFile0ErrorCode
2024-09-17 20:35:00,791 [ERROR] LogOutputStream:75 - [STDERR_REDIRECT] WARNING: Could not lock System prefs. Unix error code 5.
2024-09-17 20:35:00,791 [ERROR] LogOutputStream:75 - [STDERR_REDIRECT] 
2024-09-17 20:35:00,791 [ERROR] LogOutputStream:75 - [STDERR_REDIRECT] Sep 17, 2024 8:35:00 PM java.util.prefs.FileSystemPreferences syncWorld
2024-09-17 20:35:00,792 [ERROR] LogOutputStream:75 - [STDERR_REDIRECT] WARNING: Couldn't flush system prefs: java.util.prefs.BackingStoreException: Couldn't get file lock.
2024-09-17 20:35:00,792 [ERROR] LogOutputStream:75 - [STDERR_REDIRECT] 
2024-09-17 20:35:30,792 [ERROR] LogOutputStream:75 - [STDERR_REDIRECT] Sep 17, 2024 8:35:30 PM java.util.prefs.FileSystemPreferences checkLockFile0ErrorCode
2024-09-17 20:35:30,792 [ERROR] LogOutputStream:75 - [STDERR_REDIRECT] WARNING: Could not lock System prefs. Unix error code 5.
2024-09-17 20:35:30,792 [ERROR] LogOutputStream:75 - [STDERR_REDIRECT] 
2024-09-17 20:35:30,793 [ERROR] LogOutputStream:75 - [STDERR_REDIRECT] Sep 17, 2024 8:35:30 PM java.util.prefs.FileSystemPreferences syncWorld
2024-09-17 20:35:30,793 [ERROR] LogOutputStream:75 - [STDERR_REDIRECT] WARNING: Couldn't flush system prefs: java.util.prefs.BackingStoreException: Couldn't get file lock.
2024-09-17 20:35:30,793 [ERROR] LogOutputStream:75 - [STDERR_REDIRECT] 
2024-09-17 20:36:00,792 [ERROR] LogOutputStream:75 - [STDERR_REDIRECT] Sep 17, 2024 8:36:00 PM java.util.prefs.FileSystemPreferences checkLockFile0ErrorCode
2024-09-17 20:36:00,793 [ERROR] LogOutputStream:75 - [STDERR_REDIRECT] WARNING: Could not lock System prefs. Unix error code 5.
2024-09-17 20:36:00,794 [ERROR] LogOutputStream:75 - [STDERR_REDIRECT] 
2024-09-17 20:36:00,798 [ERROR] LogOutputStream:75 - [STDERR_REDIRECT] Sep 17, 2024 8:36:00 PM java.util.prefs.FileSystemPreferences syncWorld
2024-09-17 20:36:00,799 [ERROR] LogOutputStream:75 - [STDERR_REDIRECT] WARNING: Couldn't flush system prefs: java.util.prefs.BackingStoreException: Couldn't get file lock.
2024-09-17 20:36:00,800 [ERROR] LogOutputStream:75 - [STDERR_REDIRECT] 
2024-09-17 20:36:30,792 [ERROR] LogOutputStream:75 - [STDERR_REDIRECT] Sep 17, 2024 8:36:30 PM java.util.prefs.FileSystemPreferences checkLockFile0ErrorCode
2024-09-17 20:36:30,793 [ERROR] LogOutputStream:75 - [STDERR_REDIRECT] WARNING: Could not lock System prefs. Unix error code 5.
2024-09-17 20:36:30,793 [ERROR] LogOutputStream:75 - [STDERR_REDIRECT] 
2024-09-17 20:36:30,794 [ERROR] LogOutputStream:75 - [STDERR_REDIRECT] Sep 17, 2024 8:36:30 PM java.util.prefs.FileSystemPreferences syncWorld
2024-09-17 20:36:30,795 [ERROR] LogOutputStream:75 - [STDERR_REDIRECT] WARNING: Couldn't flush system prefs: java.util.prefs.BackingStoreException: Couldn't get file lock.
2024-09-17 20:36:30,795 [ERROR] LogOutputStream:75 - [STDERR_REDIRECT] 
2024-09-17 20:37:00,792 [ERROR] LogOutputStream:75 - [STDERR_REDIRECT] Sep 17, 2024 8:37:00 PM java.util.prefs.FileSystemPreferences checkLockFile0ErrorCode
2024-09-17 20:37:00,793 [ERROR] LogOutputStream:75 - [STDERR_REDIRECT] WARNING: Could not lock System prefs. Unix error code 5.
2024-09-17 20:37:00,793 [ERROR] LogOutputStream:75 - [STDERR_REDIRECT] 
2024-09-17 20:37:00,795 [ERROR] LogOutputStream:75 - [STDERR_REDIRECT] Sep 17, 2024 8:37:00 PM java.util.prefs.FileSystemPreferences syncWorld
2024-09-17 20:37:00,795 [ERROR] LogOutputStream:75 - [STDERR_REDIRECT] WARNING: Couldn't flush system prefs: java.util.prefs.BackingStoreException: Couldn't get file lock.
2024-09-17 20:37:00,796 [ERROR] LogOutputStream:75 - [STDERR_REDIRECT] 
2024-09-17 20:37:30,792 [ERROR] LogOutputStream:75 - [STDERR_REDIRECT] Sep 17, 2024 8:37:30 PM java.util.prefs.FileSystemPreferences checkLockFile0ErrorCode
2024-09-17 20:37:30,793 [ERROR] LogOutputStream:75 - [STDERR_REDIRECT] WARNING: Could not lock System prefs. Unix error code 5.
2024-09-17 20:37:30,793 [ERROR] LogOutputStream:75 - [STDERR_REDIRECT] 
2024-09-17 20:37:30,794 [ERROR] LogOutputStream:75 - [STDERR_REDIRECT] Sep 17, 2024 8:37:30 PM java.util.prefs.FileSystemPreferences syncWorld
2024-09-17 20:37:30,796 [ERROR] LogOutputStream:75 - [STDERR_REDIRECT] WARNING: Couldn't flush system prefs: java.util.prefs.BackingStoreException: Couldn't get file lock.
2024-09-17 20:37:30,796 [ERROR] LogOutputStream:75 - [STDERR_REDIRECT] 
2024-09-17 20:38:00,793 [ERROR] LogOutputStream:75 - [STDERR_REDIRECT] Sep 17, 2024 8:38:00 PM java.util.prefs.FileSystemPreferences checkLockFile0ErrorCode
2024-09-17 20:38:00,793 [ERROR] LogOutputStream:75 - [STDERR_REDIRECT] WARNING: Could not lock System prefs. Unix error code 5.
2024-09-17 20:38:00,794 [ERROR] LogOutputStream:75 - [STDERR_REDIRECT] 
2024-09-17 20:38:00,795 [ERROR] LogOutputStream:75 - [STDERR_REDIRECT] Sep 17, 2024 8:38:00 PM java.util.prefs.FileSystemPreferences syncWorld
2024-09-17 20:38:00,796 [ERROR] LogOutputStream:75 - [STDERR_REDIRECT] WARNING: Couldn't flush system prefs: java.util.prefs.BackingStoreException: Couldn't get file lock.
2024-09-17 20:38:00,796 [ERROR] LogOutputStream:75 - [STDERR_REDIRECT] 
2024-09-17 20:38:30,793 [ERROR] LogOutputStream:75 - [STDERR_REDIRECT] Sep 17, 2024 8:38:30 PM java.util.prefs.FileSystemPreferences checkLockFile0ErrorCode
2024-09-17 20:38:30,793 [ERROR] LogOutputStream:75 - [STDERR_REDIRECT] WARNING: Could not lock System prefs. Unix error code 5.
2024-09-17 20:38:30,793 [ERROR] LogOutputStream:75 - [STDERR_REDIRECT] 
2024-09-17 20:38:30,794 [ERROR] LogOutputStream:75 - [STDERR_REDIRECT] Sep 17, 2024 8:38:30 PM java.util.prefs.FileSystemPreferences syncWorld
2024-09-17 20:38:30,794 [ERROR] LogOutputStream:75 - [STDERR_REDIRECT] WARNING: Couldn't flush system prefs: java.util.prefs.BackingStoreException: Couldn't get file lock.
2024-09-17 20:38:30,794 [ERROR] LogOutputStream:75 - [STDERR_REDIRECT] 
2024-09-17 20:39:00,793 [ERROR] LogOutputStream:75 - [STDERR_REDIRECT] Sep 17, 2024 8:39:00 PM java.util.prefs.FileSystemPreferences checkLockFile0ErrorCode
2024-09-17 20:39:00,794 [ERROR] LogOutputStream:75 - [STDERR_REDIRECT] WARNING: Could not lock System prefs. Unix error code 5.
2024-09-17 20:39:00,794 [ERROR] LogOutputStream:75 - [STDERR_REDIRECT] 
2024-09-17 20:39:00,795 [ERROR] LogOutputStream:75 - [STDERR_REDIRECT] Sep 17, 2024 8:39:00 PM java.util.prefs.FileSystemPreferences syncWorld
2024-09-17 20:39:00,795 [ERROR] LogOutputStream:75 - [STDERR_REDIRECT] WARNING: Couldn't flush system prefs: java.util.prefs.BackingStoreException: Couldn't get file lock.
2024-09-17 20:39:00,796 [ERROR] LogOutputStream:75 - [STDERR_REDIRECT] 
2024-09-17 20:39:30,791 [ERROR] LogOutputStream:75 - [STDERR_REDIRECT] Sep 17, 2024 8:39:30 PM java.util.prefs.FileSystemPreferences checkLockFile0ErrorCode
2024-09-17 20:39:30,792 [ERROR] LogOutputStream:75 - [STDERR_REDIRECT] WARNING: Could not lock System prefs. Unix error code 5.
2024-09-17 20:39:30,792 [ERROR] LogOutputStream:75 - [STDERR_REDIRECT] 
2024-09-17 20:39:30,792 [ERROR] LogOutputStream:75 - [STDERR_REDIRECT] Sep 17, 2024 8:39:30 PM java.util.prefs.FileSystemPreferences syncWorld
2024-09-17 20:39:30,792 [ERROR] LogOutputStream:75 - [STDERR_REDIRECT] WARNING: Couldn't flush system prefs: java.util.prefs.BackingStoreException: Couldn't get file lock.
2024-09-17 20:39:30,792 [ERROR] LogOutputStream:75 - [STDERR_REDIRECT] 
2024-09-17 20:40:00,792 [ERROR] LogOutputStream:75 - [STDERR_REDIRECT] Sep 17, 2024 8:40:00 PM java.util.prefs.FileSystemPreferences checkLockFile0ErrorCode
2024-09-17 20:40:00,792 [ERROR] LogOutputStream:75 - [STDERR_REDIRECT] WARNING: Could not lock System prefs. Unix error code 5.
2024-09-17 20:40:00,792 [ERROR] LogOutputStream:75 - [STDERR_REDIRECT] 
2024-09-17 20:40:00,792 [ERROR] LogOutputStream:75 - [STDERR_REDIRECT] Sep 17, 2024 8:40:00 PM java.util.prefs.FileSystemPreferences syncWorld
2024-09-17 20:40:00,792 [ERROR] LogOutputStream:75 - [STDERR_REDIRECT] WARNING: Couldn't flush system prefs: java.util.prefs.BackingStoreException: Couldn't get file lock.
2024-09-17 20:40:00,792 [ERROR] LogOutputStream:75 - [STDERR_REDIRECT] 
2024-09-17 20:40:30,793 [ERROR] LogOutputStream:75 - [STDERR_REDIRECT] Sep 17, 2024 8:40:30 PM java.util.prefs.FileSystemPreferences checkLockFile0ErrorCode
2024-09-17 20:40:30,794 [ERROR] LogOutputStream:75 - [STDERR_REDIRECT] WARNING: Could not lock System prefs. Unix error code 5.
2024-09-17 20:40:30,794 [ERROR] LogOutputStream:75 - [STDERR_REDIRECT] 
2024-09-17 20:40:30,795 [ERROR] LogOutputStream:75 - [STDERR_REDIRECT] Sep 17, 2024 8:40:30 PM java.util.prefs.FileSystemPreferences syncWorld
2024-09-17 20:40:30,795 [ERROR] LogOutputStream:75 - [STDERR_REDIRECT] WARNING: Couldn't flush system prefs: java.util.prefs.BackingStoreException: Couldn't get file lock.
2024-09-17 20:40:30,795 [ERROR] LogOutputStream:75 - [STDERR_REDIRECT] 
2024-09-17 20:41:00,792 [ERROR] LogOutputStream:75 - [STDERR_REDIRECT] Sep 17, 2024 8:41:00 PM java.util.prefs.FileSystemPreferences checkLockFile0ErrorCode
2024-09-17 20:41:00,793 [ERROR] LogOutputStream:75 - [STDERR_REDIRECT] WARNING: Could not lock System prefs. Unix error code 5.
2024-09-17 20:41:00,793 [ERROR] LogOutputStream:75 - [STDERR_REDIRECT] 
2024-09-17 20:41:00,794 [ERROR] LogOutputStream:75 - [STDERR_REDIRECT] Sep 17, 2024 8:41:00 PM java.util.prefs.FileSystemPreferences syncWorld
2024-09-17 20:41:00,794 [ERROR] LogOutputStream:75 - [STDERR_REDIRECT] WARNING: Couldn't flush system prefs: java.util.prefs.BackingStoreException: Couldn't get file lock.
2024-09-17 20:41:00,794 [ERROR] LogOutputStream:75 - [STDERR_REDIRECT] 
2024-09-17 20:41:30,793 [ERROR] LogOutputStream:75 - [STDERR_REDIRECT] Sep 17, 2024 8:41:30 PM java.util.prefs.FileSystemPreferences checkLockFile0ErrorCode
2024-09-17 20:41:30,793 [ERROR] LogOutputStream:75 - [STDERR_REDIRECT] WARNING: Could not lock System prefs. Unix error code 5.
2024-09-17 20:41:30,793 [ERROR] LogOutputStream:75 - [STDERR_REDIRECT] 
2024-09-17 20:41:30,794 [ERROR] LogOutputStream:75 - [STDERR_REDIRECT] Sep 17, 2024 8:41:30 PM java.util.prefs.FileSystemPreferences syncWorld
2024-09-17 20:41:30,795 [ERROR] LogOutputStream:75 - [STDERR_REDIRECT] WARNING: Couldn't flush system prefs: java.util.prefs.BackingStoreException: Couldn't get file lock.
2024-09-17 20:41:30,795 [ERROR] LogOutputStream:75 - [STDERR_REDIRECT] 
2024-09-17 20:42:00,794 [ERROR] LogOutputStream:75 - [STDERR_REDIRECT] Sep 17, 2024 8:42:00 PM java.util.prefs.FileSystemPreferences checkLockFile0ErrorCode
2024-09-17 20:42:00,794 [ERROR] LogOutputStream:75 - [STDERR_REDIRECT] WARNING: Could not lock System prefs. Unix error code 5.
2024-09-17 20:42:00,794 [ERROR] LogOutputStream:75 - [STDERR_REDIRECT] 
2024-09-17 20:42:00,795 [ERROR] LogOutputStream:75 - [STDERR_REDIRECT] Sep 17, 2024 8:42:00 PM java.util.prefs.FileSystemPreferences syncWorld
2024-09-17 20:42:00,795 [ERROR] LogOutputStream:75 - [STDERR_REDIRECT] WARNING: Couldn't flush system prefs: java.util.prefs.BackingStoreException: Couldn't get file lock.
2024-09-17 20:42:00,796 [ERROR] LogOutputStream:75 - [STDERR_REDIRECT] 
2024-09-17 20:42:30,793 [ERROR] LogOutputStream:75 - [STDERR_REDIRECT] Sep 17, 2024 8:42:30 PM java.util.prefs.FileSystemPreferences checkLockFile0ErrorCode
2024-09-17 20:42:30,793 [ERROR] LogOutputStream:75 - [STDERR_REDIRECT] WARNING: Could not lock System prefs. Unix error code 5.
2024-09-17 20:42:30,794 [ERROR] LogOutputStream:75 - [STDERR_REDIRECT] 
2024-09-17 20:42:30,794 [ERROR] LogOutputStream:75 - [STDERR_REDIRECT] Sep 17, 2024 8:42:30 PM java.util.prefs.FileSystemPreferences syncWorld
2024-09-17 20:42:30,795 [ERROR] LogOutputStream:75 - [STDERR_REDIRECT] WARNING: Couldn't flush system prefs: java.util.prefs.BackingStoreException: Couldn't get file lock.
2024-09-17 20:42:30,795 [ERROR] LogOutputStream:75 - [STDERR_REDIRECT] 
2024-09-17 20:43:00,794 [ERROR] LogOutputStream:75 - [STDERR_REDIRECT] Sep 17, 2024 8:43:00 PM java.util.prefs.FileSystemPreferences checkLockFile0ErrorCode
2024-09-17 20:43:00,795 [ERROR] LogOutputStream:75 - [STDERR_REDIRECT] WARNING: Could not lock System prefs. Unix error code 5.
2024-09-17 20:43:00,795 [ERROR] LogOutputStream:75 - [STDERR_REDIRECT] 
2024-09-17 20:43:00,796 [ERROR] LogOutputStream:75 - [STDERR_REDIRECT] Sep 17, 2024 8:43:00 PM java.util.prefs.FileSystemPreferences syncWorld
2024-09-17 20:43:00,796 [ERROR] LogOutputStream:75 - [STDERR_REDIRECT] WARNING: Couldn't flush system prefs: java.util.prefs.BackingStoreException: Couldn't get file lock.
2024-09-17 20:43:00,796 [ERROR] LogOutputStream:75 - [STDERR_REDIRECT] 
2024-09-17 20:43:30,794 [ERROR] LogOutputStream:75 - [STDERR_REDIRECT] Sep 17, 2024 8:43:30 PM java.util.prefs.FileSystemPreferences checkLockFile0ErrorCode
2024-09-17 20:43:30,795 [ERROR] LogOutputStream:75 - [STDERR_REDIRECT] WARNING: Could not lock System prefs. Unix error code 5.
2024-09-17 20:43:30,795 [ERROR] LogOutputStream:75 - [STDERR_REDIRECT] 
2024-09-17 20:43:30,796 [ERROR] LogOutputStream:75 - [STDERR_REDIRECT] Sep 17, 2024 8:43:30 PM java.util.prefs.FileSystemPreferences syncWorld
2024-09-17 20:43:30,796 [ERROR] LogOutputStream:75 - [STDERR_REDIRECT] WARNING: Couldn't flush system prefs: java.util.prefs.BackingStoreException: Couldn't get file lock.
2024-09-17 20:43:30,796 [ERROR] LogOutputStream:75 - [STDERR_REDIRECT] 
2024-09-17 20:44:00,795 [ERROR] LogOutputStream:75 - [STDERR_REDIRECT] Sep 17, 2024 8:44:00 PM java.util.prefs.FileSystemPreferences checkLockFile0ErrorCode
2024-09-17 20:44:00,796 [ERROR] LogOutputStream:75 - [STDERR_REDIRECT] WARNING: Could not lock System prefs. Unix error code 5.
2024-09-17 20:44:00,796 [ERROR] LogOutputStream:75 - [STDERR_REDIRECT] 
2024-09-17 20:44:00,797 [ERROR] LogOutputStream:75 - [STDERR_REDIRECT] Sep 17, 2024 8:44:00 PM java.util.prefs.FileSystemPreferences syncWorld
2024-09-17 20:44:00,797 [ERROR] LogOutputStream:75 - [STDERR_REDIRECT] WARNING: Couldn't flush system prefs: java.util.prefs.BackingStoreException: Couldn't get file lock.
2024-09-17 20:44:00,798 [ERROR] LogOutputStream:75 - [STDERR_REDIRECT] 
2024-09-17 20:44:30,796 [ERROR] LogOutputStream:75 - [STDERR_REDIRECT] Sep 17, 2024 8:44:30 PM java.util.prefs.FileSystemPreferences checkLockFile0ErrorCode
2024-09-17 20:44:30,797 [ERROR] LogOutputStream:75 - [STDERR_REDIRECT] WARNING: Could not lock System prefs. Unix error code 5.
2024-09-17 20:44:30,797 [ERROR] LogOutputStream:75 - [STDERR_REDIRECT] 
2024-09-17 20:44:30,799 [ERROR] LogOutputStream:75 - [STDERR_REDIRECT] Sep 17, 2024 8:44:30 PM java.util.prefs.FileSystemPreferences syncWorld
2024-09-17 20:44:30,799 [ERROR] LogOutputStream:75 - [STDERR_REDIRECT] WARNING: Couldn't flush system prefs: java.util.prefs.BackingStoreException: Couldn't get file lock.
2024-09-17 20:44:30,800 [ERROR] LogOutputStream:75 - [STDERR_REDIRECT] 
2024-09-17 20:45:00,796 [ERROR] LogOutputStream:75 - [STDERR_REDIRECT] Sep 17, 2024 8:45:00 PM java.util.prefs.FileSystemPreferences checkLockFile0ErrorCode
2024-09-17 20:45:00,797 [ERROR] LogOutputStream:75 - [STDERR_REDIRECT] WARNING: Could not lock System prefs. Unix error code 5.
2024-09-17 20:45:00,797 [ERROR] LogOutputStream:75 - [STDERR_REDIRECT] 
2024-09-17 20:45:00,798 [ERROR] LogOutputStream:75 - [STDERR_REDIRECT] Sep 17, 2024 8:45:00 PM java.util.prefs.FileSystemPreferences syncWorld
2024-09-17 20:45:00,798 [ERROR] LogOutputStream:75 - [STDERR_REDIRECT] WARNING: Couldn't flush system prefs: java.util.prefs.BackingStoreException: Couldn't get file lock.
2024-09-17 20:45:00,799 [ERROR] LogOutputStream:75 - [STDERR_REDIRECT] 
2024-09-17 20:45:30,795 [ERROR] LogOutputStream:75 - [STDERR_REDIRECT] Sep 17, 2024 8:45:30 PM java.util.prefs.FileSystemPreferences checkLockFile0ErrorCode
2024-09-17 20:45:30,795 [ERROR] LogOutputStream:75 - [STDERR_REDIRECT] WARNING: Could not lock System prefs. Unix error code 5.
2024-09-17 20:45:30,795 [ERROR] LogOutputStream:75 - [STDERR_REDIRECT] 
2024-09-17 20:45:30,795 [ERROR] LogOutputStream:75 - [STDERR_REDIRECT] Sep 17, 2024 8:45:30 PM java.util.prefs.FileSystemPreferences syncWorld
2024-09-17 20:45:30,795 [ERROR] LogOutputStream:75 - [STDERR_REDIRECT] WARNING: Couldn't flush system prefs: java.util.prefs.BackingStoreException: Couldn't get file lock.
2024-09-17 20:45:30,796 [ERROR] LogOutputStream:75 - [STDERR_REDIRECT] 
2024-09-17 20:46:00,795 [ERROR] LogOutputStream:75 - [STDERR_REDIRECT] Sep 17, 2024 8:46:00 PM java.util.prefs.FileSystemPreferences checkLockFile0ErrorCode
2024-09-17 20:46:00,795 [ERROR] LogOutputStream:75 - [STDERR_REDIRECT] WARNING: Could not lock System prefs. Unix error code 5.
2024-09-17 20:46:00,796 [ERROR] LogOutputStream:75 - [STDERR_REDIRECT] 
2024-09-17 20:46:00,796 [ERROR] LogOutputStream:75 - [STDERR_REDIRECT] Sep 17, 2024 8:46:00 PM java.util.prefs.FileSystemPreferences syncWorld
2024-09-17 20:46:00,796 [ERROR] LogOutputStream:75 - [STDERR_REDIRECT] WARNING: Couldn't flush system prefs: java.util.prefs.BackingStoreException: Couldn't get file lock.
2024-09-17 20:46:00,797 [ERROR] LogOutputStream:75 - [STDERR_REDIRECT] 
2024-09-17 20:46:30,795 [ERROR] LogOutputStream:75 - [STDERR_REDIRECT] Sep 17, 2024 8:46:30 PM java.util.prefs.FileSystemPreferences checkLockFile0ErrorCode
2024-09-17 20:46:30,796 [ERROR] LogOutputStream:75 - [STDERR_REDIRECT] WARNING: Could not lock System prefs. Unix error code 5.
2024-09-17 20:46:30,796 [ERROR] LogOutputStream:75 - [STDERR_REDIRECT] 
2024-09-17 20:46:30,797 [ERROR] LogOutputStream:75 - [STDERR_REDIRECT] Sep 17, 2024 8:46:30 PM java.util.prefs.FileSystemPreferences syncWorld
2024-09-17 20:46:30,798 [ERROR] LogOutputStream:75 - [STDERR_REDIRECT] WARNING: Couldn't flush system prefs: java.util.prefs.BackingStoreException: Couldn't get file lock.
2024-09-17 20:46:30,798 [ERROR] LogOutputStream:75 - [STDERR_REDIRECT] 
2024-09-17 20:47:00,795 [ERROR] LogOutputStream:75 - [STDERR_REDIRECT] Sep 17, 2024 8:47:00 PM java.util.prefs.FileSystemPreferences checkLockFile0ErrorCode
2024-09-17 20:47:00,795 [ERROR] LogOutputStream:75 - [STDERR_REDIRECT] WARNING: Could not lock System prefs. Unix error code 5.
2024-09-17 20:47:00,796 [ERROR] LogOutputStream:75 - [STDERR_REDIRECT] 
2024-09-17 20:47:00,796 [ERROR] LogOutputStream:75 - [STDERR_REDIRECT] Sep 17, 2024 8:47:00 PM java.util.prefs.FileSystemPreferences syncWorld
2024-09-17 20:47:00,797 [ERROR] LogOutputStream:75 - [STDERR_REDIRECT] WARNING: Couldn't flush system prefs: java.util.prefs.BackingStoreException: Couldn't get file lock.
2024-09-17 20:47:00,797 [ERROR] LogOutputStream:75 - [STDERR_REDIRECT] 
2024-09-17 20:47:30,795 [ERROR] LogOutputStream:75 - [STDERR_REDIRECT] Sep 17, 2024 8:47:30 PM java.util.prefs.FileSystemPreferences checkLockFile0ErrorCode
2024-09-17 20:47:30,795 [ERROR] LogOutputStream:75 - [STDERR_REDIRECT] WARNING: Could not lock System prefs. Unix error code 5.
2024-09-17 20:47:30,796 [ERROR] LogOutputStream:75 - [STDERR_REDIRECT] 
2024-09-17 20:47:30,796 [ERROR] LogOutputStream:75 - [STDERR_REDIRECT] Sep 17, 2024 8:47:30 PM java.util.prefs.FileSystemPreferences syncWorld
2024-09-17 20:47:30,797 [ERROR] LogOutputStream:75 - [STDERR_REDIRECT] WARNING: Couldn't flush system prefs: java.util.prefs.BackingStoreException: Couldn't get file lock.
2024-09-17 20:47:30,797 [ERROR] LogOutputStream:75 - [STDERR_REDIRECT] 
2024-09-17 20:48:00,796 [ERROR] LogOutputStream:75 - [STDERR_REDIRECT] Sep 17, 2024 8:48:00 PM java.util.prefs.FileSystemPreferences checkLockFile0ErrorCode
2024-09-17 20:48:00,796 [ERROR] LogOutputStream:75 - [STDERR_REDIRECT] WARNING: Could not lock System prefs. Unix error code 5.
2024-09-17 20:48:00,796 [ERROR] LogOutputStream:75 - [STDERR_REDIRECT] 
2024-09-17 20:48:00,797 [ERROR] LogOutputStream:75 - [STDERR_REDIRECT] Sep 17, 2024 8:48:00 PM java.util.prefs.FileSystemPreferences syncWorld
2024-09-17 20:48:00,798 [ERROR] LogOutputStream:75 - [STDERR_REDIRECT] WARNING: Couldn't flush system prefs: java.util.prefs.BackingStoreException: Couldn't get file lock.
2024-09-17 20:48:00,798 [ERROR] LogOutputStream:75 - [STDERR_REDIRECT] 
2024-09-17 20:48:30,796 [ERROR] LogOutputStream:75 - [STDERR_REDIRECT] Sep 17, 2024 8:48:30 PM java.util.prefs.FileSystemPreferences checkLockFile0ErrorCode
2024-09-17 20:48:30,797 [ERROR] LogOutputStream:75 - [STDERR_REDIRECT] WARNING: Could not lock System prefs. Unix error code 5.
2024-09-17 20:48:30,797 [ERROR] LogOutputStream:75 - [STDERR_REDIRECT] 
2024-09-17 20:48:30,798 [ERROR] LogOutputStream:75 - [STDERR_REDIRECT] Sep 17, 2024 8:48:30 PM java.util.prefs.FileSystemPreferences syncWorld
2024-09-17 20:48:30,798 [ERROR] LogOutputStream:75 - [STDERR_REDIRECT] WARNING: Couldn't flush system prefs: java.util.prefs.BackingStoreException: Couldn't get file lock.
2024-09-17 20:48:30,799 [ERROR] LogOutputStream:75 - [STDERR_REDIRECT] 
2024-09-17 20:49:00,796 [ERROR] LogOutputStream:75 - [STDERR_REDIRECT] Sep 17, 2024 8:49:00 PM java.util.prefs.FileSystemPreferences checkLockFile0ErrorCode
2024-09-17 20:49:00,796 [ERROR] LogOutputStream:75 - [STDERR_REDIRECT] WARNING: Could not lock System prefs. Unix error code 5.
2024-09-17 20:49:00,797 [ERROR] LogOutputStream:75 - [STDERR_REDIRECT] 
2024-09-17 20:49:00,798 [ERROR] LogOutputStream:75 - [STDERR_REDIRECT] Sep 17, 2024 8:49:00 PM java.util.prefs.FileSystemPreferences syncWorld
2024-09-17 20:49:00,798 [ERROR] LogOutputStream:75 - [STDERR_REDIRECT] WARNING: Couldn't flush system prefs: java.util.prefs.BackingStoreException: Couldn't get file lock.
2024-09-17 20:49:00,799 [ERROR] LogOutputStream:75 - [STDERR_REDIRECT] 
2024-09-17 20:49:30,796 [ERROR] LogOutputStream:75 - [STDERR_REDIRECT] Sep 17, 2024 8:49:30 PM java.util.prefs.FileSystemPreferences checkLockFile0ErrorCode
2024-09-17 20:49:30,797 [ERROR] LogOutputStream:75 - [STDERR_REDIRECT] WARNING: Could not lock System prefs. Unix error code 5.
2024-09-17 20:49:30,797 [ERROR] LogOutputStream:75 - [STDERR_REDIRECT] 
2024-09-17 20:49:30,798 [ERROR] LogOutputStream:75 - [STDERR_REDIRECT] Sep 17, 2024 8:49:30 PM java.util.prefs.FileSystemPreferences syncWorld
2024-09-17 20:49:30,799 [ERROR] LogOutputStream:75 - [STDERR_REDIRECT] WARNING: Couldn't flush system prefs: java.util.prefs.BackingStoreException: Couldn't get file lock.
2024-09-17 20:49:30,799 [ERROR] LogOutputStream:75 - [STDERR_REDIRECT] 
2024-09-17 20:50:00,795 [ERROR] LogOutputStream:75 - [STDERR_REDIRECT] Sep 17, 2024 8:50:00 PM java.util.prefs.FileSystemPreferences checkLockFile0ErrorCode
2024-09-17 20:50:00,796 [ERROR] LogOutputStream:75 - [STDERR_REDIRECT] WARNING: Could not lock System prefs. Unix error code 5.
2024-09-17 20:50:00,797 [ERROR] LogOutputStream:75 - [STDERR_REDIRECT] 
2024-09-17 20:50:00,798 [ERROR] LogOutputStream:75 - [STDERR_REDIRECT] Sep 17, 2024 8:50:00 PM java.util.prefs.FileSystemPreferences syncWorld
2024-09-17 20:50:00,798 [ERROR] LogOutputStream:75 - [STDERR_REDIRECT] WARNING: Couldn't flush system prefs: java.util.prefs.BackingStoreException: Couldn't get file lock.
2024-09-17 20:50:00,869 [ERROR] LogOutputStream:75 - [STDERR_REDIRECT] 
2024-09-17 20:50:30,796 [ERROR] LogOutputStream:75 - [STDERR_REDIRECT] Sep 17, 2024 8:50:30 PM java.util.prefs.FileSystemPreferences checkLockFile0ErrorCode
2024-09-17 20:50:30,796 [ERROR] LogOutputStream:75 - [STDERR_REDIRECT] WARNING: Could not lock System prefs. Unix error code 5.
2024-09-17 20:50:30,797 [ERROR] LogOutputStream:75 - [STDERR_REDIRECT] 
2024-09-17 20:50:30,798 [ERROR] LogOutputStream:75 - [STDERR_REDIRECT] Sep 17, 2024 8:50:30 PM java.util.prefs.FileSystemPreferences syncWorld
2024-09-17 20:50:30,798 [ERROR] LogOutputStream:75 - [STDERR_REDIRECT] WARNING: Couldn't flush system prefs: java.util.prefs.BackingStoreException: Couldn't get file lock.
2024-09-17 20:50:30,798 [ERROR] LogOutputStream:75 - [STDERR_REDIRECT] 
2024-09-17 20:51:00,797 [ERROR] LogOutputStream:75 - [STDERR_REDIRECT] Sep 17, 2024 8:51:00 PM java.util.prefs.FileSystemPreferences checkLockFile0ErrorCode
2024-09-17 20:51:00,797 [ERROR] LogOutputStream:75 - [STDERR_REDIRECT] WARNING: Could not lock System prefs. Unix error code 5.
2024-09-17 20:51:00,798 [ERROR] LogOutputStream:75 - [STDERR_REDIRECT] 
2024-09-17 20:51:00,798 [ERROR] LogOutputStream:75 - [STDERR_REDIRECT] Sep 17, 2024 8:51:00 PM java.util.prefs.FileSystemPreferences syncWorld
2024-09-17 20:51:00,799 [ERROR] LogOutputStream:75 - [STDERR_REDIRECT] WARNING: Couldn't flush system prefs: java.util.prefs.BackingStoreException: Couldn't get file lock.
2024-09-17 20:51:00,799 [ERROR] LogOutputStream:75 - [STDERR_REDIRECT] 
2024-09-17 20:51:30,798 [ERROR] LogOutputStream:75 - [STDERR_REDIRECT] Sep 17, 2024 8:51:30 PM java.util.prefs.FileSystemPreferences checkLockFile0ErrorCode
2024-09-17 20:51:30,798 [ERROR] LogOutputStream:75 - [STDERR_REDIRECT] WARNING: Could not lock System prefs. Unix error code 5.
2024-09-17 20:51:30,799 [ERROR] LogOutputStream:75 - [STDERR_REDIRECT] 
2024-09-17 20:51:30,799 [ERROR] LogOutputStream:75 - [STDERR_REDIRECT] Sep 17, 2024 8:51:30 PM java.util.prefs.FileSystemPreferences syncWorld
2024-09-17 20:51:30,800 [ERROR] LogOutputStream:75 - [STDERR_REDIRECT] WARNING: Couldn't flush system prefs: java.util.prefs.BackingStoreException: Couldn't get file lock.
2024-09-17 20:51:30,800 [ERROR] LogOutputStream:75 - [STDERR_REDIRECT] 
2024-09-17 20:52:00,797 [ERROR] LogOutputStream:75 - [STDERR_REDIRECT] Sep 17, 2024 8:52:00 PM java.util.prefs.FileSystemPreferences checkLockFile0ErrorCode
2024-09-17 20:52:00,798 [ERROR] LogOutputStream:75 - [STDERR_REDIRECT] WARNING: Could not lock System prefs. Unix error code 5.
2024-09-17 20:52:00,798 [ERROR] LogOutputStream:75 - [STDERR_REDIRECT] 
2024-09-17 20:52:00,799 [ERROR] LogOutputStream:75 - [STDERR_REDIRECT] Sep 17, 2024 8:52:00 PM java.util.prefs.FileSystemPreferences syncWorld
2024-09-17 20:52:00,799 [ERROR] LogOutputStream:75 - [STDERR_REDIRECT] WARNING: Couldn't flush system prefs: java.util.prefs.BackingStoreException: Couldn't get file lock.
2024-09-17 20:52:00,800 [ERROR] LogOutputStream:75 - [STDERR_REDIRECT] 
2024-09-17 20:52:30,797 [ERROR] LogOutputStream:75 - [STDERR_REDIRECT] Sep 17, 2024 8:52:30 PM java.util.prefs.FileSystemPreferences checkLockFile0ErrorCode
2024-09-17 20:52:30,797 [ERROR] LogOutputStream:75 - [STDERR_REDIRECT] WARNING: Could not lock System prefs. Unix error code 5.
2024-09-17 20:52:30,797 [ERROR] LogOutputStream:75 - [STDERR_REDIRECT] 
2024-09-17 20:52:30,798 [ERROR] LogOutputStream:75 - [STDERR_REDIRECT] Sep 17, 2024 8:52:30 PM java.util.prefs.FileSystemPreferences syncWorld
2024-09-17 20:52:30,799 [ERROR] LogOutputStream:75 - [STDERR_REDIRECT] WARNING: Couldn't flush system prefs: java.util.prefs.BackingStoreException: Couldn't get file lock.
2024-09-17 20:52:30,799 [ERROR] LogOutputStream:75 - [STDERR_REDIRECT] 
2024-09-17 20:53:00,798 [ERROR] LogOutputStream:75 - [STDERR_REDIRECT] Sep 17, 2024 8:53:00 PM java.util.prefs.FileSystemPreferences checkLockFile0ErrorCode
2024-09-17 20:53:00,798 [ERROR] LogOutputStream:75 - [STDERR_REDIRECT] WARNING: Could not lock System prefs. Unix error code 5.
2024-09-17 20:53:00,798 [ERROR] LogOutputStream:75 - [STDERR_REDIRECT] 
2024-09-17 20:53:00,799 [ERROR] LogOutputStream:75 - [STDERR_REDIRECT] Sep 17, 2024 8:53:00 PM java.util.prefs.FileSystemPreferences syncWorld
2024-09-17 20:53:00,800 [ERROR] LogOutputStream:75 - [STDERR_REDIRECT] WARNING: Couldn't flush system prefs: java.util.prefs.BackingStoreException: Couldn't get file lock.
2024-09-17 20:53:00,800 [ERROR] LogOutputStream:75 - [STDERR_REDIRECT] 
2024-09-17 20:53:30,797 [ERROR] LogOutputStream:75 - [STDERR_REDIRECT] Sep 17, 2024 8:53:30 PM java.util.prefs.FileSystemPreferences checkLockFile0ErrorCode
2024-09-17 20:53:30,797 [ERROR] LogOutputStream:75 - [STDERR_REDIRECT] WARNING: Could not lock System prefs. Unix error code 5.
2024-09-17 20:53:30,798 [ERROR] LogOutputStream:75 - [STDERR_REDIRECT] 
2024-09-17 20:53:30,799 [ERROR] LogOutputStream:75 - [STDERR_REDIRECT] Sep 17, 2024 8:53:30 PM java.util.prefs.FileSystemPreferences syncWorld
2024-09-17 20:53:30,799 [ERROR] LogOutputStream:75 - [STDERR_REDIRECT] WARNING: Couldn't flush system prefs: java.util.prefs.BackingStoreException: Couldn't get file lock.
2024-09-17 20:53:30,799 [ERROR] LogOutputStream:75 - [STDERR_REDIRECT] 
2024-09-17 20:54:00,797 [ERROR] LogOutputStream:75 - [STDERR_REDIRECT] Sep 17, 2024 8:54:00 PM java.util.prefs.FileSystemPreferences checkLockFile0ErrorCode
2024-09-17 20:54:00,797 [ERROR] LogOutputStream:75 - [STDERR_REDIRECT] WARNING: Could not lock System prefs. Unix error code 5.
2024-09-17 20:54:00,798 [ERROR] LogOutputStream:75 - [STDERR_REDIRECT] 
2024-09-17 20:54:00,799 [ERROR] LogOutputStream:75 - [STDERR_REDIRECT] Sep 17, 2024 8:54:00 PM java.util.prefs.FileSystemPreferences syncWorld
2024-09-17 20:54:00,799 [ERROR] LogOutputStream:75 - [STDERR_REDIRECT] WARNING: Couldn't flush system prefs: java.util.prefs.BackingStoreException: Couldn't get file lock.
2024-09-17 20:54:00,800 [ERROR] LogOutputStream:75 - [STDERR_REDIRECT] 
2024-09-17 20:54:30,797 [ERROR] LogOutputStream:75 - [STDERR_REDIRECT] Sep 17, 2024 8:54:30 PM java.util.prefs.FileSystemPreferences checkLockFile0ErrorCode
2024-09-17 20:54:30,797 [ERROR] LogOutputStream:75 - [STDERR_REDIRECT] WARNING: Could not lock System prefs. Unix error code 5.
2024-09-17 20:54:30,797 [ERROR] LogOutputStream:75 - [STDERR_REDIRECT] 
2024-09-17 20:54:30,798 [ERROR] LogOutputStream:75 - [STDERR_REDIRECT] Sep 17, 2024 8:54:30 PM java.util.prefs.FileSystemPreferences syncWorld
2024-09-17 20:54:30,799 [ERROR] LogOutputStream:75 - [STDERR_REDIRECT] WARNING: Couldn't flush system prefs: java.util.prefs.BackingStoreException: Couldn't get file lock.
2024-09-17 20:54:30,799 [ERROR] LogOutputStream:75 - [STDERR_REDIRECT] 
2024-09-17 20:55:00,797 [ERROR] LogOutputStream:75 - [STDERR_REDIRECT] Sep 17, 2024 8:55:00 PM java.util.prefs.FileSystemPreferences checkLockFile0ErrorCode
2024-09-17 20:55:00,797 [ERROR] LogOutputStream:75 - [STDERR_REDIRECT] WARNING: Could not lock System prefs. Unix error code 5.
2024-09-17 20:55:00,797 [ERROR] LogOutputStream:75 - [STDERR_REDIRECT] 
2024-09-17 20:55:00,798 [ERROR] LogOutputStream:75 - [STDERR_REDIRECT] Sep 17, 2024 8:55:00 PM java.util.prefs.FileSystemPreferences syncWorld
2024-09-17 20:55:00,799 [ERROR] LogOutputStream:75 - [STDERR_REDIRECT] WARNING: Couldn't flush system prefs: java.util.prefs.BackingStoreException: Couldn't get file lock.
2024-09-17 20:55:00,799 [ERROR] LogOutputStream:75 - [STDERR_REDIRECT] 
2024-09-17 20:55:30,797 [ERROR] LogOutputStream:75 - [STDERR_REDIRECT] Sep 17, 2024 8:55:30 PM java.util.prefs.FileSystemPreferences checkLockFile0ErrorCode
2024-09-17 20:55:30,797 [ERROR] LogOutputStream:75 - [STDERR_REDIRECT] WARNING: Could not lock System prefs. Unix error code 5.
2024-09-17 20:55:30,798 [ERROR] LogOutputStream:75 - [STDERR_REDIRECT] 
2024-09-17 20:55:30,799 [ERROR] LogOutputStream:75 - [STDERR_REDIRECT] Sep 17, 2024 8:55:30 PM java.util.prefs.FileSystemPreferences syncWorld
2024-09-17 20:55:30,799 [ERROR] LogOutputStream:75 - [STDERR_REDIRECT] WARNING: Couldn't flush system prefs: java.util.prefs.BackingStoreException: Couldn't get file lock.
2024-09-17 20:55:30,800 [ERROR] LogOutputStream:75 - [STDERR_REDIRECT] 
2024-09-17 20:56:00,798 [ERROR] LogOutputStream:75 - [STDERR_REDIRECT] Sep 17, 2024 8:56:00 PM java.util.prefs.FileSystemPreferences checkLockFile0ErrorCode
2024-09-17 20:56:00,798 [ERROR] LogOutputStream:75 - [STDERR_REDIRECT] WARNING: Could not lock System prefs. Unix error code 5.
2024-09-17 20:56:00,799 [ERROR] LogOutputStream:75 - [STDERR_REDIRECT] 
2024-09-17 20:56:00,800 [ERROR] LogOutputStream:75 - [STDERR_REDIRECT] Sep 17, 2024 8:56:00 PM java.util.prefs.FileSystemPreferences syncWorld
2024-09-17 20:56:00,801 [ERROR] LogOutputStream:75 - [STDERR_REDIRECT] WARNING: Couldn't flush system prefs: java.util.prefs.BackingStoreException: Couldn't get file lock.
2024-09-17 20:56:00,802 [ERROR] LogOutputStream:75 - [STDERR_REDIRECT] 
2024-09-17 20:56:30,797 [ERROR] LogOutputStream:75 - [STDERR_REDIRECT] Sep 17, 2024 8:56:30 PM java.util.prefs.FileSystemPreferences checkLockFile0ErrorCode
2024-09-17 20:56:30,798 [ERROR] LogOutputStream:75 - [STDERR_REDIRECT] WARNING: Could not lock System prefs. Unix error code 5.
2024-09-17 20:56:30,799 [ERROR] LogOutputStream:75 - [STDERR_REDIRECT] 
2024-09-17 20:56:30,800 [ERROR] LogOutputStream:75 - [STDERR_REDIRECT] Sep 17, 2024 8:56:30 PM java.util.prefs.FileSystemPreferences syncWorld
2024-09-17 20:56:30,800 [ERROR] LogOutputStream:75 - [STDERR_REDIRECT] WARNING: Couldn't flush system prefs: java.util.prefs.BackingStoreException: Couldn't get file lock.
2024-09-17 20:56:30,800 [ERROR] LogOutputStream:75 - [STDERR_REDIRECT] 
2024-09-17 20:57:00,797 [ERROR] LogOutputStream:75 - [STDERR_REDIRECT] Sep 17, 2024 8:57:00 PM java.util.prefs.FileSystemPreferences checkLockFile0ErrorCode
2024-09-17 20:57:00,797 [ERROR] LogOutputStream:75 - [STDERR_REDIRECT] WARNING: Could not lock System prefs. Unix error code 5.
2024-09-17 20:57:00,797 [ERROR] LogOutputStream:75 - [STDERR_REDIRECT] 
2024-09-17 20:57:00,798 [ERROR] LogOutputStream:75 - [STDERR_REDIRECT] Sep 17, 2024 8:57:00 PM java.util.prefs.FileSystemPreferences syncWorld
2024-09-17 20:57:00,798 [ERROR] LogOutputStream:75 - [STDERR_REDIRECT] WARNING: Couldn't flush system prefs: java.util.prefs.BackingStoreException: Couldn't get file lock.
2024-09-17 20:57:00,798 [ERROR] LogOutputStream:75 - [STDERR_REDIRECT] 
2024-09-17 20:57:30,800 [ERROR] LogOutputStream:75 - [STDERR_REDIRECT] Sep 17, 2024 8:57:30 PM java.util.prefs.FileSystemPreferences checkLockFile0ErrorCode
2024-09-17 20:57:30,801 [ERROR] LogOutputStream:75 - [STDERR_REDIRECT] WARNING: Could not lock System prefs. Unix error code 5.
2024-09-17 20:57:30,801 [ERROR] LogOutputStream:75 - [STDERR_REDIRECT] 
2024-09-17 20:57:30,802 [ERROR] LogOutputStream:75 - [STDERR_REDIRECT] Sep 17, 2024 8:57:30 PM java.util.prefs.FileSystemPreferences syncWorld
2024-09-17 20:57:30,803 [ERROR] LogOutputStream:75 - [STDERR_REDIRECT] WARNING: Couldn't flush system prefs: java.util.prefs.BackingStoreException: Couldn't get file lock.
2024-09-17 20:57:30,803 [ERROR] LogOutputStream:75 - [STDERR_REDIRECT] 
2024-09-17 20:58:00,797 [ERROR] LogOutputStream:75 - [STDERR_REDIRECT] Sep 17, 2024 8:58:00 PM java.util.prefs.FileSystemPreferences checkLockFile0ErrorCode
2024-09-17 20:58:00,798 [ERROR] LogOutputStream:75 - [STDERR_REDIRECT] WARNING: Could not lock System prefs. Unix error code 5.
2024-09-17 20:58:00,798 [ERROR] LogOutputStream:75 - [STDERR_REDIRECT] 
2024-09-17 20:58:00,798 [ERROR] LogOutputStream:75 - [STDERR_REDIRECT] Sep 17, 2024 8:58:00 PM java.util.prefs.FileSystemPreferences syncWorld
2024-09-17 20:58:00,799 [ERROR] LogOutputStream:75 - [STDERR_REDIRECT] WARNING: Couldn't flush system prefs: java.util.prefs.BackingStoreException: Couldn't get file lock.
2024-09-17 20:58:00,799 [ERROR] LogOutputStream:75 - [STDERR_REDIRECT] 
2024-09-17 20:58:30,797 [ERROR] LogOutputStream:75 - [STDERR_REDIRECT] Sep 17, 2024 8:58:30 PM java.util.prefs.FileSystemPreferences checkLockFile0ErrorCode
2024-09-17 20:58:30,797 [ERROR] LogOutputStream:75 - [STDERR_REDIRECT] WARNING: Could not lock System prefs. Unix error code 5.
2024-09-17 20:58:30,798 [ERROR] LogOutputStream:75 - [STDERR_REDIRECT] 
2024-09-17 20:58:30,798 [ERROR] LogOutputStream:75 - [STDERR_REDIRECT] Sep 17, 2024 8:58:30 PM java.util.prefs.FileSystemPreferences syncWorld
2024-09-17 20:58:30,798 [ERROR] LogOutputStream:75 - [STDERR_REDIRECT] WARNING: Couldn't flush system prefs: java.util.prefs.BackingStoreException: Couldn't get file lock.
2024-09-17 20:58:30,798 [ERROR] LogOutputStream:75 - [STDERR_REDIRECT] 
2024-09-17 20:58:59,031 [INFO] LogOutputStream:77 - [STDOUT_REDIRECT] Nominal 
2024-09-17 20:59:00,797 [ERROR] LogOutputStream:75 - [STDERR_REDIRECT] Sep 17, 2024 8:59:00 PM java.util.prefs.FileSystemPreferences checkLockFile0ErrorCode
2024-09-17 20:59:00,798 [ERROR] LogOutputStream:75 - [STDERR_REDIRECT] WARNING: Could not lock System prefs. Unix error code 5.
2024-09-17 20:59:00,798 [ERROR] LogOutputStream:75 - [STDERR_REDIRECT] 
2024-09-17 20:59:00,799 [ERROR] LogOutputStream:75 - [STDERR_REDIRECT] Sep 17, 2024 8:59:00 PM java.util.prefs.FileSystemPreferences syncWorld
2024-09-17 20:59:00,799 [ERROR] LogOutputStream:75 - [STDERR_REDIRECT] WARNING: Couldn't flush system prefs: java.util.prefs.BackingStoreException: Couldn't get file lock.
2024-09-17 20:59:00,799 [ERROR] LogOutputStream:75 - [STDERR_REDIRECT] 
2024-09-17 20:59:30,799 [ERROR] LogOutputStream:75 - [STDERR_REDIRECT] Sep 17, 2024 8:59:30 PM java.util.prefs.FileSystemPreferences checkLockFile0ErrorCode
2024-09-17 20:59:30,800 [ERROR] LogOutputStream:75 - [STDERR_REDIRECT] WARNING: Could not lock System prefs. Unix error code 5.
2024-09-17 20:59:30,800 [ERROR] LogOutputStream:75 - [STDERR_REDIRECT] 
2024-09-17 20:59:30,800 [ERROR] LogOutputStream:75 - [STDERR_REDIRECT] Sep 17, 2024 8:59:30 PM java.util.prefs.FileSystemPreferences syncWorld
2024-09-17 20:59:30,800 [ERROR] LogOutputStream:75 - [STDERR_REDIRECT] WARNING: Couldn't flush system prefs: java.util.prefs.BackingStoreException: Couldn't get file lock.
2024-09-17 20:59:30,800 [ERROR] LogOutputStream:75 - [STDERR_REDIRECT] 
2024-09-17 20:59:58,425 [INFO] LogOutputStream:77 - [STDOUT_REDIRECT] Nominal 
2024-09-17 21:00:00,800 [ERROR] LogOutputStream:75 - [STDERR_REDIRECT] Sep 17, 2024 9:00:00 PM java.util.prefs.FileSystemPreferences checkLockFile0ErrorCode
2024-09-17 21:00:00,800 [ERROR] LogOutputStream:75 - [STDERR_REDIRECT] WARNING: Could not lock System prefs. Unix error code 5.
2024-09-17 21:00:00,801 [ERROR] LogOutputStream:75 - [STDERR_REDIRECT] 
2024-09-17 21:00:00,801 [ERROR] LogOutputStream:75 - [STDERR_REDIRECT] Sep 17, 2024 9:00:00 PM java.util.prefs.FileSystemPreferences syncWorld
2024-09-17 21:00:00,801 [ERROR] LogOutputStream:75 - [STDERR_REDIRECT] WARNING: Couldn't flush system prefs: java.util.prefs.BackingStoreException: Couldn't get file lock.
2024-09-17 21:00:00,802 [ERROR] LogOutputStream:75 - [STDERR_REDIRECT] 
2024-09-17 21:00:30,800 [ERROR] LogOutputStream:75 - [STDERR_REDIRECT] Sep 17, 2024 9:00:30 PM java.util.prefs.FileSystemPreferences checkLockFile0ErrorCode
2024-09-17 21:00:30,800 [ERROR] LogOutputStream:75 - [STDERR_REDIRECT] WARNING: Could not lock System prefs. Unix error code 5.
2024-09-17 21:00:30,801 [ERROR] LogOutputStream:75 - [STDERR_REDIRECT] 
2024-09-17 21:00:30,801 [ERROR] LogOutputStream:75 - [STDERR_REDIRECT] Sep 17, 2024 9:00:30 PM java.util.prefs.FileSystemPreferences syncWorld
2024-09-17 21:00:30,802 [ERROR] LogOutputStream:75 - [STDERR_REDIRECT] WARNING: Couldn't flush system prefs: java.util.prefs.BackingStoreException: Couldn't get file lock.
2024-09-17 21:00:30,803 [ERROR] LogOutputStream:75 - [STDERR_REDIRECT] 
2024-09-17 21:01:00,797 [ERROR] LogOutputStream:75 - [STDERR_REDIRECT] Sep 17, 2024 9:01:00 PM java.util.prefs.FileSystemPreferences checkLockFile0ErrorCode
2024-09-17 21:01:00,798 [ERROR] LogOutputStream:75 - [STDERR_REDIRECT] WARNING: Could not lock System prefs. Unix error code 5.
2024-09-17 21:01:00,798 [ERROR] LogOutputStream:75 - [STDERR_REDIRECT] 
2024-09-17 21:01:00,799 [ERROR] LogOutputStream:75 - [STDERR_REDIRECT] Sep 17, 2024 9:01:00 PM java.util.prefs.FileSystemPreferences syncWorld
2024-09-17 21:01:00,799 [ERROR] LogOutputStream:75 - [STDERR_REDIRECT] WARNING: Couldn't flush system prefs: java.util.prefs.BackingStoreException: Couldn't get file lock.
2024-09-17 21:01:00,799 [ERROR] LogOutputStream:75 - [STDERR_REDIRECT] 
2024-09-17 21:01:24,857 [INFO] LogOutputStream:77 - [STDOUT_REDIRECT] Nominal 
2024-09-17 21:01:30,801 [ERROR] LogOutputStream:75 - [STDERR_REDIRECT] Sep 17, 2024 9:01:30 PM java.util.prefs.FileSystemPreferences checkLockFile0ErrorCode
2024-09-17 21:01:30,801 [ERROR] LogOutputStream:75 - [STDERR_REDIRECT] WARNING: Could not lock System prefs. Unix error code 5.
2024-09-17 21:01:30,802 [ERROR] LogOutputStream:75 - [STDERR_REDIRECT] 
2024-09-17 21:01:30,804 [ERROR] LogOutputStream:75 - [STDERR_REDIRECT] Sep 17, 2024 9:01:30 PM java.util.prefs.FileSystemPreferences syncWorld
2024-09-17 21:01:30,805 [ERROR] LogOutputStream:75 - [STDERR_REDIRECT] WARNING: Couldn't flush system prefs: java.util.prefs.BackingStoreException: Couldn't get file lock.
2024-09-17 21:01:30,805 [ERROR] LogOutputStream:75 - [STDERR_REDIRECT] 
2024-09-17 21:02:00,798 [ERROR] LogOutputStream:75 - [STDERR_REDIRECT] Sep 17, 2024 9:02:00 PM java.util.prefs.FileSystemPreferences checkLockFile0ErrorCode
2024-09-17 21:02:00,799 [ERROR] LogOutputStream:75 - [STDERR_REDIRECT] WARNING: Could not lock System prefs. Unix error code 5.
2024-09-17 21:02:00,800 [ERROR] LogOutputStream:75 - [STDERR_REDIRECT] 
2024-09-17 21:02:00,802 [ERROR] LogOutputStream:75 - [STDERR_REDIRECT] Sep 17, 2024 9:02:00 PM java.util.prefs.FileSystemPreferences syncWorld
2024-09-17 21:02:00,802 [ERROR] LogOutputStream:75 - [STDERR_REDIRECT] WARNING: Couldn't flush system prefs: java.util.prefs.BackingStoreException: Couldn't get file lock.
2024-09-17 21:02:00,803 [ERROR] LogOutputStream:75 - [STDERR_REDIRECT] 
2024-09-17 21:02:10,972 [INFO] LogOutputStream:77 - [STDOUT_REDIRECT] Nominal 
2024-09-17 21:02:14,620 [INFO] LogOutputStream:77 - [STDOUT_REDIRECT] Nominal 
2024-09-17 21:02:30,802 [ERROR] LogOutputStream:75 - [STDERR_REDIRECT] Sep 17, 2024 9:02:30 PM java.util.prefs.FileSystemPreferences checkLockFile0ErrorCode
2024-09-17 21:02:30,802 [ERROR] LogOutputStream:75 - [STDERR_REDIRECT] WARNING: Could not lock System prefs. Unix error code 5.
2024-09-17 21:02:30,803 [ERROR] LogOutputStream:75 - [STDERR_REDIRECT] 
2024-09-17 21:02:30,803 [ERROR] LogOutputStream:75 - [STDERR_REDIRECT] Sep 17, 2024 9:02:30 PM java.util.prefs.FileSystemPreferences syncWorld
2024-09-17 21:02:30,804 [ERROR] LogOutputStream:75 - [STDERR_REDIRECT] WARNING: Couldn't flush system prefs: java.util.prefs.BackingStoreException: Couldn't get file lock.
2024-09-17 21:02:30,804 [ERROR] LogOutputStream:75 - [STDERR_REDIRECT] 
2024-09-17 21:03:00,798 [ERROR] LogOutputStream:75 - [STDERR_REDIRECT] Sep 17, 2024 9:03:00 PM java.util.prefs.FileSystemPreferences checkLockFile0ErrorCode
2024-09-17 21:03:00,799 [ERROR] LogOutputStream:75 - [STDERR_REDIRECT] WARNING: Could not lock System prefs. Unix error code 5.
2024-09-17 21:03:00,800 [ERROR] LogOutputStream:75 - [STDERR_REDIRECT] 
2024-09-17 21:03:00,801 [ERROR] LogOutputStream:75 - [STDERR_REDIRECT] Sep 17, 2024 9:03:00 PM java.util.prefs.FileSystemPreferences syncWorld
2024-09-17 21:03:00,801 [ERROR] LogOutputStream:75 - [STDERR_REDIRECT] WARNING: Couldn't flush system prefs: java.util.prefs.BackingStoreException: Couldn't get file lock.
2024-09-17 21:03:00,801 [ERROR] LogOutputStream:75 - [STDERR_REDIRECT] 
2024-09-17 21:03:30,799 [ERROR] LogOutputStream:75 - [STDERR_REDIRECT] Sep 17, 2024 9:03:30 PM java.util.prefs.FileSystemPreferences checkLockFile0ErrorCode
2024-09-17 21:03:30,800 [ERROR] LogOutputStream:75 - [STDERR_REDIRECT] WARNING: Could not lock System prefs. Unix error code 5.
2024-09-17 21:03:30,800 [ERROR] LogOutputStream:75 - [STDERR_REDIRECT] 
2024-09-17 21:03:30,801 [ERROR] LogOutputStream:75 - [STDERR_REDIRECT] Sep 17, 2024 9:03:30 PM java.util.prefs.FileSystemPreferences syncWorld
2024-09-17 21:03:30,802 [ERROR] LogOutputStream:75 - [STDERR_REDIRECT] WARNING: Couldn't flush system prefs: java.util.prefs.BackingStoreException: Couldn't get file lock.
2024-09-17 21:03:30,802 [ERROR] LogOutputStream:75 - [STDERR_REDIRECT] 
2024-09-17 21:04:00,807 [ERROR] LogOutputStream:75 - [STDERR_REDIRECT] Sep 17, 2024 9:04:00 PM java.util.prefs.FileSystemPreferences checkLockFile0ErrorCode
2024-09-17 21:04:00,807 [ERROR] LogOutputStream:75 - [STDERR_REDIRECT] WARNING: Could not lock System prefs. Unix error code 5.
2024-09-17 21:04:00,807 [ERROR] LogOutputStream:75 - [STDERR_REDIRECT] 
2024-09-17 21:04:00,807 [ERROR] LogOutputStream:75 - [STDERR_REDIRECT] Sep 17, 2024 9:04:00 PM java.util.prefs.FileSystemPreferences syncWorld
2024-09-17 21:04:00,807 [ERROR] LogOutputStream:75 - [STDERR_REDIRECT] WARNING: Couldn't flush system prefs: java.util.prefs.BackingStoreException: Couldn't get file lock.
2024-09-17 21:04:00,807 [ERROR] LogOutputStream:75 - [STDERR_REDIRECT] 
2024-09-17 21:04:30,801 [ERROR] LogOutputStream:75 - [STDERR_REDIRECT] Sep 17, 2024 9:04:30 PM java.util.prefs.FileSystemPreferences checkLockFile0ErrorCode
2024-09-17 21:04:30,801 [ERROR] LogOutputStream:75 - [STDERR_REDIRECT] WARNING: Could not lock System prefs. Unix error code 5.
2024-09-17 21:04:30,802 [ERROR] LogOutputStream:75 - [STDERR_REDIRECT] 
2024-09-17 21:04:30,802 [ERROR] LogOutputStream:75 - [STDERR_REDIRECT] Sep 17, 2024 9:04:30 PM java.util.prefs.FileSystemPreferences syncWorld
2024-09-17 21:04:30,803 [ERROR] LogOutputStream:75 - [STDERR_REDIRECT] WARNING: Couldn't flush system prefs: java.util.prefs.BackingStoreException: Couldn't get file lock.
2024-09-17 21:04:30,803 [ERROR] LogOutputStream:75 - [STDERR_REDIRECT] 
2024-09-17 21:05:00,802 [ERROR] LogOutputStream:75 - [STDERR_REDIRECT] Sep 17, 2024 9:05:00 PM java.util.prefs.FileSystemPreferences checkLockFile0ErrorCode
2024-09-17 21:05:00,802 [ERROR] LogOutputStream:75 - [STDERR_REDIRECT] WARNING: Could not lock System prefs. Unix error code 5.
2024-09-17 21:05:00,803 [ERROR] LogOutputStream:75 - [STDERR_REDIRECT] 
2024-09-17 21:05:00,803 [ERROR] LogOutputStream:75 - [STDERR_REDIRECT] Sep 17, 2024 9:05:00 PM java.util.prefs.FileSystemPreferences syncWorld
2024-09-17 21:05:00,803 [ERROR] LogOutputStream:75 - [STDERR_REDIRECT] WARNING: Couldn't flush system prefs: java.util.prefs.BackingStoreException: Couldn't get file lock.
2024-09-17 21:05:00,804 [ERROR] LogOutputStream:75 - [STDERR_REDIRECT] 
2024-09-17 21:05:30,802 [ERROR] LogOutputStream:75 - [STDERR_REDIRECT] Sep 17, 2024 9:05:30 PM java.util.prefs.FileSystemPreferences checkLockFile0ErrorCode
2024-09-17 21:05:30,803 [ERROR] LogOutputStream:75 - [STDERR_REDIRECT] WARNING: Could not lock System prefs. Unix error code 5.
2024-09-17 21:05:30,803 [ERROR] LogOutputStream:75 - [STDERR_REDIRECT] 
2024-09-17 21:05:30,804 [ERROR] LogOutputStream:75 - [STDERR_REDIRECT] Sep 17, 2024 9:05:30 PM java.util.prefs.FileSystemPreferences syncWorld
2024-09-17 21:05:30,804 [ERROR] LogOutputStream:75 - [STDERR_REDIRECT] WARNING: Couldn't flush system prefs: java.util.prefs.BackingStoreException: Couldn't get file lock.
2024-09-17 21:05:30,804 [ERROR] LogOutputStream:75 - [STDERR_REDIRECT] 
2024-09-17 21:06:00,803 [ERROR] LogOutputStream:75 - [STDERR_REDIRECT] Sep 17, 2024 9:06:00 PM java.util.prefs.FileSystemPreferences checkLockFile0ErrorCode
2024-09-17 21:06:00,803 [ERROR] LogOutputStream:75 - [STDERR_REDIRECT] WARNING: Could not lock System prefs. Unix error code 5.
2024-09-17 21:06:00,804 [ERROR] LogOutputStream:75 - [STDERR_REDIRECT] 
2024-09-17 21:06:00,804 [ERROR] LogOutputStream:75 - [STDERR_REDIRECT] Sep 17, 2024 9:06:00 PM java.util.prefs.FileSystemPreferences syncWorld
2024-09-17 21:06:00,805 [ERROR] LogOutputStream:75 - [STDERR_REDIRECT] WARNING: Couldn't flush system prefs: java.util.prefs.BackingStoreException: Couldn't get file lock.
2024-09-17 21:06:00,805 [ERROR] LogOutputStream:75 - [STDERR_REDIRECT] 
2024-09-17 21:06:30,803 [ERROR] LogOutputStream:75 - [STDERR_REDIRECT] Sep 17, 2024 9:06:30 PM java.util.prefs.FileSystemPreferences checkLockFile0ErrorCode
2024-09-17 21:06:30,804 [ERROR] LogOutputStream:75 - [STDERR_REDIRECT] WARNING: Could not lock System prefs. Unix error code 5.
2024-09-17 21:06:30,804 [ERROR] LogOutputStream:75 - [STDERR_REDIRECT] 
2024-09-17 21:06:30,805 [ERROR] LogOutputStream:75 - [STDERR_REDIRECT] Sep 17, 2024 9:06:30 PM java.util.prefs.FileSystemPreferences syncWorld
2024-09-17 21:06:30,805 [ERROR] LogOutputStream:75 - [STDERR_REDIRECT] WARNING: Couldn't flush system prefs: java.util.prefs.BackingStoreException: Couldn't get file lock.
2024-09-17 21:06:30,805 [ERROR] LogOutputStream:75 - [STDERR_REDIRECT] 
2024-09-17 21:07:00,802 [ERROR] LogOutputStream:75 - [STDERR_REDIRECT] Sep 17, 2024 9:07:00 PM java.util.prefs.FileSystemPreferences checkLockFile0ErrorCode
2024-09-17 21:07:00,803 [ERROR] LogOutputStream:75 - [STDERR_REDIRECT] WARNING: Could not lock System prefs. Unix error code 5.
2024-09-17 21:07:00,803 [ERROR] LogOutputStream:75 - [STDERR_REDIRECT] 
2024-09-17 21:07:00,804 [ERROR] LogOutputStream:75 - [STDERR_REDIRECT] Sep 17, 2024 9:07:00 PM java.util.prefs.FileSystemPreferences syncWorld
2024-09-17 21:07:00,805 [ERROR] LogOutputStream:75 - [STDERR_REDIRECT] WARNING: Couldn't flush system prefs: java.util.prefs.BackingStoreException: Couldn't get file lock.
2024-09-17 21:07:00,805 [ERROR] LogOutputStream:75 - [STDERR_REDIRECT] 
2024-09-17 21:07:30,804 [ERROR] LogOutputStream:75 - [STDERR_REDIRECT] Sep 17, 2024 9:07:30 PM java.util.prefs.FileSystemPreferences checkLockFile0ErrorCode
2024-09-17 21:07:30,804 [ERROR] LogOutputStream:75 - [STDERR_REDIRECT] WARNING: Could not lock System prefs. Unix error code 5.
2024-09-17 21:07:30,805 [ERROR] LogOutputStream:75 - [STDERR_REDIRECT] 
2024-09-17 21:07:30,805 [ERROR] LogOutputStream:75 - [STDERR_REDIRECT] Sep 17, 2024 9:07:30 PM java.util.prefs.FileSystemPreferences syncWorld
2024-09-17 21:07:30,805 [ERROR] LogOutputStream:75 - [STDERR_REDIRECT] WARNING: Couldn't flush system prefs: java.util.prefs.BackingStoreException: Couldn't get file lock.
2024-09-17 21:07:30,805 [ERROR] LogOutputStream:75 - [STDERR_REDIRECT] 
2024-09-17 21:08:00,804 [ERROR] LogOutputStream:75 - [STDERR_REDIRECT] Sep 17, 2024 9:08:00 PM java.util.prefs.FileSystemPreferences checkLockFile0ErrorCode
2024-09-17 21:08:00,805 [ERROR] LogOutputStream:75 - [STDERR_REDIRECT] WARNING: Could not lock System prefs. Unix error code 5.
2024-09-17 21:08:00,805 [ERROR] LogOutputStream:75 - [STDERR_REDIRECT] 
2024-09-17 21:08:00,806 [ERROR] LogOutputStream:75 - [STDERR_REDIRECT] Sep 17, 2024 9:08:00 PM java.util.prefs.FileSystemPreferences syncWorld
2024-09-17 21:08:00,807 [ERROR] LogOutputStream:75 - [STDERR_REDIRECT] WARNING: Couldn't flush system prefs: java.util.prefs.BackingStoreException: Couldn't get file lock.
2024-09-17 21:08:00,807 [ERROR] LogOutputStream:75 - [STDERR_REDIRECT] 
2024-09-17 21:08:30,804 [ERROR] LogOutputStream:75 - [STDERR_REDIRECT] Sep 17, 2024 9:08:30 PM java.util.prefs.FileSystemPreferences checkLockFile0ErrorCode
2024-09-17 21:08:30,804 [ERROR] LogOutputStream:75 - [STDERR_REDIRECT] WARNING: Could not lock System prefs. Unix error code 5.
2024-09-17 21:08:30,805 [ERROR] LogOutputStream:75 - [STDERR_REDIRECT] 
2024-09-17 21:08:30,805 [ERROR] LogOutputStream:75 - [STDERR_REDIRECT] Sep 17, 2024 9:08:30 PM java.util.prefs.FileSystemPreferences syncWorld
2024-09-17 21:08:30,806 [ERROR] LogOutputStream:75 - [STDERR_REDIRECT] WARNING: Couldn't flush system prefs: java.util.prefs.BackingStoreException: Couldn't get file lock.
2024-09-17 21:08:30,806 [ERROR] LogOutputStream:75 - [STDERR_REDIRECT] 
2024-09-17 21:09:00,803 [ERROR] LogOutputStream:75 - [STDERR_REDIRECT] Sep 17, 2024 9:09:00 PM java.util.prefs.FileSystemPreferences checkLockFile0ErrorCode
2024-09-17 21:09:00,804 [ERROR] LogOutputStream:75 - [STDERR_REDIRECT] WARNING: Could not lock System prefs. Unix error code 5.
2024-09-17 21:09:00,804 [ERROR] LogOutputStream:75 - [STDERR_REDIRECT] 
2024-09-17 21:09:00,804 [ERROR] LogOutputStream:75 - [STDERR_REDIRECT] Sep 17, 2024 9:09:00 PM java.util.prefs.FileSystemPreferences syncWorld
2024-09-17 21:09:00,805 [ERROR] LogOutputStream:75 - [STDERR_REDIRECT] WARNING: Couldn't flush system prefs: java.util.prefs.BackingStoreException: Couldn't get file lock.
2024-09-17 21:09:00,805 [ERROR] LogOutputStream:75 - [STDERR_REDIRECT] 
2024-09-17 21:09:30,804 [ERROR] LogOutputStream:75 - [STDERR_REDIRECT] Sep 17, 2024 9:09:30 PM java.util.prefs.FileSystemPreferences checkLockFile0ErrorCode
2024-09-17 21:09:30,804 [ERROR] LogOutputStream:75 - [STDERR_REDIRECT] WARNING: Could not lock System prefs. Unix error code 5.
2024-09-17 21:09:30,804 [ERROR] LogOutputStream:75 - [STDERR_REDIRECT] 
2024-09-17 21:09:30,805 [ERROR] LogOutputStream:75 - [STDERR_REDIRECT] Sep 17, 2024 9:09:30 PM java.util.prefs.FileSystemPreferences syncWorld
2024-09-17 21:09:30,805 [ERROR] LogOutputStream:75 - [STDERR_REDIRECT] WARNING: Couldn't flush system prefs: java.util.prefs.BackingStoreException: Couldn't get file lock.
2024-09-17 21:09:30,805 [ERROR] LogOutputStream:75 - [STDERR_REDIRECT] 
2024-09-17 21:10:00,804 [ERROR] LogOutputStream:75 - [STDERR_REDIRECT] Sep 17, 2024 9:10:00 PM java.util.prefs.FileSystemPreferences checkLockFile0ErrorCode
2024-09-17 21:10:00,804 [ERROR] LogOutputStream:75 - [STDERR_REDIRECT] WARNING: Could not lock System prefs. Unix error code 5.
2024-09-17 21:10:00,804 [ERROR] LogOutputStream:75 - [STDERR_REDIRECT] 
2024-09-17 21:10:00,805 [ERROR] LogOutputStream:75 - [STDERR_REDIRECT] Sep 17, 2024 9:10:00 PM java.util.prefs.FileSystemPreferences syncWorld
2024-09-17 21:10:00,805 [ERROR] LogOutputStream:75 - [STDERR_REDIRECT] WARNING: Couldn't flush system prefs: java.util.prefs.BackingStoreException: Couldn't get file lock.
2024-09-17 21:10:00,806 [ERROR] LogOutputStream:75 - [STDERR_REDIRECT] 
2024-09-17 21:10:30,804 [ERROR] LogOutputStream:75 - [STDERR_REDIRECT] Sep 17, 2024 9:10:30 PM java.util.prefs.FileSystemPreferences checkLockFile0ErrorCode
2024-09-17 21:10:30,804 [ERROR] LogOutputStream:75 - [STDERR_REDIRECT] WARNING: Could not lock System prefs. Unix error code 5.
2024-09-17 21:10:30,804 [ERROR] LogOutputStream:75 - [STDERR_REDIRECT] 
2024-09-17 21:10:30,805 [ERROR] LogOutputStream:75 - [STDERR_REDIRECT] Sep 17, 2024 9:10:30 PM java.util.prefs.FileSystemPreferences syncWorld
2024-09-17 21:10:30,805 [ERROR] LogOutputStream:75 - [STDERR_REDIRECT] WARNING: Couldn't flush system prefs: java.util.prefs.BackingStoreException: Couldn't get file lock.
2024-09-17 21:10:30,805 [ERROR] LogOutputStream:75 - [STDERR_REDIRECT] 
2024-09-17 21:11:00,804 [ERROR] LogOutputStream:75 - [STDERR_REDIRECT] Sep 17, 2024 9:11:00 PM java.util.prefs.FileSystemPreferences checkLockFile0ErrorCode
2024-09-17 21:11:00,804 [ERROR] LogOutputStream:75 - [STDERR_REDIRECT] WARNING: Could not lock System prefs. Unix error code 5.
2024-09-17 21:11:00,804 [ERROR] LogOutputStream:75 - [STDERR_REDIRECT] 
2024-09-17 21:11:00,805 [ERROR] LogOutputStream:75 - [STDERR_REDIRECT] Sep 17, 2024 9:11:00 PM java.util.prefs.FileSystemPreferences syncWorld
2024-09-17 21:11:00,805 [ERROR] LogOutputStream:75 - [STDERR_REDIRECT] WARNING: Couldn't flush system prefs: java.util.prefs.BackingStoreException: Couldn't get file lock.
2024-09-17 21:11:00,806 [ERROR] LogOutputStream:75 - [STDERR_REDIRECT] 
2024-09-17 21:11:30,805 [ERROR] LogOutputStream:75 - [STDERR_REDIRECT] Sep 17, 2024 9:11:30 PM java.util.prefs.FileSystemPreferences checkLockFile0ErrorCode
2024-09-17 21:11:30,805 [ERROR] LogOutputStream:75 - [STDERR_REDIRECT] WARNING: Could not lock System prefs. Unix error code 5.
2024-09-17 21:11:30,806 [ERROR] LogOutputStream:75 - [STDERR_REDIRECT] 
2024-09-17 21:11:30,806 [ERROR] LogOutputStream:75 - [STDERR_REDIRECT] Sep 17, 2024 9:11:30 PM java.util.prefs.FileSystemPreferences syncWorld
2024-09-17 21:11:30,807 [ERROR] LogOutputStream:75 - [STDERR_REDIRECT] WARNING: Couldn't flush system prefs: java.util.prefs.BackingStoreException: Couldn't get file lock.
2024-09-17 21:11:30,807 [ERROR] LogOutputStream:75 - [STDERR_REDIRECT] 
2024-09-17 21:12:00,804 [ERROR] LogOutputStream:75 - [STDERR_REDIRECT] Sep 17, 2024 9:12:00 PM java.util.prefs.FileSystemPreferences checkLockFile0ErrorCode
2024-09-17 21:12:00,804 [ERROR] LogOutputStream:75 - [STDERR_REDIRECT] WARNING: Could not lock System prefs. Unix error code 5.
2024-09-17 21:12:00,805 [ERROR] LogOutputStream:75 - [STDERR_REDIRECT] 
2024-09-17 21:12:00,805 [ERROR] LogOutputStream:75 - [STDERR_REDIRECT] Sep 17, 2024 9:12:00 PM java.util.prefs.FileSystemPreferences syncWorld
2024-09-17 21:12:00,806 [ERROR] LogOutputStream:75 - [STDERR_REDIRECT] WARNING: Couldn't flush system prefs: java.util.prefs.BackingStoreException: Couldn't get file lock.
2024-09-17 21:12:00,806 [ERROR] LogOutputStream:75 - [STDERR_REDIRECT] 
2024-09-17 21:12:30,803 [ERROR] LogOutputStream:75 - [STDERR_REDIRECT] Sep 17, 2024 9:12:30 PM java.util.prefs.FileSystemPreferences checkLockFile0ErrorCode
2024-09-17 21:12:30,803 [ERROR] LogOutputStream:75 - [STDERR_REDIRECT] WARNING: Could not lock System prefs. Unix error code 5.
2024-09-17 21:12:30,804 [ERROR] LogOutputStream:75 - [STDERR_REDIRECT] 
2024-09-17 21:12:30,804 [ERROR] LogOutputStream:75 - [STDERR_REDIRECT] Sep 17, 2024 9:12:30 PM java.util.prefs.FileSystemPreferences syncWorld
2024-09-17 21:12:30,804 [ERROR] LogOutputStream:75 - [STDERR_REDIRECT] WARNING: Couldn't flush system prefs: java.util.prefs.BackingStoreException: Couldn't get file lock.
2024-09-17 21:12:30,804 [ERROR] LogOutputStream:75 - [STDERR_REDIRECT] 
2024-09-17 21:13:00,804 [ERROR] LogOutputStream:75 - [STDERR_REDIRECT] Sep 17, 2024 9:13:00 PM java.util.prefs.FileSystemPreferences checkLockFile0ErrorCode
2024-09-17 21:13:00,804 [ERROR] LogOutputStream:75 - [STDERR_REDIRECT] WARNING: Could not lock System prefs. Unix error code 5.
2024-09-17 21:13:00,805 [ERROR] LogOutputStream:75 - [STDERR_REDIRECT] 
2024-09-17 21:13:00,805 [ERROR] LogOutputStream:75 - [STDERR_REDIRECT] Sep 17, 2024 9:13:00 PM java.util.prefs.FileSystemPreferences syncWorld
2024-09-17 21:13:00,806 [ERROR] LogOutputStream:75 - [STDERR_REDIRECT] WARNING: Couldn't flush system prefs: java.util.prefs.BackingStoreException: Couldn't get file lock.
2024-09-17 21:13:00,806 [ERROR] LogOutputStream:75 - [STDERR_REDIRECT] 
2024-09-17 21:13:30,805 [ERROR] LogOutputStream:75 - [STDERR_REDIRECT] Sep 17, 2024 9:13:30 PM java.util.prefs.FileSystemPreferences checkLockFile0ErrorCode
2024-09-17 21:13:30,805 [ERROR] LogOutputStream:75 - [STDERR_REDIRECT] WARNING: Could not lock System prefs. Unix error code 5.
2024-09-17 21:13:30,806 [ERROR] LogOutputStream:75 - [STDERR_REDIRECT] 
2024-09-17 21:13:30,807 [ERROR] LogOutputStream:75 - [STDERR_REDIRECT] Sep 17, 2024 9:13:30 PM java.util.prefs.FileSystemPreferences syncWorld
2024-09-17 21:13:30,807 [ERROR] LogOutputStream:75 - [STDERR_REDIRECT] WARNING: Couldn't flush system prefs: java.util.prefs.BackingStoreException: Couldn't get file lock.
2024-09-17 21:13:30,808 [ERROR] LogOutputStream:75 - [STDERR_REDIRECT] 
2024-09-17 21:14:00,805 [ERROR] LogOutputStream:75 - [STDERR_REDIRECT] Sep 17, 2024 9:14:00 PM java.util.prefs.FileSystemPreferences checkLockFile0ErrorCode
2024-09-17 21:14:00,805 [ERROR] LogOutputStream:75 - [STDERR_REDIRECT] WARNING: Could not lock System prefs. Unix error code 5.
2024-09-17 21:14:00,805 [ERROR] LogOutputStream:75 - [STDERR_REDIRECT] 
2024-09-17 21:14:00,807 [ERROR] LogOutputStream:75 - [STDERR_REDIRECT] Sep 17, 2024 9:14:00 PM java.util.prefs.FileSystemPreferences syncWorld
2024-09-17 21:14:00,808 [ERROR] LogOutputStream:75 - [STDERR_REDIRECT] WARNING: Couldn't flush system prefs: java.util.prefs.BackingStoreException: Couldn't get file lock.
2024-09-17 21:14:00,808 [ERROR] LogOutputStream:75 - [STDERR_REDIRECT] 
2024-09-17 21:14:30,805 [ERROR] LogOutputStream:75 - [STDERR_REDIRECT] Sep 17, 2024 9:14:30 PM java.util.prefs.FileSystemPreferences checkLockFile0ErrorCode
2024-09-17 21:14:30,806 [ERROR] LogOutputStream:75 - [STDERR_REDIRECT] WARNING: Could not lock System prefs. Unix error code 5.
2024-09-17 21:14:30,806 [ERROR] LogOutputStream:75 - [STDERR_REDIRECT] 
2024-09-17 21:14:30,807 [ERROR] LogOutputStream:75 - [STDERR_REDIRECT] Sep 17, 2024 9:14:30 PM java.util.prefs.FileSystemPreferences syncWorld
2024-09-17 21:14:30,808 [ERROR] LogOutputStream:75 - [STDERR_REDIRECT] WARNING: Couldn't flush system prefs: java.util.prefs.BackingStoreException: Couldn't get file lock.
2024-09-17 21:14:30,808 [ERROR] LogOutputStream:75 - [STDERR_REDIRECT] 
2024-09-17 21:15:00,815 [ERROR] LogOutputStream:75 - [STDERR_REDIRECT] Sep 17, 2024 9:15:00 PM java.util.prefs.FileSystemPreferences checkLockFile0ErrorCode
2024-09-17 21:15:00,815 [ERROR] LogOutputStream:75 - [STDERR_REDIRECT] WARNING: Could not lock System prefs. Unix error code 5.
2024-09-17 21:15:00,815 [ERROR] LogOutputStream:75 - [STDERR_REDIRECT] 
2024-09-17 21:15:00,815 [ERROR] LogOutputStream:75 - [STDERR_REDIRECT] Sep 17, 2024 9:15:00 PM java.util.prefs.FileSystemPreferences syncWorld
2024-09-17 21:15:00,815 [ERROR] LogOutputStream:75 - [STDERR_REDIRECT] WARNING: Couldn't flush system prefs: java.util.prefs.BackingStoreException: Couldn't get file lock.
2024-09-17 21:15:00,816 [ERROR] LogOutputStream:75 - [STDERR_REDIRECT] 
2024-09-17 21:15:30,805 [ERROR] LogOutputStream:75 - [STDERR_REDIRECT] Sep 17, 2024 9:15:30 PM java.util.prefs.FileSystemPreferences checkLockFile0ErrorCode
2024-09-17 21:15:30,805 [ERROR] LogOutputStream:75 - [STDERR_REDIRECT] WARNING: Could not lock System prefs. Unix error code 5.
2024-09-17 21:15:30,805 [ERROR] LogOutputStream:75 - [STDERR_REDIRECT] 
2024-09-17 21:15:30,806 [ERROR] LogOutputStream:75 - [STDERR_REDIRECT] Sep 17, 2024 9:15:30 PM java.util.prefs.FileSystemPreferences syncWorld
2024-09-17 21:15:30,806 [ERROR] LogOutputStream:75 - [STDERR_REDIRECT] WARNING: Couldn't flush system prefs: java.util.prefs.BackingStoreException: Couldn't get file lock.
2024-09-17 21:15:30,807 [ERROR] LogOutputStream:75 - [STDERR_REDIRECT] 
2024-09-17 21:16:00,804 [ERROR] LogOutputStream:75 - [STDERR_REDIRECT] Sep 17, 2024 9:16:00 PM java.util.prefs.FileSystemPreferences checkLockFile0ErrorCode
2024-09-17 21:16:00,805 [ERROR] LogOutputStream:75 - [STDERR_REDIRECT] WARNING: Could not lock System prefs. Unix error code 5.
2024-09-17 21:16:00,805 [ERROR] LogOutputStream:75 - [STDERR_REDIRECT] 
2024-09-17 21:16:00,805 [ERROR] LogOutputStream:75 - [STDERR_REDIRECT] Sep 17, 2024 9:16:00 PM java.util.prefs.FileSystemPreferences syncWorld
2024-09-17 21:16:00,806 [ERROR] LogOutputStream:75 - [STDERR_REDIRECT] WARNING: Couldn't flush system prefs: java.util.prefs.BackingStoreException: Couldn't get file lock.
2024-09-17 21:16:00,806 [ERROR] LogOutputStream:75 - [STDERR_REDIRECT] 
2024-09-17 21:16:30,804 [ERROR] LogOutputStream:75 - [STDERR_REDIRECT] Sep 17, 2024 9:16:30 PM java.util.prefs.FileSystemPreferences checkLockFile0ErrorCode
2024-09-17 21:16:30,804 [ERROR] LogOutputStream:75 - [STDERR_REDIRECT] WARNING: Could not lock System prefs. Unix error code 5.
2024-09-17 21:16:30,804 [ERROR] LogOutputStream:75 - [STDERR_REDIRECT] 
2024-09-17 21:16:30,805 [ERROR] LogOutputStream:75 - [STDERR_REDIRECT] Sep 17, 2024 9:16:30 PM java.util.prefs.FileSystemPreferences syncWorld
2024-09-17 21:16:30,805 [ERROR] LogOutputStream:75 - [STDERR_REDIRECT] WARNING: Couldn't flush system prefs: java.util.prefs.BackingStoreException: Couldn't get file lock.
2024-09-17 21:16:30,806 [ERROR] LogOutputStream:75 - [STDERR_REDIRECT] 
2024-09-17 21:17:00,804 [ERROR] LogOutputStream:75 - [STDERR_REDIRECT] Sep 17, 2024 9:17:00 PM java.util.prefs.FileSystemPreferences checkLockFile0ErrorCode
2024-09-17 21:17:00,804 [ERROR] LogOutputStream:75 - [STDERR_REDIRECT] WARNING: Could not lock System prefs. Unix error code 5.
2024-09-17 21:17:00,804 [ERROR] LogOutputStream:75 - [STDERR_REDIRECT] 
2024-09-17 21:17:00,805 [ERROR] LogOutputStream:75 - [STDERR_REDIRECT] Sep 17, 2024 9:17:00 PM java.util.prefs.FileSystemPreferences syncWorld
2024-09-17 21:17:00,805 [ERROR] LogOutputStream:75 - [STDERR_REDIRECT] WARNING: Couldn't flush system prefs: java.util.prefs.BackingStoreException: Couldn't get file lock.
2024-09-17 21:17:00,805 [ERROR] LogOutputStream:75 - [STDERR_REDIRECT] 
2024-09-17 21:17:30,804 [ERROR] LogOutputStream:75 - [STDERR_REDIRECT] Sep 17, 2024 9:17:30 PM java.util.prefs.FileSystemPreferences checkLockFile0ErrorCode
2024-09-17 21:17:30,805 [ERROR] LogOutputStream:75 - [STDERR_REDIRECT] WARNING: Could not lock System prefs. Unix error code 5.
2024-09-17 21:17:30,805 [ERROR] LogOutputStream:75 - [STDERR_REDIRECT] 
2024-09-17 21:17:30,806 [ERROR] LogOutputStream:75 - [STDERR_REDIRECT] Sep 17, 2024 9:17:30 PM java.util.prefs.FileSystemPreferences syncWorld
2024-09-17 21:17:30,806 [ERROR] LogOutputStream:75 - [STDERR_REDIRECT] WARNING: Couldn't flush system prefs: java.util.prefs.BackingStoreException: Couldn't get file lock.
2024-09-17 21:17:30,806 [ERROR] LogOutputStream:75 - [STDERR_REDIRECT] 
2024-09-17 21:18:00,804 [ERROR] LogOutputStream:75 - [STDERR_REDIRECT] Sep 17, 2024 9:18:00 PM java.util.prefs.FileSystemPreferences checkLockFile0ErrorCode
2024-09-17 21:18:00,804 [ERROR] LogOutputStream:75 - [STDERR_REDIRECT] WARNING: Could not lock System prefs. Unix error code 5.
2024-09-17 21:18:00,805 [ERROR] LogOutputStream:75 - [STDERR_REDIRECT] 
2024-09-17 21:18:00,806 [ERROR] LogOutputStream:75 - [STDERR_REDIRECT] Sep 17, 2024 9:18:00 PM java.util.prefs.FileSystemPreferences syncWorld
2024-09-17 21:18:00,806 [ERROR] LogOutputStream:75 - [STDERR_REDIRECT] WARNING: Couldn't flush system prefs: java.util.prefs.BackingStoreException: Couldn't get file lock.
2024-09-17 21:18:00,806 [ERROR] LogOutputStream:75 - [STDERR_REDIRECT] 
2024-09-17 21:18:30,804 [ERROR] LogOutputStream:75 - [STDERR_REDIRECT] Sep 17, 2024 9:18:30 PM java.util.prefs.FileSystemPreferences checkLockFile0ErrorCode
2024-09-17 21:18:30,805 [ERROR] LogOutputStream:75 - [STDERR_REDIRECT] WARNING: Could not lock System prefs. Unix error code 5.
2024-09-17 21:18:30,805 [ERROR] LogOutputStream:75 - [STDERR_REDIRECT] 
2024-09-17 21:18:30,806 [ERROR] LogOutputStream:75 - [STDERR_REDIRECT] Sep 17, 2024 9:18:30 PM java.util.prefs.FileSystemPreferences syncWorld
2024-09-17 21:18:30,806 [ERROR] LogOutputStream:75 - [STDERR_REDIRECT] WARNING: Couldn't flush system prefs: java.util.prefs.BackingStoreException: Couldn't get file lock.
2024-09-17 21:18:30,807 [ERROR] LogOutputStream:75 - [STDERR_REDIRECT] 
2024-09-17 21:19:00,804 [ERROR] LogOutputStream:75 - [STDERR_REDIRECT] Sep 17, 2024 9:19:00 PM java.util.prefs.FileSystemPreferences checkLockFile0ErrorCode
2024-09-17 21:19:00,804 [ERROR] LogOutputStream:75 - [STDERR_REDIRECT] WARNING: Could not lock System prefs. Unix error code 5.
2024-09-17 21:19:00,805 [ERROR] LogOutputStream:75 - [STDERR_REDIRECT] 
2024-09-17 21:19:00,805 [ERROR] LogOutputStream:75 - [STDERR_REDIRECT] Sep 17, 2024 9:19:00 PM java.util.prefs.FileSystemPreferences syncWorld
2024-09-17 21:19:00,806 [ERROR] LogOutputStream:75 - [STDERR_REDIRECT] WARNING: Couldn't flush system prefs: java.util.prefs.BackingStoreException: Couldn't get file lock.
2024-09-17 21:19:00,806 [ERROR] LogOutputStream:75 - [STDERR_REDIRECT] 
2024-09-17 21:19:30,804 [ERROR] LogOutputStream:75 - [STDERR_REDIRECT] Sep 17, 2024 9:19:30 PM java.util.prefs.FileSystemPreferences checkLockFile0ErrorCode
2024-09-17 21:19:30,805 [ERROR] LogOutputStream:75 - [STDERR_REDIRECT] WARNING: Could not lock System prefs. Unix error code 5.
2024-09-17 21:19:30,805 [ERROR] LogOutputStream:75 - [STDERR_REDIRECT] 
2024-09-17 21:19:30,806 [ERROR] LogOutputStream:75 - [STDERR_REDIRECT] Sep 17, 2024 9:19:30 PM java.util.prefs.FileSystemPreferences syncWorld
2024-09-17 21:19:30,806 [ERROR] LogOutputStream:75 - [STDERR_REDIRECT] WARNING: Couldn't flush system prefs: java.util.prefs.BackingStoreException: Couldn't get file lock.
2024-09-17 21:19:30,806 [ERROR] LogOutputStream:75 - [STDERR_REDIRECT] 
2024-09-17 21:20:00,804 [ERROR] LogOutputStream:75 - [STDERR_REDIRECT] Sep 17, 2024 9:20:00 PM java.util.prefs.FileSystemPreferences checkLockFile0ErrorCode
2024-09-17 21:20:00,804 [ERROR] LogOutputStream:75 - [STDERR_REDIRECT] WARNING: Could not lock System prefs. Unix error code 5.
2024-09-17 21:20:00,805 [ERROR] LogOutputStream:75 - [STDERR_REDIRECT] 
2024-09-17 21:20:00,805 [ERROR] LogOutputStream:75 - [STDERR_REDIRECT] Sep 17, 2024 9:20:00 PM java.util.prefs.FileSystemPreferences syncWorld
2024-09-17 21:20:00,806 [ERROR] LogOutputStream:75 - [STDERR_REDIRECT] WARNING: Couldn't flush system prefs: java.util.prefs.BackingStoreException: Couldn't get file lock.
2024-09-17 21:20:00,806 [ERROR] LogOutputStream:75 - [STDERR_REDIRECT] 
2024-09-17 21:20:30,805 [ERROR] LogOutputStream:75 - [STDERR_REDIRECT] Sep 17, 2024 9:20:30 PM java.util.prefs.FileSystemPreferences checkLockFile0ErrorCode
2024-09-17 21:20:30,806 [ERROR] LogOutputStream:75 - [STDERR_REDIRECT] WARNING: Could not lock System prefs. Unix error code 5.
2024-09-17 21:20:30,806 [ERROR] LogOutputStream:75 - [STDERR_REDIRECT] 
2024-09-17 21:20:30,807 [ERROR] LogOutputStream:75 - [STDERR_REDIRECT] Sep 17, 2024 9:20:30 PM java.util.prefs.FileSystemPreferences syncWorld
2024-09-17 21:20:30,808 [ERROR] LogOutputStream:75 - [STDERR_REDIRECT] WARNING: Couldn't flush system prefs: java.util.prefs.BackingStoreException: Couldn't get file lock.
2024-09-17 21:20:30,808 [ERROR] LogOutputStream:75 - [STDERR_REDIRECT] 
2024-09-17 21:21:00,805 [ERROR] LogOutputStream:75 - [STDERR_REDIRECT] Sep 17, 2024 9:21:00 PM java.util.prefs.FileSystemPreferences checkLockFile0ErrorCode
2024-09-17 21:21:00,805 [ERROR] LogOutputStream:75 - [STDERR_REDIRECT] WARNING: Could not lock System prefs. Unix error code 5.
2024-09-17 21:21:00,806 [ERROR] LogOutputStream:75 - [STDERR_REDIRECT] 
2024-09-17 21:21:00,807 [ERROR] LogOutputStream:75 - [STDERR_REDIRECT] Sep 17, 2024 9:21:00 PM java.util.prefs.FileSystemPreferences syncWorld
2024-09-17 21:21:00,808 [ERROR] LogOutputStream:75 - [STDERR_REDIRECT] WARNING: Couldn't flush system prefs: java.util.prefs.BackingStoreException: Couldn't get file lock.
2024-09-17 21:21:00,808 [ERROR] LogOutputStream:75 - [STDERR_REDIRECT] 
2024-09-17 21:21:30,805 [ERROR] LogOutputStream:75 - [STDERR_REDIRECT] Sep 17, 2024 9:21:30 PM java.util.prefs.FileSystemPreferences checkLockFile0ErrorCode
2024-09-17 21:21:30,806 [ERROR] LogOutputStream:75 - [STDERR_REDIRECT] WARNING: Could not lock System prefs. Unix error code 5.
2024-09-17 21:21:30,806 [ERROR] LogOutputStream:75 - [STDERR_REDIRECT] 
2024-09-17 21:21:30,807 [ERROR] LogOutputStream:75 - [STDERR_REDIRECT] Sep 17, 2024 9:21:30 PM java.util.prefs.FileSystemPreferences syncWorld
2024-09-17 21:21:30,808 [ERROR] LogOutputStream:75 - [STDERR_REDIRECT] WARNING: Couldn't flush system prefs: java.util.prefs.BackingStoreException: Couldn't get file lock.
2024-09-17 21:21:30,808 [ERROR] LogOutputStream:75 - [STDERR_REDIRECT] 
2024-09-17 21:22:00,805 [ERROR] LogOutputStream:75 - [STDERR_REDIRECT] Sep 17, 2024 9:22:00 PM java.util.prefs.FileSystemPreferences checkLockFile0ErrorCode
2024-09-17 21:22:00,805 [ERROR] LogOutputStream:75 - [STDERR_REDIRECT] WARNING: Could not lock System prefs. Unix error code 5.
2024-09-17 21:22:00,806 [ERROR] LogOutputStream:75 - [STDERR_REDIRECT] 
2024-09-17 21:22:00,806 [ERROR] LogOutputStream:75 - [STDERR_REDIRECT] Sep 17, 2024 9:22:00 PM java.util.prefs.FileSystemPreferences syncWorld
2024-09-17 21:22:00,807 [ERROR] LogOutputStream:75 - [STDERR_REDIRECT] WARNING: Couldn't flush system prefs: java.util.prefs.BackingStoreException: Couldn't get file lock.
2024-09-17 21:22:00,807 [ERROR] LogOutputStream:75 - [STDERR_REDIRECT] 
2024-09-17 21:22:30,805 [ERROR] LogOutputStream:75 - [STDERR_REDIRECT] Sep 17, 2024 9:22:30 PM java.util.prefs.FileSystemPreferences checkLockFile0ErrorCode
2024-09-17 21:22:30,806 [ERROR] LogOutputStream:75 - [STDERR_REDIRECT] WARNING: Could not lock System prefs. Unix error code 5.
2024-09-17 21:22:30,806 [ERROR] LogOutputStream:75 - [STDERR_REDIRECT] 
2024-09-17 21:22:30,807 [ERROR] LogOutputStream:75 - [STDERR_REDIRECT] Sep 17, 2024 9:22:30 PM java.util.prefs.FileSystemPreferences syncWorld
2024-09-17 21:22:30,807 [ERROR] LogOutputStream:75 - [STDERR_REDIRECT] WARNING: Couldn't flush system prefs: java.util.prefs.BackingStoreException: Couldn't get file lock.
2024-09-17 21:22:30,808 [ERROR] LogOutputStream:75 - [STDERR_REDIRECT] 
2024-09-17 21:23:00,804 [ERROR] LogOutputStream:75 - [STDERR_REDIRECT] Sep 17, 2024 9:23:00 PM java.util.prefs.FileSystemPreferences checkLockFile0ErrorCode
2024-09-17 21:23:00,804 [ERROR] LogOutputStream:75 - [STDERR_REDIRECT] WARNING: Could not lock System prefs. Unix error code 5.
2024-09-17 21:23:00,805 [ERROR] LogOutputStream:75 - [STDERR_REDIRECT] 
2024-09-17 21:23:00,805 [ERROR] LogOutputStream:75 - [STDERR_REDIRECT] Sep 17, 2024 9:23:00 PM java.util.prefs.FileSystemPreferences syncWorld
2024-09-17 21:23:00,806 [ERROR] LogOutputStream:75 - [STDERR_REDIRECT] WARNING: Couldn't flush system prefs: java.util.prefs.BackingStoreException: Couldn't get file lock.
2024-09-17 21:23:00,806 [ERROR] LogOutputStream:75 - [STDERR_REDIRECT] 
2024-09-17 21:23:30,804 [ERROR] LogOutputStream:75 - [STDERR_REDIRECT] Sep 17, 2024 9:23:30 PM java.util.prefs.FileSystemPreferences checkLockFile0ErrorCode
2024-09-17 21:23:30,805 [ERROR] LogOutputStream:75 - [STDERR_REDIRECT] WARNING: Could not lock System prefs. Unix error code 5.
2024-09-17 21:23:30,805 [ERROR] LogOutputStream:75 - [STDERR_REDIRECT] 
2024-09-17 21:23:30,805 [ERROR] LogOutputStream:75 - [STDERR_REDIRECT] Sep 17, 2024 9:23:30 PM java.util.prefs.FileSystemPreferences syncWorld
2024-09-17 21:23:30,806 [ERROR] LogOutputStream:75 - [STDERR_REDIRECT] WARNING: Couldn't flush system prefs: java.util.prefs.BackingStoreException: Couldn't get file lock.
2024-09-17 21:23:30,806 [ERROR] LogOutputStream:75 - [STDERR_REDIRECT] 
2024-09-17 21:24:00,804 [ERROR] LogOutputStream:75 - [STDERR_REDIRECT] Sep 17, 2024 9:24:00 PM java.util.prefs.FileSystemPreferences checkLockFile0ErrorCode
2024-09-17 21:24:00,805 [ERROR] LogOutputStream:75 - [STDERR_REDIRECT] WARNING: Could not lock System prefs. Unix error code 5.
2024-09-17 21:24:00,805 [ERROR] LogOutputStream:75 - [STDERR_REDIRECT] 
2024-09-17 21:24:00,806 [ERROR] LogOutputStream:75 - [STDERR_REDIRECT] Sep 17, 2024 9:24:00 PM java.util.prefs.FileSystemPreferences syncWorld
2024-09-17 21:24:00,806 [ERROR] LogOutputStream:75 - [STDERR_REDIRECT] WARNING: Couldn't flush system prefs: java.util.prefs.BackingStoreException: Couldn't get file lock.
2024-09-17 21:24:00,806 [ERROR] LogOutputStream:75 - [STDERR_REDIRECT] 
2024-09-17 21:24:30,805 [ERROR] LogOutputStream:75 - [STDERR_REDIRECT] Sep 17, 2024 9:24:30 PM java.util.prefs.FileSystemPreferences checkLockFile0ErrorCode
2024-09-17 21:24:30,805 [ERROR] LogOutputStream:75 - [STDERR_REDIRECT] WARNING: Could not lock System prefs. Unix error code 5.
2024-09-17 21:24:30,805 [ERROR] LogOutputStream:75 - [STDERR_REDIRECT] 
2024-09-17 21:24:30,806 [ERROR] LogOutputStream:75 - [STDERR_REDIRECT] Sep 17, 2024 9:24:30 PM java.util.prefs.FileSystemPreferences syncWorld
2024-09-17 21:24:30,807 [ERROR] LogOutputStream:75 - [STDERR_REDIRECT] WARNING: Couldn't flush system prefs: java.util.prefs.BackingStoreException: Couldn't get file lock.
2024-09-17 21:24:30,807 [ERROR] LogOutputStream:75 - [STDERR_REDIRECT] 
2024-09-17 21:25:00,805 [ERROR] LogOutputStream:75 - [STDERR_REDIRECT] Sep 17, 2024 9:25:00 PM java.util.prefs.FileSystemPreferences checkLockFile0ErrorCode
2024-09-17 21:25:00,805 [ERROR] LogOutputStream:75 - [STDERR_REDIRECT] WARNING: Could not lock System prefs. Unix error code 5.
2024-09-17 21:25:00,806 [ERROR] LogOutputStream:75 - [STDERR_REDIRECT] 
2024-09-17 21:25:00,807 [ERROR] LogOutputStream:75 - [STDERR_REDIRECT] Sep 17, 2024 9:25:00 PM java.util.prefs.FileSystemPreferences syncWorld
2024-09-17 21:25:00,807 [ERROR] LogOutputStream:75 - [STDERR_REDIRECT] WARNING: Couldn't flush system prefs: java.util.prefs.BackingStoreException: Couldn't get file lock.
2024-09-17 21:25:00,807 [ERROR] LogOutputStream:75 - [STDERR_REDIRECT] 
2024-09-17 21:25:30,806 [ERROR] LogOutputStream:75 - [STDERR_REDIRECT] Sep 17, 2024 9:25:30 PM java.util.prefs.FileSystemPreferences checkLockFile0ErrorCode
2024-09-17 21:25:30,806 [ERROR] LogOutputStream:75 - [STDERR_REDIRECT] WARNING: Could not lock System prefs. Unix error code 5.
2024-09-17 21:25:30,806 [ERROR] LogOutputStream:75 - [STDERR_REDIRECT] 
2024-09-17 21:25:30,807 [ERROR] LogOutputStream:75 - [STDERR_REDIRECT] Sep 17, 2024 9:25:30 PM java.util.prefs.FileSystemPreferences syncWorld
2024-09-17 21:25:30,807 [ERROR] LogOutputStream:75 - [STDERR_REDIRECT] WARNING: Couldn't flush system prefs: java.util.prefs.BackingStoreException: Couldn't get file lock.
2024-09-17 21:25:30,807 [ERROR] LogOutputStream:75 - [STDERR_REDIRECT] 
2024-09-17 21:26:00,805 [ERROR] LogOutputStream:75 - [STDERR_REDIRECT] Sep 17, 2024 9:26:00 PM java.util.prefs.FileSystemPreferences checkLockFile0ErrorCode
2024-09-17 21:26:00,805 [ERROR] LogOutputStream:75 - [STDERR_REDIRECT] WARNING: Could not lock System prefs. Unix error code 5.
2024-09-17 21:26:00,806 [ERROR] LogOutputStream:75 - [STDERR_REDIRECT] 
2024-09-17 21:26:00,806 [ERROR] LogOutputStream:75 - [STDERR_REDIRECT] Sep 17, 2024 9:26:00 PM java.util.prefs.FileSystemPreferences syncWorld
2024-09-17 21:26:00,806 [ERROR] LogOutputStream:75 - [STDERR_REDIRECT] WARNING: Couldn't flush system prefs: java.util.prefs.BackingStoreException: Couldn't get file lock.
2024-09-17 21:26:00,807 [ERROR] LogOutputStream:75 - [STDERR_REDIRECT] 
2024-09-17 21:26:30,805 [ERROR] LogOutputStream:75 - [STDERR_REDIRECT] Sep 17, 2024 9:26:30 PM java.util.prefs.FileSystemPreferences checkLockFile0ErrorCode
2024-09-17 21:26:30,806 [ERROR] LogOutputStream:75 - [STDERR_REDIRECT] WARNING: Could not lock System prefs. Unix error code 5.
2024-09-17 21:26:30,806 [ERROR] LogOutputStream:75 - [STDERR_REDIRECT] 
2024-09-17 21:26:30,807 [ERROR] LogOutputStream:75 - [STDERR_REDIRECT] Sep 17, 2024 9:26:30 PM java.util.prefs.FileSystemPreferences syncWorld
2024-09-17 21:26:30,807 [ERROR] LogOutputStream:75 - [STDERR_REDIRECT] WARNING: Couldn't flush system prefs: java.util.prefs.BackingStoreException: Couldn't get file lock.
2024-09-17 21:26:30,807 [ERROR] LogOutputStream:75 - [STDERR_REDIRECT] 
2024-09-17 21:27:00,804 [ERROR] LogOutputStream:75 - [STDERR_REDIRECT] Sep 17, 2024 9:27:00 PM java.util.prefs.FileSystemPreferences checkLockFile0ErrorCode
2024-09-17 21:27:00,804 [ERROR] LogOutputStream:75 - [STDERR_REDIRECT] WARNING: Could not lock System prefs. Unix error code 5.
2024-09-17 21:27:00,804 [ERROR] LogOutputStream:75 - [STDERR_REDIRECT] 
2024-09-17 21:27:00,805 [ERROR] LogOutputStream:75 - [STDERR_REDIRECT] Sep 17, 2024 9:27:00 PM java.util.prefs.FileSystemPreferences syncWorld
2024-09-17 21:27:00,805 [ERROR] LogOutputStream:75 - [STDERR_REDIRECT] WARNING: Couldn't flush system prefs: java.util.prefs.BackingStoreException: Couldn't get file lock.
2024-09-17 21:27:00,805 [ERROR] LogOutputStream:75 - [STDERR_REDIRECT] 
2024-09-17 21:27:30,806 [ERROR] LogOutputStream:75 - [STDERR_REDIRECT] Sep 17, 2024 9:27:30 PM java.util.prefs.FileSystemPreferences checkLockFile0ErrorCode
2024-09-17 21:27:30,806 [ERROR] LogOutputStream:75 - [STDERR_REDIRECT] WARNING: Could not lock System prefs. Unix error code 5.
2024-09-17 21:27:30,807 [ERROR] LogOutputStream:75 - [STDERR_REDIRECT] 
2024-09-17 21:27:30,808 [ERROR] LogOutputStream:75 - [STDERR_REDIRECT] Sep 17, 2024 9:27:30 PM java.util.prefs.FileSystemPreferences syncWorld
2024-09-17 21:27:30,809 [ERROR] LogOutputStream:75 - [STDERR_REDIRECT] WARNING: Couldn't flush system prefs: java.util.prefs.BackingStoreException: Couldn't get file lock.
2024-09-17 21:27:30,809 [ERROR] LogOutputStream:75 - [STDERR_REDIRECT] 
2024-09-17 21:28:00,806 [ERROR] LogOutputStream:75 - [STDERR_REDIRECT] Sep 17, 2024 9:28:00 PM java.util.prefs.FileSystemPreferences checkLockFile0ErrorCode
2024-09-17 21:28:00,807 [ERROR] LogOutputStream:75 - [STDERR_REDIRECT] WARNING: Could not lock System prefs. Unix error code 5.
2024-09-17 21:28:00,807 [ERROR] LogOutputStream:75 - [STDERR_REDIRECT] 
2024-09-17 21:28:00,808 [ERROR] LogOutputStream:75 - [STDERR_REDIRECT] Sep 17, 2024 9:28:00 PM java.util.prefs.FileSystemPreferences syncWorld
2024-09-17 21:28:00,808 [ERROR] LogOutputStream:75 - [STDERR_REDIRECT] WARNING: Couldn't flush system prefs: java.util.prefs.BackingStoreException: Couldn't get file lock.
2024-09-17 21:28:00,809 [ERROR] LogOutputStream:75 - [STDERR_REDIRECT] 
2024-09-17 21:28:30,809 [ERROR] LogOutputStream:75 - [STDERR_REDIRECT] Sep 17, 2024 9:28:30 PM java.util.prefs.FileSystemPreferences checkLockFile0ErrorCode
2024-09-17 21:28:30,810 [ERROR] LogOutputStream:75 - [STDERR_REDIRECT] WARNING: Could not lock System prefs. Unix error code 5.
2024-09-17 21:28:30,810 [ERROR] LogOutputStream:75 - [STDERR_REDIRECT] 
2024-09-17 21:28:30,810 [ERROR] LogOutputStream:75 - [STDERR_REDIRECT] Sep 17, 2024 9:28:30 PM java.util.prefs.FileSystemPreferences syncWorld
2024-09-17 21:28:30,811 [ERROR] LogOutputStream:75 - [STDERR_REDIRECT] WARNING: Couldn't flush system prefs: java.util.prefs.BackingStoreException: Couldn't get file lock.
2024-09-17 21:28:30,811 [ERROR] LogOutputStream:75 - [STDERR_REDIRECT] 
2024-09-17 21:29:00,806 [ERROR] LogOutputStream:75 - [STDERR_REDIRECT] Sep 17, 2024 9:29:00 PM java.util.prefs.FileSystemPreferences checkLockFile0ErrorCode
2024-09-17 21:29:00,806 [ERROR] LogOutputStream:75 - [STDERR_REDIRECT] WARNING: Could not lock System prefs. Unix error code 5.
2024-09-17 21:29:00,806 [ERROR] LogOutputStream:75 - [STDERR_REDIRECT] 
2024-09-17 21:29:00,809 [ERROR] LogOutputStream:75 - [STDERR_REDIRECT] Sep 17, 2024 9:29:00 PM java.util.prefs.FileSystemPreferences syncWorld
2024-09-17 21:29:00,810 [ERROR] LogOutputStream:75 - [STDERR_REDIRECT] WARNING: Couldn't flush system prefs: java.util.prefs.BackingStoreException: Couldn't get file lock.
2024-09-17 21:29:00,810 [ERROR] LogOutputStream:75 - [STDERR_REDIRECT] 
2024-09-17 21:29:30,805 [ERROR] LogOutputStream:75 - [STDERR_REDIRECT] Sep 17, 2024 9:29:30 PM java.util.prefs.FileSystemPreferences checkLockFile0ErrorCode
2024-09-17 21:29:30,805 [ERROR] LogOutputStream:75 - [STDERR_REDIRECT] WARNING: Could not lock System prefs. Unix error code 5.
2024-09-17 21:29:30,805 [ERROR] LogOutputStream:75 - [STDERR_REDIRECT] 
2024-09-17 21:29:30,806 [ERROR] LogOutputStream:75 - [STDERR_REDIRECT] Sep 17, 2024 9:29:30 PM java.util.prefs.FileSystemPreferences syncWorld
2024-09-17 21:29:30,806 [ERROR] LogOutputStream:75 - [STDERR_REDIRECT] WARNING: Couldn't flush system prefs: java.util.prefs.BackingStoreException: Couldn't get file lock.
2024-09-17 21:29:30,806 [ERROR] LogOutputStream:75 - [STDERR_REDIRECT] 
2024-09-17 21:30:00,804 [ERROR] LogOutputStream:75 - [STDERR_REDIRECT] Sep 17, 2024 9:30:00 PM java.util.prefs.FileSystemPreferences checkLockFile0ErrorCode
2024-09-17 21:30:00,805 [ERROR] LogOutputStream:75 - [STDERR_REDIRECT] WARNING: Could not lock System prefs. Unix error code 5.
2024-09-17 21:30:00,805 [ERROR] LogOutputStream:75 - [STDERR_REDIRECT] 
2024-09-17 21:30:00,806 [ERROR] LogOutputStream:75 - [STDERR_REDIRECT] Sep 17, 2024 9:30:00 PM java.util.prefs.FileSystemPreferences syncWorld
2024-09-17 21:30:00,806 [ERROR] LogOutputStream:75 - [STDERR_REDIRECT] WARNING: Couldn't flush system prefs: java.util.prefs.BackingStoreException: Couldn't get file lock.
2024-09-17 21:30:00,806 [ERROR] LogOutputStream:75 - [STDERR_REDIRECT] 
2024-09-17 21:30:30,805 [ERROR] LogOutputStream:75 - [STDERR_REDIRECT] Sep 17, 2024 9:30:30 PM java.util.prefs.FileSystemPreferences checkLockFile0ErrorCode
2024-09-17 21:30:30,805 [ERROR] LogOutputStream:75 - [STDERR_REDIRECT] WARNING: Could not lock System prefs. Unix error code 5.
2024-09-17 21:30:30,805 [ERROR] LogOutputStream:75 - [STDERR_REDIRECT] 
2024-09-17 21:30:30,805 [ERROR] LogOutputStream:75 - [STDERR_REDIRECT] Sep 17, 2024 9:30:30 PM java.util.prefs.FileSystemPreferences syncWorld
2024-09-17 21:30:30,805 [ERROR] LogOutputStream:75 - [STDERR_REDIRECT] WARNING: Couldn't flush system prefs: java.util.prefs.BackingStoreException: Couldn't get file lock.
2024-09-17 21:30:30,805 [ERROR] LogOutputStream:75 - [STDERR_REDIRECT] 
2024-09-17 21:31:00,806 [ERROR] LogOutputStream:75 - [STDERR_REDIRECT] Sep 17, 2024 9:31:00 PM java.util.prefs.FileSystemPreferences checkLockFile0ErrorCode
2024-09-17 21:31:00,806 [ERROR] LogOutputStream:75 - [STDERR_REDIRECT] WARNING: Could not lock System prefs. Unix error code 5.
2024-09-17 21:31:00,806 [ERROR] LogOutputStream:75 - [STDERR_REDIRECT] 
2024-09-17 21:31:00,807 [ERROR] LogOutputStream:75 - [STDERR_REDIRECT] Sep 17, 2024 9:31:00 PM java.util.prefs.FileSystemPreferences syncWorld
2024-09-17 21:31:00,807 [ERROR] LogOutputStream:75 - [STDERR_REDIRECT] WARNING: Couldn't flush system prefs: java.util.prefs.BackingStoreException: Couldn't get file lock.
2024-09-17 21:31:00,807 [ERROR] LogOutputStream:75 - [STDERR_REDIRECT] 
2024-09-17 21:31:30,807 [ERROR] LogOutputStream:75 - [STDERR_REDIRECT] Sep 17, 2024 9:31:30 PM java.util.prefs.FileSystemPreferences checkLockFile0ErrorCode
2024-09-17 21:31:30,808 [ERROR] LogOutputStream:75 - [STDERR_REDIRECT] WARNING: Could not lock System prefs. Unix error code 5.
2024-09-17 21:31:30,808 [ERROR] LogOutputStream:75 - [STDERR_REDIRECT] 
2024-09-17 21:31:30,809 [ERROR] LogOutputStream:75 - [STDERR_REDIRECT] Sep 17, 2024 9:31:30 PM java.util.prefs.FileSystemPreferences syncWorld
2024-09-17 21:31:30,809 [ERROR] LogOutputStream:75 - [STDERR_REDIRECT] WARNING: Couldn't flush system prefs: java.util.prefs.BackingStoreException: Couldn't get file lock.
2024-09-17 21:31:30,809 [ERROR] LogOutputStream:75 - [STDERR_REDIRECT] 
2024-09-17 21:32:00,806 [ERROR] LogOutputStream:75 - [STDERR_REDIRECT] Sep 17, 2024 9:32:00 PM java.util.prefs.FileSystemPreferences checkLockFile0ErrorCode
2024-09-17 21:32:00,806 [ERROR] LogOutputStream:75 - [STDERR_REDIRECT] WARNING: Could not lock System prefs. Unix error code 5.
2024-09-17 21:32:00,806 [ERROR] LogOutputStream:75 - [STDERR_REDIRECT] 
2024-09-17 21:32:00,807 [ERROR] LogOutputStream:75 - [STDERR_REDIRECT] Sep 17, 2024 9:32:00 PM java.util.prefs.FileSystemPreferences syncWorld
2024-09-17 21:32:00,807 [ERROR] LogOutputStream:75 - [STDERR_REDIRECT] WARNING: Couldn't flush system prefs: java.util.prefs.BackingStoreException: Couldn't get file lock.
2024-09-17 21:32:00,807 [ERROR] LogOutputStream:75 - [STDERR_REDIRECT] 
2024-09-17 21:32:30,806 [ERROR] LogOutputStream:75 - [STDERR_REDIRECT] Sep 17, 2024 9:32:30 PM java.util.prefs.FileSystemPreferences checkLockFile0ErrorCode
2024-09-17 21:32:30,806 [ERROR] LogOutputStream:75 - [STDERR_REDIRECT] WARNING: Could not lock System prefs. Unix error code 5.
2024-09-17 21:32:30,807 [ERROR] LogOutputStream:75 - [STDERR_REDIRECT] 
2024-09-17 21:32:30,807 [ERROR] LogOutputStream:75 - [STDERR_REDIRECT] Sep 17, 2024 9:32:30 PM java.util.prefs.FileSystemPreferences syncWorld
2024-09-17 21:32:30,808 [ERROR] LogOutputStream:75 - [STDERR_REDIRECT] WARNING: Couldn't flush system prefs: java.util.prefs.BackingStoreException: Couldn't get file lock.
2024-09-17 21:32:30,808 [ERROR] LogOutputStream:75 - [STDERR_REDIRECT] 
2024-09-17 21:33:00,806 [ERROR] LogOutputStream:75 - [STDERR_REDIRECT] Sep 17, 2024 9:33:00 PM java.util.prefs.FileSystemPreferences checkLockFile0ErrorCode
2024-09-17 21:33:00,806 [ERROR] LogOutputStream:75 - [STDERR_REDIRECT] WARNING: Could not lock System prefs. Unix error code 5.
2024-09-17 21:33:00,806 [ERROR] LogOutputStream:75 - [STDERR_REDIRECT] 
2024-09-17 21:33:00,806 [ERROR] LogOutputStream:75 - [STDERR_REDIRECT] Sep 17, 2024 9:33:00 PM java.util.prefs.FileSystemPreferences syncWorld
2024-09-17 21:33:00,807 [ERROR] LogOutputStream:75 - [STDERR_REDIRECT] WARNING: Couldn't flush system prefs: java.util.prefs.BackingStoreException: Couldn't get file lock.
2024-09-17 21:33:00,807 [ERROR] LogOutputStream:75 - [STDERR_REDIRECT] 
2024-09-17 21:33:30,808 [ERROR] LogOutputStream:75 - [STDERR_REDIRECT] Sep 17, 2024 9:33:30 PM java.util.prefs.FileSystemPreferences checkLockFile0ErrorCode
2024-09-17 21:33:30,808 [ERROR] LogOutputStream:75 - [STDERR_REDIRECT] WARNING: Could not lock System prefs. Unix error code 5.
2024-09-17 21:33:30,809 [ERROR] LogOutputStream:75 - [STDERR_REDIRECT] 
2024-09-17 21:33:30,810 [ERROR] LogOutputStream:75 - [STDERR_REDIRECT] Sep 17, 2024 9:33:30 PM java.util.prefs.FileSystemPreferences syncWorld
2024-09-17 21:33:30,810 [ERROR] LogOutputStream:75 - [STDERR_REDIRECT] WARNING: Couldn't flush system prefs: java.util.prefs.BackingStoreException: Couldn't get file lock.
2024-09-17 21:33:30,810 [ERROR] LogOutputStream:75 - [STDERR_REDIRECT] 
2024-09-17 21:34:00,809 [ERROR] LogOutputStream:75 - [STDERR_REDIRECT] Sep 17, 2024 9:34:00 PM java.util.prefs.FileSystemPreferences checkLockFile0ErrorCode
2024-09-17 21:34:00,810 [ERROR] LogOutputStream:75 - [STDERR_REDIRECT] WARNING: Could not lock System prefs. Unix error code 5.
2024-09-17 21:34:00,810 [ERROR] LogOutputStream:75 - [STDERR_REDIRECT] 
2024-09-17 21:34:00,811 [ERROR] LogOutputStream:75 - [STDERR_REDIRECT] Sep 17, 2024 9:34:00 PM java.util.prefs.FileSystemPreferences syncWorld
2024-09-17 21:34:00,812 [ERROR] LogOutputStream:75 - [STDERR_REDIRECT] WARNING: Couldn't flush system prefs: java.util.prefs.BackingStoreException: Couldn't get file lock.
2024-09-17 21:34:00,812 [ERROR] LogOutputStream:75 - [STDERR_REDIRECT] 
2024-09-17 21:34:30,813 [ERROR] LogOutputStream:75 - [STDERR_REDIRECT] Sep 17, 2024 9:34:30 PM java.util.prefs.FileSystemPreferences checkLockFile0ErrorCode
2024-09-17 21:34:30,813 [ERROR] LogOutputStream:75 - [STDERR_REDIRECT] WARNING: Could not lock System prefs. Unix error code 5.
2024-09-17 21:34:30,814 [ERROR] LogOutputStream:75 - [STDERR_REDIRECT] 
2024-09-17 21:34:30,814 [ERROR] LogOutputStream:75 - [STDERR_REDIRECT] Sep 17, 2024 9:34:30 PM java.util.prefs.FileSystemPreferences syncWorld
2024-09-17 21:34:30,815 [ERROR] LogOutputStream:75 - [STDERR_REDIRECT] WARNING: Couldn't flush system prefs: java.util.prefs.BackingStoreException: Couldn't get file lock.
2024-09-17 21:34:30,815 [ERROR] LogOutputStream:75 - [STDERR_REDIRECT] 
2024-09-17 21:35:00,808 [ERROR] LogOutputStream:75 - [STDERR_REDIRECT] Sep 17, 2024 9:35:00 PM java.util.prefs.FileSystemPreferences checkLockFile0ErrorCode
2024-09-17 21:35:00,809 [ERROR] LogOutputStream:75 - [STDERR_REDIRECT] WARNING: Could not lock System prefs. Unix error code 5.
2024-09-17 21:35:00,809 [ERROR] LogOutputStream:75 - [STDERR_REDIRECT] 
2024-09-17 21:35:00,810 [ERROR] LogOutputStream:75 - [STDERR_REDIRECT] Sep 17, 2024 9:35:00 PM java.util.prefs.FileSystemPreferences syncWorld
2024-09-17 21:35:00,810 [ERROR] LogOutputStream:75 - [STDERR_REDIRECT] WARNING: Couldn't flush system prefs: java.util.prefs.BackingStoreException: Couldn't get file lock.
2024-09-17 21:35:00,810 [ERROR] LogOutputStream:75 - [STDERR_REDIRECT] 
2024-09-17 21:35:30,807 [ERROR] LogOutputStream:75 - [STDERR_REDIRECT] Sep 17, 2024 9:35:30 PM java.util.prefs.FileSystemPreferences checkLockFile0ErrorCode
2024-09-17 21:35:30,808 [ERROR] LogOutputStream:75 - [STDERR_REDIRECT] WARNING: Could not lock System prefs. Unix error code 5.
2024-09-17 21:35:30,808 [ERROR] LogOutputStream:75 - [STDERR_REDIRECT] 
2024-09-17 21:35:30,808 [ERROR] LogOutputStream:75 - [STDERR_REDIRECT] Sep 17, 2024 9:35:30 PM java.util.prefs.FileSystemPreferences syncWorld
2024-09-17 21:35:30,809 [ERROR] LogOutputStream:75 - [STDERR_REDIRECT] WARNING: Couldn't flush system prefs: java.util.prefs.BackingStoreException: Couldn't get file lock.
2024-09-17 21:35:30,809 [ERROR] LogOutputStream:75 - [STDERR_REDIRECT] 
2024-09-17 21:36:00,807 [ERROR] LogOutputStream:75 - [STDERR_REDIRECT] Sep 17, 2024 9:36:00 PM java.util.prefs.FileSystemPreferences checkLockFile0ErrorCode
2024-09-17 21:36:00,807 [ERROR] LogOutputStream:75 - [STDERR_REDIRECT] WARNING: Could not lock System prefs. Unix error code 5.
2024-09-17 21:36:00,807 [ERROR] LogOutputStream:75 - [STDERR_REDIRECT] 
2024-09-17 21:36:00,807 [ERROR] LogOutputStream:75 - [STDERR_REDIRECT] Sep 17, 2024 9:36:00 PM java.util.prefs.FileSystemPreferences syncWorld
2024-09-17 21:36:00,807 [ERROR] LogOutputStream:75 - [STDERR_REDIRECT] WARNING: Couldn't flush system prefs: java.util.prefs.BackingStoreException: Couldn't get file lock.
2024-09-17 21:36:00,807 [ERROR] LogOutputStream:75 - [STDERR_REDIRECT] 
2024-09-17 21:36:30,809 [ERROR] LogOutputStream:75 - [STDERR_REDIRECT] Sep 17, 2024 9:36:30 PM java.util.prefs.FileSystemPreferences checkLockFile0ErrorCode
2024-09-17 21:36:30,809 [ERROR] LogOutputStream:75 - [STDERR_REDIRECT] WARNING: Could not lock System prefs. Unix error code 5.
2024-09-17 21:36:30,809 [ERROR] LogOutputStream:75 - [STDERR_REDIRECT] 
2024-09-17 21:36:30,810 [ERROR] LogOutputStream:75 - [STDERR_REDIRECT] Sep 17, 2024 9:36:30 PM java.util.prefs.FileSystemPreferences syncWorld
2024-09-17 21:36:30,810 [ERROR] LogOutputStream:75 - [STDERR_REDIRECT] WARNING: Couldn't flush system prefs: java.util.prefs.BackingStoreException: Couldn't get file lock.
2024-09-17 21:36:30,810 [ERROR] LogOutputStream:75 - [STDERR_REDIRECT] 
2024-09-17 21:37:00,810 [ERROR] LogOutputStream:75 - [STDERR_REDIRECT] Sep 17, 2024 9:37:00 PM java.util.prefs.FileSystemPreferences checkLockFile0ErrorCode
2024-09-17 21:37:00,810 [ERROR] LogOutputStream:75 - [STDERR_REDIRECT] WARNING: Could not lock System prefs. Unix error code 5.
2024-09-17 21:37:00,810 [ERROR] LogOutputStream:75 - [STDERR_REDIRECT] 
2024-09-17 21:37:00,811 [ERROR] LogOutputStream:75 - [STDERR_REDIRECT] Sep 17, 2024 9:37:00 PM java.util.prefs.FileSystemPreferences syncWorld
2024-09-17 21:37:00,811 [ERROR] LogOutputStream:75 - [STDERR_REDIRECT] WARNING: Couldn't flush system prefs: java.util.prefs.BackingStoreException: Couldn't get file lock.
2024-09-17 21:37:00,811 [ERROR] LogOutputStream:75 - [STDERR_REDIRECT] 
2024-09-17 21:37:30,809 [ERROR] LogOutputStream:75 - [STDERR_REDIRECT] Sep 17, 2024 9:37:30 PM java.util.prefs.FileSystemPreferences checkLockFile0ErrorCode
2024-09-17 21:37:30,810 [ERROR] LogOutputStream:75 - [STDERR_REDIRECT] WARNING: Could not lock System prefs. Unix error code 5.
2024-09-17 21:37:30,810 [ERROR] LogOutputStream:75 - [STDERR_REDIRECT] 
2024-09-17 21:37:30,810 [ERROR] LogOutputStream:75 - [STDERR_REDIRECT] Sep 17, 2024 9:37:30 PM java.util.prefs.FileSystemPreferences syncWorld
2024-09-17 21:37:30,810 [ERROR] LogOutputStream:75 - [STDERR_REDIRECT] WARNING: Couldn't flush system prefs: java.util.prefs.BackingStoreException: Couldn't get file lock.
2024-09-17 21:37:30,811 [ERROR] LogOutputStream:75 - [STDERR_REDIRECT] 
2024-09-17 21:38:00,808 [ERROR] LogOutputStream:75 - [STDERR_REDIRECT] Sep 17, 2024 9:38:00 PM java.util.prefs.FileSystemPreferences checkLockFile0ErrorCode
2024-09-17 21:38:00,809 [ERROR] LogOutputStream:75 - [STDERR_REDIRECT] WARNING: Could not lock System prefs. Unix error code 5.
2024-09-17 21:38:00,809 [ERROR] LogOutputStream:75 - [STDERR_REDIRECT] 
2024-09-17 21:38:00,809 [ERROR] LogOutputStream:75 - [STDERR_REDIRECT] Sep 17, 2024 9:38:00 PM java.util.prefs.FileSystemPreferences syncWorld
2024-09-17 21:38:00,809 [ERROR] LogOutputStream:75 - [STDERR_REDIRECT] WARNING: Couldn't flush system prefs: java.util.prefs.BackingStoreException: Couldn't get file lock.
2024-09-17 21:38:00,809 [ERROR] LogOutputStream:75 - [STDERR_REDIRECT] 
2024-09-17 21:38:30,810 [ERROR] LogOutputStream:75 - [STDERR_REDIRECT] Sep 17, 2024 9:38:30 PM java.util.prefs.FileSystemPreferences checkLockFile0ErrorCode
2024-09-17 21:38:30,810 [ERROR] LogOutputStream:75 - [STDERR_REDIRECT] WARNING: Could not lock System prefs. Unix error code 5.
2024-09-17 21:38:30,811 [ERROR] LogOutputStream:75 - [STDERR_REDIRECT] 
2024-09-17 21:38:30,811 [ERROR] LogOutputStream:75 - [STDERR_REDIRECT] Sep 17, 2024 9:38:30 PM java.util.prefs.FileSystemPreferences syncWorld
2024-09-17 21:38:30,812 [ERROR] LogOutputStream:75 - [STDERR_REDIRECT] WARNING: Couldn't flush system prefs: java.util.prefs.BackingStoreException: Couldn't get file lock.
2024-09-17 21:38:30,812 [ERROR] LogOutputStream:75 - [STDERR_REDIRECT] 
2024-09-17 21:39:00,810 [ERROR] LogOutputStream:75 - [STDERR_REDIRECT] Sep 17, 2024 9:39:00 PM java.util.prefs.FileSystemPreferences checkLockFile0ErrorCode
2024-09-17 21:39:00,810 [ERROR] LogOutputStream:75 - [STDERR_REDIRECT] WARNING: Could not lock System prefs. Unix error code 5.
2024-09-17 21:39:00,811 [ERROR] LogOutputStream:75 - [STDERR_REDIRECT] 
2024-09-17 21:39:00,811 [ERROR] LogOutputStream:75 - [STDERR_REDIRECT] Sep 17, 2024 9:39:00 PM java.util.prefs.FileSystemPreferences syncWorld
2024-09-17 21:39:00,812 [ERROR] LogOutputStream:75 - [STDERR_REDIRECT] WARNING: Couldn't flush system prefs: java.util.prefs.BackingStoreException: Couldn't get file lock.
2024-09-17 21:39:00,812 [ERROR] LogOutputStream:75 - [STDERR_REDIRECT] 
2024-09-17 21:39:30,809 [ERROR] LogOutputStream:75 - [STDERR_REDIRECT] Sep 17, 2024 9:39:30 PM java.util.prefs.FileSystemPreferences checkLockFile0ErrorCode
2024-09-17 21:39:30,809 [ERROR] LogOutputStream:75 - [STDERR_REDIRECT] WARNING: Could not lock System prefs. Unix error code 5.
2024-09-17 21:39:30,809 [ERROR] LogOutputStream:75 - [STDERR_REDIRECT] 
2024-09-17 21:39:30,809 [ERROR] LogOutputStream:75 - [STDERR_REDIRECT] Sep 17, 2024 9:39:30 PM java.util.prefs.FileSystemPreferences syncWorld
2024-09-17 21:39:30,809 [ERROR] LogOutputStream:75 - [STDERR_REDIRECT] WARNING: Couldn't flush system prefs: java.util.prefs.BackingStoreException: Couldn't get file lock.
2024-09-17 21:39:30,809 [ERROR] LogOutputStream:75 - [STDERR_REDIRECT] 
2024-09-17 21:40:00,810 [ERROR] LogOutputStream:75 - [STDERR_REDIRECT] Sep 17, 2024 9:40:00 PM java.util.prefs.FileSystemPreferences checkLockFile0ErrorCode
2024-09-17 21:40:00,811 [ERROR] LogOutputStream:75 - [STDERR_REDIRECT] WARNING: Could not lock System prefs. Unix error code 5.
2024-09-17 21:40:00,811 [ERROR] LogOutputStream:75 - [STDERR_REDIRECT] 
2024-09-17 21:40:00,812 [ERROR] LogOutputStream:75 - [STDERR_REDIRECT] Sep 17, 2024 9:40:00 PM java.util.prefs.FileSystemPreferences syncWorld
2024-09-17 21:40:00,812 [ERROR] LogOutputStream:75 - [STDERR_REDIRECT] WARNING: Couldn't flush system prefs: java.util.prefs.BackingStoreException: Couldn't get file lock.
2024-09-17 21:40:00,812 [ERROR] LogOutputStream:75 - [STDERR_REDIRECT] 
2024-09-17 21:40:30,810 [ERROR] LogOutputStream:75 - [STDERR_REDIRECT] Sep 17, 2024 9:40:30 PM java.util.prefs.FileSystemPreferences checkLockFile0ErrorCode
2024-09-17 21:40:30,811 [ERROR] LogOutputStream:75 - [STDERR_REDIRECT] WARNING: Could not lock System prefs. Unix error code 5.
2024-09-17 21:40:30,811 [ERROR] LogOutputStream:75 - [STDERR_REDIRECT] 
2024-09-17 21:40:30,812 [ERROR] LogOutputStream:75 - [STDERR_REDIRECT] Sep 17, 2024 9:40:30 PM java.util.prefs.FileSystemPreferences syncWorld
2024-09-17 21:40:30,812 [ERROR] LogOutputStream:75 - [STDERR_REDIRECT] WARNING: Couldn't flush system prefs: java.util.prefs.BackingStoreException: Couldn't get file lock.
2024-09-17 21:40:30,812 [ERROR] LogOutputStream:75 - [STDERR_REDIRECT] 
2024-09-17 21:41:00,810 [ERROR] LogOutputStream:75 - [STDERR_REDIRECT] Sep 17, 2024 9:41:00 PM java.util.prefs.FileSystemPreferences checkLockFile0ErrorCode
2024-09-17 21:41:00,811 [ERROR] LogOutputStream:75 - [STDERR_REDIRECT] WARNING: Could not lock System prefs. Unix error code 5.
2024-09-17 21:41:00,811 [ERROR] LogOutputStream:75 - [STDERR_REDIRECT] 
2024-09-17 21:41:00,811 [ERROR] LogOutputStream:75 - [STDERR_REDIRECT] Sep 17, 2024 9:41:00 PM java.util.prefs.FileSystemPreferences syncWorld
2024-09-17 21:41:00,812 [ERROR] LogOutputStream:75 - [STDERR_REDIRECT] WARNING: Couldn't flush system prefs: java.util.prefs.BackingStoreException: Couldn't get file lock.
2024-09-17 21:41:00,812 [ERROR] LogOutputStream:75 - [STDERR_REDIRECT] 
2024-09-17 21:41:30,810 [ERROR] LogOutputStream:75 - [STDERR_REDIRECT] Sep 17, 2024 9:41:30 PM java.util.prefs.FileSystemPreferences checkLockFile0ErrorCode
2024-09-17 21:41:30,810 [ERROR] LogOutputStream:75 - [STDERR_REDIRECT] WARNING: Could not lock System prefs. Unix error code 5.
2024-09-17 21:41:30,811 [ERROR] LogOutputStream:75 - [STDERR_REDIRECT] 
2024-09-17 21:41:30,811 [ERROR] LogOutputStream:75 - [STDERR_REDIRECT] Sep 17, 2024 9:41:30 PM java.util.prefs.FileSystemPreferences syncWorld
2024-09-17 21:41:30,812 [ERROR] LogOutputStream:75 - [STDERR_REDIRECT] WARNING: Couldn't flush system prefs: java.util.prefs.BackingStoreException: Couldn't get file lock.
2024-09-17 21:41:30,812 [ERROR] LogOutputStream:75 - [STDERR_REDIRECT] 
2024-09-17 21:42:00,810 [ERROR] LogOutputStream:75 - [STDERR_REDIRECT] Sep 17, 2024 9:42:00 PM java.util.prefs.FileSystemPreferences checkLockFile0ErrorCode
2024-09-17 21:42:00,810 [ERROR] LogOutputStream:75 - [STDERR_REDIRECT] WARNING: Could not lock System prefs. Unix error code 5.
2024-09-17 21:42:00,811 [ERROR] LogOutputStream:75 - [STDERR_REDIRECT] 
2024-09-17 21:42:00,811 [ERROR] LogOutputStream:75 - [STDERR_REDIRECT] Sep 17, 2024 9:42:00 PM java.util.prefs.FileSystemPreferences syncWorld
2024-09-17 21:42:00,811 [ERROR] LogOutputStream:75 - [STDERR_REDIRECT] WARNING: Couldn't flush system prefs: java.util.prefs.BackingStoreException: Couldn't get file lock.
2024-09-17 21:42:00,812 [ERROR] LogOutputStream:75 - [STDERR_REDIRECT] 
2024-09-17 21:42:30,810 [ERROR] LogOutputStream:75 - [STDERR_REDIRECT] Sep 17, 2024 9:42:30 PM java.util.prefs.FileSystemPreferences checkLockFile0ErrorCode
2024-09-17 21:42:30,810 [ERROR] LogOutputStream:75 - [STDERR_REDIRECT] WARNING: Could not lock System prefs. Unix error code 5.
2024-09-17 21:42:30,810 [ERROR] LogOutputStream:75 - [STDERR_REDIRECT] 
2024-09-17 21:42:30,811 [ERROR] LogOutputStream:75 - [STDERR_REDIRECT] Sep 17, 2024 9:42:30 PM java.util.prefs.FileSystemPreferences syncWorld
2024-09-17 21:42:30,811 [ERROR] LogOutputStream:75 - [STDERR_REDIRECT] WARNING: Couldn't flush system prefs: java.util.prefs.BackingStoreException: Couldn't get file lock.
2024-09-17 21:42:30,811 [ERROR] LogOutputStream:75 - [STDERR_REDIRECT] 
2024-09-17 21:43:00,811 [ERROR] LogOutputStream:75 - [STDERR_REDIRECT] Sep 17, 2024 9:43:00 PM java.util.prefs.FileSystemPreferences checkLockFile0ErrorCode
2024-09-17 21:43:00,812 [ERROR] LogOutputStream:75 - [STDERR_REDIRECT] WARNING: Could not lock System prefs. Unix error code 5.
2024-09-17 21:43:00,812 [ERROR] LogOutputStream:75 - [STDERR_REDIRECT] 
2024-09-17 21:43:00,813 [ERROR] LogOutputStream:75 - [STDERR_REDIRECT] Sep 17, 2024 9:43:00 PM java.util.prefs.FileSystemPreferences syncWorld
2024-09-17 21:43:00,813 [ERROR] LogOutputStream:75 - [STDERR_REDIRECT] WARNING: Couldn't flush system prefs: java.util.prefs.BackingStoreException: Couldn't get file lock.
2024-09-17 21:43:00,814 [ERROR] LogOutputStream:75 - [STDERR_REDIRECT] 
