2024-09-30 19:31:52,441 [INFO] Activator:176 - 


2024-09-30 19:31:52,443 [INFO] Activator:177 - !SESSION log4j initialized
2024-09-30 19:31:54,317 [INFO] LogOutputStream:77 - [STDOUT_REDIRECT] 
2024-09-30 19:32:03,138 [INFO] ApplicationProperties:184 - Using Application install path: /opt/stm32cubeide/plugins/com.st.stm32cube.common.mx_6.12.1.202409122256
2024-09-30 19:32:03,152 [INFO] DbMcusXml:78 - Set database path to: /opt/stm32cubeide/plugins/com.st.stm32cube.common.mx_6.12.1.202409122256//db//mcu/
2024-09-30 19:32:03,152 [INFO] ApiDb:274 - Set plugin database path to: /opt/stm32cubeide/plugins/com.st.stm32cube.common.mx_6.12.1.202409122256//db//plugins/boardmanager/
2024-09-30 19:32:03,152 [WARN] ApiDb:259 - Overriding images path with different value:  => /opt/stm32cubeide/plugins/com.st.stm32cube.common.mx_6.12.1.202409122256//db//plugins/mcufinder/images/
2024-09-30 19:32:04,281 [INFO] ApiDb:250 - Set database path to: /home/lorolol/.stmcufinder/plugins/mcufinder//mcu/
2024-09-30 19:32:04,282 [INFO] DbMcusAds:125 - Set database path to: /home/lorolol/.stmcufinder/plugins/mcufinder//mcu/
2024-09-30 19:32:04,283 [INFO] CrossReferenceDbSqlite:203 - Set database path to: /home/lorolol/.stmcufinder/plugins/mcufinder//mcu/cs/
2024-09-30 19:32:04,403 [INFO] RulesReader:64 - Compatibility file has been processed (297 Rules)
2024-09-30 19:32:04,466 [INFO] DbMcusXml:78 - Set database path to: /opt/stm32cubeide/plugins/com.st.stm32cube.common.mx_6.12.1.202409122256//db//mcu/
2024-09-30 19:32:04,466 [INFO] ApiDb:274 - Set plugin database path to: /opt/stm32cubeide/plugins/com.st.stm32cube.common.mx_6.12.1.202409122256//db//plugins/boardmanager/
2024-09-30 19:32:04,467 [INFO] ApiDb:261 - Set plugin images path to: /opt/stm32cubeide/plugins/com.st.stm32cube.common.mx_6.12.1.202409122256//db//plugins/mcufinder/images/
2024-09-30 19:32:04,467 [WARN] DbFile:41 - Overriding database path with different value: /home/lorolol/.stmcufinder/plugins/mcufinder/ => /home/lorolol/.stmcufinder/plugins/mcufinder
2024-09-30 19:32:04,467 [INFO] ApiDb:250 - Set database path to: /home/lorolol/.stmcufinder/plugins/mcufinder//mcu/
2024-09-30 19:32:04,467 [WARN] DbFile:41 - Overriding database path with different value: /home/lorolol/.stmcufinder/plugins/mcufinder/ => /home/lorolol/.stmcufinder/plugins/mcufinder
2024-09-30 19:32:04,467 [INFO] DbMcusAds:125 - Set database path to: /home/lorolol/.stmcufinder/plugins/mcufinder//mcu/
2024-09-30 19:32:04,467 [WARN] DbFile:41 - Overriding database path with different value: /home/lorolol/.stmcufinder/plugins/mcufinder/ => /home/lorolol/.stmcufinder/plugins/mcufinder
2024-09-30 19:32:04,468 [WARN] DbFile:41 - Overriding database path with different value: /home/lorolol/.stmcufinder/plugins/mcufinder/ => /home/lorolol/.stmcufinder/plugins/mcufinder
2024-09-30 19:32:04,468 [INFO] CrossReferenceDbSqlite:203 - Set database path to: /home/lorolol/.stmcufinder/plugins/mcufinder//mcu/cs/
2024-09-30 19:32:04,566 [INFO] MainPanel:268 - HeapMemory: 268435456
2024-09-30 19:32:04,829 [INFO] DbMcusXml:78 - Set database path to: /opt/stm32cubeide/plugins/com.st.stm32cube.common.mx_6.12.1.202409122256//db//mcu/
2024-09-30 19:32:04,829 [INFO] ApiDb:274 - Set plugin database path to: /opt/stm32cubeide/plugins/com.st.stm32cube.common.mx_6.12.1.202409122256//db//plugins/boardmanager/
2024-09-30 19:32:04,829 [INFO] ApiDb:261 - Set plugin images path to: /opt/stm32cubeide/plugins/com.st.stm32cube.common.mx_6.12.1.202409122256//db//plugins/mcufinder/images/
2024-09-30 19:32:04,829 [WARN] DbFile:41 - Overriding database path with different value: /home/lorolol/.stmcufinder/plugins/mcufinder/ => /home/lorolol/.stmcufinder/plugins/mcufinder
2024-09-30 19:32:04,829 [INFO] ApiDb:250 - Set database path to: /home/lorolol/.stmcufinder/plugins/mcufinder//mcu/
2024-09-30 19:32:04,830 [WARN] DbFile:41 - Overriding database path with different value: /home/lorolol/.stmcufinder/plugins/mcufinder/ => /home/lorolol/.stmcufinder/plugins/mcufinder
2024-09-30 19:32:04,830 [INFO] DbMcusAds:125 - Set database path to: /home/lorolol/.stmcufinder/plugins/mcufinder//mcu/
2024-09-30 19:32:04,830 [WARN] DbFile:41 - Overriding database path with different value: /home/lorolol/.stmcufinder/plugins/mcufinder/ => /home/lorolol/.stmcufinder/plugins/mcufinder
2024-09-30 19:32:04,830 [WARN] DbFile:41 - Overriding database path with different value: /home/lorolol/.stmcufinder/plugins/mcufinder/ => /home/lorolol/.stmcufinder/plugins/mcufinder
2024-09-30 19:32:04,832 [INFO] CrossReferenceDbSqlite:203 - Set database path to: /home/lorolol/.stmcufinder/plugins/mcufinder//mcu/cs/
2024-09-30 19:32:04,850 [INFO] ApplicationProperties:184 - Using Application install path: /opt/stm32cubeide/plugins/com.st.stm32cube.common.mx_6.12.1.202409122256
2024-09-30 19:32:04,852 [INFO] PluginManage:196 - Search for loadable plugins [exclusion list=, ]
2024-09-30 19:32:04,854 [INFO] PluginManage:310 - Check plugin analytics
2024-09-30 19:32:05,036 [INFO] AnalyticsPlugin:253 - Accepted Software Licenses: STM32CubeMX.6.11.1
2024-09-30 19:32:05,037 [INFO] AnalyticsPlugin:255 - Accepted CMSIS Pack Licenses: 
2024-09-30 19:32:05,037 [INFO] AnalyticsPlugin:257 - Accepted Firmware Licenses: FW.MP1.1.6.0
2024-09-30 19:32:05,040 [INFO] PluginManage:359 - Loaded plugin analytics (category:tool,tabindex:-1)
2024-09-30 19:32:05,040 [INFO] PluginManage:310 - Check plugin cadmodel
2024-09-30 19:32:05,044 [INFO] CADModel:105 - Init CAD model plugin
2024-09-30 19:32:05,044 [INFO] PluginManage:359 - Loaded plugin cadmodel (category:power,tabindex:5)
2024-09-30 19:32:05,044 [INFO] PluginManage:310 - Check plugin clock
2024-09-30 19:32:05,051 [INFO] PluginManage:359 - Loaded plugin clock (category:base,tabindex:2)
2024-09-30 19:32:05,051 [INFO] PluginManage:310 - Check plugin ddr
2024-09-30 19:32:05,052 [INFO] PluginManage:359 - Loaded plugin ddr (category:tool,tabindex:6)
2024-09-30 19:32:05,053 [INFO] PluginManage:310 - Check plugin filemanager
2024-09-30 19:32:05,234 [INFO] PluginManage:359 - Loaded plugin filemanager (category:base,tabindex:10)
2024-09-30 19:32:05,235 [INFO] PluginManage:310 - Check plugin ipmanager
2024-09-30 19:32:05,241 [INFO] PluginManage:359 - Loaded plugin ipmanager (category:base,tabindex:5)
2024-09-30 19:32:05,241 [INFO] PluginManage:310 - Check plugin lpbam
2024-09-30 19:32:05,250 [INFO] PluginManage:359 - Loaded plugin lpbam (category:base,tabindex:0)
2024-09-30 19:32:05,250 [INFO] PluginManage:310 - Check plugin memorymap
2024-09-30 19:32:05,262 [INFO] PluginManage:359 - Loaded plugin memorymap (category:base,tabindex:4)
2024-09-30 19:32:05,262 [INFO] PluginManage:310 - Check plugin pinoutandconfiguration
2024-09-30 19:32:05,270 [INFO] PluginManage:359 - Loaded plugin pinoutandconfiguration (category:base,tabindex:1)
2024-09-30 19:32:05,270 [INFO] PluginManage:310 - Check plugin pinoutconfig
2024-09-30 19:32:05,344 [WARN] SupportedApi:132 - Cannot load RTOS API schema: s4s-elt-must-match.1: The content of 'definitions' must match (annotation?, (simpleType | complexType)?, (unique | key | keyref)*)). A problem was found starting at: attribute.
2024-09-30 19:32:05,533 [INFO] PluginManage:359 - Loaded plugin pinoutconfig (category:base,tabindex:0)
2024-09-30 19:32:05,533 [INFO] PluginManage:310 - Check plugin power
2024-09-30 19:32:05,542 [INFO] PluginManage:359 - Loaded plugin power (category:power,tabindex:4)
2024-09-30 19:32:05,543 [INFO] PluginManage:310 - Check plugin projectmanager
2024-09-30 19:32:05,586 [INFO] PluginManage:359 - Loaded plugin projectmanager (category:projectmanager,tabindex:4)
2024-09-30 19:32:05,586 [INFO] PluginManage:310 - Check plugin rif
2024-09-30 19:32:05,591 [INFO] PluginManage:359 - Loaded plugin rif (category:base,tabindex:3)
2024-09-30 19:32:05,591 [INFO] PluginManage:310 - Check plugin thirdparty
2024-09-30 19:32:05,708 [INFO] PluginManage:359 - Loaded plugin thirdparty (category:base,tabindex:-1)
2024-09-30 19:32:05,708 [WARN] IntegrityCheckThread:84 - waiting for thirdparty lock release [integrity check]
2024-09-30 19:32:05,709 [INFO] PluginManage:310 - Check plugin tools
2024-09-30 19:32:05,709 [INFO] IntegrityCheckThread:86 - entering critical section [integrity check]
2024-09-30 19:32:05,709 [INFO] ThirdPartyUpdaterWithRetryManager:70 - Updater plugin not ready yet. [1/15]
2024-09-30 19:32:05,710 [INFO] PluginManage:359 - Loaded plugin tools (category:base,tabindex:7)
2024-09-30 19:32:05,710 [INFO] PluginManage:310 - Check plugin tutovideos
2024-09-30 19:32:05,838 [INFO] PluginManage:359 - Loaded plugin tutovideos (category:base,tabindex:-1)
2024-09-30 19:32:05,839 [INFO] PluginManage:310 - Check plugin updater
2024-09-30 19:32:05,851 [INFO] PluginManage:359 - Loaded plugin updater (category:base,tabindex:12)
2024-09-30 19:32:05,851 [INFO] PluginManage:310 - Check plugin userauth
2024-09-30 19:32:05,855 [INFO] UserAuth:113 - Init User Auth plugin
2024-09-30 19:32:05,855 [INFO] PluginManage:359 - Loaded plugin userauth (category:base,tabindex:14)
2024-09-30 19:32:05,855 [INFO] PluginManage:283 - PluginManage : Loaded plugins [18]
2024-09-30 19:32:05,988 [INFO] PinOutPanel:1561 - setPackage(No Configuration,No Configuration)
2024-09-30 19:32:06,050 [INFO] CADModel:165 - CPN selected for project level
2024-09-30 19:32:06,050 [INFO] CADModel:114 - Register for checkConnection events
2024-09-30 19:32:06,056 [INFO] IPUIPlugin:80 - create IPUIPlugin
2024-09-30 19:32:06,056 [INFO] PluginManager:220 - loadIPPluginJar : add nvic
2024-09-30 19:32:06,059 [INFO] IPUIPlugin:80 - create IPUIPlugin
2024-09-30 19:32:06,060 [INFO] PluginManager:220 - loadIPPluginJar : add touchsensing
2024-09-30 19:32:06,060 [INFO] IPUIPlugin:80 - create IPUIPlugin
2024-09-30 19:32:06,061 [INFO] PluginManager:220 - loadIPPluginJar : add genericplugin
2024-09-30 19:32:06,065 [INFO] IPUIPlugin:80 - create IPUIPlugin
2024-09-30 19:32:06,065 [INFO] PluginManager:220 - loadIPPluginJar : add adc
2024-09-30 19:32:06,066 [INFO] IPUIPlugin:80 - create IPUIPlugin
2024-09-30 19:32:06,066 [INFO] PluginManager:220 - loadIPPluginJar : add extmemmanager
2024-09-30 19:32:06,067 [INFO] IPUIPlugin:80 - create IPUIPlugin
2024-09-30 19:32:06,067 [INFO] PluginManager:220 - loadIPPluginJar : add ltdc
2024-09-30 19:32:06,068 [INFO] IPUIPlugin:80 - create IPUIPlugin
2024-09-30 19:32:06,068 [INFO] PluginManager:220 - loadIPPluginJar : add tsc
2024-09-30 19:32:06,069 [INFO] IPUIPlugin:80 - create IPUIPlugin
2024-09-30 19:32:06,069 [INFO] PluginManager:220 - loadIPPluginJar : add ts
2024-09-30 19:32:06,070 [INFO] IPUIPlugin:80 - create IPUIPlugin
2024-09-30 19:32:06,070 [INFO] PluginManager:220 - loadIPPluginJar : add tim
2024-09-30 19:32:06,073 [INFO] IPUIPlugin:80 - create IPUIPlugin
2024-09-30 19:32:06,073 [INFO] PluginManager:220 - loadIPPluginJar : add gic
2024-09-30 19:32:06,075 [INFO] IPUIPlugin:80 - create IPUIPlugin
2024-09-30 19:32:06,076 [INFO] PluginManager:220 - loadIPPluginJar : add usbx
2024-09-30 19:32:06,077 [INFO] IPUIPlugin:80 - create IPUIPlugin
2024-09-30 19:32:06,077 [INFO] PluginManager:220 - loadIPPluginJar : add ucpd
2024-09-30 19:32:06,078 [INFO] IPUIPlugin:80 - create IPUIPlugin
2024-09-30 19:32:06,078 [INFO] PluginManager:220 - loadIPPluginJar : add cryp
2024-09-30 19:32:06,079 [INFO] IPUIPlugin:80 - create IPUIPlugin
2024-09-30 19:32:06,080 [INFO] PluginManager:220 - loadIPPluginJar : add dfsdm
2024-09-30 19:32:06,081 [INFO] IPUIPlugin:80 - create IPUIPlugin
2024-09-30 19:32:06,081 [INFO] PluginManager:220 - loadIPPluginJar : add dma3
2024-09-30 19:32:06,082 [INFO] IPUIPlugin:80 - create IPUIPlugin
2024-09-30 19:32:06,082 [INFO] PluginManager:220 - loadIPPluginJar : add hash
2024-09-30 19:32:06,083 [INFO] IPUIPlugin:80 - create IPUIPlugin
2024-09-30 19:32:06,083 [INFO] PluginManager:220 - loadIPPluginJar : add fatfs
2024-09-30 19:32:06,084 [INFO] IPUIPlugin:80 - create IPUIPlugin
2024-09-30 19:32:06,084 [INFO] PluginManager:220 - loadIPPluginJar : add lorawan
2024-09-30 19:32:06,086 [INFO] IPUIPlugin:80 - create IPUIPlugin
2024-09-30 19:32:06,086 [INFO] PluginManager:220 - loadIPPluginJar : add openamp
2024-09-30 19:32:06,087 [INFO] IPUIPlugin:80 - create IPUIPlugin
2024-09-30 19:32:06,087 [INFO] PluginManager:220 - loadIPPluginJar : add i3c
2024-09-30 19:32:06,091 [INFO] IPUIPlugin:80 - create IPUIPlugin
2024-09-30 19:32:06,092 [INFO] PluginManager:220 - loadIPPluginJar : add linkedlist
2024-09-30 19:32:06,094 [INFO] IPUIPlugin:80 - create IPUIPlugin
2024-09-30 19:32:06,094 [INFO] PluginManager:220 - loadIPPluginJar : add sai
2024-09-30 19:32:06,095 [INFO] IPUIPlugin:80 - create IPUIPlugin
2024-09-30 19:32:06,095 [INFO] PluginManager:220 - loadIPPluginJar : add opamp
2024-09-30 19:32:06,097 [INFO] IPUIPlugin:80 - create IPUIPlugin
2024-09-30 19:32:06,098 [INFO] PluginManager:220 - loadIPPluginJar : add i2c
2024-09-30 19:32:06,100 [INFO] IPUIPlugin:80 - create IPUIPlugin
2024-09-30 19:32:06,100 [INFO] PluginManager:220 - loadIPPluginJar : add can
2024-09-30 19:32:06,101 [INFO] IPUIPlugin:80 - create IPUIPlugin
2024-09-30 19:32:06,101 [INFO] PluginManager:220 - loadIPPluginJar : add gfxmmu
2024-09-30 19:32:06,103 [INFO] IPUIPlugin:80 - create IPUIPlugin
2024-09-30 19:32:06,103 [INFO] PluginManager:220 - loadIPPluginJar : add pdm2pcm
2024-09-30 19:32:06,108 [INFO] IPUIPlugin:80 - create IPUIPlugin
2024-09-30 19:32:06,108 [INFO] PluginManager:220 - loadIPPluginJar : add freertos
2024-09-30 19:32:06,110 [INFO] IPUIPlugin:80 - create IPUIPlugin
2024-09-30 19:32:06,110 [INFO] PluginManager:220 - loadIPPluginJar : add aes
2024-09-30 19:32:06,111 [INFO] IPUIPlugin:80 - create IPUIPlugin
2024-09-30 19:32:06,111 [INFO] PluginManager:220 - loadIPPluginJar : add quadspi
2024-09-30 19:32:06,112 [INFO] IPUIPlugin:80 - create IPUIPlugin
2024-09-30 19:32:06,112 [INFO] PluginManager:220 - loadIPPluginJar : add radio
2024-09-30 19:32:06,115 [INFO] IPUIPlugin:80 - create IPUIPlugin
2024-09-30 19:32:06,115 [INFO] PluginManager:220 - loadIPPluginJar : add resmgrutility
2024-09-30 19:32:06,116 [INFO] IPUIPlugin:80 - create IPUIPlugin
2024-09-30 19:32:06,116 [INFO] PluginManager:220 - loadIPPluginJar : add i2s
2024-09-30 19:32:06,118 [INFO] IPUIPlugin:80 - create IPUIPlugin
2024-09-30 19:32:06,118 [INFO] PluginManager:220 - loadIPPluginJar : add tracer_emb
2024-09-30 19:32:06,122 [INFO] IPUIPlugin:80 - create IPUIPlugin
2024-09-30 19:32:06,122 [INFO] PluginManager:220 - loadIPPluginJar : add dma
2024-09-30 19:32:06,124 [INFO] IPUIPlugin:80 - create IPUIPlugin
2024-09-30 19:32:06,124 [INFO] PluginManager:220 - loadIPPluginJar : add ddr_ctrl_phy
2024-09-30 19:32:06,129 [INFO] IPUIPlugin:80 - create IPUIPlugin
2024-09-30 19:32:06,129 [INFO] PluginManager:220 - loadIPPluginJar : add mdma
2024-09-30 19:32:06,134 [INFO] IPUIPlugin:80 - create IPUIPlugin
2024-09-30 19:32:06,136 [INFO] PluginManager:220 - loadIPPluginJar : add plateformsettings
2024-09-30 19:32:06,138 [INFO] IPUIPlugin:80 - create IPUIPlugin
2024-09-30 19:32:06,138 [INFO] PluginManager:220 - loadIPPluginJar : add spi
2024-09-30 19:32:06,140 [INFO] IPUIPlugin:80 - create IPUIPlugin
2024-09-30 19:32:06,141 [INFO] PluginManager:220 - loadIPPluginJar : add ipddr
2024-09-30 19:32:06,144 [INFO] IPUIPlugin:80 - create IPUIPlugin
2024-09-30 19:32:06,144 [INFO] PluginManager:220 - loadIPPluginJar : add gpio
2024-09-30 19:32:06,145 [INFO] IPUIPlugin:80 - create IPUIPlugin
2024-09-30 19:32:06,146 [INFO] PluginManager:220 - loadIPPluginJar : add usart
2024-09-30 19:32:06,147 [INFO] IPUIPlugin:80 - create IPUIPlugin
2024-09-30 19:32:06,147 [INFO] PluginManager:220 - loadIPPluginJar : add comp
2024-09-30 19:32:06,150 [INFO] IPUIPlugin:80 - create IPUIPlugin
2024-09-30 19:32:06,150 [INFO] PluginManager:220 - loadIPPluginJar : add fmc
2024-09-30 19:32:06,154 [INFO] IPUIPlugin:80 - create IPUIPlugin
2024-09-30 19:32:06,154 [INFO] PluginManager:220 - loadIPPluginJar : add stm32_wpan
2024-09-30 19:32:06,156 [INFO] IPUIPlugin:80 - create IPUIPlugin
2024-09-30 19:32:06,156 [INFO] PluginManager:220 - loadIPPluginJar : add gtzc
2024-09-30 19:32:06,258 [INFO] CADModel:165 - CPN selected for project level
2024-09-30 19:32:06,258 [INFO] CADModel:114 - Register for checkConnection events
2024-09-30 19:32:06,259 [FATAL] Updater:334 - Updater called before beeing initialized
2024-09-30 19:32:06,259 [ERROR] CADModel:125 - Updater not yet initialized, retry later 
2024-09-30 19:32:06,371 [INFO] CADModel:165 - CPN selected for project level
2024-09-30 19:32:06,371 [INFO] CADModel:114 - Register for checkConnection events
2024-09-30 19:32:06,371 [FATAL] Updater:334 - Updater called before beeing initialized
2024-09-30 19:32:06,371 [ERROR] CADModel:125 - Updater not yet initialized, retry later 
2024-09-30 19:32:06,373 [FATAL] Updater:334 - Updater called before beeing initialized
2024-09-30 19:32:06,431 [FATAL] Updater:334 - Updater called before beeing initialized
2024-09-30 19:32:06,436 [INFO] DbMcusAds:53 - JSON generation date=Thu Sep 30 03:55:09 BRT 2021 (1632984909247)
2024-09-30 19:32:06,436 [FATAL] Updater:334 - Updater called before beeing initialized
2024-09-30 19:32:06,463 [WARN] DetailPanel:346 - Failed to get advertising image, set to default
2024-09-30 19:32:06,529 [FATAL] Updater:334 - Updater called before beeing initialized
2024-09-30 19:32:06,530 [FATAL] Updater:334 - Updater called before beeing initialized
2024-09-30 19:32:06,530 [FATAL] Updater:334 - Updater called before beeing initialized
2024-09-30 19:32:06,531 [WARN] DetailPanel:346 - Failed to get advertising image, set to default
2024-09-30 19:32:06,531 [FATAL] Updater:334 - Updater called before beeing initialized
2024-09-30 19:32:06,560 [ERROR] Updater:1164 - MainUpdater not yet initialized. External WinMGr cannot be set.
2024-09-30 19:32:06,561 [INFO] Updater:1100 - Updater Version found : 6.12.1
2024-09-30 19:32:06,573 [INFO] ApplicationProperties:184 - Using Application install path: /opt/stm32cubeide/plugins/com.st.stm32cube.common.mx_6.12.1.202409122256
2024-09-30 19:32:06,583 [ERROR] LogOutputStream:75 - [STDERR_REDIRECT] Sep 30, 2024 7:32:06 PM java.util.prefs.FileSystemPreferences$2 run
2024-09-30 19:32:06,584 [ERROR] LogOutputStream:75 - [STDERR_REDIRECT] WARNING: Could not create system preferences directory. System preferences are unusable.
2024-09-30 19:32:06,584 [ERROR] LogOutputStream:75 - [STDERR_REDIRECT] 
2024-09-30 19:32:06,604 [INFO] MainUpdater:526 - Copy updater definitions from MX database
2024-09-30 19:32:06,835 [INFO] MainUpdater:2873 - connection check result : 10
2024-09-30 19:32:06,836 [INFO] MainUpdater:3567 - Updater definition file requires update
2024-09-30 19:32:06,837 [INFO] MainUpdater:290 - Updater Check For Update Now.
2024-09-30 19:32:06,838 [INFO] MicroXplorer:498 - Change Database Version : DB.6.0.121
2024-09-30 19:32:06,852 [INFO] McuFinderGlobals:63 - Set McuFinder mode to 2 (CubeIDE integrated)
2024-09-30 19:32:06,852 [INFO] UserAuth:417 - Internet connection configuration mode: 1
2024-09-30 19:32:06,867 [INFO] JxBrowserEngine:152 - Initiate JxBrowser Engine with user profile folder
2024-09-30 19:32:06,929 [INFO] ServerAccessManage:473 - Download File updaters.zip
2024-09-30 19:32:07,268 [INFO] FileExtend:240 - Unzip File : updaters.zip
2024-09-30 19:32:07,268 [INFO] FileExtend:255 - Standard Zip Deflate
2024-09-30 19:32:07,508 [INFO] ServerAccessManage:473 - Download File PacksControlFlags.xml
2024-09-30 19:32:07,706 [INFO] ServerAccessManage:473 - Download File cubemx.pidx
2024-09-30 19:32:07,811 [INFO] LoadServerUpdatesThread:375 - End of LoadServerUpdate Thread
2024-09-30 19:32:07,983 [INFO] CheckServerUpdateThread:120 - End of CheckServer Thread
2024-09-30 19:32:08,850 [WARN] PackLoader:240 - Cannot read IP mode file for STMicroelectronics.FP-SNS-MOTENVWB1.1.4.0
2024-09-30 19:32:08,861 [WARN] PackLoader:240 - Cannot read IP mode file for STMicroelectronics.X-CUBE-SMBUS.2.1.0
2024-09-30 19:32:08,866 [WARN] PackLoader:240 - Cannot read IP mode file for STMicroelectronics.X-CUBE-TOUCHGFX.4.23.2
2024-09-30 19:32:08,917 [WARN] PackLoader:240 - Cannot read IP mode file for STMicroelectronics.X-CUBE-AZRTOS-F7.1.1.0
2024-09-30 19:32:09,029 [WARN] PackLoader:240 - Cannot read IP mode file for STMicroelectronics.X-CUBE-MEMS1.11.0.0
2024-09-30 19:32:09,274 [WARN] PackLoader:240 - Cannot read IP mode file for STMicroelectronics.FP-SNS-FLIGHT1.5.0.2
2024-09-30 19:32:09,284 [WARN] PackLoader:240 - Cannot read IP mode file for STMicroelectronics.X-CUBE-DISPLAY.3.0.0
2024-09-30 19:32:09,292 [WARN] PackLoader:240 - Cannot read IP mode file for STMicroelectronics.X-CUBE-BLE1.7.0.0
2024-09-30 19:32:09,300 [WARN] PackLoader:240 - Cannot read IP mode file for STMicroelectronics.X-CUBE-NFC10.1.0.0
2024-09-30 19:32:09,305 [WARN] PackLoader:240 - Cannot read IP mode file for emotas.I-CUBE-CANOPEN.1.3.0
2024-09-30 19:32:09,317 [WARN] PackLoader:240 - Cannot read IP mode file for STMicroelectronics.X-CUBE-BLEMGR.3.1.0
2024-09-30 19:32:09,323 [WARN] PackLoader:240 - Cannot read IP mode file for STMicroelectronics.FP-SNS-SMARTAG2.1.2.0
2024-09-30 19:32:09,331 [INFO] LogOutputStream:77 - [STDOUT_REDIRECT] 1 : Invalid condition id : UX_CORESTACK_Condition cause : null
2024-09-30 19:32:09,332 [INFO] LogOutputStream:77 - [STDOUT_REDIRECT] 1 : Invalid condition id : UX_CORESTACK_Condition cause : null
2024-09-30 19:32:09,332 [INFO] LogOutputStream:77 - [STDOUT_REDIRECT] 1 : Invalid condition id : UX_CORESTACK_Condition cause : null
2024-09-30 19:32:09,333 [INFO] LogOutputStream:77 - [STDOUT_REDIRECT] 1 : Invalid condition id : UX_CORESTACK_Condition cause : null
2024-09-30 19:32:09,333 [INFO] LogOutputStream:77 - [STDOUT_REDIRECT] 1 : Invalid condition id : UX_CORESTACK_Condition cause : null
2024-09-30 19:32:09,337 [WARN] PackLoader:240 - Cannot read IP mode file for STMicroelectronics.X-CUBE-AZRTOS-WL.2.0.0
2024-09-30 19:32:09,341 [WARN] PackLoader:240 - Cannot read IP mode file for STMicroelectronics.FP-SNS-MOTENV1.5.0.0
2024-09-30 19:32:09,348 [WARN] PackLoader:240 - Cannot read IP mode file for wolfSSL.I-CUBE-wolfMQTT.1.19.0
2024-09-30 19:32:09,353 [WARN] PackLoader:240 - Cannot read IP mode file for WES.I-CUBE-Cesium.1.3.0
2024-09-30 19:32:09,356 [WARN] PackLoader:240 - Cannot read IP mode file for STMicroelectronics.X-CUBE-BLE2.3.3.0
2024-09-30 19:32:09,362 [WARN] PackLoader:240 - Cannot read IP mode file for STMicroelectronics.X-CUBE-NFC9.1.0.0
2024-09-30 19:32:09,367 [WARN] PackLoader:240 - Cannot read IP mode file for STMicroelectronics.X-CUBE-TCPP.4.1.0
2024-09-30 19:32:09,384 [WARN] PackLoader:240 - Cannot read IP mode file for STMicroelectronics.X-CUBE-AZRTOS-G0.1.1.0
2024-09-30 19:32:09,391 [WARN] PackLoader:240 - Cannot read IP mode file for STMicroelectronics.X-CUBE-SAFEA1.1.2.2
2024-09-30 19:32:09,398 [WARN] PackLoader:240 - Cannot read IP mode file for STMicroelectronics.X-CUBE-NFC4.3.0.0
2024-09-30 19:32:09,406 [WARN] PackLoader:240 - Cannot read IP mode file for EmbeddedOffice.I-CUBE-FS-RTOS.1.0.1
2024-09-30 19:32:09,407 [ERROR] ConditionMgr:805 - Attr not supported : Dmpu
2024-09-30 19:32:09,407 [ERROR] ConditionMgr:805 - Attr not supported : Dmpu
2024-09-30 19:32:09,407 [ERROR] ConditionMgr:805 - Attr not supported : Dmpu
2024-09-30 19:32:09,407 [ERROR] ConditionMgr:805 - Attr not supported : Dmpu
2024-09-30 19:32:09,407 [ERROR] ConditionMgr:805 - Attr not supported : Dmpu
2024-09-30 19:32:09,407 [ERROR] ConditionMgr:805 - Attr not supported : Dmpu
2024-09-30 19:32:09,407 [ERROR] ConditionMgr:805 - Attr not supported : Dmpu
2024-09-30 19:32:09,407 [ERROR] ConditionMgr:805 - Attr not supported : Dmpu
2024-09-30 19:32:09,408 [ERROR] ConditionMgr:805 - Attr not supported : Dmpu
2024-09-30 19:32:09,408 [ERROR] ConditionMgr:805 - Attr not supported : Dmpu
2024-09-30 19:32:09,408 [ERROR] ConditionMgr:805 - Attr not supported : Dmpu
2024-09-30 19:32:09,408 [ERROR] ConditionMgr:805 - Attr not supported : Dmpu
2024-09-30 19:32:09,408 [ERROR] ConditionMgr:805 - Attr not supported : Dmpu
2024-09-30 19:32:09,408 [ERROR] ConditionMgr:805 - Attr not supported : Dmpu
2024-09-30 19:32:09,408 [ERROR] ConditionMgr:805 - Attr not supported : Dmpu
2024-09-30 19:32:09,408 [ERROR] ConditionMgr:805 - Attr not supported : Dmpu
2024-09-30 19:32:09,408 [ERROR] ConditionMgr:805 - Attr not supported : Dmpu
2024-09-30 19:32:09,409 [ERROR] ConditionMgr:805 - Attr not supported : Dmpu
2024-09-30 19:32:09,409 [ERROR] ConditionMgr:805 - Attr not supported : Dmpu
2024-09-30 19:32:09,409 [ERROR] ConditionMgr:805 - Attr not supported : Dmpu
2024-09-30 19:32:09,409 [ERROR] ConditionMgr:805 - Attr not supported : Dmpu
2024-09-30 19:32:09,409 [ERROR] ConditionMgr:805 - Attr not supported : Dmpu
2024-09-30 19:32:09,409 [ERROR] ConditionMgr:805 - Attr not supported : Dmpu
2024-09-30 19:32:09,409 [ERROR] ConditionMgr:805 - Attr not supported : Dmpu
2024-09-30 19:32:09,409 [ERROR] ConditionMgr:805 - Attr not supported : Dmpu
2024-09-30 19:32:09,410 [ERROR] ConditionMgr:805 - Attr not supported : Dmpu
2024-09-30 19:32:09,410 [ERROR] ConditionMgr:805 - Attr not supported : Dmpu
2024-09-30 19:32:09,410 [ERROR] ConditionMgr:805 - Attr not supported : Dmpu
2024-09-30 19:32:09,410 [ERROR] ConditionMgr:805 - Attr not supported : Dmpu
2024-09-30 19:32:09,410 [ERROR] ConditionMgr:805 - Attr not supported : Dmpu
2024-09-30 19:32:09,410 [ERROR] ConditionMgr:805 - Attr not supported : Dmpu
2024-09-30 19:32:09,410 [ERROR] ConditionMgr:805 - Attr not supported : Dmpu
2024-09-30 19:32:09,410 [ERROR] ConditionMgr:805 - Attr not supported : Dmpu
2024-09-30 19:32:09,410 [ERROR] ConditionMgr:805 - Attr not supported : Dmpu
2024-09-30 19:32:09,411 [ERROR] ConditionMgr:805 - Attr not supported : Dmpu
2024-09-30 19:32:09,411 [ERROR] ConditionMgr:805 - Attr not supported : Dmpu
2024-09-30 19:32:09,411 [ERROR] ConditionMgr:805 - Attr not supported : Dmpu
2024-09-30 19:32:09,411 [ERROR] ConditionMgr:805 - Attr not supported : Dmpu
2024-09-30 19:32:09,411 [ERROR] ConditionMgr:805 - Attr not supported : Dmpu
2024-09-30 19:32:09,411 [ERROR] ConditionMgr:805 - Attr not supported : Dmpu
2024-09-30 19:32:09,411 [ERROR] ConditionMgr:805 - Attr not supported : Dmpu
2024-09-30 19:32:09,411 [ERROR] ConditionMgr:805 - Attr not supported : Dmpu
2024-09-30 19:32:09,411 [ERROR] ConditionMgr:805 - Attr not supported : Dmpu
2024-09-30 19:32:09,411 [ERROR] ConditionMgr:805 - Attr not supported : Dmpu
2024-09-30 19:32:09,411 [ERROR] ConditionMgr:805 - Attr not supported : Dmpu
2024-09-30 19:32:09,411 [ERROR] ConditionMgr:805 - Attr not supported : Dmpu
2024-09-30 19:32:09,411 [ERROR] ConditionMgr:805 - Attr not supported : Dmpu
2024-09-30 19:32:09,411 [ERROR] ConditionMgr:805 - Attr not supported : Dmpu
2024-09-30 19:32:09,412 [ERROR] ConditionMgr:805 - Attr not supported : Dmpu
2024-09-30 19:32:09,412 [ERROR] ConditionMgr:805 - Attr not supported : Dmpu
2024-09-30 19:32:09,412 [ERROR] ConditionMgr:805 - Attr not supported : Dmpu
2024-09-30 19:32:09,412 [ERROR] ConditionMgr:805 - Attr not supported : Dmpu
2024-09-30 19:32:09,412 [ERROR] ConditionMgr:805 - Attr not supported : Dmpu
2024-09-30 19:32:09,412 [ERROR] ConditionMgr:805 - Attr not supported : Dmpu
2024-09-30 19:32:09,412 [ERROR] ConditionMgr:805 - Attr not supported : Dmpu
2024-09-30 19:32:09,412 [ERROR] ConditionMgr:805 - Attr not supported : Dmpu
2024-09-30 19:32:09,412 [ERROR] ConditionMgr:805 - Attr not supported : Dmpu
2024-09-30 19:32:09,412 [ERROR] ConditionMgr:805 - Attr not supported : Dmpu
2024-09-30 19:32:09,412 [ERROR] ConditionMgr:805 - Attr not supported : Dmpu
2024-09-30 19:32:09,412 [ERROR] ConditionMgr:805 - Attr not supported : Dmpu
2024-09-30 19:32:09,412 [ERROR] ConditionMgr:805 - Attr not supported : Dmpu
2024-09-30 19:32:09,412 [ERROR] ConditionMgr:805 - Attr not supported : Dmpu
2024-09-30 19:32:09,412 [ERROR] ConditionMgr:805 - Attr not supported : Dmpu
2024-09-30 19:32:09,413 [ERROR] ConditionMgr:805 - Attr not supported : Dmpu
2024-09-30 19:32:09,416 [WARN] PackLoader:240 - Cannot read IP mode file for RealThread.X-CUBE-RT-Thread_Nano.4.1.1
2024-09-30 19:32:09,419 [WARN] PackLoader:240 - Cannot read IP mode file for wolfSSL.I-CUBE-wolfSSL.5.7.0
2024-09-30 19:32:09,422 [WARN] PackLoader:240 - Cannot read IP mode file for STMicroelectronics.FP-ATR-SIGFOX1.3.2.0
2024-09-30 19:32:09,426 [WARN] PackLoader:240 - Cannot read IP mode file for STMicroelectronics.X-CUBE-EEPRMA1.5.1.0
2024-09-30 19:32:09,433 [WARN] PackLoader:240 - Cannot read IP mode file for ITTIA_DB.I-CUBE-ITTIADB.8.9.0
2024-09-30 19:32:09,471 [WARN] PackLoader:240 - Cannot read IP mode file for SEGGER.I-CUBE-embOS.1.3.1
2024-09-30 19:32:09,529 [WARN] PackLoader:240 - Cannot read IP mode file for STMicroelectronics.X-CUBE-ALGOBUILD.1.4.0
2024-09-30 19:32:09,533 [WARN] PackLoader:240 - Cannot read IP mode file for STMicroelectronics.X-CUBE-GNSS1.6.0.0
2024-09-30 19:32:09,549 [WARN] PackLoader:240 - Cannot read IP mode file for STMicroelectronics.X-CUBE-AZRTOS-F4.1.1.0
2024-09-30 19:32:09,554 [WARN] PackLoader:240 - Cannot read IP mode file for STMicroelectronics.X-CUBE-ISPU.2.1.0
2024-09-30 19:32:09,558 [WARN] PackLoader:240 - Cannot read IP mode file for STMicroelectronics.X-CUBE-FREERTOS.1.2.0
2024-09-30 19:32:09,574 [WARN] PackLoader:240 - Cannot read IP mode file for STMicroelectronics.X-CUBE-AZRTOS-L5.2.0.0
2024-09-30 19:32:09,583 [WARN] PackLoader:240 - Cannot read IP mode file for STMicroelectronics.X-CUBE-NFC6.3.1.0
2024-09-30 19:32:09,588 [WARN] PackLoader:240 - Cannot read IP mode file for STMicroelectronics.X-CUBE-AI.9.0.0
2024-09-30 19:32:09,591 [WARN] PackLoader:240 - Cannot read IP mode file for STMicroelectronics.X-CUBE-NFC7.1.0.1
2024-09-30 19:32:09,618 [WARN] ConditionMgr:438 - getConditionDescription Invalid condition id : LAN8742 Phy interface Condition cause : null
2024-09-30 19:32:09,619 [WARN] PackLoader:240 - Cannot read IP mode file for STMicroelectronics.X-CUBE-AZRTOS-L4.2.0.0
2024-09-30 19:32:09,621 [WARN] ConditionMgr:1039 - genDependencies : Invalid condition id : LAN8742 Phy interface Condition cause : null
2024-09-30 19:32:09,622 [WARN] ConditionMgr:1039 - genDependencies : Invalid condition id : LAN8742 Phy interface Condition cause : null
2024-09-30 19:32:09,623 [WARN] ConditionMgr:1039 - genDependencies : Invalid condition id : LAN8742 Phy interface Condition cause : null
2024-09-30 19:32:09,631 [WARN] PackLoader:240 - Cannot read IP mode file for STMicroelectronics.X-CUBE-SFXS2LP1.4.0.0
2024-09-30 19:32:09,662 [WARN] PackLoader:240 - Cannot read IP mode file for STMicroelectronics.X-CUBE-AZRTOS-H7.3.3.0
2024-09-30 19:32:09,688 [WARN] ConditionMgr:438 - getConditionDescription Invalid condition id : UX DEVICE CLASS RTOS Condition cause : null
2024-09-30 19:32:09,688 [WARN] ConditionMgr:438 - getConditionDescription Invalid condition id : UX DEVICE CLASS RTOS Condition cause : null
2024-09-30 19:32:09,693 [WARN] PackLoader:240 - Cannot read IP mode file for STMicroelectronics.X-CUBE-AZRTOS-WB.2.0.0
2024-09-30 19:32:09,694 [WARN] ConditionMgr:1039 - genDependencies : Invalid condition id : UX DEVICE CLASS RTOS Condition cause : null
2024-09-30 19:32:09,694 [WARN] ConditionMgr:1039 - genDependencies : Invalid condition id : UX DEVICE CLASS RTOS Condition cause : null
2024-09-30 19:32:09,695 [WARN] ConditionMgr:1039 - genDependencies : Invalid condition id : UX DEVICE CLASS RTOS Condition cause : null
2024-09-30 19:32:09,696 [WARN] ConditionMgr:1039 - genDependencies : Invalid condition id : UX DEVICE CLASS RTOS Condition cause : null
2024-09-30 19:32:09,696 [WARN] ConditionMgr:1039 - genDependencies : Invalid condition id : UX DEVICE CLASS RTOS Condition cause : null
2024-09-30 19:32:09,703 [WARN] PackLoader:240 - Cannot read IP mode file for STMicroelectronics.X-CUBE-GNSS1.7.0.0
2024-09-30 19:32:09,723 [WARN] PackLoader:240 - Cannot read IP mode file for STMicroelectronics.X-CUBE-SUBG2.5.0.0
2024-09-30 19:32:09,734 [WARN] PackLoader:240 - Cannot read IP mode file for Cesanta.I-CUBE-Mongoose.7.13.0
2024-09-30 19:32:09,753 [WARN] PackLoader:240 - Cannot read IP mode file for STMicroelectronics.X-CUBE-AZRTOS-G4.2.0.0
2024-09-30 19:32:09,759 [WARN] PackLoader:240 - Cannot read IP mode file for STMicroelectronics.X-CUBE-ISPU.2.0.0
2024-09-30 19:32:09,762 [WARN] PackLoader:240 - Cannot read IP mode file for STMicroelectronics.X-CUBE-ALS.1.0.2
2024-09-30 19:32:09,817 [WARN] PackLoader:240 - Cannot read IP mode file for STMicroelectronics.X-CUBE-MEMS1.10.0.0
2024-09-30 19:32:10,038 [WARN] PackLoader:240 - Cannot read IP mode file for STMicroelectronics.X-CUBE-TOUCHGFX.4.24.0
2024-09-30 19:32:10,042 [WARN] PackLoader:240 - Cannot read IP mode file for STMicroelectronics.X-CUBE-TOUCHGFX.4.24.1
2024-09-30 19:32:10,045 [WARN] PackLoader:240 - Cannot read IP mode file for wolfSSL.I-CUBE-wolfTPM.3.4.0
2024-09-30 19:32:10,081 [WARN] PackLoader:240 - Cannot read IP mode file for portGmbH.I-Cube-SoM-uGOAL.1.1.0
2024-09-30 19:32:10,095 [WARN] PackLoader:240 - Cannot read IP mode file for STMicroelectronics.X-CUBE-AZRTOS-H7RS.1.0.0
2024-09-30 19:32:10,099 [WARN] PackLoader:240 - Cannot read IP mode file for STMicroelectronics.FP-ATR-ASTRA1.2.0.0
2024-09-30 19:32:10,110 [WARN] PackLoader:240 - Cannot read IP mode file for STMicroelectronics.X-CUBE-TOF1.3.4.1
2024-09-30 19:32:10,146 [WARN] PackLoader:240 - Cannot read IP mode file for STMicroelectronics.X-CUBE-AZRTOS-H7.3.2.0
2024-09-30 19:32:10,158 [WARN] PackLoader:240 - Cannot read IP mode file for Infineon.AIROC-Wi-Fi-Bluetooth-STM32.1.6.0
2024-09-30 19:32:10,163 [WARN] PackLoader:240 - Cannot read IP mode file for wolfSSL.I-CUBE-wolfSSH.1.4.17
2024-09-30 19:32:10,163 [INFO] ThirdParty:978 - Integrity check success = true
2024-09-30 19:32:10,163 [INFO] IntegrityCheckThread:100 - exiting critical section [integrity check]
2024-09-30 19:32:10,163 [INFO] IntegrityCheckThread:103 - End integrity checks thread
2024-09-30 19:32:10,183 [INFO] WebApp:167 - Instantiating new browser for Auth
2024-09-30 19:32:11,331 [INFO] WebApp:448 - Apply proxy settings
2024-09-30 19:32:11,331 [INFO] WebApp:533 - Chromium requires no authentication
2024-09-30 19:32:11,336 [INFO] WebApp:476 - Direct internet connection detected
2024-09-30 19:32:11,365 [INFO] WebApp:869 - Register for checkConnection events
2024-09-30 19:32:11,365 [INFO] WebApp:448 - Apply proxy settings
2024-09-30 19:32:11,365 [INFO] WebApp:533 - Chromium requires no authentication
2024-09-30 19:32:11,366 [INFO] WebApp:476 - Direct internet connection detected
2024-09-30 19:32:11,499 [INFO] WebApp:220 - Starting web application
2024-09-30 19:32:11,499 [INFO] WebApp:578 - Web application path used /opt/stm32cubeide/plugins/com.st.stm32cube.common.mx_6.12.1.202409122256/db/plugins/mcufinder/reactClient1/index.html
2024-09-30 19:32:11,586 [INFO] UserAuth:417 - Internet connection configuration mode: 1
2024-09-30 19:32:12,022 [INFO] WebApp:186 - Connection restablished
2024-09-30 19:32:23,700 [ERROR] LogOutputStream:75 - [STDERR_REDIRECT] Sep 30, 2024 7:32:23 PM java.util.prefs.FileSystemPreferences checkLockFile0ErrorCode
2024-09-30 19:32:23,701 [ERROR] LogOutputStream:75 - [STDERR_REDIRECT] WARNING: Could not lock System prefs. Unix error code 2.
2024-09-30 19:32:23,701 [ERROR] LogOutputStream:75 - [STDERR_REDIRECT] 
2024-09-30 19:32:23,702 [ERROR] LogOutputStream:75 - [STDERR_REDIRECT] Sep 30, 2024 7:32:23 PM java.util.prefs.FileSystemPreferences syncWorld
2024-09-30 19:32:23,702 [ERROR] LogOutputStream:75 - [STDERR_REDIRECT] WARNING: Couldn't flush system prefs: java.util.prefs.BackingStoreException: Couldn't get file lock.
2024-09-30 19:32:23,702 [ERROR] LogOutputStream:75 - [STDERR_REDIRECT] 
2024-09-30 19:32:53,668 [ERROR] LogOutputStream:75 - [STDERR_REDIRECT] Sep 30, 2024 7:32:53 PM java.util.prefs.FileSystemPreferences checkLockFile0ErrorCode
2024-09-30 19:32:53,669 [ERROR] LogOutputStream:75 - [STDERR_REDIRECT] WARNING: Could not lock System prefs. Unix error code 2.
2024-09-30 19:32:53,669 [ERROR] LogOutputStream:75 - [STDERR_REDIRECT] 
2024-09-30 19:32:53,669 [ERROR] LogOutputStream:75 - [STDERR_REDIRECT] Sep 30, 2024 7:32:53 PM java.util.prefs.FileSystemPreferences syncWorld
2024-09-30 19:32:53,669 [ERROR] LogOutputStream:75 - [STDERR_REDIRECT] WARNING: Couldn't flush system prefs: java.util.prefs.BackingStoreException: Couldn't get file lock.
2024-09-30 19:32:53,670 [ERROR] LogOutputStream:75 - [STDERR_REDIRECT] 
2024-09-30 19:33:23,665 [ERROR] LogOutputStream:75 - [STDERR_REDIRECT] Sep 30, 2024 7:33:23 PM java.util.prefs.FileSystemPreferences checkLockFile0ErrorCode
2024-09-30 19:33:23,665 [ERROR] LogOutputStream:75 - [STDERR_REDIRECT] WARNING: Could not lock System prefs. Unix error code 2.
2024-09-30 19:33:23,665 [ERROR] LogOutputStream:75 - [STDERR_REDIRECT] 
2024-09-30 19:33:23,665 [ERROR] LogOutputStream:75 - [STDERR_REDIRECT] Sep 30, 2024 7:33:23 PM java.util.prefs.FileSystemPreferences syncWorld
2024-09-30 19:33:23,666 [ERROR] LogOutputStream:75 - [STDERR_REDIRECT] WARNING: Couldn't flush system prefs: java.util.prefs.BackingStoreException: Couldn't get file lock.
2024-09-30 19:33:23,666 [ERROR] LogOutputStream:75 - [STDERR_REDIRECT] 
2024-09-30 19:33:53,667 [ERROR] LogOutputStream:75 - [STDERR_REDIRECT] Sep 30, 2024 7:33:53 PM java.util.prefs.FileSystemPreferences checkLockFile0ErrorCode
2024-09-30 19:33:53,668 [ERROR] LogOutputStream:75 - [STDERR_REDIRECT] WARNING: Could not lock System prefs. Unix error code 2.
2024-09-30 19:33:53,669 [ERROR] LogOutputStream:75 - [STDERR_REDIRECT] 
2024-09-30 19:33:53,670 [ERROR] LogOutputStream:75 - [STDERR_REDIRECT] Sep 30, 2024 7:33:53 PM java.util.prefs.FileSystemPreferences syncWorld
2024-09-30 19:33:53,670 [ERROR] LogOutputStream:75 - [STDERR_REDIRECT] WARNING: Couldn't flush system prefs: java.util.prefs.BackingStoreException: Couldn't get file lock.
2024-09-30 19:33:53,671 [ERROR] LogOutputStream:75 - [STDERR_REDIRECT] 
2024-09-30 19:34:23,666 [ERROR] LogOutputStream:75 - [STDERR_REDIRECT] Sep 30, 2024 7:34:23 PM java.util.prefs.FileSystemPreferences checkLockFile0ErrorCode
2024-09-30 19:34:23,666 [ERROR] LogOutputStream:75 - [STDERR_REDIRECT] WARNING: Could not lock System prefs. Unix error code 2.
2024-09-30 19:34:23,667 [ERROR] LogOutputStream:75 - [STDERR_REDIRECT] 
2024-09-30 19:34:23,667 [ERROR] LogOutputStream:75 - [STDERR_REDIRECT] Sep 30, 2024 7:34:23 PM java.util.prefs.FileSystemPreferences syncWorld
2024-09-30 19:34:23,667 [ERROR] LogOutputStream:75 - [STDERR_REDIRECT] WARNING: Couldn't flush system prefs: java.util.prefs.BackingStoreException: Couldn't get file lock.
2024-09-30 19:34:23,667 [ERROR] LogOutputStream:75 - [STDERR_REDIRECT] 
2024-09-30 19:34:53,668 [ERROR] LogOutputStream:75 - [STDERR_REDIRECT] Sep 30, 2024 7:34:53 PM java.util.prefs.FileSystemPreferences checkLockFile0ErrorCode
2024-09-30 19:34:53,669 [ERROR] LogOutputStream:75 - [STDERR_REDIRECT] WARNING: Could not lock System prefs. Unix error code 2.
2024-09-30 19:34:53,669 [ERROR] LogOutputStream:75 - [STDERR_REDIRECT] 
2024-09-30 19:34:53,670 [ERROR] LogOutputStream:75 - [STDERR_REDIRECT] Sep 30, 2024 7:34:53 PM java.util.prefs.FileSystemPreferences syncWorld
2024-09-30 19:34:53,671 [ERROR] LogOutputStream:75 - [STDERR_REDIRECT] WARNING: Couldn't flush system prefs: java.util.prefs.BackingStoreException: Couldn't get file lock.
2024-09-30 19:34:53,671 [ERROR] LogOutputStream:75 - [STDERR_REDIRECT] 
2024-09-30 19:34:57,159 [ERROR] LogOutputStream:75 - [STDERR_REDIRECT] 
2024-09-30 19:34:57,159 [ERROR] LogOutputStream:75 - [STDERR_REDIRECT] 
2024-09-30 19:35:37,857 [INFO] Activator:176 - 


2024-09-30 19:35:37,858 [INFO] Activator:177 - !SESSION log4j initialized
2024-09-30 19:35:39,546 [INFO] LogOutputStream:77 - [STDOUT_REDIRECT] 
2024-09-30 19:35:48,616 [INFO] ApplicationProperties:184 - Using Application install path: /opt/stm32cubeide/plugins/com.st.stm32cube.common.mx_6.12.1.202409122256
2024-09-30 19:35:48,630 [INFO] DbMcusXml:78 - Set database path to: /opt/stm32cubeide/plugins/com.st.stm32cube.common.mx_6.12.1.202409122256//db//mcu/
2024-09-30 19:35:48,631 [INFO] ApiDb:274 - Set plugin database path to: /opt/stm32cubeide/plugins/com.st.stm32cube.common.mx_6.12.1.202409122256//db//plugins/boardmanager/
2024-09-30 19:35:48,631 [WARN] ApiDb:259 - Overriding images path with different value:  => /opt/stm32cubeide/plugins/com.st.stm32cube.common.mx_6.12.1.202409122256//db//plugins/mcufinder/images/
2024-09-30 19:35:48,634 [INFO] ApiDb:250 - Set database path to: /home/lorolol/.stmcufinder/plugins/mcufinder//mcu/
2024-09-30 19:35:48,635 [INFO] DbMcusAds:125 - Set database path to: /home/lorolol/.stmcufinder/plugins/mcufinder//mcu/
2024-09-30 19:35:48,637 [INFO] CrossReferenceDbSqlite:203 - Set database path to: /home/lorolol/.stmcufinder/plugins/mcufinder//mcu/cs/
2024-09-30 19:35:48,740 [INFO] RulesReader:64 - Compatibility file has been processed (297 Rules)
2024-09-30 19:35:48,788 [INFO] DbMcusXml:78 - Set database path to: /opt/stm32cubeide/plugins/com.st.stm32cube.common.mx_6.12.1.202409122256//db//mcu/
2024-09-30 19:35:48,789 [INFO] ApiDb:274 - Set plugin database path to: /opt/stm32cubeide/plugins/com.st.stm32cube.common.mx_6.12.1.202409122256//db//plugins/boardmanager/
2024-09-30 19:35:48,789 [INFO] ApiDb:261 - Set plugin images path to: /opt/stm32cubeide/plugins/com.st.stm32cube.common.mx_6.12.1.202409122256//db//plugins/mcufinder/images/
2024-09-30 19:35:48,789 [WARN] DbFile:41 - Overriding database path with different value: /home/lorolol/.stmcufinder/plugins/mcufinder/ => /home/lorolol/.stmcufinder/plugins/mcufinder
2024-09-30 19:35:48,789 [INFO] ApiDb:250 - Set database path to: /home/lorolol/.stmcufinder/plugins/mcufinder//mcu/
2024-09-30 19:35:48,789 [WARN] DbFile:41 - Overriding database path with different value: /home/lorolol/.stmcufinder/plugins/mcufinder/ => /home/lorolol/.stmcufinder/plugins/mcufinder
2024-09-30 19:35:48,789 [INFO] DbMcusAds:125 - Set database path to: /home/lorolol/.stmcufinder/plugins/mcufinder//mcu/
2024-09-30 19:35:48,789 [WARN] DbFile:41 - Overriding database path with different value: /home/lorolol/.stmcufinder/plugins/mcufinder/ => /home/lorolol/.stmcufinder/plugins/mcufinder
2024-09-30 19:35:48,789 [WARN] DbFile:41 - Overriding database path with different value: /home/lorolol/.stmcufinder/plugins/mcufinder/ => /home/lorolol/.stmcufinder/plugins/mcufinder
2024-09-30 19:35:48,789 [INFO] CrossReferenceDbSqlite:203 - Set database path to: /home/lorolol/.stmcufinder/plugins/mcufinder//mcu/cs/
2024-09-30 19:35:48,837 [INFO] MainPanel:268 - HeapMemory: 268435456
2024-09-30 19:35:48,913 [INFO] DbMcusXml:78 - Set database path to: /opt/stm32cubeide/plugins/com.st.stm32cube.common.mx_6.12.1.202409122256//db//mcu/
2024-09-30 19:35:48,914 [INFO] ApiDb:274 - Set plugin database path to: /opt/stm32cubeide/plugins/com.st.stm32cube.common.mx_6.12.1.202409122256//db//plugins/boardmanager/
2024-09-30 19:35:48,914 [INFO] ApiDb:261 - Set plugin images path to: /opt/stm32cubeide/plugins/com.st.stm32cube.common.mx_6.12.1.202409122256//db//plugins/mcufinder/images/
2024-09-30 19:35:48,914 [WARN] DbFile:41 - Overriding database path with different value: /home/lorolol/.stmcufinder/plugins/mcufinder/ => /home/lorolol/.stmcufinder/plugins/mcufinder
2024-09-30 19:35:48,914 [INFO] ApiDb:250 - Set database path to: /home/lorolol/.stmcufinder/plugins/mcufinder//mcu/
2024-09-30 19:35:48,914 [WARN] DbFile:41 - Overriding database path with different value: /home/lorolol/.stmcufinder/plugins/mcufinder/ => /home/lorolol/.stmcufinder/plugins/mcufinder
2024-09-30 19:35:48,914 [INFO] DbMcusAds:125 - Set database path to: /home/lorolol/.stmcufinder/plugins/mcufinder//mcu/
2024-09-30 19:35:48,914 [WARN] DbFile:41 - Overriding database path with different value: /home/lorolol/.stmcufinder/plugins/mcufinder/ => /home/lorolol/.stmcufinder/plugins/mcufinder
2024-09-30 19:35:48,915 [WARN] DbFile:41 - Overriding database path with different value: /home/lorolol/.stmcufinder/plugins/mcufinder/ => /home/lorolol/.stmcufinder/plugins/mcufinder
2024-09-30 19:35:48,915 [INFO] CrossReferenceDbSqlite:203 - Set database path to: /home/lorolol/.stmcufinder/plugins/mcufinder//mcu/cs/
2024-09-30 19:35:48,926 [INFO] ApplicationProperties:184 - Using Application install path: /opt/stm32cubeide/plugins/com.st.stm32cube.common.mx_6.12.1.202409122256
2024-09-30 19:35:48,927 [INFO] PluginManage:196 - Search for loadable plugins [exclusion list=, ]
2024-09-30 19:35:48,928 [INFO] PluginManage:310 - Check plugin analytics
2024-09-30 19:35:49,058 [INFO] AnalyticsPlugin:253 - Accepted Software Licenses: STM32CubeMX.6.11.1
2024-09-30 19:35:49,059 [INFO] AnalyticsPlugin:255 - Accepted CMSIS Pack Licenses: 
2024-09-30 19:35:49,059 [INFO] AnalyticsPlugin:257 - Accepted Firmware Licenses: FW.MP1.1.6.0
2024-09-30 19:35:49,061 [INFO] PluginManage:359 - Loaded plugin analytics (category:tool,tabindex:-1)
2024-09-30 19:35:49,061 [INFO] PluginManage:310 - Check plugin cadmodel
2024-09-30 19:35:49,064 [INFO] CADModel:105 - Init CAD model plugin
2024-09-30 19:35:49,064 [INFO] PluginManage:359 - Loaded plugin cadmodel (category:power,tabindex:5)
2024-09-30 19:35:49,065 [INFO] PluginManage:310 - Check plugin clock
2024-09-30 19:35:49,071 [INFO] PluginManage:359 - Loaded plugin clock (category:base,tabindex:2)
2024-09-30 19:35:49,071 [INFO] PluginManage:310 - Check plugin ddr
2024-09-30 19:35:49,073 [INFO] PluginManage:359 - Loaded plugin ddr (category:tool,tabindex:6)
2024-09-30 19:35:49,073 [INFO] PluginManage:310 - Check plugin filemanager
2024-09-30 19:35:49,189 [INFO] PluginManage:359 - Loaded plugin filemanager (category:base,tabindex:10)
2024-09-30 19:35:49,189 [INFO] PluginManage:310 - Check plugin ipmanager
2024-09-30 19:35:49,193 [INFO] PluginManage:359 - Loaded plugin ipmanager (category:base,tabindex:5)
2024-09-30 19:35:49,193 [INFO] PluginManage:310 - Check plugin lpbam
2024-09-30 19:35:49,201 [INFO] PluginManage:359 - Loaded plugin lpbam (category:base,tabindex:0)
2024-09-30 19:35:49,201 [INFO] PluginManage:310 - Check plugin memorymap
2024-09-30 19:35:49,213 [INFO] PluginManage:359 - Loaded plugin memorymap (category:base,tabindex:4)
2024-09-30 19:35:49,213 [INFO] PluginManage:310 - Check plugin pinoutandconfiguration
2024-09-30 19:35:49,221 [INFO] PluginManage:359 - Loaded plugin pinoutandconfiguration (category:base,tabindex:1)
2024-09-30 19:35:49,222 [INFO] PluginManage:310 - Check plugin pinoutconfig
2024-09-30 19:35:49,321 [WARN] SupportedApi:132 - Cannot load RTOS API schema: s4s-elt-must-match.1: The content of 'definitions' must match (annotation?, (simpleType | complexType)?, (unique | key | keyref)*)). A problem was found starting at: attribute.
2024-09-30 19:35:49,457 [INFO] PluginManage:359 - Loaded plugin pinoutconfig (category:base,tabindex:0)
2024-09-30 19:35:49,457 [INFO] PluginManage:310 - Check plugin power
2024-09-30 19:35:49,463 [INFO] PluginManage:359 - Loaded plugin power (category:power,tabindex:4)
2024-09-30 19:35:49,464 [INFO] PluginManage:310 - Check plugin projectmanager
2024-09-30 19:35:49,478 [INFO] PluginManage:359 - Loaded plugin projectmanager (category:projectmanager,tabindex:4)
2024-09-30 19:35:49,478 [INFO] PluginManage:310 - Check plugin rif
2024-09-30 19:35:49,481 [INFO] PluginManage:359 - Loaded plugin rif (category:base,tabindex:3)
2024-09-30 19:35:49,482 [INFO] PluginManage:310 - Check plugin thirdparty
2024-09-30 19:35:49,579 [INFO] PluginManage:359 - Loaded plugin thirdparty (category:base,tabindex:-1)
2024-09-30 19:35:49,579 [WARN] IntegrityCheckThread:84 - waiting for thirdparty lock release [integrity check]
2024-09-30 19:35:49,580 [INFO] PluginManage:310 - Check plugin tools
2024-09-30 19:35:49,580 [INFO] IntegrityCheckThread:86 - entering critical section [integrity check]
2024-09-30 19:35:49,580 [INFO] ThirdPartyUpdaterWithRetryManager:70 - Updater plugin not ready yet. [1/15]
2024-09-30 19:35:49,581 [INFO] PluginManage:359 - Loaded plugin tools (category:base,tabindex:7)
2024-09-30 19:35:49,582 [INFO] PluginManage:310 - Check plugin tutovideos
2024-09-30 19:35:49,731 [INFO] PluginManage:359 - Loaded plugin tutovideos (category:base,tabindex:-1)
2024-09-30 19:35:49,731 [INFO] PluginManage:310 - Check plugin updater
2024-09-30 19:35:49,769 [INFO] PluginManage:359 - Loaded plugin updater (category:base,tabindex:12)
2024-09-30 19:35:49,769 [INFO] PluginManage:310 - Check plugin userauth
2024-09-30 19:35:49,774 [INFO] UserAuth:113 - Init User Auth plugin
2024-09-30 19:35:49,774 [INFO] PluginManage:359 - Loaded plugin userauth (category:base,tabindex:14)
2024-09-30 19:35:49,775 [INFO] PluginManage:283 - PluginManage : Loaded plugins [18]
2024-09-30 19:35:49,908 [INFO] PinOutPanel:1561 - setPackage(No Configuration,No Configuration)
2024-09-30 19:35:49,969 [INFO] CADModel:165 - CPN selected for project level
2024-09-30 19:35:49,969 [INFO] CADModel:114 - Register for checkConnection events
2024-09-30 19:35:49,977 [INFO] IPUIPlugin:80 - create IPUIPlugin
2024-09-30 19:35:49,977 [INFO] PluginManager:220 - loadIPPluginJar : add nvic
2024-09-30 19:35:49,982 [INFO] IPUIPlugin:80 - create IPUIPlugin
2024-09-30 19:35:49,983 [INFO] PluginManager:220 - loadIPPluginJar : add touchsensing
2024-09-30 19:35:49,984 [INFO] IPUIPlugin:80 - create IPUIPlugin
2024-09-30 19:35:49,984 [INFO] PluginManager:220 - loadIPPluginJar : add genericplugin
2024-09-30 19:35:49,990 [INFO] IPUIPlugin:80 - create IPUIPlugin
2024-09-30 19:35:49,990 [INFO] PluginManager:220 - loadIPPluginJar : add adc
2024-09-30 19:35:49,992 [INFO] IPUIPlugin:80 - create IPUIPlugin
2024-09-30 19:35:49,992 [INFO] PluginManager:220 - loadIPPluginJar : add extmemmanager
2024-09-30 19:35:49,993 [INFO] IPUIPlugin:80 - create IPUIPlugin
2024-09-30 19:35:49,993 [INFO] PluginManager:220 - loadIPPluginJar : add ltdc
2024-09-30 19:35:49,994 [INFO] IPUIPlugin:80 - create IPUIPlugin
2024-09-30 19:35:49,994 [INFO] PluginManager:220 - loadIPPluginJar : add tsc
2024-09-30 19:35:49,996 [INFO] IPUIPlugin:80 - create IPUIPlugin
2024-09-30 19:35:49,996 [INFO] PluginManager:220 - loadIPPluginJar : add ts
2024-09-30 19:35:49,997 [INFO] IPUIPlugin:80 - create IPUIPlugin
2024-09-30 19:35:49,997 [INFO] PluginManager:220 - loadIPPluginJar : add tim
2024-09-30 19:35:50,001 [INFO] IPUIPlugin:80 - create IPUIPlugin
2024-09-30 19:35:50,001 [INFO] PluginManager:220 - loadIPPluginJar : add gic
2024-09-30 19:35:50,003 [INFO] IPUIPlugin:80 - create IPUIPlugin
2024-09-30 19:35:50,004 [INFO] PluginManager:220 - loadIPPluginJar : add usbx
2024-09-30 19:35:50,005 [INFO] IPUIPlugin:80 - create IPUIPlugin
2024-09-30 19:35:50,005 [INFO] PluginManager:220 - loadIPPluginJar : add ucpd
2024-09-30 19:35:50,007 [INFO] IPUIPlugin:80 - create IPUIPlugin
2024-09-30 19:35:50,007 [INFO] PluginManager:220 - loadIPPluginJar : add cryp
2024-09-30 19:35:50,009 [INFO] IPUIPlugin:80 - create IPUIPlugin
2024-09-30 19:35:50,009 [INFO] PluginManager:220 - loadIPPluginJar : add dfsdm
2024-09-30 19:35:50,010 [INFO] IPUIPlugin:80 - create IPUIPlugin
2024-09-30 19:35:50,010 [INFO] PluginManager:220 - loadIPPluginJar : add dma3
2024-09-30 19:35:50,012 [INFO] IPUIPlugin:80 - create IPUIPlugin
2024-09-30 19:35:50,012 [INFO] PluginManager:220 - loadIPPluginJar : add hash
2024-09-30 19:35:50,013 [INFO] IPUIPlugin:80 - create IPUIPlugin
2024-09-30 19:35:50,013 [INFO] PluginManager:220 - loadIPPluginJar : add fatfs
2024-09-30 19:35:50,015 [INFO] IPUIPlugin:80 - create IPUIPlugin
2024-09-30 19:35:50,015 [INFO] PluginManager:220 - loadIPPluginJar : add lorawan
2024-09-30 19:35:50,017 [INFO] IPUIPlugin:80 - create IPUIPlugin
2024-09-30 19:35:50,017 [INFO] PluginManager:220 - loadIPPluginJar : add openamp
2024-09-30 19:35:50,019 [INFO] IPUIPlugin:80 - create IPUIPlugin
2024-09-30 19:35:50,019 [INFO] PluginManager:220 - loadIPPluginJar : add i3c
2024-09-30 19:35:50,026 [INFO] IPUIPlugin:80 - create IPUIPlugin
2024-09-30 19:35:50,026 [INFO] PluginManager:220 - loadIPPluginJar : add linkedlist
2024-09-30 19:35:50,028 [INFO] IPUIPlugin:80 - create IPUIPlugin
2024-09-30 19:35:50,028 [INFO] PluginManager:220 - loadIPPluginJar : add sai
2024-09-30 19:35:50,030 [INFO] IPUIPlugin:80 - create IPUIPlugin
2024-09-30 19:35:50,030 [INFO] PluginManager:220 - loadIPPluginJar : add opamp
2024-09-30 19:35:50,032 [INFO] IPUIPlugin:80 - create IPUIPlugin
2024-09-30 19:35:50,032 [INFO] PluginManager:220 - loadIPPluginJar : add i2c
2024-09-30 19:35:50,034 [INFO] IPUIPlugin:80 - create IPUIPlugin
2024-09-30 19:35:50,034 [INFO] PluginManager:220 - loadIPPluginJar : add can
2024-09-30 19:35:50,035 [INFO] IPUIPlugin:80 - create IPUIPlugin
2024-09-30 19:35:50,035 [INFO] PluginManager:220 - loadIPPluginJar : add gfxmmu
2024-09-30 19:35:50,037 [INFO] IPUIPlugin:80 - create IPUIPlugin
2024-09-30 19:35:50,037 [INFO] PluginManager:220 - loadIPPluginJar : add pdm2pcm
2024-09-30 19:35:50,041 [INFO] IPUIPlugin:80 - create IPUIPlugin
2024-09-30 19:35:50,042 [INFO] PluginManager:220 - loadIPPluginJar : add freertos
2024-09-30 19:35:50,043 [INFO] IPUIPlugin:80 - create IPUIPlugin
2024-09-30 19:35:50,043 [INFO] PluginManager:220 - loadIPPluginJar : add aes
2024-09-30 19:35:50,044 [INFO] IPUIPlugin:80 - create IPUIPlugin
2024-09-30 19:35:50,044 [INFO] PluginManager:220 - loadIPPluginJar : add quadspi
2024-09-30 19:35:50,045 [INFO] IPUIPlugin:80 - create IPUIPlugin
2024-09-30 19:35:50,046 [INFO] PluginManager:220 - loadIPPluginJar : add radio
2024-09-30 19:35:50,048 [INFO] IPUIPlugin:80 - create IPUIPlugin
2024-09-30 19:35:50,048 [INFO] PluginManager:220 - loadIPPluginJar : add resmgrutility
2024-09-30 19:35:50,049 [INFO] IPUIPlugin:80 - create IPUIPlugin
2024-09-30 19:35:50,050 [INFO] PluginManager:220 - loadIPPluginJar : add i2s
2024-09-30 19:35:50,051 [INFO] IPUIPlugin:80 - create IPUIPlugin
2024-09-30 19:35:50,051 [INFO] PluginManager:220 - loadIPPluginJar : add tracer_emb
2024-09-30 19:35:50,055 [INFO] IPUIPlugin:80 - create IPUIPlugin
2024-09-30 19:35:50,055 [INFO] PluginManager:220 - loadIPPluginJar : add dma
2024-09-30 19:35:50,057 [INFO] IPUIPlugin:80 - create IPUIPlugin
2024-09-30 19:35:50,057 [INFO] PluginManager:220 - loadIPPluginJar : add ddr_ctrl_phy
2024-09-30 19:35:50,062 [INFO] IPUIPlugin:80 - create IPUIPlugin
2024-09-30 19:35:50,062 [INFO] PluginManager:220 - loadIPPluginJar : add mdma
2024-09-30 19:35:50,066 [INFO] IPUIPlugin:80 - create IPUIPlugin
2024-09-30 19:35:50,068 [INFO] PluginManager:220 - loadIPPluginJar : add plateformsettings
2024-09-30 19:35:50,070 [INFO] IPUIPlugin:80 - create IPUIPlugin
2024-09-30 19:35:50,070 [INFO] PluginManager:220 - loadIPPluginJar : add spi
2024-09-30 19:35:50,072 [INFO] IPUIPlugin:80 - create IPUIPlugin
2024-09-30 19:35:50,072 [INFO] PluginManager:220 - loadIPPluginJar : add ipddr
2024-09-30 19:35:50,074 [INFO] IPUIPlugin:80 - create IPUIPlugin
2024-09-30 19:35:50,074 [INFO] PluginManager:220 - loadIPPluginJar : add gpio
2024-09-30 19:35:50,076 [INFO] IPUIPlugin:80 - create IPUIPlugin
2024-09-30 19:35:50,076 [INFO] PluginManager:220 - loadIPPluginJar : add usart
2024-09-30 19:35:50,077 [INFO] IPUIPlugin:80 - create IPUIPlugin
2024-09-30 19:35:50,077 [INFO] PluginManager:220 - loadIPPluginJar : add comp
2024-09-30 19:35:50,079 [INFO] IPUIPlugin:80 - create IPUIPlugin
2024-09-30 19:35:50,079 [INFO] PluginManager:220 - loadIPPluginJar : add fmc
2024-09-30 19:35:50,083 [INFO] IPUIPlugin:80 - create IPUIPlugin
2024-09-30 19:35:50,083 [INFO] PluginManager:220 - loadIPPluginJar : add stm32_wpan
2024-09-30 19:35:50,085 [INFO] IPUIPlugin:80 - create IPUIPlugin
2024-09-30 19:35:50,085 [INFO] PluginManager:220 - loadIPPluginJar : add gtzc
2024-09-30 19:35:50,182 [INFO] CADModel:165 - CPN selected for project level
2024-09-30 19:35:50,182 [INFO] CADModel:114 - Register for checkConnection events
2024-09-30 19:35:50,183 [FATAL] Updater:334 - Updater called before beeing initialized
2024-09-30 19:35:50,183 [ERROR] CADModel:125 - Updater not yet initialized, retry later 
2024-09-30 19:35:50,331 [INFO] CADModel:165 - CPN selected for project level
2024-09-30 19:35:50,331 [INFO] CADModel:114 - Register for checkConnection events
2024-09-30 19:35:50,331 [FATAL] Updater:334 - Updater called before beeing initialized
2024-09-30 19:35:50,331 [ERROR] CADModel:125 - Updater not yet initialized, retry later 
2024-09-30 19:35:50,335 [FATAL] Updater:334 - Updater called before beeing initialized
2024-09-30 19:35:50,419 [FATAL] Updater:334 - Updater called before beeing initialized
2024-09-30 19:35:50,423 [INFO] DbMcusAds:53 - JSON generation date=Thu Sep 30 03:55:09 BRT 2021 (1632984909247)
2024-09-30 19:35:50,423 [FATAL] Updater:334 - Updater called before beeing initialized
2024-09-30 19:35:50,463 [WARN] DetailPanel:346 - Failed to get advertising image, set to default
2024-09-30 19:35:50,530 [FATAL] Updater:334 - Updater called before beeing initialized
2024-09-30 19:35:50,532 [FATAL] Updater:334 - Updater called before beeing initialized
2024-09-30 19:35:50,532 [FATAL] Updater:334 - Updater called before beeing initialized
2024-09-30 19:35:50,532 [WARN] DetailPanel:346 - Failed to get advertising image, set to default
2024-09-30 19:35:50,532 [FATAL] Updater:334 - Updater called before beeing initialized
2024-09-30 19:35:50,561 [ERROR] Updater:1164 - MainUpdater not yet initialized. External WinMGr cannot be set.
2024-09-30 19:35:50,563 [INFO] Updater:1100 - Updater Version found : 6.12.1
2024-09-30 19:35:50,581 [INFO] ApplicationProperties:184 - Using Application install path: /opt/stm32cubeide/plugins/com.st.stm32cube.common.mx_6.12.1.202409122256
2024-09-30 19:35:50,595 [ERROR] LogOutputStream:75 - [STDERR_REDIRECT] Sep 30, 2024 7:35:50 PM java.util.prefs.FileSystemPreferences$2 run
2024-09-30 19:35:50,595 [ERROR] LogOutputStream:75 - [STDERR_REDIRECT] WARNING: Could not create system preferences directory. System preferences are unusable.
2024-09-30 19:35:50,595 [ERROR] LogOutputStream:75 - [STDERR_REDIRECT] 
2024-09-30 19:35:50,816 [INFO] MainUpdater:2873 - connection check result : 10
2024-09-30 19:35:50,816 [INFO] MainUpdater:290 - Updater Check For Update Now.
2024-09-30 19:35:50,816 [INFO] MicroXplorer:498 - Change Database Version : DB.6.0.121
2024-09-30 19:35:50,820 [INFO] McuFinderGlobals:63 - Set McuFinder mode to 2 (CubeIDE integrated)
2024-09-30 19:35:50,820 [INFO] UserAuth:417 - Internet connection configuration mode: 1
2024-09-30 19:35:50,831 [INFO] JxBrowserEngine:152 - Initiate JxBrowser Engine with user profile folder
2024-09-30 19:35:51,018 [INFO] CheckServerUpdateThread:120 - End of CheckServer Thread
2024-09-30 19:35:51,318 [INFO] WebApp:167 - Instantiating new browser for Auth
2024-09-30 19:35:51,944 [INFO] WebApp:448 - Apply proxy settings
2024-09-30 19:35:51,945 [INFO] WebApp:533 - Chromium requires no authentication
2024-09-30 19:35:51,949 [INFO] WebApp:476 - Direct internet connection detected
2024-09-30 19:35:51,979 [INFO] WebApp:869 - Register for checkConnection events
2024-09-30 19:35:51,980 [INFO] WebApp:448 - Apply proxy settings
2024-09-30 19:35:51,980 [INFO] WebApp:533 - Chromium requires no authentication
2024-09-30 19:35:51,980 [INFO] WebApp:476 - Direct internet connection detected
2024-09-30 19:35:52,083 [INFO] WebApp:220 - Starting web application
2024-09-30 19:35:52,083 [INFO] WebApp:578 - Web application path used /opt/stm32cubeide/plugins/com.st.stm32cube.common.mx_6.12.1.202409122256/db/plugins/mcufinder/reactClient1/index.html
2024-09-30 19:35:52,403 [INFO] WebApp:186 - Connection restablished
2024-09-30 19:35:52,604 [INFO] UserAuth:417 - Internet connection configuration mode: 1
2024-09-30 19:35:52,771 [WARN] PackLoader:240 - Cannot read IP mode file for STMicroelectronics.FP-SNS-MOTENVWB1.1.4.0
2024-09-30 19:35:52,784 [WARN] PackLoader:240 - Cannot read IP mode file for STMicroelectronics.X-CUBE-SMBUS.2.1.0
2024-09-30 19:35:52,789 [WARN] PackLoader:240 - Cannot read IP mode file for STMicroelectronics.X-CUBE-TOUCHGFX.4.23.2
2024-09-30 19:35:52,836 [WARN] PackLoader:240 - Cannot read IP mode file for STMicroelectronics.X-CUBE-AZRTOS-F7.1.1.0
2024-09-30 19:35:52,958 [WARN] PackLoader:240 - Cannot read IP mode file for STMicroelectronics.X-CUBE-MEMS1.11.0.0
2024-09-30 19:35:53,283 [WARN] PackLoader:240 - Cannot read IP mode file for STMicroelectronics.FP-SNS-FLIGHT1.5.0.2
2024-09-30 19:35:53,295 [WARN] PackLoader:240 - Cannot read IP mode file for STMicroelectronics.X-CUBE-DISPLAY.3.0.0
2024-09-30 19:35:53,307 [WARN] PackLoader:240 - Cannot read IP mode file for STMicroelectronics.X-CUBE-BLE1.7.0.0
2024-09-30 19:35:53,316 [WARN] PackLoader:240 - Cannot read IP mode file for STMicroelectronics.X-CUBE-NFC10.1.0.0
2024-09-30 19:35:53,328 [ERROR] LogOutputStream:75 - [STDERR_REDIRECT] 
2024-09-30 19:35:53,330 [ERROR] LogOutputStream:75 - [STDERR_REDIRECT] 
2024-09-30 19:37:43,237 [INFO] Activator:176 - 


2024-09-30 19:37:43,238 [INFO] Activator:177 - !SESSION log4j initialized
2024-09-30 19:37:44,828 [INFO] LogOutputStream:77 - [STDOUT_REDIRECT] 
2024-09-30 19:37:50,732 [INFO] ApplicationProperties:184 - Using Application install path: /opt/stm32cubeide/plugins/com.st.stm32cube.common.mx_6.12.1.202409122256
2024-09-30 19:37:50,746 [INFO] DbMcusXml:78 - Set database path to: /opt/stm32cubeide/plugins/com.st.stm32cube.common.mx_6.12.1.202409122256//db//mcu/
2024-09-30 19:37:50,746 [INFO] ApiDb:274 - Set plugin database path to: /opt/stm32cubeide/plugins/com.st.stm32cube.common.mx_6.12.1.202409122256//db//plugins/boardmanager/
2024-09-30 19:37:50,746 [WARN] ApiDb:259 - Overriding images path with different value:  => /opt/stm32cubeide/plugins/com.st.stm32cube.common.mx_6.12.1.202409122256//db//plugins/mcufinder/images/
2024-09-30 19:37:50,750 [INFO] ApiDb:250 - Set database path to: /home/lorolol/.stmcufinder/plugins/mcufinder//mcu/
2024-09-30 19:37:50,751 [INFO] DbMcusAds:125 - Set database path to: /home/lorolol/.stmcufinder/plugins/mcufinder//mcu/
2024-09-30 19:37:50,753 [INFO] CrossReferenceDbSqlite:203 - Set database path to: /home/lorolol/.stmcufinder/plugins/mcufinder//mcu/cs/
2024-09-30 19:37:50,861 [INFO] RulesReader:64 - Compatibility file has been processed (297 Rules)
2024-09-30 19:37:50,911 [INFO] DbMcusXml:78 - Set database path to: /opt/stm32cubeide/plugins/com.st.stm32cube.common.mx_6.12.1.202409122256//db//mcu/
2024-09-30 19:37:50,912 [INFO] ApiDb:274 - Set plugin database path to: /opt/stm32cubeide/plugins/com.st.stm32cube.common.mx_6.12.1.202409122256//db//plugins/boardmanager/
2024-09-30 19:37:50,912 [INFO] ApiDb:261 - Set plugin images path to: /opt/stm32cubeide/plugins/com.st.stm32cube.common.mx_6.12.1.202409122256//db//plugins/mcufinder/images/
2024-09-30 19:37:50,912 [WARN] DbFile:41 - Overriding database path with different value: /home/lorolol/.stmcufinder/plugins/mcufinder/ => /home/lorolol/.stmcufinder/plugins/mcufinder
2024-09-30 19:37:50,912 [INFO] ApiDb:250 - Set database path to: /home/lorolol/.stmcufinder/plugins/mcufinder//mcu/
2024-09-30 19:37:50,912 [WARN] DbFile:41 - Overriding database path with different value: /home/lorolol/.stmcufinder/plugins/mcufinder/ => /home/lorolol/.stmcufinder/plugins/mcufinder
2024-09-30 19:37:50,912 [INFO] DbMcusAds:125 - Set database path to: /home/lorolol/.stmcufinder/plugins/mcufinder//mcu/
2024-09-30 19:37:50,912 [WARN] DbFile:41 - Overriding database path with different value: /home/lorolol/.stmcufinder/plugins/mcufinder/ => /home/lorolol/.stmcufinder/plugins/mcufinder
2024-09-30 19:37:50,912 [WARN] DbFile:41 - Overriding database path with different value: /home/lorolol/.stmcufinder/plugins/mcufinder/ => /home/lorolol/.stmcufinder/plugins/mcufinder
2024-09-30 19:37:50,913 [INFO] CrossReferenceDbSqlite:203 - Set database path to: /home/lorolol/.stmcufinder/plugins/mcufinder//mcu/cs/
2024-09-30 19:37:50,970 [INFO] MainPanel:268 - HeapMemory: 268435456
2024-09-30 19:37:51,071 [INFO] DbMcusXml:78 - Set database path to: /opt/stm32cubeide/plugins/com.st.stm32cube.common.mx_6.12.1.202409122256//db//mcu/
2024-09-30 19:37:51,071 [INFO] ApiDb:274 - Set plugin database path to: /opt/stm32cubeide/plugins/com.st.stm32cube.common.mx_6.12.1.202409122256//db//plugins/boardmanager/
2024-09-30 19:37:51,071 [INFO] ApiDb:261 - Set plugin images path to: /opt/stm32cubeide/plugins/com.st.stm32cube.common.mx_6.12.1.202409122256//db//plugins/mcufinder/images/
2024-09-30 19:37:51,071 [WARN] DbFile:41 - Overriding database path with different value: /home/lorolol/.stmcufinder/plugins/mcufinder/ => /home/lorolol/.stmcufinder/plugins/mcufinder
2024-09-30 19:37:51,071 [INFO] ApiDb:250 - Set database path to: /home/lorolol/.stmcufinder/plugins/mcufinder//mcu/
2024-09-30 19:37:51,072 [WARN] DbFile:41 - Overriding database path with different value: /home/lorolol/.stmcufinder/plugins/mcufinder/ => /home/lorolol/.stmcufinder/plugins/mcufinder
2024-09-30 19:37:51,072 [INFO] DbMcusAds:125 - Set database path to: /home/lorolol/.stmcufinder/plugins/mcufinder//mcu/
2024-09-30 19:37:51,072 [WARN] DbFile:41 - Overriding database path with different value: /home/lorolol/.stmcufinder/plugins/mcufinder/ => /home/lorolol/.stmcufinder/plugins/mcufinder
2024-09-30 19:37:51,072 [WARN] DbFile:41 - Overriding database path with different value: /home/lorolol/.stmcufinder/plugins/mcufinder/ => /home/lorolol/.stmcufinder/plugins/mcufinder
2024-09-30 19:37:51,072 [INFO] CrossReferenceDbSqlite:203 - Set database path to: /home/lorolol/.stmcufinder/plugins/mcufinder//mcu/cs/
2024-09-30 19:37:51,083 [INFO] ApplicationProperties:184 - Using Application install path: /opt/stm32cubeide/plugins/com.st.stm32cube.common.mx_6.12.1.202409122256
2024-09-30 19:37:51,085 [INFO] PluginManage:196 - Search for loadable plugins [exclusion list=, ]
2024-09-30 19:37:51,086 [INFO] PluginManage:310 - Check plugin analytics
2024-09-30 19:37:51,234 [INFO] AnalyticsPlugin:253 - Accepted Software Licenses: STM32CubeMX.6.11.1
2024-09-30 19:37:51,234 [INFO] AnalyticsPlugin:255 - Accepted CMSIS Pack Licenses: 
2024-09-30 19:37:51,234 [INFO] AnalyticsPlugin:257 - Accepted Firmware Licenses: FW.MP1.1.6.0
2024-09-30 19:37:51,237 [INFO] PluginManage:359 - Loaded plugin analytics (category:tool,tabindex:-1)
2024-09-30 19:37:51,237 [INFO] PluginManage:310 - Check plugin cadmodel
2024-09-30 19:37:51,240 [INFO] CADModel:105 - Init CAD model plugin
2024-09-30 19:37:51,241 [INFO] PluginManage:359 - Loaded plugin cadmodel (category:power,tabindex:5)
2024-09-30 19:37:51,241 [INFO] PluginManage:310 - Check plugin clock
2024-09-30 19:37:51,249 [INFO] PluginManage:359 - Loaded plugin clock (category:base,tabindex:2)
2024-09-30 19:37:51,249 [INFO] PluginManage:310 - Check plugin ddr
2024-09-30 19:37:51,251 [INFO] PluginManage:359 - Loaded plugin ddr (category:tool,tabindex:6)
2024-09-30 19:37:51,251 [INFO] PluginManage:310 - Check plugin filemanager
2024-09-30 19:37:51,398 [INFO] PluginManage:359 - Loaded plugin filemanager (category:base,tabindex:10)
2024-09-30 19:37:51,398 [INFO] PluginManage:310 - Check plugin ipmanager
2024-09-30 19:37:51,403 [INFO] PluginManage:359 - Loaded plugin ipmanager (category:base,tabindex:5)
2024-09-30 19:37:51,403 [INFO] PluginManage:310 - Check plugin lpbam
2024-09-30 19:37:51,409 [INFO] PluginManage:359 - Loaded plugin lpbam (category:base,tabindex:0)
2024-09-30 19:37:51,409 [INFO] PluginManage:310 - Check plugin memorymap
2024-09-30 19:37:51,417 [INFO] PluginManage:359 - Loaded plugin memorymap (category:base,tabindex:4)
2024-09-30 19:37:51,418 [INFO] PluginManage:310 - Check plugin pinoutandconfiguration
2024-09-30 19:37:51,423 [INFO] PluginManage:359 - Loaded plugin pinoutandconfiguration (category:base,tabindex:1)
2024-09-30 19:37:51,423 [INFO] PluginManage:310 - Check plugin pinoutconfig
2024-09-30 19:37:51,492 [WARN] SupportedApi:132 - Cannot load RTOS API schema: s4s-elt-must-match.1: The content of 'definitions' must match (annotation?, (simpleType | complexType)?, (unique | key | keyref)*)). A problem was found starting at: attribute.
2024-09-30 19:37:51,598 [INFO] PluginManage:359 - Loaded plugin pinoutconfig (category:base,tabindex:0)
2024-09-30 19:37:51,598 [INFO] PluginManage:310 - Check plugin power
2024-09-30 19:37:51,604 [INFO] PluginManage:359 - Loaded plugin power (category:power,tabindex:4)
2024-09-30 19:37:51,604 [INFO] PluginManage:310 - Check plugin projectmanager
2024-09-30 19:37:51,617 [INFO] PluginManage:359 - Loaded plugin projectmanager (category:projectmanager,tabindex:4)
2024-09-30 19:37:51,617 [INFO] PluginManage:310 - Check plugin rif
2024-09-30 19:37:51,621 [INFO] PluginManage:359 - Loaded plugin rif (category:base,tabindex:3)
2024-09-30 19:37:51,621 [INFO] PluginManage:310 - Check plugin thirdparty
2024-09-30 19:37:51,715 [INFO] PluginManage:359 - Loaded plugin thirdparty (category:base,tabindex:-1)
2024-09-30 19:37:51,715 [WARN] IntegrityCheckThread:84 - waiting for thirdparty lock release [integrity check]
2024-09-30 19:37:51,715 [INFO] PluginManage:310 - Check plugin tools
2024-09-30 19:37:51,715 [INFO] IntegrityCheckThread:86 - entering critical section [integrity check]
2024-09-30 19:37:51,715 [INFO] ThirdPartyUpdaterWithRetryManager:70 - Updater plugin not ready yet. [1/15]
2024-09-30 19:37:51,717 [INFO] PluginManage:359 - Loaded plugin tools (category:base,tabindex:7)
2024-09-30 19:37:51,717 [INFO] PluginManage:310 - Check plugin tutovideos
2024-09-30 19:37:51,852 [INFO] PluginManage:359 - Loaded plugin tutovideos (category:base,tabindex:-1)
2024-09-30 19:37:51,852 [INFO] PluginManage:310 - Check plugin updater
2024-09-30 19:37:51,887 [INFO] PluginManage:359 - Loaded plugin updater (category:base,tabindex:12)
2024-09-30 19:37:51,887 [INFO] PluginManage:310 - Check plugin userauth
2024-09-30 19:37:51,891 [INFO] UserAuth:113 - Init User Auth plugin
2024-09-30 19:37:51,891 [INFO] PluginManage:359 - Loaded plugin userauth (category:base,tabindex:14)
2024-09-30 19:37:51,892 [INFO] PluginManage:283 - PluginManage : Loaded plugins [18]
2024-09-30 19:37:52,025 [INFO] PinOutPanel:1561 - setPackage(No Configuration,No Configuration)
2024-09-30 19:37:52,082 [INFO] CADModel:165 - CPN selected for project level
2024-09-30 19:37:52,083 [INFO] CADModel:114 - Register for checkConnection events
2024-09-30 19:37:52,089 [INFO] IPUIPlugin:80 - create IPUIPlugin
2024-09-30 19:37:52,089 [INFO] PluginManager:220 - loadIPPluginJar : add nvic
2024-09-30 19:37:52,094 [INFO] IPUIPlugin:80 - create IPUIPlugin
2024-09-30 19:37:52,094 [INFO] PluginManager:220 - loadIPPluginJar : add touchsensing
2024-09-30 19:37:52,095 [INFO] IPUIPlugin:80 - create IPUIPlugin
2024-09-30 19:37:52,095 [INFO] PluginManager:220 - loadIPPluginJar : add genericplugin
2024-09-30 19:37:52,101 [INFO] IPUIPlugin:80 - create IPUIPlugin
2024-09-30 19:37:52,101 [INFO] PluginManager:220 - loadIPPluginJar : add adc
2024-09-30 19:37:52,103 [INFO] IPUIPlugin:80 - create IPUIPlugin
2024-09-30 19:37:52,103 [INFO] PluginManager:220 - loadIPPluginJar : add extmemmanager
2024-09-30 19:37:52,104 [INFO] IPUIPlugin:80 - create IPUIPlugin
2024-09-30 19:37:52,104 [INFO] PluginManager:220 - loadIPPluginJar : add ltdc
2024-09-30 19:37:52,105 [INFO] IPUIPlugin:80 - create IPUIPlugin
2024-09-30 19:37:52,105 [INFO] PluginManager:220 - loadIPPluginJar : add tsc
2024-09-30 19:37:52,106 [INFO] IPUIPlugin:80 - create IPUIPlugin
2024-09-30 19:37:52,106 [INFO] PluginManager:220 - loadIPPluginJar : add ts
2024-09-30 19:37:52,107 [INFO] IPUIPlugin:80 - create IPUIPlugin
2024-09-30 19:37:52,107 [INFO] PluginManager:220 - loadIPPluginJar : add tim
2024-09-30 19:37:52,110 [INFO] IPUIPlugin:80 - create IPUIPlugin
2024-09-30 19:37:52,110 [INFO] PluginManager:220 - loadIPPluginJar : add gic
2024-09-30 19:37:52,112 [INFO] IPUIPlugin:80 - create IPUIPlugin
2024-09-30 19:37:52,112 [INFO] PluginManager:220 - loadIPPluginJar : add usbx
2024-09-30 19:37:52,113 [INFO] IPUIPlugin:80 - create IPUIPlugin
2024-09-30 19:37:52,113 [INFO] PluginManager:220 - loadIPPluginJar : add ucpd
2024-09-30 19:37:52,115 [INFO] IPUIPlugin:80 - create IPUIPlugin
2024-09-30 19:37:52,115 [INFO] PluginManager:220 - loadIPPluginJar : add cryp
2024-09-30 19:37:52,116 [INFO] IPUIPlugin:80 - create IPUIPlugin
2024-09-30 19:37:52,116 [INFO] PluginManager:220 - loadIPPluginJar : add dfsdm
2024-09-30 19:37:52,118 [INFO] IPUIPlugin:80 - create IPUIPlugin
2024-09-30 19:37:52,118 [INFO] PluginManager:220 - loadIPPluginJar : add dma3
2024-09-30 19:37:52,119 [INFO] IPUIPlugin:80 - create IPUIPlugin
2024-09-30 19:37:52,119 [INFO] PluginManager:220 - loadIPPluginJar : add hash
2024-09-30 19:37:52,120 [INFO] IPUIPlugin:80 - create IPUIPlugin
2024-09-30 19:37:52,120 [INFO] PluginManager:220 - loadIPPluginJar : add fatfs
2024-09-30 19:37:52,122 [INFO] IPUIPlugin:80 - create IPUIPlugin
2024-09-30 19:37:52,122 [INFO] PluginManager:220 - loadIPPluginJar : add lorawan
2024-09-30 19:37:52,123 [INFO] IPUIPlugin:80 - create IPUIPlugin
2024-09-30 19:37:52,124 [INFO] PluginManager:220 - loadIPPluginJar : add openamp
2024-09-30 19:37:52,125 [INFO] IPUIPlugin:80 - create IPUIPlugin
2024-09-30 19:37:52,125 [INFO] PluginManager:220 - loadIPPluginJar : add i3c
2024-09-30 19:37:52,131 [INFO] IPUIPlugin:80 - create IPUIPlugin
2024-09-30 19:37:52,131 [INFO] PluginManager:220 - loadIPPluginJar : add linkedlist
2024-09-30 19:37:52,133 [INFO] IPUIPlugin:80 - create IPUIPlugin
2024-09-30 19:37:52,133 [INFO] PluginManager:220 - loadIPPluginJar : add sai
2024-09-30 19:37:52,135 [INFO] IPUIPlugin:80 - create IPUIPlugin
2024-09-30 19:37:52,135 [INFO] PluginManager:220 - loadIPPluginJar : add opamp
2024-09-30 19:37:52,137 [INFO] IPUIPlugin:80 - create IPUIPlugin
2024-09-30 19:37:52,137 [INFO] PluginManager:220 - loadIPPluginJar : add i2c
2024-09-30 19:37:52,139 [INFO] IPUIPlugin:80 - create IPUIPlugin
2024-09-30 19:37:52,139 [INFO] PluginManager:220 - loadIPPluginJar : add can
2024-09-30 19:37:52,140 [INFO] IPUIPlugin:80 - create IPUIPlugin
2024-09-30 19:37:52,140 [INFO] PluginManager:220 - loadIPPluginJar : add gfxmmu
2024-09-30 19:37:52,142 [INFO] IPUIPlugin:80 - create IPUIPlugin
2024-09-30 19:37:52,142 [INFO] PluginManager:220 - loadIPPluginJar : add pdm2pcm
2024-09-30 19:37:52,146 [INFO] IPUIPlugin:80 - create IPUIPlugin
2024-09-30 19:37:52,146 [INFO] PluginManager:220 - loadIPPluginJar : add freertos
2024-09-30 19:37:52,149 [INFO] IPUIPlugin:80 - create IPUIPlugin
2024-09-30 19:37:52,149 [INFO] PluginManager:220 - loadIPPluginJar : add aes
2024-09-30 19:37:52,150 [INFO] IPUIPlugin:80 - create IPUIPlugin
2024-09-30 19:37:52,150 [INFO] PluginManager:220 - loadIPPluginJar : add quadspi
2024-09-30 19:37:52,151 [INFO] IPUIPlugin:80 - create IPUIPlugin
2024-09-30 19:37:52,151 [INFO] PluginManager:220 - loadIPPluginJar : add radio
2024-09-30 19:37:52,154 [INFO] IPUIPlugin:80 - create IPUIPlugin
2024-09-30 19:37:52,154 [INFO] PluginManager:220 - loadIPPluginJar : add resmgrutility
2024-09-30 19:37:52,155 [INFO] IPUIPlugin:80 - create IPUIPlugin
2024-09-30 19:37:52,155 [INFO] PluginManager:220 - loadIPPluginJar : add i2s
2024-09-30 19:37:52,157 [INFO] IPUIPlugin:80 - create IPUIPlugin
2024-09-30 19:37:52,157 [INFO] PluginManager:220 - loadIPPluginJar : add tracer_emb
2024-09-30 19:37:52,161 [INFO] IPUIPlugin:80 - create IPUIPlugin
2024-09-30 19:37:52,161 [INFO] PluginManager:220 - loadIPPluginJar : add dma
2024-09-30 19:37:52,163 [INFO] IPUIPlugin:80 - create IPUIPlugin
2024-09-30 19:37:52,163 [INFO] PluginManager:220 - loadIPPluginJar : add ddr_ctrl_phy
2024-09-30 19:37:52,167 [INFO] IPUIPlugin:80 - create IPUIPlugin
2024-09-30 19:37:52,167 [INFO] PluginManager:220 - loadIPPluginJar : add mdma
2024-09-30 19:37:52,172 [INFO] IPUIPlugin:80 - create IPUIPlugin
2024-09-30 19:37:52,174 [INFO] PluginManager:220 - loadIPPluginJar : add plateformsettings
2024-09-30 19:37:52,176 [INFO] IPUIPlugin:80 - create IPUIPlugin
2024-09-30 19:37:52,176 [INFO] PluginManager:220 - loadIPPluginJar : add spi
2024-09-30 19:37:52,178 [INFO] IPUIPlugin:80 - create IPUIPlugin
2024-09-30 19:37:52,178 [INFO] PluginManager:220 - loadIPPluginJar : add ipddr
2024-09-30 19:37:52,181 [INFO] IPUIPlugin:80 - create IPUIPlugin
2024-09-30 19:37:52,181 [INFO] PluginManager:220 - loadIPPluginJar : add gpio
2024-09-30 19:37:52,183 [INFO] IPUIPlugin:80 - create IPUIPlugin
2024-09-30 19:37:52,183 [INFO] PluginManager:220 - loadIPPluginJar : add usart
2024-09-30 19:37:52,184 [INFO] IPUIPlugin:80 - create IPUIPlugin
2024-09-30 19:37:52,184 [INFO] PluginManager:220 - loadIPPluginJar : add comp
2024-09-30 19:37:52,187 [INFO] IPUIPlugin:80 - create IPUIPlugin
2024-09-30 19:37:52,187 [INFO] PluginManager:220 - loadIPPluginJar : add fmc
2024-09-30 19:37:52,191 [INFO] IPUIPlugin:80 - create IPUIPlugin
2024-09-30 19:37:52,191 [INFO] PluginManager:220 - loadIPPluginJar : add stm32_wpan
2024-09-30 19:37:52,193 [INFO] IPUIPlugin:80 - create IPUIPlugin
2024-09-30 19:37:52,193 [INFO] PluginManager:220 - loadIPPluginJar : add gtzc
2024-09-30 19:37:52,293 [INFO] CADModel:165 - CPN selected for project level
2024-09-30 19:37:52,293 [INFO] CADModel:114 - Register for checkConnection events
2024-09-30 19:37:52,293 [FATAL] Updater:334 - Updater called before beeing initialized
2024-09-30 19:37:52,294 [ERROR] CADModel:125 - Updater not yet initialized, retry later 
2024-09-30 19:37:52,392 [INFO] CADModel:165 - CPN selected for project level
2024-09-30 19:37:52,392 [INFO] CADModel:114 - Register for checkConnection events
2024-09-30 19:37:52,392 [FATAL] Updater:334 - Updater called before beeing initialized
2024-09-30 19:37:52,392 [ERROR] CADModel:125 - Updater not yet initialized, retry later 
2024-09-30 19:37:52,395 [FATAL] Updater:334 - Updater called before beeing initialized
2024-09-30 19:37:52,462 [FATAL] Updater:334 - Updater called before beeing initialized
2024-09-30 19:37:52,466 [INFO] DbMcusAds:53 - JSON generation date=Thu Sep 30 03:55:09 BRT 2021 (1632984909247)
2024-09-30 19:37:52,466 [FATAL] Updater:334 - Updater called before beeing initialized
2024-09-30 19:37:52,496 [WARN] DetailPanel:346 - Failed to get advertising image, set to default
2024-09-30 19:37:52,562 [FATAL] Updater:334 - Updater called before beeing initialized
2024-09-30 19:37:52,563 [FATAL] Updater:334 - Updater called before beeing initialized
2024-09-30 19:37:52,563 [FATAL] Updater:334 - Updater called before beeing initialized
2024-09-30 19:37:52,563 [WARN] DetailPanel:346 - Failed to get advertising image, set to default
2024-09-30 19:37:52,564 [FATAL] Updater:334 - Updater called before beeing initialized
2024-09-30 19:37:52,592 [ERROR] Updater:1164 - MainUpdater not yet initialized. External WinMGr cannot be set.
2024-09-30 19:37:52,594 [INFO] Updater:1100 - Updater Version found : 6.12.1
2024-09-30 19:37:52,611 [INFO] ApplicationProperties:184 - Using Application install path: /opt/stm32cubeide/plugins/com.st.stm32cube.common.mx_6.12.1.202409122256
2024-09-30 19:37:52,624 [ERROR] LogOutputStream:75 - [STDERR_REDIRECT] Sep 30, 2024 7:37:52 PM java.util.prefs.FileSystemPreferences$2 run
2024-09-30 19:37:52,624 [ERROR] LogOutputStream:75 - [STDERR_REDIRECT] WARNING: Could not create system preferences directory. System preferences are unusable.
2024-09-30 19:37:52,625 [ERROR] LogOutputStream:75 - [STDERR_REDIRECT] 
2024-09-30 19:37:52,807 [INFO] MainUpdater:2873 - connection check result : 10
2024-09-30 19:37:52,808 [INFO] MainUpdater:290 - Updater Check For Update Now.
2024-09-30 19:37:52,808 [INFO] MicroXplorer:498 - Change Database Version : DB.6.0.121
2024-09-30 19:37:52,811 [INFO] McuFinderGlobals:63 - Set McuFinder mode to 2 (CubeIDE integrated)
2024-09-30 19:37:52,811 [INFO] UserAuth:417 - Internet connection configuration mode: 1
2024-09-30 19:37:52,820 [INFO] JxBrowserEngine:152 - Initiate JxBrowser Engine with user profile folder
2024-09-30 19:37:53,022 [INFO] CheckServerUpdateThread:120 - End of CheckServer Thread
2024-09-30 19:37:53,303 [INFO] WebApp:167 - Instantiating new browser for Auth
2024-09-30 19:37:54,000 [INFO] WebApp:448 - Apply proxy settings
2024-09-30 19:37:54,001 [INFO] WebApp:533 - Chromium requires no authentication
2024-09-30 19:37:54,007 [INFO] WebApp:476 - Direct internet connection detected
2024-09-30 19:37:54,024 [INFO] WebApp:869 - Register for checkConnection events
2024-09-30 19:37:54,025 [INFO] WebApp:448 - Apply proxy settings
2024-09-30 19:37:54,025 [INFO] WebApp:533 - Chromium requires no authentication
2024-09-30 19:37:54,025 [INFO] WebApp:476 - Direct internet connection detected
2024-09-30 19:37:54,123 [INFO] WebApp:220 - Starting web application
2024-09-30 19:37:54,123 [INFO] WebApp:578 - Web application path used /opt/stm32cubeide/plugins/com.st.stm32cube.common.mx_6.12.1.202409122256/db/plugins/mcufinder/reactClient1/index.html
2024-09-30 19:37:54,528 [INFO] WebApp:186 - Connection restablished
2024-09-30 19:37:54,606 [INFO] UserAuth:417 - Internet connection configuration mode: 1
2024-09-30 19:37:54,813 [WARN] PackLoader:240 - Cannot read IP mode file for STMicroelectronics.FP-SNS-MOTENVWB1.1.4.0
2024-09-30 19:37:54,820 [WARN] PackLoader:240 - Cannot read IP mode file for STMicroelectronics.X-CUBE-SMBUS.2.1.0
2024-09-30 19:37:54,823 [WARN] PackLoader:240 - Cannot read IP mode file for STMicroelectronics.X-CUBE-TOUCHGFX.4.23.2
2024-09-30 19:37:54,854 [WARN] PackLoader:240 - Cannot read IP mode file for STMicroelectronics.X-CUBE-AZRTOS-F7.1.1.0
2024-09-30 19:37:54,957 [WARN] PackLoader:240 - Cannot read IP mode file for STMicroelectronics.X-CUBE-MEMS1.11.0.0
2024-09-30 19:37:55,210 [WARN] PackLoader:240 - Cannot read IP mode file for STMicroelectronics.FP-SNS-FLIGHT1.5.0.2
2024-09-30 19:37:55,221 [WARN] PackLoader:240 - Cannot read IP mode file for STMicroelectronics.X-CUBE-DISPLAY.3.0.0
2024-09-30 19:37:55,232 [WARN] PackLoader:240 - Cannot read IP mode file for STMicroelectronics.X-CUBE-BLE1.7.0.0
2024-09-30 19:37:55,239 [WARN] PackLoader:240 - Cannot read IP mode file for STMicroelectronics.X-CUBE-NFC10.1.0.0
2024-09-30 19:37:55,245 [WARN] PackLoader:240 - Cannot read IP mode file for emotas.I-CUBE-CANOPEN.1.3.0
2024-09-30 19:37:55,257 [WARN] PackLoader:240 - Cannot read IP mode file for STMicroelectronics.X-CUBE-BLEMGR.3.1.0
2024-09-30 19:37:55,264 [WARN] PackLoader:240 - Cannot read IP mode file for STMicroelectronics.FP-SNS-SMARTAG2.1.2.0
2024-09-30 19:37:55,277 [INFO] LogOutputStream:77 - [STDOUT_REDIRECT] 1 : Invalid condition id : UX_CORESTACK_Condition cause : null
2024-09-30 19:37:55,278 [INFO] LogOutputStream:77 - [STDOUT_REDIRECT] 1 : Invalid condition id : UX_CORESTACK_Condition cause : null
2024-09-30 19:37:55,278 [INFO] LogOutputStream:77 - [STDOUT_REDIRECT] 1 : Invalid condition id : UX_CORESTACK_Condition cause : null
2024-09-30 19:37:55,278 [INFO] LogOutputStream:77 - [STDOUT_REDIRECT] 1 : Invalid condition id : UX_CORESTACK_Condition cause : null
2024-09-30 19:37:55,278 [INFO] LogOutputStream:77 - [STDOUT_REDIRECT] 1 : Invalid condition id : UX_CORESTACK_Condition cause : null
2024-09-30 19:37:55,283 [WARN] PackLoader:240 - Cannot read IP mode file for STMicroelectronics.X-CUBE-AZRTOS-WL.2.0.0
2024-09-30 19:37:55,288 [WARN] PackLoader:240 - Cannot read IP mode file for STMicroelectronics.FP-SNS-MOTENV1.5.0.0
2024-09-30 19:37:55,301 [WARN] PackLoader:240 - Cannot read IP mode file for wolfSSL.I-CUBE-wolfMQTT.1.19.0
2024-09-30 19:37:55,309 [WARN] PackLoader:240 - Cannot read IP mode file for WES.I-CUBE-Cesium.1.3.0
2024-09-30 19:37:55,315 [WARN] PackLoader:240 - Cannot read IP mode file for STMicroelectronics.X-CUBE-BLE2.3.3.0
2024-09-30 19:37:55,323 [WARN] PackLoader:240 - Cannot read IP mode file for STMicroelectronics.X-CUBE-NFC9.1.0.0
2024-09-30 19:37:55,333 [WARN] PackLoader:240 - Cannot read IP mode file for STMicroelectronics.X-CUBE-TCPP.4.1.0
2024-09-30 19:37:55,361 [WARN] PackLoader:240 - Cannot read IP mode file for STMicroelectronics.X-CUBE-AZRTOS-G0.1.1.0
2024-09-30 19:37:55,374 [WARN] PackLoader:240 - Cannot read IP mode file for STMicroelectronics.X-CUBE-SAFEA1.1.2.2
2024-09-30 19:37:55,384 [WARN] PackLoader:240 - Cannot read IP mode file for STMicroelectronics.X-CUBE-NFC4.3.0.0
2024-09-30 19:37:55,409 [WARN] PackLoader:240 - Cannot read IP mode file for EmbeddedOffice.I-CUBE-FS-RTOS.1.0.1
2024-09-30 19:37:55,410 [ERROR] ConditionMgr:805 - Attr not supported : Dmpu
2024-09-30 19:37:55,410 [ERROR] ConditionMgr:805 - Attr not supported : Dmpu
2024-09-30 19:37:55,410 [ERROR] ConditionMgr:805 - Attr not supported : Dmpu
2024-09-30 19:37:55,410 [ERROR] ConditionMgr:805 - Attr not supported : Dmpu
2024-09-30 19:37:55,410 [ERROR] ConditionMgr:805 - Attr not supported : Dmpu
2024-09-30 19:37:55,410 [ERROR] ConditionMgr:805 - Attr not supported : Dmpu
2024-09-30 19:37:55,411 [ERROR] ConditionMgr:805 - Attr not supported : Dmpu
2024-09-30 19:37:55,411 [ERROR] ConditionMgr:805 - Attr not supported : Dmpu
2024-09-30 19:37:55,411 [ERROR] ConditionMgr:805 - Attr not supported : Dmpu
2024-09-30 19:37:55,411 [ERROR] ConditionMgr:805 - Attr not supported : Dmpu
2024-09-30 19:37:55,411 [ERROR] ConditionMgr:805 - Attr not supported : Dmpu
2024-09-30 19:37:55,411 [ERROR] ConditionMgr:805 - Attr not supported : Dmpu
2024-09-30 19:37:55,411 [ERROR] ConditionMgr:805 - Attr not supported : Dmpu
2024-09-30 19:37:55,411 [ERROR] ConditionMgr:805 - Attr not supported : Dmpu
2024-09-30 19:37:55,411 [ERROR] ConditionMgr:805 - Attr not supported : Dmpu
2024-09-30 19:37:55,412 [ERROR] ConditionMgr:805 - Attr not supported : Dmpu
2024-09-30 19:37:55,412 [ERROR] ConditionMgr:805 - Attr not supported : Dmpu
2024-09-30 19:37:55,412 [ERROR] ConditionMgr:805 - Attr not supported : Dmpu
2024-09-30 19:37:55,412 [ERROR] ConditionMgr:805 - Attr not supported : Dmpu
2024-09-30 19:37:55,412 [ERROR] ConditionMgr:805 - Attr not supported : Dmpu
2024-09-30 19:37:55,412 [ERROR] ConditionMgr:805 - Attr not supported : Dmpu
2024-09-30 19:37:55,412 [ERROR] ConditionMgr:805 - Attr not supported : Dmpu
2024-09-30 19:37:55,412 [ERROR] ConditionMgr:805 - Attr not supported : Dmpu
2024-09-30 19:37:55,412 [ERROR] ConditionMgr:805 - Attr not supported : Dmpu
2024-09-30 19:37:55,413 [ERROR] ConditionMgr:805 - Attr not supported : Dmpu
2024-09-30 19:37:55,413 [ERROR] ConditionMgr:805 - Attr not supported : Dmpu
2024-09-30 19:37:55,413 [ERROR] ConditionMgr:805 - Attr not supported : Dmpu
2024-09-30 19:37:55,413 [ERROR] ConditionMgr:805 - Attr not supported : Dmpu
2024-09-30 19:37:55,413 [ERROR] ConditionMgr:805 - Attr not supported : Dmpu
2024-09-30 19:37:55,413 [ERROR] ConditionMgr:805 - Attr not supported : Dmpu
2024-09-30 19:37:55,413 [ERROR] ConditionMgr:805 - Attr not supported : Dmpu
2024-09-30 19:37:55,414 [ERROR] ConditionMgr:805 - Attr not supported : Dmpu
2024-09-30 19:37:55,414 [ERROR] ConditionMgr:805 - Attr not supported : Dmpu
2024-09-30 19:37:55,414 [ERROR] ConditionMgr:805 - Attr not supported : Dmpu
2024-09-30 19:37:55,414 [ERROR] ConditionMgr:805 - Attr not supported : Dmpu
2024-09-30 19:37:55,414 [ERROR] ConditionMgr:805 - Attr not supported : Dmpu
2024-09-30 19:37:55,414 [ERROR] ConditionMgr:805 - Attr not supported : Dmpu
2024-09-30 19:37:55,414 [ERROR] ConditionMgr:805 - Attr not supported : Dmpu
2024-09-30 19:37:55,414 [ERROR] ConditionMgr:805 - Attr not supported : Dmpu
2024-09-30 19:37:55,415 [ERROR] ConditionMgr:805 - Attr not supported : Dmpu
2024-09-30 19:37:55,415 [ERROR] ConditionMgr:805 - Attr not supported : Dmpu
2024-09-30 19:37:55,415 [ERROR] ConditionMgr:805 - Attr not supported : Dmpu
2024-09-30 19:37:55,415 [ERROR] ConditionMgr:805 - Attr not supported : Dmpu
2024-09-30 19:37:55,415 [ERROR] ConditionMgr:805 - Attr not supported : Dmpu
2024-09-30 19:37:55,415 [ERROR] ConditionMgr:805 - Attr not supported : Dmpu
2024-09-30 19:37:55,415 [ERROR] ConditionMgr:805 - Attr not supported : Dmpu
2024-09-30 19:37:55,415 [ERROR] ConditionMgr:805 - Attr not supported : Dmpu
2024-09-30 19:37:55,416 [ERROR] ConditionMgr:805 - Attr not supported : Dmpu
2024-09-30 19:37:55,416 [ERROR] ConditionMgr:805 - Attr not supported : Dmpu
2024-09-30 19:37:55,416 [ERROR] ConditionMgr:805 - Attr not supported : Dmpu
2024-09-30 19:37:55,416 [ERROR] ConditionMgr:805 - Attr not supported : Dmpu
2024-09-30 19:37:55,416 [ERROR] ConditionMgr:805 - Attr not supported : Dmpu
2024-09-30 19:37:55,416 [ERROR] ConditionMgr:805 - Attr not supported : Dmpu
2024-09-30 19:37:55,416 [ERROR] ConditionMgr:805 - Attr not supported : Dmpu
2024-09-30 19:37:55,416 [ERROR] ConditionMgr:805 - Attr not supported : Dmpu
2024-09-30 19:37:55,417 [ERROR] ConditionMgr:805 - Attr not supported : Dmpu
2024-09-30 19:37:55,417 [ERROR] ConditionMgr:805 - Attr not supported : Dmpu
2024-09-30 19:37:55,417 [ERROR] ConditionMgr:805 - Attr not supported : Dmpu
2024-09-30 19:37:55,417 [ERROR] ConditionMgr:805 - Attr not supported : Dmpu
2024-09-30 19:37:55,417 [ERROR] ConditionMgr:805 - Attr not supported : Dmpu
2024-09-30 19:37:55,417 [ERROR] ConditionMgr:805 - Attr not supported : Dmpu
2024-09-30 19:37:55,417 [ERROR] ConditionMgr:805 - Attr not supported : Dmpu
2024-09-30 19:37:55,417 [ERROR] ConditionMgr:805 - Attr not supported : Dmpu
2024-09-30 19:37:55,418 [ERROR] ConditionMgr:805 - Attr not supported : Dmpu
2024-09-30 19:37:55,423 [WARN] PackLoader:240 - Cannot read IP mode file for RealThread.X-CUBE-RT-Thread_Nano.4.1.1
2024-09-30 19:37:55,427 [WARN] PackLoader:240 - Cannot read IP mode file for wolfSSL.I-CUBE-wolfSSL.5.7.0
2024-09-30 19:37:55,431 [WARN] PackLoader:240 - Cannot read IP mode file for STMicroelectronics.FP-ATR-SIGFOX1.3.2.0
2024-09-30 19:37:55,438 [WARN] PackLoader:240 - Cannot read IP mode file for STMicroelectronics.X-CUBE-EEPRMA1.5.1.0
2024-09-30 19:37:55,448 [WARN] PackLoader:240 - Cannot read IP mode file for ITTIA_DB.I-CUBE-ITTIADB.8.9.0
2024-09-30 19:37:55,504 [WARN] PackLoader:240 - Cannot read IP mode file for SEGGER.I-CUBE-embOS.1.3.1
2024-09-30 19:37:55,572 [WARN] PackLoader:240 - Cannot read IP mode file for STMicroelectronics.X-CUBE-ALGOBUILD.1.4.0
2024-09-30 19:37:55,580 [WARN] PackLoader:240 - Cannot read IP mode file for STMicroelectronics.X-CUBE-GNSS1.6.0.0
2024-09-30 19:37:55,601 [WARN] PackLoader:240 - Cannot read IP mode file for STMicroelectronics.X-CUBE-AZRTOS-F4.1.1.0
2024-09-30 19:37:55,610 [WARN] PackLoader:240 - Cannot read IP mode file for STMicroelectronics.X-CUBE-ISPU.2.1.0
2024-09-30 19:37:55,620 [WARN] PackLoader:240 - Cannot read IP mode file for STMicroelectronics.X-CUBE-FREERTOS.1.2.0
2024-09-30 19:37:55,643 [WARN] PackLoader:240 - Cannot read IP mode file for STMicroelectronics.X-CUBE-AZRTOS-L5.2.0.0
2024-09-30 19:37:55,660 [WARN] PackLoader:240 - Cannot read IP mode file for STMicroelectronics.X-CUBE-NFC6.3.1.0
2024-09-30 19:37:55,666 [WARN] PackLoader:240 - Cannot read IP mode file for STMicroelectronics.X-CUBE-AI.9.0.0
2024-09-30 19:37:55,672 [WARN] PackLoader:240 - Cannot read IP mode file for STMicroelectronics.X-CUBE-NFC7.1.0.1
2024-09-30 19:37:55,690 [WARN] ConditionMgr:438 - getConditionDescription Invalid condition id : LAN8742 Phy interface Condition cause : null
2024-09-30 19:37:55,691 [WARN] PackLoader:240 - Cannot read IP mode file for STMicroelectronics.X-CUBE-AZRTOS-L4.2.0.0
2024-09-30 19:37:55,692 [WARN] ConditionMgr:1039 - genDependencies : Invalid condition id : LAN8742 Phy interface Condition cause : null
2024-09-30 19:37:55,692 [WARN] ConditionMgr:1039 - genDependencies : Invalid condition id : LAN8742 Phy interface Condition cause : null
2024-09-30 19:37:55,693 [WARN] ConditionMgr:1039 - genDependencies : Invalid condition id : LAN8742 Phy interface Condition cause : null
2024-09-30 19:37:55,700 [WARN] PackLoader:240 - Cannot read IP mode file for STMicroelectronics.X-CUBE-SFXS2LP1.4.0.0
2024-09-30 19:37:55,721 [WARN] PackLoader:240 - Cannot read IP mode file for STMicroelectronics.X-CUBE-AZRTOS-H7.3.3.0
2024-09-30 19:37:55,740 [WARN] ConditionMgr:438 - getConditionDescription Invalid condition id : UX DEVICE CLASS RTOS Condition cause : null
2024-09-30 19:37:55,741 [WARN] ConditionMgr:438 - getConditionDescription Invalid condition id : UX DEVICE CLASS RTOS Condition cause : null
2024-09-30 19:37:55,744 [WARN] PackLoader:240 - Cannot read IP mode file for STMicroelectronics.X-CUBE-AZRTOS-WB.2.0.0
2024-09-30 19:37:55,745 [WARN] ConditionMgr:1039 - genDependencies : Invalid condition id : UX DEVICE CLASS RTOS Condition cause : null
2024-09-30 19:37:55,745 [WARN] ConditionMgr:1039 - genDependencies : Invalid condition id : UX DEVICE CLASS RTOS Condition cause : null
2024-09-30 19:37:55,745 [WARN] ConditionMgr:1039 - genDependencies : Invalid condition id : UX DEVICE CLASS RTOS Condition cause : null
2024-09-30 19:37:55,746 [WARN] ConditionMgr:1039 - genDependencies : Invalid condition id : UX DEVICE CLASS RTOS Condition cause : null
2024-09-30 19:37:55,746 [WARN] ConditionMgr:1039 - genDependencies : Invalid condition id : UX DEVICE CLASS RTOS Condition cause : null
2024-09-30 19:37:55,750 [WARN] PackLoader:240 - Cannot read IP mode file for STMicroelectronics.X-CUBE-GNSS1.7.0.0
2024-09-30 19:37:55,760 [WARN] PackLoader:240 - Cannot read IP mode file for STMicroelectronics.X-CUBE-SUBG2.5.0.0
2024-09-30 19:37:55,767 [WARN] PackLoader:240 - Cannot read IP mode file for Cesanta.I-CUBE-Mongoose.7.13.0
2024-09-30 19:37:55,780 [WARN] PackLoader:240 - Cannot read IP mode file for STMicroelectronics.X-CUBE-AZRTOS-G4.2.0.0
2024-09-30 19:37:55,784 [WARN] PackLoader:240 - Cannot read IP mode file for STMicroelectronics.X-CUBE-ISPU.2.0.0
2024-09-30 19:37:55,787 [WARN] PackLoader:240 - Cannot read IP mode file for STMicroelectronics.X-CUBE-ALS.1.0.2
2024-09-30 19:37:55,830 [WARN] PackLoader:240 - Cannot read IP mode file for STMicroelectronics.X-CUBE-MEMS1.10.0.0
2024-09-30 19:37:55,972 [WARN] PackLoader:240 - Cannot read IP mode file for STMicroelectronics.X-CUBE-TOUCHGFX.4.24.0
2024-09-30 19:37:55,974 [WARN] PackLoader:240 - Cannot read IP mode file for STMicroelectronics.X-CUBE-TOUCHGFX.4.24.1
2024-09-30 19:37:55,976 [WARN] PackLoader:240 - Cannot read IP mode file for wolfSSL.I-CUBE-wolfTPM.3.4.0
2024-09-30 19:37:55,979 [WARN] PackLoader:240 - Cannot read IP mode file for portGmbH.I-Cube-SoM-uGOAL.1.1.0
2024-09-30 19:37:55,995 [WARN] PackLoader:240 - Cannot read IP mode file for STMicroelectronics.X-CUBE-AZRTOS-H7RS.1.0.0
2024-09-30 19:37:56,000 [WARN] PackLoader:240 - Cannot read IP mode file for STMicroelectronics.FP-ATR-ASTRA1.2.0.0
2024-09-30 19:37:56,008 [WARN] PackLoader:240 - Cannot read IP mode file for STMicroelectronics.X-CUBE-TOF1.3.4.1
2024-09-30 19:37:56,034 [WARN] PackLoader:240 - Cannot read IP mode file for STMicroelectronics.X-CUBE-AZRTOS-H7.3.2.0
2024-09-30 19:37:56,047 [WARN] PackLoader:240 - Cannot read IP mode file for Infineon.AIROC-Wi-Fi-Bluetooth-STM32.1.6.0
2024-09-30 19:37:56,053 [WARN] PackLoader:240 - Cannot read IP mode file for wolfSSL.I-CUBE-wolfSSH.1.4.17
2024-09-30 19:37:56,053 [INFO] ThirdParty:978 - Integrity check success = true
2024-09-30 19:37:56,053 [INFO] IntegrityCheckThread:100 - exiting critical section [integrity check]
2024-09-30 19:37:56,053 [INFO] IntegrityCheckThread:103 - End integrity checks thread
2024-09-30 19:38:15,249 [ERROR] LogOutputStream:75 - [STDERR_REDIRECT] Sep 30, 2024 7:38:15 PM java.util.prefs.FileSystemPreferences checkLockFile0ErrorCode
2024-09-30 19:38:15,249 [ERROR] LogOutputStream:75 - [STDERR_REDIRECT] WARNING: Could not lock System prefs. Unix error code 2.
2024-09-30 19:38:15,249 [ERROR] LogOutputStream:75 - [STDERR_REDIRECT] 
2024-09-30 19:38:15,250 [ERROR] LogOutputStream:75 - [STDERR_REDIRECT] Sep 30, 2024 7:38:15 PM java.util.prefs.FileSystemPreferences syncWorld
2024-09-30 19:38:15,250 [ERROR] LogOutputStream:75 - [STDERR_REDIRECT] WARNING: Couldn't flush system prefs: java.util.prefs.BackingStoreException: Couldn't get file lock.
2024-09-30 19:38:15,250 [ERROR] LogOutputStream:75 - [STDERR_REDIRECT] 
2024-09-30 19:38:45,215 [ERROR] LogOutputStream:75 - [STDERR_REDIRECT] Sep 30, 2024 7:38:45 PM java.util.prefs.FileSystemPreferences checkLockFile0ErrorCode
2024-09-30 19:38:45,216 [ERROR] LogOutputStream:75 - [STDERR_REDIRECT] WARNING: Could not lock System prefs. Unix error code 2.
2024-09-30 19:38:45,216 [ERROR] LogOutputStream:75 - [STDERR_REDIRECT] 
2024-09-30 19:38:45,218 [ERROR] LogOutputStream:75 - [STDERR_REDIRECT] Sep 30, 2024 7:38:45 PM java.util.prefs.FileSystemPreferences syncWorld
2024-09-30 19:38:45,218 [ERROR] LogOutputStream:75 - [STDERR_REDIRECT] WARNING: Couldn't flush system prefs: java.util.prefs.BackingStoreException: Couldn't get file lock.
2024-09-30 19:38:45,219 [ERROR] LogOutputStream:75 - [STDERR_REDIRECT] 
2024-09-30 19:39:15,214 [ERROR] LogOutputStream:75 - [STDERR_REDIRECT] Sep 30, 2024 7:39:15 PM java.util.prefs.FileSystemPreferences checkLockFile0ErrorCode
2024-09-30 19:39:15,214 [ERROR] LogOutputStream:75 - [STDERR_REDIRECT] WARNING: Could not lock System prefs. Unix error code 2.
2024-09-30 19:39:15,214 [ERROR] LogOutputStream:75 - [STDERR_REDIRECT] 
2024-09-30 19:39:15,214 [ERROR] LogOutputStream:75 - [STDERR_REDIRECT] Sep 30, 2024 7:39:15 PM java.util.prefs.FileSystemPreferences syncWorld
2024-09-30 19:39:15,214 [ERROR] LogOutputStream:75 - [STDERR_REDIRECT] WARNING: Couldn't flush system prefs: java.util.prefs.BackingStoreException: Couldn't get file lock.
2024-09-30 19:39:15,215 [ERROR] LogOutputStream:75 - [STDERR_REDIRECT] 
2024-09-30 19:39:45,214 [ERROR] LogOutputStream:75 - [STDERR_REDIRECT] Sep 30, 2024 7:39:45 PM java.util.prefs.FileSystemPreferences checkLockFile0ErrorCode
2024-09-30 19:39:45,215 [ERROR] LogOutputStream:75 - [STDERR_REDIRECT] WARNING: Could not lock System prefs. Unix error code 2.
2024-09-30 19:39:45,215 [ERROR] LogOutputStream:75 - [STDERR_REDIRECT] 
2024-09-30 19:39:45,215 [ERROR] LogOutputStream:75 - [STDERR_REDIRECT] Sep 30, 2024 7:39:45 PM java.util.prefs.FileSystemPreferences syncWorld
2024-09-30 19:39:45,216 [ERROR] LogOutputStream:75 - [STDERR_REDIRECT] WARNING: Couldn't flush system prefs: java.util.prefs.BackingStoreException: Couldn't get file lock.
2024-09-30 19:39:45,216 [ERROR] LogOutputStream:75 - [STDERR_REDIRECT] 
2024-09-30 19:40:15,216 [ERROR] LogOutputStream:75 - [STDERR_REDIRECT] Sep 30, 2024 7:40:15 PM java.util.prefs.FileSystemPreferences checkLockFile0ErrorCode
2024-09-30 19:40:15,217 [ERROR] LogOutputStream:75 - [STDERR_REDIRECT] WARNING: Could not lock System prefs. Unix error code 2.
2024-09-30 19:40:15,218 [ERROR] LogOutputStream:75 - [STDERR_REDIRECT] 
2024-09-30 19:40:15,220 [ERROR] LogOutputStream:75 - [STDERR_REDIRECT] Sep 30, 2024 7:40:15 PM java.util.prefs.FileSystemPreferences syncWorld
2024-09-30 19:40:15,221 [ERROR] LogOutputStream:75 - [STDERR_REDIRECT] WARNING: Couldn't flush system prefs: java.util.prefs.BackingStoreException: Couldn't get file lock.
2024-09-30 19:40:15,222 [ERROR] LogOutputStream:75 - [STDERR_REDIRECT] 
2024-09-30 19:40:45,216 [ERROR] LogOutputStream:75 - [STDERR_REDIRECT] Sep 30, 2024 7:40:45 PM java.util.prefs.FileSystemPreferences checkLockFile0ErrorCode
2024-09-30 19:40:45,217 [ERROR] LogOutputStream:75 - [STDERR_REDIRECT] WARNING: Could not lock System prefs. Unix error code 2.
2024-09-30 19:40:45,218 [ERROR] LogOutputStream:75 - [STDERR_REDIRECT] 
2024-09-30 19:40:45,219 [ERROR] LogOutputStream:75 - [STDERR_REDIRECT] Sep 30, 2024 7:40:45 PM java.util.prefs.FileSystemPreferences syncWorld
2024-09-30 19:40:45,219 [ERROR] LogOutputStream:75 - [STDERR_REDIRECT] WARNING: Couldn't flush system prefs: java.util.prefs.BackingStoreException: Couldn't get file lock.
2024-09-30 19:40:45,220 [ERROR] LogOutputStream:75 - [STDERR_REDIRECT] 
2024-09-30 19:41:15,217 [ERROR] LogOutputStream:75 - [STDERR_REDIRECT] Sep 30, 2024 7:41:15 PM java.util.prefs.FileSystemPreferences checkLockFile0ErrorCode
2024-09-30 19:41:15,218 [ERROR] LogOutputStream:75 - [STDERR_REDIRECT] WARNING: Could not lock System prefs. Unix error code 2.
2024-09-30 19:41:15,218 [ERROR] LogOutputStream:75 - [STDERR_REDIRECT] 
2024-09-30 19:41:15,220 [ERROR] LogOutputStream:75 - [STDERR_REDIRECT] Sep 30, 2024 7:41:15 PM java.util.prefs.FileSystemPreferences syncWorld
2024-09-30 19:41:15,220 [ERROR] LogOutputStream:75 - [STDERR_REDIRECT] WARNING: Couldn't flush system prefs: java.util.prefs.BackingStoreException: Couldn't get file lock.
2024-09-30 19:41:15,221 [ERROR] LogOutputStream:75 - [STDERR_REDIRECT] 
2024-09-30 19:41:45,217 [ERROR] LogOutputStream:75 - [STDERR_REDIRECT] Sep 30, 2024 7:41:45 PM java.util.prefs.FileSystemPreferences checkLockFile0ErrorCode
2024-09-30 19:41:45,217 [ERROR] LogOutputStream:75 - [STDERR_REDIRECT] WARNING: Could not lock System prefs. Unix error code 2.
2024-09-30 19:41:45,218 [ERROR] LogOutputStream:75 - [STDERR_REDIRECT] 
2024-09-30 19:41:45,219 [ERROR] LogOutputStream:75 - [STDERR_REDIRECT] Sep 30, 2024 7:41:45 PM java.util.prefs.FileSystemPreferences syncWorld
2024-09-30 19:41:45,220 [ERROR] LogOutputStream:75 - [STDERR_REDIRECT] WARNING: Couldn't flush system prefs: java.util.prefs.BackingStoreException: Couldn't get file lock.
2024-09-30 19:41:45,220 [ERROR] LogOutputStream:75 - [STDERR_REDIRECT] 
2024-09-30 19:42:15,215 [ERROR] LogOutputStream:75 - [STDERR_REDIRECT] Sep 30, 2024 7:42:15 PM java.util.prefs.FileSystemPreferences checkLockFile0ErrorCode
2024-09-30 19:42:15,215 [ERROR] LogOutputStream:75 - [STDERR_REDIRECT] WARNING: Could not lock System prefs. Unix error code 2.
2024-09-30 19:42:15,215 [ERROR] LogOutputStream:75 - [STDERR_REDIRECT] 
2024-09-30 19:42:15,216 [ERROR] LogOutputStream:75 - [STDERR_REDIRECT] Sep 30, 2024 7:42:15 PM java.util.prefs.FileSystemPreferences syncWorld
2024-09-30 19:42:15,216 [ERROR] LogOutputStream:75 - [STDERR_REDIRECT] WARNING: Couldn't flush system prefs: java.util.prefs.BackingStoreException: Couldn't get file lock.
2024-09-30 19:42:15,216 [ERROR] LogOutputStream:75 - [STDERR_REDIRECT] 
2024-09-30 19:42:45,214 [ERROR] LogOutputStream:75 - [STDERR_REDIRECT] Sep 30, 2024 7:42:45 PM java.util.prefs.FileSystemPreferences checkLockFile0ErrorCode
2024-09-30 19:42:45,214 [ERROR] LogOutputStream:75 - [STDERR_REDIRECT] WARNING: Could not lock System prefs. Unix error code 2.
2024-09-30 19:42:45,214 [ERROR] LogOutputStream:75 - [STDERR_REDIRECT] 
2024-09-30 19:42:45,214 [ERROR] LogOutputStream:75 - [STDERR_REDIRECT] Sep 30, 2024 7:42:45 PM java.util.prefs.FileSystemPreferences syncWorld
2024-09-30 19:42:45,215 [ERROR] LogOutputStream:75 - [STDERR_REDIRECT] WARNING: Couldn't flush system prefs: java.util.prefs.BackingStoreException: Couldn't get file lock.
2024-09-30 19:42:45,215 [ERROR] LogOutputStream:75 - [STDERR_REDIRECT] 
2024-09-30 19:43:15,216 [ERROR] LogOutputStream:75 - [STDERR_REDIRECT] Sep 30, 2024 7:43:15 PM java.util.prefs.FileSystemPreferences checkLockFile0ErrorCode
2024-09-30 19:43:15,217 [ERROR] LogOutputStream:75 - [STDERR_REDIRECT] WARNING: Could not lock System prefs. Unix error code 2.
2024-09-30 19:43:15,217 [ERROR] LogOutputStream:75 - [STDERR_REDIRECT] 
2024-09-30 19:43:15,218 [ERROR] LogOutputStream:75 - [STDERR_REDIRECT] Sep 30, 2024 7:43:15 PM java.util.prefs.FileSystemPreferences syncWorld
2024-09-30 19:43:15,219 [ERROR] LogOutputStream:75 - [STDERR_REDIRECT] WARNING: Couldn't flush system prefs: java.util.prefs.BackingStoreException: Couldn't get file lock.
2024-09-30 19:43:15,219 [ERROR] LogOutputStream:75 - [STDERR_REDIRECT] 
2024-09-30 19:43:45,216 [ERROR] LogOutputStream:75 - [STDERR_REDIRECT] Sep 30, 2024 7:43:45 PM java.util.prefs.FileSystemPreferences checkLockFile0ErrorCode
2024-09-30 19:43:45,216 [ERROR] LogOutputStream:75 - [STDERR_REDIRECT] WARNING: Could not lock System prefs. Unix error code 2.
2024-09-30 19:43:45,217 [ERROR] LogOutputStream:75 - [STDERR_REDIRECT] 
2024-09-30 19:43:45,218 [ERROR] LogOutputStream:75 - [STDERR_REDIRECT] Sep 30, 2024 7:43:45 PM java.util.prefs.FileSystemPreferences syncWorld
2024-09-30 19:43:45,218 [ERROR] LogOutputStream:75 - [STDERR_REDIRECT] WARNING: Couldn't flush system prefs: java.util.prefs.BackingStoreException: Couldn't get file lock.
2024-09-30 19:43:45,219 [ERROR] LogOutputStream:75 - [STDERR_REDIRECT] 
2024-09-30 19:44:09,517 [INFO] Activator:176 - 


2024-09-30 19:44:09,519 [INFO] Activator:177 - !SESSION log4j initialized
2024-09-30 19:44:11,250 [INFO] LogOutputStream:77 - [STDOUT_REDIRECT] 
2024-09-30 19:44:13,278 [INFO] ApplicationProperties:184 - Using Application install path: /opt/stm32cubeide/plugins/com.st.stm32cube.common.mx_6.12.1.202409122256
2024-09-30 19:44:13,291 [INFO] DbMcusXml:78 - Set database path to: /opt/stm32cubeide/plugins/com.st.stm32cube.common.mx_6.12.1.202409122256//db//mcu/
2024-09-30 19:44:13,291 [INFO] ApiDb:274 - Set plugin database path to: /opt/stm32cubeide/plugins/com.st.stm32cube.common.mx_6.12.1.202409122256//db//plugins/boardmanager/
2024-09-30 19:44:13,291 [WARN] ApiDb:259 - Overriding images path with different value:  => /opt/stm32cubeide/plugins/com.st.stm32cube.common.mx_6.12.1.202409122256//db//plugins/mcufinder/images/
2024-09-30 19:44:13,294 [INFO] ApiDb:250 - Set database path to: /home/lorolol/.stmcufinder/plugins/mcufinder//mcu/
2024-09-30 19:44:13,295 [INFO] DbMcusAds:125 - Set database path to: /home/lorolol/.stmcufinder/plugins/mcufinder//mcu/
2024-09-30 19:44:13,297 [INFO] CrossReferenceDbSqlite:203 - Set database path to: /home/lorolol/.stmcufinder/plugins/mcufinder//mcu/cs/
2024-09-30 19:44:13,398 [INFO] RulesReader:64 - Compatibility file has been processed (297 Rules)
2024-09-30 19:44:13,443 [INFO] DbMcusXml:78 - Set database path to: /opt/stm32cubeide/plugins/com.st.stm32cube.common.mx_6.12.1.202409122256//db//mcu/
2024-09-30 19:44:13,443 [INFO] ApiDb:274 - Set plugin database path to: /opt/stm32cubeide/plugins/com.st.stm32cube.common.mx_6.12.1.202409122256//db//plugins/boardmanager/
2024-09-30 19:44:13,443 [INFO] ApiDb:261 - Set plugin images path to: /opt/stm32cubeide/plugins/com.st.stm32cube.common.mx_6.12.1.202409122256//db//plugins/mcufinder/images/
2024-09-30 19:44:13,444 [WARN] DbFile:41 - Overriding database path with different value: /home/lorolol/.stmcufinder/plugins/mcufinder/ => /home/lorolol/.stmcufinder/plugins/mcufinder
2024-09-30 19:44:13,444 [INFO] ApiDb:250 - Set database path to: /home/lorolol/.stmcufinder/plugins/mcufinder//mcu/
2024-09-30 19:44:13,444 [WARN] DbFile:41 - Overriding database path with different value: /home/lorolol/.stmcufinder/plugins/mcufinder/ => /home/lorolol/.stmcufinder/plugins/mcufinder
2024-09-30 19:44:13,444 [INFO] DbMcusAds:125 - Set database path to: /home/lorolol/.stmcufinder/plugins/mcufinder//mcu/
2024-09-30 19:44:13,444 [WARN] DbFile:41 - Overriding database path with different value: /home/lorolol/.stmcufinder/plugins/mcufinder/ => /home/lorolol/.stmcufinder/plugins/mcufinder
2024-09-30 19:44:13,444 [WARN] DbFile:41 - Overriding database path with different value: /home/lorolol/.stmcufinder/plugins/mcufinder/ => /home/lorolol/.stmcufinder/plugins/mcufinder
2024-09-30 19:44:13,444 [INFO] CrossReferenceDbSqlite:203 - Set database path to: /home/lorolol/.stmcufinder/plugins/mcufinder//mcu/cs/
2024-09-30 19:44:13,495 [INFO] MainPanel:268 - HeapMemory: 268435456
2024-09-30 19:44:13,577 [INFO] DbMcusXml:78 - Set database path to: /opt/stm32cubeide/plugins/com.st.stm32cube.common.mx_6.12.1.202409122256//db//mcu/
2024-09-30 19:44:13,577 [INFO] ApiDb:274 - Set plugin database path to: /opt/stm32cubeide/plugins/com.st.stm32cube.common.mx_6.12.1.202409122256//db//plugins/boardmanager/
2024-09-30 19:44:13,577 [INFO] ApiDb:261 - Set plugin images path to: /opt/stm32cubeide/plugins/com.st.stm32cube.common.mx_6.12.1.202409122256//db//plugins/mcufinder/images/
2024-09-30 19:44:13,577 [WARN] DbFile:41 - Overriding database path with different value: /home/lorolol/.stmcufinder/plugins/mcufinder/ => /home/lorolol/.stmcufinder/plugins/mcufinder
2024-09-30 19:44:13,578 [INFO] ApiDb:250 - Set database path to: /home/lorolol/.stmcufinder/plugins/mcufinder//mcu/
2024-09-30 19:44:13,578 [WARN] DbFile:41 - Overriding database path with different value: /home/lorolol/.stmcufinder/plugins/mcufinder/ => /home/lorolol/.stmcufinder/plugins/mcufinder
2024-09-30 19:44:13,578 [INFO] DbMcusAds:125 - Set database path to: /home/lorolol/.stmcufinder/plugins/mcufinder//mcu/
2024-09-30 19:44:13,578 [WARN] DbFile:41 - Overriding database path with different value: /home/lorolol/.stmcufinder/plugins/mcufinder/ => /home/lorolol/.stmcufinder/plugins/mcufinder
2024-09-30 19:44:13,578 [WARN] DbFile:41 - Overriding database path with different value: /home/lorolol/.stmcufinder/plugins/mcufinder/ => /home/lorolol/.stmcufinder/plugins/mcufinder
2024-09-30 19:44:13,578 [INFO] CrossReferenceDbSqlite:203 - Set database path to: /home/lorolol/.stmcufinder/plugins/mcufinder//mcu/cs/
2024-09-30 19:44:13,589 [INFO] ApplicationProperties:184 - Using Application install path: /opt/stm32cubeide/plugins/com.st.stm32cube.common.mx_6.12.1.202409122256
2024-09-30 19:44:13,590 [INFO] PluginManage:196 - Search for loadable plugins [exclusion list=, ]
2024-09-30 19:44:13,591 [INFO] PluginManage:310 - Check plugin analytics
2024-09-30 19:44:13,746 [INFO] AnalyticsPlugin:253 - Accepted Software Licenses: STM32CubeMX.6.11.1
2024-09-30 19:44:13,746 [INFO] AnalyticsPlugin:255 - Accepted CMSIS Pack Licenses: 
2024-09-30 19:44:13,746 [INFO] AnalyticsPlugin:257 - Accepted Firmware Licenses: FW.MP1.1.6.0
2024-09-30 19:44:13,749 [INFO] PluginManage:359 - Loaded plugin analytics (category:tool,tabindex:-1)
2024-09-30 19:44:13,749 [INFO] PluginManage:310 - Check plugin cadmodel
2024-09-30 19:44:13,753 [INFO] CADModel:105 - Init CAD model plugin
2024-09-30 19:44:13,753 [INFO] PluginManage:359 - Loaded plugin cadmodel (category:power,tabindex:5)
2024-09-30 19:44:13,753 [INFO] PluginManage:310 - Check plugin clock
2024-09-30 19:44:13,762 [INFO] PluginManage:359 - Loaded plugin clock (category:base,tabindex:2)
2024-09-30 19:44:13,762 [INFO] PluginManage:310 - Check plugin ddr
2024-09-30 19:44:13,764 [INFO] PluginManage:359 - Loaded plugin ddr (category:tool,tabindex:6)
2024-09-30 19:44:13,764 [INFO] PluginManage:310 - Check plugin filemanager
2024-09-30 19:44:13,924 [INFO] PluginManage:359 - Loaded plugin filemanager (category:base,tabindex:10)
2024-09-30 19:44:13,924 [INFO] PluginManage:310 - Check plugin ipmanager
2024-09-30 19:44:13,930 [INFO] PluginManage:359 - Loaded plugin ipmanager (category:base,tabindex:5)
2024-09-30 19:44:13,930 [INFO] PluginManage:310 - Check plugin lpbam
2024-09-30 19:44:13,940 [INFO] PluginManage:359 - Loaded plugin lpbam (category:base,tabindex:0)
2024-09-30 19:44:13,940 [INFO] PluginManage:310 - Check plugin memorymap
2024-09-30 19:44:13,949 [INFO] PluginManage:359 - Loaded plugin memorymap (category:base,tabindex:4)
2024-09-30 19:44:13,950 [INFO] PluginManage:310 - Check plugin pinoutandconfiguration
2024-09-30 19:44:13,956 [INFO] PluginManage:359 - Loaded plugin pinoutandconfiguration (category:base,tabindex:1)
2024-09-30 19:44:13,957 [INFO] PluginManage:310 - Check plugin pinoutconfig
2024-09-30 19:44:14,040 [WARN] SupportedApi:132 - Cannot load RTOS API schema: s4s-elt-must-match.1: The content of 'definitions' must match (annotation?, (simpleType | complexType)?, (unique | key | keyref)*)). A problem was found starting at: attribute.
2024-09-30 19:44:14,164 [INFO] PluginManage:359 - Loaded plugin pinoutconfig (category:base,tabindex:0)
2024-09-30 19:44:14,164 [INFO] PluginManage:310 - Check plugin power
2024-09-30 19:44:14,172 [INFO] PluginManage:359 - Loaded plugin power (category:power,tabindex:4)
2024-09-30 19:44:14,172 [INFO] PluginManage:310 - Check plugin projectmanager
2024-09-30 19:44:14,191 [INFO] PluginManage:359 - Loaded plugin projectmanager (category:projectmanager,tabindex:4)
2024-09-30 19:44:14,192 [INFO] PluginManage:310 - Check plugin rif
2024-09-30 19:44:14,196 [INFO] PluginManage:359 - Loaded plugin rif (category:base,tabindex:3)
2024-09-30 19:44:14,197 [INFO] PluginManage:310 - Check plugin thirdparty
2024-09-30 19:44:14,328 [INFO] PluginManage:359 - Loaded plugin thirdparty (category:base,tabindex:-1)
2024-09-30 19:44:14,328 [WARN] IntegrityCheckThread:84 - waiting for thirdparty lock release [integrity check]
2024-09-30 19:44:14,328 [INFO] PluginManage:310 - Check plugin tools
2024-09-30 19:44:14,329 [INFO] IntegrityCheckThread:86 - entering critical section [integrity check]
2024-09-30 19:44:14,329 [INFO] ThirdPartyUpdaterWithRetryManager:70 - Updater plugin not ready yet. [1/15]
2024-09-30 19:44:14,331 [INFO] PluginManage:359 - Loaded plugin tools (category:base,tabindex:7)
2024-09-30 19:44:14,331 [INFO] PluginManage:310 - Check plugin tutovideos
2024-09-30 19:44:14,476 [INFO] PluginManage:359 - Loaded plugin tutovideos (category:base,tabindex:-1)
2024-09-30 19:44:14,477 [INFO] PluginManage:310 - Check plugin updater
2024-09-30 19:44:14,490 [INFO] PluginManage:359 - Loaded plugin updater (category:base,tabindex:12)
2024-09-30 19:44:14,490 [INFO] PluginManage:310 - Check plugin userauth
2024-09-30 19:44:14,494 [INFO] UserAuth:113 - Init User Auth plugin
2024-09-30 19:44:14,494 [INFO] PluginManage:359 - Loaded plugin userauth (category:base,tabindex:14)
2024-09-30 19:44:14,494 [INFO] PluginManage:283 - PluginManage : Loaded plugins [18]
2024-09-30 19:44:14,630 [INFO] PinOutPanel:1561 - setPackage(No Configuration,No Configuration)
2024-09-30 19:44:14,689 [INFO] CADModel:165 - CPN selected for project level
2024-09-30 19:44:14,689 [INFO] CADModel:114 - Register for checkConnection events
2024-09-30 19:44:14,696 [INFO] IPUIPlugin:80 - create IPUIPlugin
2024-09-30 19:44:14,697 [INFO] PluginManager:220 - loadIPPluginJar : add nvic
2024-09-30 19:44:14,702 [INFO] IPUIPlugin:80 - create IPUIPlugin
2024-09-30 19:44:14,702 [INFO] PluginManager:220 - loadIPPluginJar : add touchsensing
2024-09-30 19:44:14,703 [INFO] IPUIPlugin:80 - create IPUIPlugin
2024-09-30 19:44:14,703 [INFO] PluginManager:220 - loadIPPluginJar : add genericplugin
2024-09-30 19:44:14,708 [INFO] IPUIPlugin:80 - create IPUIPlugin
2024-09-30 19:44:14,709 [INFO] PluginManager:220 - loadIPPluginJar : add adc
2024-09-30 19:44:14,710 [INFO] IPUIPlugin:80 - create IPUIPlugin
2024-09-30 19:44:14,710 [INFO] PluginManager:220 - loadIPPluginJar : add extmemmanager
2024-09-30 19:44:14,711 [INFO] IPUIPlugin:80 - create IPUIPlugin
2024-09-30 19:44:14,711 [INFO] PluginManager:220 - loadIPPluginJar : add ltdc
2024-09-30 19:44:14,712 [INFO] IPUIPlugin:80 - create IPUIPlugin
2024-09-30 19:44:14,712 [INFO] PluginManager:220 - loadIPPluginJar : add tsc
2024-09-30 19:44:14,713 [INFO] IPUIPlugin:80 - create IPUIPlugin
2024-09-30 19:44:14,713 [INFO] PluginManager:220 - loadIPPluginJar : add ts
2024-09-30 19:44:14,714 [INFO] IPUIPlugin:80 - create IPUIPlugin
2024-09-30 19:44:14,714 [INFO] PluginManager:220 - loadIPPluginJar : add tim
2024-09-30 19:44:14,717 [INFO] IPUIPlugin:80 - create IPUIPlugin
2024-09-30 19:44:14,718 [INFO] PluginManager:220 - loadIPPluginJar : add gic
2024-09-30 19:44:14,719 [INFO] IPUIPlugin:80 - create IPUIPlugin
2024-09-30 19:44:14,719 [INFO] PluginManager:220 - loadIPPluginJar : add usbx
2024-09-30 19:44:14,720 [INFO] IPUIPlugin:80 - create IPUIPlugin
2024-09-30 19:44:14,721 [INFO] PluginManager:220 - loadIPPluginJar : add ucpd
2024-09-30 19:44:14,722 [INFO] IPUIPlugin:80 - create IPUIPlugin
2024-09-30 19:44:14,722 [INFO] PluginManager:220 - loadIPPluginJar : add cryp
2024-09-30 19:44:14,724 [INFO] IPUIPlugin:80 - create IPUIPlugin
2024-09-30 19:44:14,724 [INFO] PluginManager:220 - loadIPPluginJar : add dfsdm
2024-09-30 19:44:14,725 [INFO] IPUIPlugin:80 - create IPUIPlugin
2024-09-30 19:44:14,725 [INFO] PluginManager:220 - loadIPPluginJar : add dma3
2024-09-30 19:44:14,726 [INFO] IPUIPlugin:80 - create IPUIPlugin
2024-09-30 19:44:14,726 [INFO] PluginManager:220 - loadIPPluginJar : add hash
2024-09-30 19:44:14,727 [INFO] IPUIPlugin:80 - create IPUIPlugin
2024-09-30 19:44:14,727 [INFO] PluginManager:220 - loadIPPluginJar : add fatfs
2024-09-30 19:44:14,729 [INFO] IPUIPlugin:80 - create IPUIPlugin
2024-09-30 19:44:14,729 [INFO] PluginManager:220 - loadIPPluginJar : add lorawan
2024-09-30 19:44:14,730 [INFO] IPUIPlugin:80 - create IPUIPlugin
2024-09-30 19:44:14,731 [INFO] PluginManager:220 - loadIPPluginJar : add openamp
2024-09-30 19:44:14,732 [INFO] IPUIPlugin:80 - create IPUIPlugin
2024-09-30 19:44:14,733 [INFO] PluginManager:220 - loadIPPluginJar : add i3c
2024-09-30 19:44:14,740 [INFO] IPUIPlugin:80 - create IPUIPlugin
2024-09-30 19:44:14,740 [INFO] PluginManager:220 - loadIPPluginJar : add linkedlist
2024-09-30 19:44:14,742 [INFO] IPUIPlugin:80 - create IPUIPlugin
2024-09-30 19:44:14,743 [INFO] PluginManager:220 - loadIPPluginJar : add sai
2024-09-30 19:44:14,745 [INFO] IPUIPlugin:80 - create IPUIPlugin
2024-09-30 19:44:14,745 [INFO] PluginManager:220 - loadIPPluginJar : add opamp
2024-09-30 19:44:14,747 [INFO] IPUIPlugin:80 - create IPUIPlugin
2024-09-30 19:44:14,747 [INFO] PluginManager:220 - loadIPPluginJar : add i2c
2024-09-30 19:44:14,750 [INFO] IPUIPlugin:80 - create IPUIPlugin
2024-09-30 19:44:14,750 [INFO] PluginManager:220 - loadIPPluginJar : add can
2024-09-30 19:44:14,752 [INFO] IPUIPlugin:80 - create IPUIPlugin
2024-09-30 19:44:14,752 [INFO] PluginManager:220 - loadIPPluginJar : add gfxmmu
2024-09-30 19:44:14,754 [INFO] IPUIPlugin:80 - create IPUIPlugin
2024-09-30 19:44:14,754 [INFO] PluginManager:220 - loadIPPluginJar : add pdm2pcm
2024-09-30 19:44:14,759 [INFO] IPUIPlugin:80 - create IPUIPlugin
2024-09-30 19:44:14,759 [INFO] PluginManager:220 - loadIPPluginJar : add freertos
2024-09-30 19:44:14,761 [INFO] IPUIPlugin:80 - create IPUIPlugin
2024-09-30 19:44:14,762 [INFO] PluginManager:220 - loadIPPluginJar : add aes
2024-09-30 19:44:14,763 [INFO] IPUIPlugin:80 - create IPUIPlugin
2024-09-30 19:44:14,763 [INFO] PluginManager:220 - loadIPPluginJar : add quadspi
2024-09-30 19:44:14,764 [INFO] IPUIPlugin:80 - create IPUIPlugin
2024-09-30 19:44:14,764 [INFO] PluginManager:220 - loadIPPluginJar : add radio
2024-09-30 19:44:14,767 [INFO] IPUIPlugin:80 - create IPUIPlugin
2024-09-30 19:44:14,767 [INFO] PluginManager:220 - loadIPPluginJar : add resmgrutility
2024-09-30 19:44:14,769 [INFO] IPUIPlugin:80 - create IPUIPlugin
2024-09-30 19:44:14,769 [INFO] PluginManager:220 - loadIPPluginJar : add i2s
2024-09-30 19:44:14,770 [INFO] IPUIPlugin:80 - create IPUIPlugin
2024-09-30 19:44:14,771 [INFO] PluginManager:220 - loadIPPluginJar : add tracer_emb
2024-09-30 19:44:14,774 [INFO] IPUIPlugin:80 - create IPUIPlugin
2024-09-30 19:44:14,775 [INFO] PluginManager:220 - loadIPPluginJar : add dma
2024-09-30 19:44:14,776 [INFO] IPUIPlugin:80 - create IPUIPlugin
2024-09-30 19:44:14,776 [INFO] PluginManager:220 - loadIPPluginJar : add ddr_ctrl_phy
2024-09-30 19:44:14,780 [INFO] IPUIPlugin:80 - create IPUIPlugin
2024-09-30 19:44:14,780 [INFO] PluginManager:220 - loadIPPluginJar : add mdma
2024-09-30 19:44:14,784 [INFO] IPUIPlugin:80 - create IPUIPlugin
2024-09-30 19:44:14,786 [INFO] PluginManager:220 - loadIPPluginJar : add plateformsettings
2024-09-30 19:44:14,788 [INFO] IPUIPlugin:80 - create IPUIPlugin
2024-09-30 19:44:14,788 [INFO] PluginManager:220 - loadIPPluginJar : add spi
2024-09-30 19:44:14,790 [INFO] IPUIPlugin:80 - create IPUIPlugin
2024-09-30 19:44:14,790 [INFO] PluginManager:220 - loadIPPluginJar : add ipddr
2024-09-30 19:44:14,792 [INFO] IPUIPlugin:80 - create IPUIPlugin
2024-09-30 19:44:14,793 [INFO] PluginManager:220 - loadIPPluginJar : add gpio
2024-09-30 19:44:14,794 [INFO] IPUIPlugin:80 - create IPUIPlugin
2024-09-30 19:44:14,794 [INFO] PluginManager:220 - loadIPPluginJar : add usart
2024-09-30 19:44:14,795 [INFO] IPUIPlugin:80 - create IPUIPlugin
2024-09-30 19:44:14,795 [INFO] PluginManager:220 - loadIPPluginJar : add comp
2024-09-30 19:44:14,798 [INFO] IPUIPlugin:80 - create IPUIPlugin
2024-09-30 19:44:14,798 [INFO] PluginManager:220 - loadIPPluginJar : add fmc
2024-09-30 19:44:14,801 [INFO] IPUIPlugin:80 - create IPUIPlugin
2024-09-30 19:44:14,802 [INFO] PluginManager:220 - loadIPPluginJar : add stm32_wpan
2024-09-30 19:44:14,803 [INFO] IPUIPlugin:80 - create IPUIPlugin
2024-09-30 19:44:14,803 [INFO] PluginManager:220 - loadIPPluginJar : add gtzc
2024-09-30 19:44:14,901 [INFO] CADModel:165 - CPN selected for project level
2024-09-30 19:44:14,901 [INFO] CADModel:114 - Register for checkConnection events
2024-09-30 19:44:14,901 [FATAL] Updater:334 - Updater called before beeing initialized
2024-09-30 19:44:14,901 [ERROR] CADModel:125 - Updater not yet initialized, retry later 
2024-09-30 19:44:14,995 [INFO] CADModel:165 - CPN selected for project level
2024-09-30 19:44:14,995 [INFO] CADModel:114 - Register for checkConnection events
2024-09-30 19:44:14,995 [FATAL] Updater:334 - Updater called before beeing initialized
2024-09-30 19:44:14,996 [ERROR] CADModel:125 - Updater not yet initialized, retry later 
2024-09-30 19:44:14,999 [FATAL] Updater:334 - Updater called before beeing initialized
2024-09-30 19:44:15,085 [FATAL] Updater:334 - Updater called before beeing initialized
2024-09-30 19:44:15,089 [INFO] DbMcusAds:53 - JSON generation date=Thu Sep 30 03:55:09 BRT 2021 (1632984909247)
2024-09-30 19:44:15,089 [FATAL] Updater:334 - Updater called before beeing initialized
2024-09-30 19:44:15,118 [WARN] DetailPanel:346 - Failed to get advertising image, set to default
2024-09-30 19:44:15,187 [FATAL] Updater:334 - Updater called before beeing initialized
2024-09-30 19:44:15,188 [FATAL] Updater:334 - Updater called before beeing initialized
2024-09-30 19:44:15,188 [FATAL] Updater:334 - Updater called before beeing initialized
2024-09-30 19:44:15,189 [WARN] DetailPanel:346 - Failed to get advertising image, set to default
2024-09-30 19:44:15,189 [FATAL] Updater:334 - Updater called before beeing initialized
2024-09-30 19:44:15,215 [ERROR] Updater:1164 - MainUpdater not yet initialized. External WinMGr cannot be set.
2024-09-30 19:44:15,216 [INFO] Updater:1100 - Updater Version found : 6.12.1
2024-09-30 19:44:15,231 [INFO] ApplicationProperties:184 - Using Application install path: /opt/stm32cubeide/plugins/com.st.stm32cube.common.mx_6.12.1.202409122256
2024-09-30 19:44:15,242 [ERROR] LogOutputStream:75 - [STDERR_REDIRECT] Sep 30, 2024 7:44:15 PM java.util.prefs.FileSystemPreferences$2 run
2024-09-30 19:44:15,243 [ERROR] LogOutputStream:75 - [STDERR_REDIRECT] WARNING: Could not create system preferences directory. System preferences are unusable.
2024-09-30 19:44:15,243 [ERROR] LogOutputStream:75 - [STDERR_REDIRECT] 
2024-09-30 19:44:15,437 [INFO] MainUpdater:2873 - connection check result : 10
2024-09-30 19:44:15,437 [INFO] MainUpdater:290 - Updater Check For Update Now.
2024-09-30 19:44:15,437 [INFO] MicroXplorer:498 - Change Database Version : DB.6.0.121
2024-09-30 19:44:15,443 [INFO] McuFinderGlobals:63 - Set McuFinder mode to 2 (CubeIDE integrated)
2024-09-30 19:44:15,443 [INFO] UserAuth:417 - Internet connection configuration mode: 1
2024-09-30 19:44:15,456 [INFO] JxBrowserEngine:152 - Initiate JxBrowser Engine with user profile folder
2024-09-30 19:44:15,662 [INFO] CheckServerUpdateThread:120 - End of CheckServer Thread
2024-09-30 19:44:15,988 [INFO] WebApp:167 - Instantiating new browser for Auth
2024-09-30 19:44:16,611 [INFO] WebApp:448 - Apply proxy settings
2024-09-30 19:44:16,612 [INFO] WebApp:533 - Chromium requires no authentication
2024-09-30 19:44:16,616 [INFO] WebApp:476 - Direct internet connection detected
2024-09-30 19:44:16,631 [INFO] WebApp:869 - Register for checkConnection events
2024-09-30 19:44:16,631 [INFO] WebApp:448 - Apply proxy settings
2024-09-30 19:44:16,631 [INFO] WebApp:533 - Chromium requires no authentication
2024-09-30 19:44:16,631 [INFO] WebApp:476 - Direct internet connection detected
2024-09-30 19:44:16,735 [INFO] WebApp:220 - Starting web application
2024-09-30 19:44:16,735 [INFO] WebApp:578 - Web application path used /opt/stm32cubeide/plugins/com.st.stm32cube.common.mx_6.12.1.202409122256/db/plugins/mcufinder/reactClient1/index.html
2024-09-30 19:44:17,083 [INFO] WebApp:186 - Connection restablished
2024-09-30 19:44:17,289 [INFO] UserAuth:417 - Internet connection configuration mode: 1
2024-09-30 19:44:17,471 [WARN] PackLoader:240 - Cannot read IP mode file for STMicroelectronics.FP-SNS-MOTENVWB1.1.4.0
2024-09-30 19:44:17,482 [WARN] PackLoader:240 - Cannot read IP mode file for STMicroelectronics.X-CUBE-SMBUS.2.1.0
2024-09-30 19:44:17,486 [WARN] PackLoader:240 - Cannot read IP mode file for STMicroelectronics.X-CUBE-TOUCHGFX.4.23.2
2024-09-30 19:44:17,538 [WARN] PackLoader:240 - Cannot read IP mode file for STMicroelectronics.X-CUBE-AZRTOS-F7.1.1.0
2024-09-30 19:44:17,651 [WARN] PackLoader:240 - Cannot read IP mode file for STMicroelectronics.X-CUBE-MEMS1.11.0.0
2024-09-30 19:44:17,900 [WARN] PackLoader:240 - Cannot read IP mode file for STMicroelectronics.FP-SNS-FLIGHT1.5.0.2
2024-09-30 19:44:17,909 [WARN] PackLoader:240 - Cannot read IP mode file for STMicroelectronics.X-CUBE-DISPLAY.3.0.0
2024-09-30 19:44:17,920 [WARN] PackLoader:240 - Cannot read IP mode file for STMicroelectronics.X-CUBE-BLE1.7.0.0
2024-09-30 19:44:17,928 [WARN] PackLoader:240 - Cannot read IP mode file for STMicroelectronics.X-CUBE-NFC10.1.0.0
2024-09-30 19:44:17,935 [WARN] PackLoader:240 - Cannot read IP mode file for emotas.I-CUBE-CANOPEN.1.3.0
2024-09-30 19:44:17,946 [WARN] PackLoader:240 - Cannot read IP mode file for STMicroelectronics.X-CUBE-BLEMGR.3.1.0
2024-09-30 19:44:17,952 [WARN] PackLoader:240 - Cannot read IP mode file for STMicroelectronics.FP-SNS-SMARTAG2.1.2.0
2024-09-30 19:44:17,964 [INFO] LogOutputStream:77 - [STDOUT_REDIRECT] 1 : Invalid condition id : UX_CORESTACK_Condition cause : null
2024-09-30 19:44:17,964 [INFO] LogOutputStream:77 - [STDOUT_REDIRECT] 1 : Invalid condition id : UX_CORESTACK_Condition cause : null
2024-09-30 19:44:17,965 [INFO] LogOutputStream:77 - [STDOUT_REDIRECT] 1 : Invalid condition id : UX_CORESTACK_Condition cause : null
2024-09-30 19:44:17,965 [INFO] LogOutputStream:77 - [STDOUT_REDIRECT] 1 : Invalid condition id : UX_CORESTACK_Condition cause : null
2024-09-30 19:44:17,966 [INFO] LogOutputStream:77 - [STDOUT_REDIRECT] 1 : Invalid condition id : UX_CORESTACK_Condition cause : null
2024-09-30 19:44:17,972 [WARN] PackLoader:240 - Cannot read IP mode file for STMicroelectronics.X-CUBE-AZRTOS-WL.2.0.0
2024-09-30 19:44:17,979 [WARN] PackLoader:240 - Cannot read IP mode file for STMicroelectronics.FP-SNS-MOTENV1.5.0.0
2024-09-30 19:44:17,995 [WARN] PackLoader:240 - Cannot read IP mode file for wolfSSL.I-CUBE-wolfMQTT.1.19.0
2024-09-30 19:44:18,005 [WARN] PackLoader:240 - Cannot read IP mode file for WES.I-CUBE-Cesium.1.3.0
2024-09-30 19:44:18,010 [WARN] PackLoader:240 - Cannot read IP mode file for STMicroelectronics.X-CUBE-BLE2.3.3.0
2024-09-30 19:44:18,020 [WARN] PackLoader:240 - Cannot read IP mode file for STMicroelectronics.X-CUBE-NFC9.1.0.0
2024-09-30 19:44:18,030 [WARN] PackLoader:240 - Cannot read IP mode file for STMicroelectronics.X-CUBE-TCPP.4.1.0
2024-09-30 19:44:18,062 [WARN] PackLoader:240 - Cannot read IP mode file for STMicroelectronics.X-CUBE-AZRTOS-G0.1.1.0
2024-09-30 19:44:18,070 [WARN] PackLoader:240 - Cannot read IP mode file for STMicroelectronics.X-CUBE-SAFEA1.1.2.2
2024-09-30 19:44:18,076 [WARN] PackLoader:240 - Cannot read IP mode file for STMicroelectronics.X-CUBE-NFC4.3.0.0
2024-09-30 19:44:18,090 [WARN] PackLoader:240 - Cannot read IP mode file for EmbeddedOffice.I-CUBE-FS-RTOS.1.0.1
2024-09-30 19:44:18,092 [ERROR] ConditionMgr:805 - Attr not supported : Dmpu
2024-09-30 19:44:18,093 [ERROR] ConditionMgr:805 - Attr not supported : Dmpu
2024-09-30 19:44:18,093 [ERROR] ConditionMgr:805 - Attr not supported : Dmpu
2024-09-30 19:44:18,093 [ERROR] ConditionMgr:805 - Attr not supported : Dmpu
2024-09-30 19:44:18,093 [ERROR] ConditionMgr:805 - Attr not supported : Dmpu
2024-09-30 19:44:18,093 [ERROR] ConditionMgr:805 - Attr not supported : Dmpu
2024-09-30 19:44:18,093 [ERROR] ConditionMgr:805 - Attr not supported : Dmpu
2024-09-30 19:44:18,094 [ERROR] ConditionMgr:805 - Attr not supported : Dmpu
2024-09-30 19:44:18,094 [ERROR] ConditionMgr:805 - Attr not supported : Dmpu
2024-09-30 19:44:18,094 [ERROR] ConditionMgr:805 - Attr not supported : Dmpu
2024-09-30 19:44:18,094 [ERROR] ConditionMgr:805 - Attr not supported : Dmpu
2024-09-30 19:44:18,094 [ERROR] ConditionMgr:805 - Attr not supported : Dmpu
2024-09-30 19:44:18,094 [ERROR] ConditionMgr:805 - Attr not supported : Dmpu
2024-09-30 19:44:18,094 [ERROR] ConditionMgr:805 - Attr not supported : Dmpu
2024-09-30 19:44:18,094 [ERROR] ConditionMgr:805 - Attr not supported : Dmpu
2024-09-30 19:44:18,094 [ERROR] ConditionMgr:805 - Attr not supported : Dmpu
2024-09-30 19:44:18,094 [ERROR] ConditionMgr:805 - Attr not supported : Dmpu
2024-09-30 19:44:18,095 [ERROR] ConditionMgr:805 - Attr not supported : Dmpu
2024-09-30 19:44:18,095 [ERROR] ConditionMgr:805 - Attr not supported : Dmpu
2024-09-30 19:44:18,095 [ERROR] ConditionMgr:805 - Attr not supported : Dmpu
2024-09-30 19:44:18,095 [ERROR] ConditionMgr:805 - Attr not supported : Dmpu
2024-09-30 19:44:18,095 [ERROR] ConditionMgr:805 - Attr not supported : Dmpu
2024-09-30 19:44:18,095 [ERROR] ConditionMgr:805 - Attr not supported : Dmpu
2024-09-30 19:44:18,095 [ERROR] ConditionMgr:805 - Attr not supported : Dmpu
2024-09-30 19:44:18,095 [ERROR] ConditionMgr:805 - Attr not supported : Dmpu
2024-09-30 19:44:18,095 [ERROR] ConditionMgr:805 - Attr not supported : Dmpu
2024-09-30 19:44:18,096 [ERROR] ConditionMgr:805 - Attr not supported : Dmpu
2024-09-30 19:44:18,096 [ERROR] ConditionMgr:805 - Attr not supported : Dmpu
2024-09-30 19:44:18,096 [ERROR] ConditionMgr:805 - Attr not supported : Dmpu
2024-09-30 19:44:18,096 [ERROR] ConditionMgr:805 - Attr not supported : Dmpu
2024-09-30 19:44:18,096 [ERROR] ConditionMgr:805 - Attr not supported : Dmpu
2024-09-30 19:44:18,096 [ERROR] ConditionMgr:805 - Attr not supported : Dmpu
2024-09-30 19:44:18,096 [ERROR] ConditionMgr:805 - Attr not supported : Dmpu
2024-09-30 19:44:18,096 [ERROR] ConditionMgr:805 - Attr not supported : Dmpu
2024-09-30 19:44:18,096 [ERROR] ConditionMgr:805 - Attr not supported : Dmpu
2024-09-30 19:44:18,096 [ERROR] ConditionMgr:805 - Attr not supported : Dmpu
2024-09-30 19:44:18,097 [ERROR] ConditionMgr:805 - Attr not supported : Dmpu
2024-09-30 19:44:18,097 [ERROR] ConditionMgr:805 - Attr not supported : Dmpu
2024-09-30 19:44:18,097 [ERROR] ConditionMgr:805 - Attr not supported : Dmpu
2024-09-30 19:44:18,097 [ERROR] ConditionMgr:805 - Attr not supported : Dmpu
2024-09-30 19:44:18,097 [ERROR] ConditionMgr:805 - Attr not supported : Dmpu
2024-09-30 19:44:18,097 [ERROR] ConditionMgr:805 - Attr not supported : Dmpu
2024-09-30 19:44:18,097 [ERROR] ConditionMgr:805 - Attr not supported : Dmpu
2024-09-30 19:44:18,097 [ERROR] ConditionMgr:805 - Attr not supported : Dmpu
2024-09-30 19:44:18,097 [ERROR] ConditionMgr:805 - Attr not supported : Dmpu
2024-09-30 19:44:18,098 [ERROR] ConditionMgr:805 - Attr not supported : Dmpu
2024-09-30 19:44:18,098 [ERROR] ConditionMgr:805 - Attr not supported : Dmpu
2024-09-30 19:44:18,098 [ERROR] ConditionMgr:805 - Attr not supported : Dmpu
2024-09-30 19:44:18,098 [ERROR] ConditionMgr:805 - Attr not supported : Dmpu
2024-09-30 19:44:18,098 [ERROR] ConditionMgr:805 - Attr not supported : Dmpu
2024-09-30 19:44:18,098 [ERROR] ConditionMgr:805 - Attr not supported : Dmpu
2024-09-30 19:44:18,098 [ERROR] ConditionMgr:805 - Attr not supported : Dmpu
2024-09-30 19:44:18,098 [ERROR] ConditionMgr:805 - Attr not supported : Dmpu
2024-09-30 19:44:18,098 [ERROR] ConditionMgr:805 - Attr not supported : Dmpu
2024-09-30 19:44:18,099 [ERROR] ConditionMgr:805 - Attr not supported : Dmpu
2024-09-30 19:44:18,099 [ERROR] ConditionMgr:805 - Attr not supported : Dmpu
2024-09-30 19:44:18,099 [ERROR] ConditionMgr:805 - Attr not supported : Dmpu
2024-09-30 19:44:18,099 [ERROR] ConditionMgr:805 - Attr not supported : Dmpu
2024-09-30 19:44:18,099 [ERROR] ConditionMgr:805 - Attr not supported : Dmpu
2024-09-30 19:44:18,099 [ERROR] ConditionMgr:805 - Attr not supported : Dmpu
2024-09-30 19:44:18,099 [ERROR] ConditionMgr:805 - Attr not supported : Dmpu
2024-09-30 19:44:18,099 [ERROR] ConditionMgr:805 - Attr not supported : Dmpu
2024-09-30 19:44:18,099 [ERROR] ConditionMgr:805 - Attr not supported : Dmpu
2024-09-30 19:44:18,100 [ERROR] ConditionMgr:805 - Attr not supported : Dmpu
2024-09-30 19:44:18,104 [WARN] PackLoader:240 - Cannot read IP mode file for RealThread.X-CUBE-RT-Thread_Nano.4.1.1
2024-09-30 19:44:18,109 [WARN] PackLoader:240 - Cannot read IP mode file for wolfSSL.I-CUBE-wolfSSL.5.7.0
2024-09-30 19:44:18,113 [WARN] PackLoader:240 - Cannot read IP mode file for STMicroelectronics.FP-ATR-SIGFOX1.3.2.0
2024-09-30 19:44:18,119 [WARN] PackLoader:240 - Cannot read IP mode file for STMicroelectronics.X-CUBE-EEPRMA1.5.1.0
2024-09-30 19:44:18,126 [WARN] PackLoader:240 - Cannot read IP mode file for ITTIA_DB.I-CUBE-ITTIADB.8.9.0
2024-09-30 19:44:18,179 [WARN] PackLoader:240 - Cannot read IP mode file for SEGGER.I-CUBE-embOS.1.3.1
2024-09-30 19:44:18,239 [WARN] PackLoader:240 - Cannot read IP mode file for STMicroelectronics.X-CUBE-ALGOBUILD.1.4.0
2024-09-30 19:44:18,244 [WARN] PackLoader:240 - Cannot read IP mode file for STMicroelectronics.X-CUBE-GNSS1.6.0.0
2024-09-30 19:44:18,263 [WARN] PackLoader:240 - Cannot read IP mode file for STMicroelectronics.X-CUBE-AZRTOS-F4.1.1.0
2024-09-30 19:44:18,270 [WARN] PackLoader:240 - Cannot read IP mode file for STMicroelectronics.X-CUBE-ISPU.2.1.0
2024-09-30 19:44:18,274 [WARN] PackLoader:240 - Cannot read IP mode file for STMicroelectronics.X-CUBE-FREERTOS.1.2.0
2024-09-30 19:44:18,289 [WARN] PackLoader:240 - Cannot read IP mode file for STMicroelectronics.X-CUBE-AZRTOS-L5.2.0.0
2024-09-30 19:44:18,298 [WARN] PackLoader:240 - Cannot read IP mode file for STMicroelectronics.X-CUBE-NFC6.3.1.0
2024-09-30 19:44:18,302 [WARN] PackLoader:240 - Cannot read IP mode file for STMicroelectronics.X-CUBE-AI.9.0.0
2024-09-30 19:44:18,307 [WARN] PackLoader:240 - Cannot read IP mode file for STMicroelectronics.X-CUBE-NFC7.1.0.1
2024-09-30 19:44:18,333 [WARN] ConditionMgr:438 - getConditionDescription Invalid condition id : LAN8742 Phy interface Condition cause : null
2024-09-30 19:44:18,334 [WARN] PackLoader:240 - Cannot read IP mode file for STMicroelectronics.X-CUBE-AZRTOS-L4.2.0.0
2024-09-30 19:44:18,336 [WARN] ConditionMgr:1039 - genDependencies : Invalid condition id : LAN8742 Phy interface Condition cause : null
2024-09-30 19:44:18,336 [WARN] ConditionMgr:1039 - genDependencies : Invalid condition id : LAN8742 Phy interface Condition cause : null
2024-09-30 19:44:18,338 [WARN] ConditionMgr:1039 - genDependencies : Invalid condition id : LAN8742 Phy interface Condition cause : null
2024-09-30 19:44:18,350 [WARN] PackLoader:240 - Cannot read IP mode file for STMicroelectronics.X-CUBE-SFXS2LP1.4.0.0
2024-09-30 19:44:18,383 [WARN] PackLoader:240 - Cannot read IP mode file for STMicroelectronics.X-CUBE-AZRTOS-H7.3.3.0
2024-09-30 19:44:18,404 [WARN] ConditionMgr:438 - getConditionDescription Invalid condition id : UX DEVICE CLASS RTOS Condition cause : null
2024-09-30 19:44:18,405 [WARN] ConditionMgr:438 - getConditionDescription Invalid condition id : UX DEVICE CLASS RTOS Condition cause : null
2024-09-30 19:44:18,408 [WARN] PackLoader:240 - Cannot read IP mode file for STMicroelectronics.X-CUBE-AZRTOS-WB.2.0.0
2024-09-30 19:44:18,409 [WARN] ConditionMgr:1039 - genDependencies : Invalid condition id : UX DEVICE CLASS RTOS Condition cause : null
2024-09-30 19:44:18,409 [WARN] ConditionMgr:1039 - genDependencies : Invalid condition id : UX DEVICE CLASS RTOS Condition cause : null
2024-09-30 19:44:18,410 [WARN] ConditionMgr:1039 - genDependencies : Invalid condition id : UX DEVICE CLASS RTOS Condition cause : null
2024-09-30 19:44:18,411 [WARN] ConditionMgr:1039 - genDependencies : Invalid condition id : UX DEVICE CLASS RTOS Condition cause : null
2024-09-30 19:44:18,411 [WARN] ConditionMgr:1039 - genDependencies : Invalid condition id : UX DEVICE CLASS RTOS Condition cause : null
2024-09-30 19:44:18,416 [WARN] PackLoader:240 - Cannot read IP mode file for STMicroelectronics.X-CUBE-GNSS1.7.0.0
2024-09-30 19:44:18,430 [WARN] PackLoader:240 - Cannot read IP mode file for STMicroelectronics.X-CUBE-SUBG2.5.0.0
2024-09-30 19:44:18,438 [WARN] PackLoader:240 - Cannot read IP mode file for Cesanta.I-CUBE-Mongoose.7.13.0
2024-09-30 19:44:18,455 [WARN] PackLoader:240 - Cannot read IP mode file for STMicroelectronics.X-CUBE-AZRTOS-G4.2.0.0
2024-09-30 19:44:18,462 [WARN] PackLoader:240 - Cannot read IP mode file for STMicroelectronics.X-CUBE-ISPU.2.0.0
2024-09-30 19:44:18,467 [WARN] PackLoader:240 - Cannot read IP mode file for STMicroelectronics.X-CUBE-ALS.1.0.2
2024-09-30 19:44:18,524 [WARN] PackLoader:240 - Cannot read IP mode file for STMicroelectronics.X-CUBE-MEMS1.10.0.0
2024-09-30 19:44:18,689 [WARN] PackLoader:240 - Cannot read IP mode file for STMicroelectronics.X-CUBE-TOUCHGFX.4.24.0
2024-09-30 19:44:18,692 [WARN] PackLoader:240 - Cannot read IP mode file for STMicroelectronics.X-CUBE-TOUCHGFX.4.24.1
2024-09-30 19:44:18,695 [WARN] PackLoader:240 - Cannot read IP mode file for wolfSSL.I-CUBE-wolfTPM.3.4.0
2024-09-30 19:44:18,699 [WARN] PackLoader:240 - Cannot read IP mode file for portGmbH.I-Cube-SoM-uGOAL.1.1.0
2024-09-30 19:44:18,723 [WARN] PackLoader:240 - Cannot read IP mode file for STMicroelectronics.X-CUBE-AZRTOS-H7RS.1.0.0
2024-09-30 19:44:18,730 [WARN] PackLoader:240 - Cannot read IP mode file for STMicroelectronics.FP-ATR-ASTRA1.2.0.0
2024-09-30 19:44:18,742 [WARN] PackLoader:240 - Cannot read IP mode file for STMicroelectronics.X-CUBE-TOF1.3.4.1
2024-09-30 19:44:18,779 [WARN] PackLoader:240 - Cannot read IP mode file for STMicroelectronics.X-CUBE-AZRTOS-H7.3.2.0
2024-09-30 19:44:18,791 [WARN] PackLoader:240 - Cannot read IP mode file for Infineon.AIROC-Wi-Fi-Bluetooth-STM32.1.6.0
2024-09-30 19:44:18,798 [WARN] PackLoader:240 - Cannot read IP mode file for wolfSSL.I-CUBE-wolfSSH.1.4.17
2024-09-30 19:44:18,799 [INFO] ThirdParty:978 - Integrity check success = true
2024-09-30 19:44:18,799 [INFO] IntegrityCheckThread:100 - exiting critical section [integrity check]
2024-09-30 19:44:18,799 [INFO] IntegrityCheckThread:103 - End integrity checks thread
2024-09-30 19:44:41,564 [ERROR] LogOutputStream:75 - [STDERR_REDIRECT] Sep 30, 2024 7:44:41 PM java.util.prefs.FileSystemPreferences checkLockFile0ErrorCode
2024-09-30 19:44:41,565 [ERROR] LogOutputStream:75 - [STDERR_REDIRECT] WARNING: Could not lock System prefs. Unix error code 2.
2024-09-30 19:44:41,566 [ERROR] LogOutputStream:75 - [STDERR_REDIRECT] 
2024-09-30 19:44:41,567 [ERROR] LogOutputStream:75 - [STDERR_REDIRECT] Sep 30, 2024 7:44:41 PM java.util.prefs.FileSystemPreferences syncWorld
2024-09-30 19:44:41,568 [ERROR] LogOutputStream:75 - [STDERR_REDIRECT] WARNING: Couldn't flush system prefs: java.util.prefs.BackingStoreException: Couldn't get file lock.
2024-09-30 19:44:41,568 [ERROR] LogOutputStream:75 - [STDERR_REDIRECT] 
2024-09-30 19:45:11,535 [ERROR] LogOutputStream:75 - [STDERR_REDIRECT] Sep 30, 2024 7:45:11 PM java.util.prefs.FileSystemPreferences checkLockFile0ErrorCode
2024-09-30 19:45:11,540 [ERROR] LogOutputStream:75 - [STDERR_REDIRECT] WARNING: Could not lock System prefs. Unix error code 2.
2024-09-30 19:45:11,541 [ERROR] LogOutputStream:75 - [STDERR_REDIRECT] 
2024-09-30 19:45:11,543 [ERROR] LogOutputStream:75 - [STDERR_REDIRECT] Sep 30, 2024 7:45:11 PM java.util.prefs.FileSystemPreferences syncWorld
2024-09-30 19:45:11,543 [ERROR] LogOutputStream:75 - [STDERR_REDIRECT] WARNING: Couldn't flush system prefs: java.util.prefs.BackingStoreException: Couldn't get file lock.
2024-09-30 19:45:11,544 [ERROR] LogOutputStream:75 - [STDERR_REDIRECT] 
2024-09-30 19:45:41,532 [ERROR] LogOutputStream:75 - [STDERR_REDIRECT] Sep 30, 2024 7:45:41 PM java.util.prefs.FileSystemPreferences checkLockFile0ErrorCode
2024-09-30 19:45:41,570 [ERROR] LogOutputStream:75 - [STDERR_REDIRECT] WARNING: Could not lock System prefs. Unix error code 2.
2024-09-30 19:45:41,571 [ERROR] LogOutputStream:75 - [STDERR_REDIRECT] 
2024-09-30 19:45:41,572 [ERROR] LogOutputStream:75 - [STDERR_REDIRECT] Sep 30, 2024 7:45:41 PM java.util.prefs.FileSystemPreferences syncWorld
2024-09-30 19:45:41,573 [ERROR] LogOutputStream:75 - [STDERR_REDIRECT] WARNING: Couldn't flush system prefs: java.util.prefs.BackingStoreException: Couldn't get file lock.
2024-09-30 19:45:41,573 [ERROR] LogOutputStream:75 - [STDERR_REDIRECT] 
2024-09-30 19:46:11,534 [ERROR] LogOutputStream:75 - [STDERR_REDIRECT] Sep 30, 2024 7:46:11 PM java.util.prefs.FileSystemPreferences checkLockFile0ErrorCode
2024-09-30 19:46:11,534 [ERROR] LogOutputStream:75 - [STDERR_REDIRECT] WARNING: Could not lock System prefs. Unix error code 2.
2024-09-30 19:46:11,535 [ERROR] LogOutputStream:75 - [STDERR_REDIRECT] 
2024-09-30 19:46:11,536 [ERROR] LogOutputStream:75 - [STDERR_REDIRECT] Sep 30, 2024 7:46:11 PM java.util.prefs.FileSystemPreferences syncWorld
2024-09-30 19:46:11,537 [ERROR] LogOutputStream:75 - [STDERR_REDIRECT] WARNING: Couldn't flush system prefs: java.util.prefs.BackingStoreException: Couldn't get file lock.
2024-09-30 19:46:11,537 [ERROR] LogOutputStream:75 - [STDERR_REDIRECT] 
2024-09-30 19:46:41,534 [ERROR] LogOutputStream:75 - [STDERR_REDIRECT] Sep 30, 2024 7:46:41 PM java.util.prefs.FileSystemPreferences checkLockFile0ErrorCode
2024-09-30 19:46:41,535 [ERROR] LogOutputStream:75 - [STDERR_REDIRECT] WARNING: Could not lock System prefs. Unix error code 2.
2024-09-30 19:46:41,536 [ERROR] LogOutputStream:75 - [STDERR_REDIRECT] 
2024-09-30 19:46:41,537 [ERROR] LogOutputStream:75 - [STDERR_REDIRECT] Sep 30, 2024 7:46:41 PM java.util.prefs.FileSystemPreferences syncWorld
2024-09-30 19:46:41,538 [ERROR] LogOutputStream:75 - [STDERR_REDIRECT] WARNING: Couldn't flush system prefs: java.util.prefs.BackingStoreException: Couldn't get file lock.
2024-09-30 19:46:41,538 [ERROR] LogOutputStream:75 - [STDERR_REDIRECT] 
2024-09-30 19:47:11,534 [ERROR] LogOutputStream:75 - [STDERR_REDIRECT] Sep 30, 2024 7:47:11 PM java.util.prefs.FileSystemPreferences checkLockFile0ErrorCode
2024-09-30 19:47:11,535 [ERROR] LogOutputStream:75 - [STDERR_REDIRECT] WARNING: Could not lock System prefs. Unix error code 2.
2024-09-30 19:47:11,535 [ERROR] LogOutputStream:75 - [STDERR_REDIRECT] 
2024-09-30 19:47:11,537 [ERROR] LogOutputStream:75 - [STDERR_REDIRECT] Sep 30, 2024 7:47:11 PM java.util.prefs.FileSystemPreferences syncWorld
2024-09-30 19:47:11,537 [ERROR] LogOutputStream:75 - [STDERR_REDIRECT] WARNING: Couldn't flush system prefs: java.util.prefs.BackingStoreException: Couldn't get file lock.
2024-09-30 19:47:11,537 [ERROR] LogOutputStream:75 - [STDERR_REDIRECT] 
2024-09-30 19:47:31,747 [ERROR] LogOutputStream:75 - [STDERR_REDIRECT] 
2024-09-30 19:47:31,748 [ERROR] LogOutputStream:75 - [STDERR_REDIRECT] 
2024-09-30 19:47:40,954 [INFO] Activator:176 - 


2024-09-30 19:47:40,955 [INFO] Activator:177 - !SESSION log4j initialized
2024-09-30 19:47:42,996 [INFO] LogOutputStream:77 - [STDOUT_REDIRECT] 
2024-09-30 19:47:44,983 [INFO] ApplicationProperties:184 - Using Application install path: /opt/stm32cubeide/plugins/com.st.stm32cube.common.mx_6.12.1.202409122256
2024-09-30 19:47:44,997 [INFO] DbMcusXml:78 - Set database path to: /opt/stm32cubeide/plugins/com.st.stm32cube.common.mx_6.12.1.202409122256//db//mcu/
2024-09-30 19:47:44,997 [INFO] ApiDb:274 - Set plugin database path to: /opt/stm32cubeide/plugins/com.st.stm32cube.common.mx_6.12.1.202409122256//db//plugins/boardmanager/
2024-09-30 19:47:44,997 [WARN] ApiDb:259 - Overriding images path with different value:  => /opt/stm32cubeide/plugins/com.st.stm32cube.common.mx_6.12.1.202409122256//db//plugins/mcufinder/images/
2024-09-30 19:47:45,001 [INFO] ApiDb:250 - Set database path to: /home/lorolol/.stmcufinder/plugins/mcufinder//mcu/
2024-09-30 19:47:45,002 [INFO] DbMcusAds:125 - Set database path to: /home/lorolol/.stmcufinder/plugins/mcufinder//mcu/
2024-09-30 19:47:45,004 [INFO] CrossReferenceDbSqlite:203 - Set database path to: /home/lorolol/.stmcufinder/plugins/mcufinder//mcu/cs/
2024-09-30 19:47:45,105 [INFO] RulesReader:64 - Compatibility file has been processed (297 Rules)
2024-09-30 19:47:45,153 [INFO] DbMcusXml:78 - Set database path to: /opt/stm32cubeide/plugins/com.st.stm32cube.common.mx_6.12.1.202409122256//db//mcu/
2024-09-30 19:47:45,153 [INFO] ApiDb:274 - Set plugin database path to: /opt/stm32cubeide/plugins/com.st.stm32cube.common.mx_6.12.1.202409122256//db//plugins/boardmanager/
2024-09-30 19:47:45,153 [INFO] ApiDb:261 - Set plugin images path to: /opt/stm32cubeide/plugins/com.st.stm32cube.common.mx_6.12.1.202409122256//db//plugins/mcufinder/images/
2024-09-30 19:47:45,153 [WARN] DbFile:41 - Overriding database path with different value: /home/lorolol/.stmcufinder/plugins/mcufinder/ => /home/lorolol/.stmcufinder/plugins/mcufinder
2024-09-30 19:47:45,154 [INFO] ApiDb:250 - Set database path to: /home/lorolol/.stmcufinder/plugins/mcufinder//mcu/
2024-09-30 19:47:45,154 [WARN] DbFile:41 - Overriding database path with different value: /home/lorolol/.stmcufinder/plugins/mcufinder/ => /home/lorolol/.stmcufinder/plugins/mcufinder
2024-09-30 19:47:45,154 [INFO] DbMcusAds:125 - Set database path to: /home/lorolol/.stmcufinder/plugins/mcufinder//mcu/
2024-09-30 19:47:45,154 [WARN] DbFile:41 - Overriding database path with different value: /home/lorolol/.stmcufinder/plugins/mcufinder/ => /home/lorolol/.stmcufinder/plugins/mcufinder
2024-09-30 19:47:45,154 [WARN] DbFile:41 - Overriding database path with different value: /home/lorolol/.stmcufinder/plugins/mcufinder/ => /home/lorolol/.stmcufinder/plugins/mcufinder
2024-09-30 19:47:45,154 [INFO] CrossReferenceDbSqlite:203 - Set database path to: /home/lorolol/.stmcufinder/plugins/mcufinder//mcu/cs/
2024-09-30 19:47:45,205 [INFO] MainPanel:268 - HeapMemory: 268435456
2024-09-30 19:47:45,287 [INFO] DbMcusXml:78 - Set database path to: /opt/stm32cubeide/plugins/com.st.stm32cube.common.mx_6.12.1.202409122256//db//mcu/
2024-09-30 19:47:45,287 [INFO] ApiDb:274 - Set plugin database path to: /opt/stm32cubeide/plugins/com.st.stm32cube.common.mx_6.12.1.202409122256//db//plugins/boardmanager/
2024-09-30 19:47:45,288 [INFO] ApiDb:261 - Set plugin images path to: /opt/stm32cubeide/plugins/com.st.stm32cube.common.mx_6.12.1.202409122256//db//plugins/mcufinder/images/
2024-09-30 19:47:45,288 [WARN] DbFile:41 - Overriding database path with different value: /home/lorolol/.stmcufinder/plugins/mcufinder/ => /home/lorolol/.stmcufinder/plugins/mcufinder
2024-09-30 19:47:45,288 [INFO] ApiDb:250 - Set database path to: /home/lorolol/.stmcufinder/plugins/mcufinder//mcu/
2024-09-30 19:47:45,288 [WARN] DbFile:41 - Overriding database path with different value: /home/lorolol/.stmcufinder/plugins/mcufinder/ => /home/lorolol/.stmcufinder/plugins/mcufinder
2024-09-30 19:47:45,288 [INFO] DbMcusAds:125 - Set database path to: /home/lorolol/.stmcufinder/plugins/mcufinder//mcu/
2024-09-30 19:47:45,288 [WARN] DbFile:41 - Overriding database path with different value: /home/lorolol/.stmcufinder/plugins/mcufinder/ => /home/lorolol/.stmcufinder/plugins/mcufinder
2024-09-30 19:47:45,288 [WARN] DbFile:41 - Overriding database path with different value: /home/lorolol/.stmcufinder/plugins/mcufinder/ => /home/lorolol/.stmcufinder/plugins/mcufinder
2024-09-30 19:47:45,288 [INFO] CrossReferenceDbSqlite:203 - Set database path to: /home/lorolol/.stmcufinder/plugins/mcufinder//mcu/cs/
2024-09-30 19:47:45,299 [INFO] ApplicationProperties:184 - Using Application install path: /opt/stm32cubeide/plugins/com.st.stm32cube.common.mx_6.12.1.202409122256
2024-09-30 19:47:45,300 [INFO] PluginManage:196 - Search for loadable plugins [exclusion list=, ]
2024-09-30 19:47:45,301 [INFO] PluginManage:310 - Check plugin analytics
2024-09-30 19:47:45,432 [INFO] AnalyticsPlugin:253 - Accepted Software Licenses: STM32CubeMX.6.11.1
2024-09-30 19:47:45,432 [INFO] AnalyticsPlugin:255 - Accepted CMSIS Pack Licenses: 
2024-09-30 19:47:45,433 [INFO] AnalyticsPlugin:257 - Accepted Firmware Licenses: FW.MP1.1.6.0
2024-09-30 19:47:45,435 [INFO] PluginManage:359 - Loaded plugin analytics (category:tool,tabindex:-1)
2024-09-30 19:47:45,435 [INFO] PluginManage:310 - Check plugin cadmodel
2024-09-30 19:47:45,439 [INFO] CADModel:105 - Init CAD model plugin
2024-09-30 19:47:45,439 [INFO] PluginManage:359 - Loaded plugin cadmodel (category:power,tabindex:5)
2024-09-30 19:47:45,439 [INFO] PluginManage:310 - Check plugin clock
2024-09-30 19:47:45,445 [INFO] PluginManage:359 - Loaded plugin clock (category:base,tabindex:2)
2024-09-30 19:47:45,446 [INFO] PluginManage:310 - Check plugin ddr
2024-09-30 19:47:45,447 [INFO] PluginManage:359 - Loaded plugin ddr (category:tool,tabindex:6)
2024-09-30 19:47:45,447 [INFO] PluginManage:310 - Check plugin filemanager
2024-09-30 19:47:45,563 [INFO] PluginManage:359 - Loaded plugin filemanager (category:base,tabindex:10)
2024-09-30 19:47:45,563 [INFO] PluginManage:310 - Check plugin ipmanager
2024-09-30 19:47:45,567 [INFO] PluginManage:359 - Loaded plugin ipmanager (category:base,tabindex:5)
2024-09-30 19:47:45,567 [INFO] PluginManage:310 - Check plugin lpbam
2024-09-30 19:47:45,574 [INFO] PluginManage:359 - Loaded plugin lpbam (category:base,tabindex:0)
2024-09-30 19:47:45,574 [INFO] PluginManage:310 - Check plugin memorymap
2024-09-30 19:47:45,583 [INFO] PluginManage:359 - Loaded plugin memorymap (category:base,tabindex:4)
2024-09-30 19:47:45,583 [INFO] PluginManage:310 - Check plugin pinoutandconfiguration
2024-09-30 19:47:45,589 [INFO] PluginManage:359 - Loaded plugin pinoutandconfiguration (category:base,tabindex:1)
2024-09-30 19:47:45,589 [INFO] PluginManage:310 - Check plugin pinoutconfig
2024-09-30 19:47:45,662 [WARN] SupportedApi:132 - Cannot load RTOS API schema: s4s-elt-must-match.1: The content of 'definitions' must match (annotation?, (simpleType | complexType)?, (unique | key | keyref)*)). A problem was found starting at: attribute.
2024-09-30 19:47:45,826 [INFO] PluginManage:359 - Loaded plugin pinoutconfig (category:base,tabindex:0)
2024-09-30 19:47:45,826 [INFO] PluginManage:310 - Check plugin power
2024-09-30 19:47:45,835 [INFO] PluginManage:359 - Loaded plugin power (category:power,tabindex:4)
2024-09-30 19:47:45,835 [INFO] PluginManage:310 - Check plugin projectmanager
2024-09-30 19:47:45,854 [INFO] PluginManage:359 - Loaded plugin projectmanager (category:projectmanager,tabindex:4)
2024-09-30 19:47:45,854 [INFO] PluginManage:310 - Check plugin rif
2024-09-30 19:47:45,859 [INFO] PluginManage:359 - Loaded plugin rif (category:base,tabindex:3)
2024-09-30 19:47:45,859 [INFO] PluginManage:310 - Check plugin thirdparty
2024-09-30 19:47:45,984 [INFO] PluginManage:359 - Loaded plugin thirdparty (category:base,tabindex:-1)
2024-09-30 19:47:45,984 [WARN] IntegrityCheckThread:84 - waiting for thirdparty lock release [integrity check]
2024-09-30 19:47:45,984 [INFO] IntegrityCheckThread:86 - entering critical section [integrity check]
2024-09-30 19:47:45,984 [INFO] PluginManage:310 - Check plugin tools
2024-09-30 19:47:45,985 [INFO] ThirdPartyUpdaterWithRetryManager:70 - Updater plugin not ready yet. [1/15]
2024-09-30 19:47:45,986 [INFO] PluginManage:359 - Loaded plugin tools (category:base,tabindex:7)
2024-09-30 19:47:45,986 [INFO] PluginManage:310 - Check plugin tutovideos
2024-09-30 19:47:46,126 [INFO] PluginManage:359 - Loaded plugin tutovideos (category:base,tabindex:-1)
2024-09-30 19:47:46,127 [INFO] PluginManage:310 - Check plugin updater
2024-09-30 19:47:46,141 [INFO] PluginManage:359 - Loaded plugin updater (category:base,tabindex:12)
2024-09-30 19:47:46,141 [INFO] PluginManage:310 - Check plugin userauth
2024-09-30 19:47:46,145 [INFO] UserAuth:113 - Init User Auth plugin
2024-09-30 19:47:46,145 [INFO] PluginManage:359 - Loaded plugin userauth (category:base,tabindex:14)
2024-09-30 19:47:46,146 [INFO] PluginManage:283 - PluginManage : Loaded plugins [18]
2024-09-30 19:47:46,293 [INFO] PinOutPanel:1561 - setPackage(No Configuration,No Configuration)
2024-09-30 19:47:46,357 [INFO] CADModel:165 - CPN selected for project level
2024-09-30 19:47:46,357 [INFO] CADModel:114 - Register for checkConnection events
2024-09-30 19:47:46,366 [INFO] IPUIPlugin:80 - create IPUIPlugin
2024-09-30 19:47:46,366 [INFO] PluginManager:220 - loadIPPluginJar : add nvic
2024-09-30 19:47:46,372 [INFO] IPUIPlugin:80 - create IPUIPlugin
2024-09-30 19:47:46,372 [INFO] PluginManager:220 - loadIPPluginJar : add touchsensing
2024-09-30 19:47:46,373 [INFO] IPUIPlugin:80 - create IPUIPlugin
2024-09-30 19:47:46,373 [INFO] PluginManager:220 - loadIPPluginJar : add genericplugin
2024-09-30 19:47:46,378 [INFO] IPUIPlugin:80 - create IPUIPlugin
2024-09-30 19:47:46,378 [INFO] PluginManager:220 - loadIPPluginJar : add adc
2024-09-30 19:47:46,380 [INFO] IPUIPlugin:80 - create IPUIPlugin
2024-09-30 19:47:46,380 [INFO] PluginManager:220 - loadIPPluginJar : add extmemmanager
2024-09-30 19:47:46,380 [INFO] IPUIPlugin:80 - create IPUIPlugin
2024-09-30 19:47:46,381 [INFO] PluginManager:220 - loadIPPluginJar : add ltdc
2024-09-30 19:47:46,381 [INFO] IPUIPlugin:80 - create IPUIPlugin
2024-09-30 19:47:46,381 [INFO] PluginManager:220 - loadIPPluginJar : add tsc
2024-09-30 19:47:46,382 [INFO] IPUIPlugin:80 - create IPUIPlugin
2024-09-30 19:47:46,382 [INFO] PluginManager:220 - loadIPPluginJar : add ts
2024-09-30 19:47:46,383 [INFO] IPUIPlugin:80 - create IPUIPlugin
2024-09-30 19:47:46,383 [INFO] PluginManager:220 - loadIPPluginJar : add tim
2024-09-30 19:47:46,386 [INFO] IPUIPlugin:80 - create IPUIPlugin
2024-09-30 19:47:46,386 [INFO] PluginManager:220 - loadIPPluginJar : add gic
2024-09-30 19:47:46,388 [INFO] IPUIPlugin:80 - create IPUIPlugin
2024-09-30 19:47:46,388 [INFO] PluginManager:220 - loadIPPluginJar : add usbx
2024-09-30 19:47:46,389 [INFO] IPUIPlugin:80 - create IPUIPlugin
2024-09-30 19:47:46,389 [INFO] PluginManager:220 - loadIPPluginJar : add ucpd
2024-09-30 19:47:46,391 [INFO] IPUIPlugin:80 - create IPUIPlugin
2024-09-30 19:47:46,391 [INFO] PluginManager:220 - loadIPPluginJar : add cryp
2024-09-30 19:47:46,392 [INFO] IPUIPlugin:80 - create IPUIPlugin
2024-09-30 19:47:46,392 [INFO] PluginManager:220 - loadIPPluginJar : add dfsdm
2024-09-30 19:47:46,394 [INFO] IPUIPlugin:80 - create IPUIPlugin
2024-09-30 19:47:46,394 [INFO] PluginManager:220 - loadIPPluginJar : add dma3
2024-09-30 19:47:46,395 [INFO] IPUIPlugin:80 - create IPUIPlugin
2024-09-30 19:47:46,395 [INFO] PluginManager:220 - loadIPPluginJar : add hash
2024-09-30 19:47:46,396 [INFO] IPUIPlugin:80 - create IPUIPlugin
2024-09-30 19:47:46,396 [INFO] PluginManager:220 - loadIPPluginJar : add fatfs
2024-09-30 19:47:46,397 [INFO] IPUIPlugin:80 - create IPUIPlugin
2024-09-30 19:47:46,397 [INFO] PluginManager:220 - loadIPPluginJar : add lorawan
2024-09-30 19:47:46,399 [INFO] IPUIPlugin:80 - create IPUIPlugin
2024-09-30 19:47:46,399 [INFO] PluginManager:220 - loadIPPluginJar : add openamp
2024-09-30 19:47:46,400 [INFO] IPUIPlugin:80 - create IPUIPlugin
2024-09-30 19:47:46,400 [INFO] PluginManager:220 - loadIPPluginJar : add i3c
2024-09-30 19:47:46,405 [INFO] IPUIPlugin:80 - create IPUIPlugin
2024-09-30 19:47:46,405 [INFO] PluginManager:220 - loadIPPluginJar : add linkedlist
2024-09-30 19:47:46,407 [INFO] IPUIPlugin:80 - create IPUIPlugin
2024-09-30 19:47:46,408 [INFO] PluginManager:220 - loadIPPluginJar : add sai
2024-09-30 19:47:46,409 [INFO] IPUIPlugin:80 - create IPUIPlugin
2024-09-30 19:47:46,409 [INFO] PluginManager:220 - loadIPPluginJar : add opamp
2024-09-30 19:47:46,411 [INFO] IPUIPlugin:80 - create IPUIPlugin
2024-09-30 19:47:46,411 [INFO] PluginManager:220 - loadIPPluginJar : add i2c
2024-09-30 19:47:46,413 [INFO] IPUIPlugin:80 - create IPUIPlugin
2024-09-30 19:47:46,413 [INFO] PluginManager:220 - loadIPPluginJar : add can
2024-09-30 19:47:46,414 [INFO] IPUIPlugin:80 - create IPUIPlugin
2024-09-30 19:47:46,414 [INFO] PluginManager:220 - loadIPPluginJar : add gfxmmu
2024-09-30 19:47:46,416 [INFO] IPUIPlugin:80 - create IPUIPlugin
2024-09-30 19:47:46,416 [INFO] PluginManager:220 - loadIPPluginJar : add pdm2pcm
2024-09-30 19:47:46,420 [INFO] IPUIPlugin:80 - create IPUIPlugin
2024-09-30 19:47:46,421 [INFO] PluginManager:220 - loadIPPluginJar : add freertos
2024-09-30 19:47:46,423 [INFO] IPUIPlugin:80 - create IPUIPlugin
2024-09-30 19:47:46,423 [INFO] PluginManager:220 - loadIPPluginJar : add aes
2024-09-30 19:47:46,424 [INFO] IPUIPlugin:80 - create IPUIPlugin
2024-09-30 19:47:46,424 [INFO] PluginManager:220 - loadIPPluginJar : add quadspi
2024-09-30 19:47:46,425 [INFO] IPUIPlugin:80 - create IPUIPlugin
2024-09-30 19:47:46,425 [INFO] PluginManager:220 - loadIPPluginJar : add radio
2024-09-30 19:47:46,428 [INFO] IPUIPlugin:80 - create IPUIPlugin
2024-09-30 19:47:46,428 [INFO] PluginManager:220 - loadIPPluginJar : add resmgrutility
2024-09-30 19:47:46,429 [INFO] IPUIPlugin:80 - create IPUIPlugin
2024-09-30 19:47:46,429 [INFO] PluginManager:220 - loadIPPluginJar : add i2s
2024-09-30 19:47:46,431 [INFO] IPUIPlugin:80 - create IPUIPlugin
2024-09-30 19:47:46,431 [INFO] PluginManager:220 - loadIPPluginJar : add tracer_emb
2024-09-30 19:47:46,436 [INFO] IPUIPlugin:80 - create IPUIPlugin
2024-09-30 19:47:46,436 [INFO] PluginManager:220 - loadIPPluginJar : add dma
2024-09-30 19:47:46,438 [INFO] IPUIPlugin:80 - create IPUIPlugin
2024-09-30 19:47:46,438 [INFO] PluginManager:220 - loadIPPluginJar : add ddr_ctrl_phy
2024-09-30 19:47:46,443 [INFO] IPUIPlugin:80 - create IPUIPlugin
2024-09-30 19:47:46,444 [INFO] PluginManager:220 - loadIPPluginJar : add mdma
2024-09-30 19:47:46,449 [INFO] IPUIPlugin:80 - create IPUIPlugin
2024-09-30 19:47:46,452 [INFO] PluginManager:220 - loadIPPluginJar : add plateformsettings
2024-09-30 19:47:46,453 [INFO] IPUIPlugin:80 - create IPUIPlugin
2024-09-30 19:47:46,454 [INFO] PluginManager:220 - loadIPPluginJar : add spi
2024-09-30 19:47:46,456 [INFO] IPUIPlugin:80 - create IPUIPlugin
2024-09-30 19:47:46,456 [INFO] PluginManager:220 - loadIPPluginJar : add ipddr
2024-09-30 19:47:46,459 [INFO] IPUIPlugin:80 - create IPUIPlugin
2024-09-30 19:47:46,460 [INFO] PluginManager:220 - loadIPPluginJar : add gpio
2024-09-30 19:47:46,461 [INFO] IPUIPlugin:80 - create IPUIPlugin
2024-09-30 19:47:46,461 [INFO] PluginManager:220 - loadIPPluginJar : add usart
2024-09-30 19:47:46,462 [INFO] IPUIPlugin:80 - create IPUIPlugin
2024-09-30 19:47:46,462 [INFO] PluginManager:220 - loadIPPluginJar : add comp
2024-09-30 19:47:46,465 [INFO] IPUIPlugin:80 - create IPUIPlugin
2024-09-30 19:47:46,465 [INFO] PluginManager:220 - loadIPPluginJar : add fmc
2024-09-30 19:47:46,469 [INFO] IPUIPlugin:80 - create IPUIPlugin
2024-09-30 19:47:46,469 [INFO] PluginManager:220 - loadIPPluginJar : add stm32_wpan
2024-09-30 19:47:46,470 [INFO] IPUIPlugin:80 - create IPUIPlugin
2024-09-30 19:47:46,470 [INFO] PluginManager:220 - loadIPPluginJar : add gtzc
2024-09-30 19:47:46,568 [INFO] CADModel:165 - CPN selected for project level
2024-09-30 19:47:46,568 [INFO] CADModel:114 - Register for checkConnection events
2024-09-30 19:47:46,568 [FATAL] Updater:334 - Updater called before beeing initialized
2024-09-30 19:47:46,568 [ERROR] CADModel:125 - Updater not yet initialized, retry later 
2024-09-30 19:47:46,662 [INFO] CADModel:165 - CPN selected for project level
2024-09-30 19:47:46,662 [INFO] CADModel:114 - Register for checkConnection events
2024-09-30 19:47:46,662 [FATAL] Updater:334 - Updater called before beeing initialized
2024-09-30 19:47:46,662 [ERROR] CADModel:125 - Updater not yet initialized, retry later 
2024-09-30 19:47:46,665 [FATAL] Updater:334 - Updater called before beeing initialized
2024-09-30 19:47:46,734 [FATAL] Updater:334 - Updater called before beeing initialized
2024-09-30 19:47:46,738 [INFO] DbMcusAds:53 - JSON generation date=Thu Sep 30 03:55:09 BRT 2021 (1632984909247)
2024-09-30 19:47:46,738 [FATAL] Updater:334 - Updater called before beeing initialized
2024-09-30 19:47:46,770 [WARN] DetailPanel:346 - Failed to get advertising image, set to default
2024-09-30 19:47:46,836 [FATAL] Updater:334 - Updater called before beeing initialized
2024-09-30 19:47:46,837 [FATAL] Updater:334 - Updater called before beeing initialized
2024-09-30 19:47:46,837 [FATAL] Updater:334 - Updater called before beeing initialized
2024-09-30 19:47:46,837 [WARN] DetailPanel:346 - Failed to get advertising image, set to default
2024-09-30 19:47:46,838 [FATAL] Updater:334 - Updater called before beeing initialized
2024-09-30 19:47:46,865 [ERROR] Updater:1164 - MainUpdater not yet initialized. External WinMGr cannot be set.
2024-09-30 19:47:46,866 [INFO] Updater:1100 - Updater Version found : 6.12.1
2024-09-30 19:47:46,881 [INFO] ApplicationProperties:184 - Using Application install path: /opt/stm32cubeide/plugins/com.st.stm32cube.common.mx_6.12.1.202409122256
2024-09-30 19:47:46,892 [ERROR] LogOutputStream:75 - [STDERR_REDIRECT] Sep 30, 2024 7:47:46 PM java.util.prefs.FileSystemPreferences$2 run
2024-09-30 19:47:46,892 [ERROR] LogOutputStream:75 - [STDERR_REDIRECT] WARNING: Could not create system preferences directory. System preferences are unusable.
2024-09-30 19:47:46,893 [ERROR] LogOutputStream:75 - [STDERR_REDIRECT] 
2024-09-30 19:47:47,083 [INFO] MainUpdater:2873 - connection check result : 10
2024-09-30 19:47:47,083 [INFO] MainUpdater:290 - Updater Check For Update Now.
2024-09-30 19:47:47,084 [INFO] MicroXplorer:498 - Change Database Version : DB.6.0.121
2024-09-30 19:47:47,087 [INFO] McuFinderGlobals:63 - Set McuFinder mode to 2 (CubeIDE integrated)
2024-09-30 19:47:47,087 [INFO] UserAuth:417 - Internet connection configuration mode: 1
2024-09-30 19:47:47,096 [INFO] JxBrowserEngine:152 - Initiate JxBrowser Engine with user profile folder
2024-09-30 19:47:47,295 [INFO] CheckServerUpdateThread:120 - End of CheckServer Thread
2024-09-30 19:47:47,601 [INFO] WebApp:167 - Instantiating new browser for Auth
2024-09-30 19:47:48,271 [INFO] WebApp:448 - Apply proxy settings
2024-09-30 19:47:48,271 [INFO] WebApp:533 - Chromium requires no authentication
2024-09-30 19:47:48,276 [INFO] WebApp:476 - Direct internet connection detected
2024-09-30 19:47:48,293 [INFO] WebApp:869 - Register for checkConnection events
2024-09-30 19:47:48,293 [INFO] WebApp:448 - Apply proxy settings
2024-09-30 19:47:48,293 [INFO] WebApp:533 - Chromium requires no authentication
2024-09-30 19:47:48,294 [INFO] WebApp:476 - Direct internet connection detected
2024-09-30 19:47:48,405 [INFO] WebApp:220 - Starting web application
2024-09-30 19:47:48,406 [INFO] WebApp:578 - Web application path used /opt/stm32cubeide/plugins/com.st.stm32cube.common.mx_6.12.1.202409122256/db/plugins/mcufinder/reactClient1/index.html
2024-09-30 19:47:48,710 [INFO] WebApp:186 - Connection restablished
2024-09-30 19:47:48,924 [INFO] UserAuth:417 - Internet connection configuration mode: 1
2024-09-30 19:47:49,133 [WARN] PackLoader:240 - Cannot read IP mode file for STMicroelectronics.FP-SNS-MOTENVWB1.1.4.0
2024-09-30 19:47:49,145 [WARN] PackLoader:240 - Cannot read IP mode file for STMicroelectronics.X-CUBE-SMBUS.2.1.0
2024-09-30 19:47:49,150 [WARN] PackLoader:240 - Cannot read IP mode file for STMicroelectronics.X-CUBE-TOUCHGFX.4.23.2
2024-09-30 19:47:49,212 [WARN] PackLoader:240 - Cannot read IP mode file for STMicroelectronics.X-CUBE-AZRTOS-F7.1.1.0
2024-09-30 19:47:49,333 [WARN] PackLoader:240 - Cannot read IP mode file for STMicroelectronics.X-CUBE-MEMS1.11.0.0
2024-09-30 19:47:49,639 [WARN] PackLoader:240 - Cannot read IP mode file for STMicroelectronics.FP-SNS-FLIGHT1.5.0.2
2024-09-30 19:47:49,659 [WARN] PackLoader:240 - Cannot read IP mode file for STMicroelectronics.X-CUBE-DISPLAY.3.0.0
2024-09-30 19:47:49,675 [WARN] PackLoader:240 - Cannot read IP mode file for STMicroelectronics.X-CUBE-BLE1.7.0.0
2024-09-30 19:47:49,689 [WARN] PackLoader:240 - Cannot read IP mode file for STMicroelectronics.X-CUBE-NFC10.1.0.0
2024-09-30 19:47:49,698 [WARN] PackLoader:240 - Cannot read IP mode file for emotas.I-CUBE-CANOPEN.1.3.0
2024-09-30 19:47:49,725 [WARN] PackLoader:240 - Cannot read IP mode file for STMicroelectronics.X-CUBE-BLEMGR.3.1.0
2024-09-30 19:47:49,732 [WARN] PackLoader:240 - Cannot read IP mode file for STMicroelectronics.FP-SNS-SMARTAG2.1.2.0
2024-09-30 19:47:49,743 [INFO] LogOutputStream:77 - [STDOUT_REDIRECT] 1 : Invalid condition id : UX_CORESTACK_Condition cause : null
2024-09-30 19:47:49,744 [INFO] LogOutputStream:77 - [STDOUT_REDIRECT] 1 : Invalid condition id : UX_CORESTACK_Condition cause : null
2024-09-30 19:47:49,744 [INFO] LogOutputStream:77 - [STDOUT_REDIRECT] 1 : Invalid condition id : UX_CORESTACK_Condition cause : null
2024-09-30 19:47:49,744 [INFO] LogOutputStream:77 - [STDOUT_REDIRECT] 1 : Invalid condition id : UX_CORESTACK_Condition cause : null
2024-09-30 19:47:49,745 [INFO] LogOutputStream:77 - [STDOUT_REDIRECT] 1 : Invalid condition id : UX_CORESTACK_Condition cause : null
2024-09-30 19:47:49,756 [WARN] PackLoader:240 - Cannot read IP mode file for STMicroelectronics.X-CUBE-AZRTOS-WL.2.0.0
2024-09-30 19:47:49,765 [WARN] PackLoader:240 - Cannot read IP mode file for STMicroelectronics.FP-SNS-MOTENV1.5.0.0
2024-09-30 19:47:49,777 [WARN] PackLoader:240 - Cannot read IP mode file for wolfSSL.I-CUBE-wolfMQTT.1.19.0
2024-09-30 19:47:49,784 [WARN] PackLoader:240 - Cannot read IP mode file for WES.I-CUBE-Cesium.1.3.0
2024-09-30 19:47:49,788 [WARN] PackLoader:240 - Cannot read IP mode file for STMicroelectronics.X-CUBE-BLE2.3.3.0
2024-09-30 19:47:49,801 [WARN] PackLoader:240 - Cannot read IP mode file for STMicroelectronics.X-CUBE-NFC9.1.0.0
2024-09-30 19:47:49,808 [WARN] PackLoader:240 - Cannot read IP mode file for STMicroelectronics.X-CUBE-TCPP.4.1.0
2024-09-30 19:47:49,834 [WARN] PackLoader:240 - Cannot read IP mode file for STMicroelectronics.X-CUBE-AZRTOS-G0.1.1.0
2024-09-30 19:47:49,844 [WARN] PackLoader:240 - Cannot read IP mode file for STMicroelectronics.X-CUBE-SAFEA1.1.2.2
2024-09-30 19:47:49,851 [WARN] PackLoader:240 - Cannot read IP mode file for STMicroelectronics.X-CUBE-NFC4.3.0.0
2024-09-30 19:47:49,860 [WARN] PackLoader:240 - Cannot read IP mode file for EmbeddedOffice.I-CUBE-FS-RTOS.1.0.1
2024-09-30 19:47:49,860 [ERROR] ConditionMgr:805 - Attr not supported : Dmpu
2024-09-30 19:47:49,860 [ERROR] ConditionMgr:805 - Attr not supported : Dmpu
2024-09-30 19:47:49,860 [ERROR] ConditionMgr:805 - Attr not supported : Dmpu
2024-09-30 19:47:49,860 [ERROR] ConditionMgr:805 - Attr not supported : Dmpu
2024-09-30 19:47:49,860 [ERROR] ConditionMgr:805 - Attr not supported : Dmpu
2024-09-30 19:47:49,860 [ERROR] ConditionMgr:805 - Attr not supported : Dmpu
2024-09-30 19:47:49,860 [ERROR] ConditionMgr:805 - Attr not supported : Dmpu
2024-09-30 19:47:49,861 [ERROR] ConditionMgr:805 - Attr not supported : Dmpu
2024-09-30 19:47:49,861 [ERROR] ConditionMgr:805 - Attr not supported : Dmpu
2024-09-30 19:47:49,861 [ERROR] ConditionMgr:805 - Attr not supported : Dmpu
2024-09-30 19:47:49,861 [ERROR] ConditionMgr:805 - Attr not supported : Dmpu
2024-09-30 19:47:49,861 [ERROR] ConditionMgr:805 - Attr not supported : Dmpu
2024-09-30 19:47:49,861 [ERROR] ConditionMgr:805 - Attr not supported : Dmpu
2024-09-30 19:47:49,861 [ERROR] ConditionMgr:805 - Attr not supported : Dmpu
2024-09-30 19:47:49,861 [ERROR] ConditionMgr:805 - Attr not supported : Dmpu
2024-09-30 19:47:49,861 [ERROR] ConditionMgr:805 - Attr not supported : Dmpu
2024-09-30 19:47:49,861 [ERROR] ConditionMgr:805 - Attr not supported : Dmpu
2024-09-30 19:47:49,861 [ERROR] ConditionMgr:805 - Attr not supported : Dmpu
2024-09-30 19:47:49,861 [ERROR] ConditionMgr:805 - Attr not supported : Dmpu
2024-09-30 19:47:49,861 [ERROR] ConditionMgr:805 - Attr not supported : Dmpu
2024-09-30 19:47:49,861 [ERROR] ConditionMgr:805 - Attr not supported : Dmpu
2024-09-30 19:47:49,861 [ERROR] ConditionMgr:805 - Attr not supported : Dmpu
2024-09-30 19:47:49,862 [ERROR] ConditionMgr:805 - Attr not supported : Dmpu
2024-09-30 19:47:49,862 [ERROR] ConditionMgr:805 - Attr not supported : Dmpu
2024-09-30 19:47:49,862 [ERROR] ConditionMgr:805 - Attr not supported : Dmpu
2024-09-30 19:47:49,862 [ERROR] ConditionMgr:805 - Attr not supported : Dmpu
2024-09-30 19:47:49,862 [ERROR] ConditionMgr:805 - Attr not supported : Dmpu
2024-09-30 19:47:49,862 [ERROR] ConditionMgr:805 - Attr not supported : Dmpu
2024-09-30 19:47:49,862 [ERROR] ConditionMgr:805 - Attr not supported : Dmpu
2024-09-30 19:47:49,862 [ERROR] ConditionMgr:805 - Attr not supported : Dmpu
2024-09-30 19:47:49,862 [ERROR] ConditionMgr:805 - Attr not supported : Dmpu
2024-09-30 19:47:49,862 [ERROR] ConditionMgr:805 - Attr not supported : Dmpu
2024-09-30 19:47:49,862 [ERROR] ConditionMgr:805 - Attr not supported : Dmpu
2024-09-30 19:47:49,862 [ERROR] ConditionMgr:805 - Attr not supported : Dmpu
2024-09-30 19:47:49,862 [ERROR] ConditionMgr:805 - Attr not supported : Dmpu
2024-09-30 19:47:49,862 [ERROR] ConditionMgr:805 - Attr not supported : Dmpu
2024-09-30 19:47:49,863 [ERROR] ConditionMgr:805 - Attr not supported : Dmpu
2024-09-30 19:47:49,863 [ERROR] ConditionMgr:805 - Attr not supported : Dmpu
2024-09-30 19:47:49,863 [ERROR] ConditionMgr:805 - Attr not supported : Dmpu
2024-09-30 19:47:49,863 [ERROR] ConditionMgr:805 - Attr not supported : Dmpu
2024-09-30 19:47:49,863 [ERROR] ConditionMgr:805 - Attr not supported : Dmpu
2024-09-30 19:47:49,863 [ERROR] ConditionMgr:805 - Attr not supported : Dmpu
2024-09-30 19:47:49,863 [ERROR] ConditionMgr:805 - Attr not supported : Dmpu
2024-09-30 19:47:49,863 [ERROR] ConditionMgr:805 - Attr not supported : Dmpu
2024-09-30 19:47:49,863 [ERROR] ConditionMgr:805 - Attr not supported : Dmpu
2024-09-30 19:47:49,863 [ERROR] ConditionMgr:805 - Attr not supported : Dmpu
2024-09-30 19:47:49,863 [ERROR] ConditionMgr:805 - Attr not supported : Dmpu
2024-09-30 19:47:49,864 [ERROR] ConditionMgr:805 - Attr not supported : Dmpu
2024-09-30 19:47:49,864 [ERROR] ConditionMgr:805 - Attr not supported : Dmpu
2024-09-30 19:47:49,864 [ERROR] ConditionMgr:805 - Attr not supported : Dmpu
2024-09-30 19:47:49,864 [ERROR] ConditionMgr:805 - Attr not supported : Dmpu
2024-09-30 19:47:49,864 [ERROR] ConditionMgr:805 - Attr not supported : Dmpu
2024-09-30 19:47:49,864 [ERROR] ConditionMgr:805 - Attr not supported : Dmpu
2024-09-30 19:47:49,864 [ERROR] ConditionMgr:805 - Attr not supported : Dmpu
2024-09-30 19:47:49,864 [ERROR] ConditionMgr:805 - Attr not supported : Dmpu
2024-09-30 19:47:49,864 [ERROR] ConditionMgr:805 - Attr not supported : Dmpu
2024-09-30 19:47:49,864 [ERROR] ConditionMgr:805 - Attr not supported : Dmpu
2024-09-30 19:47:49,865 [ERROR] ConditionMgr:805 - Attr not supported : Dmpu
2024-09-30 19:47:49,865 [ERROR] ConditionMgr:805 - Attr not supported : Dmpu
2024-09-30 19:47:49,865 [ERROR] ConditionMgr:805 - Attr not supported : Dmpu
2024-09-30 19:47:49,865 [ERROR] ConditionMgr:805 - Attr not supported : Dmpu
2024-09-30 19:47:49,865 [ERROR] ConditionMgr:805 - Attr not supported : Dmpu
2024-09-30 19:47:49,865 [ERROR] ConditionMgr:805 - Attr not supported : Dmpu
2024-09-30 19:47:49,865 [ERROR] ConditionMgr:805 - Attr not supported : Dmpu
2024-09-30 19:47:49,869 [WARN] PackLoader:240 - Cannot read IP mode file for RealThread.X-CUBE-RT-Thread_Nano.4.1.1
2024-09-30 19:47:49,871 [WARN] PackLoader:240 - Cannot read IP mode file for wolfSSL.I-CUBE-wolfSSL.5.7.0
2024-09-30 19:47:49,873 [WARN] PackLoader:240 - Cannot read IP mode file for STMicroelectronics.FP-ATR-SIGFOX1.3.2.0
2024-09-30 19:47:49,879 [WARN] PackLoader:240 - Cannot read IP mode file for STMicroelectronics.X-CUBE-EEPRMA1.5.1.0
2024-09-30 19:47:49,886 [WARN] PackLoader:240 - Cannot read IP mode file for ITTIA_DB.I-CUBE-ITTIADB.8.9.0
2024-09-30 19:47:49,930 [WARN] PackLoader:240 - Cannot read IP mode file for SEGGER.I-CUBE-embOS.1.3.1
2024-09-30 19:47:49,999 [WARN] PackLoader:240 - Cannot read IP mode file for STMicroelectronics.X-CUBE-ALGOBUILD.1.4.0
2024-09-30 19:47:50,005 [WARN] PackLoader:240 - Cannot read IP mode file for STMicroelectronics.X-CUBE-GNSS1.6.0.0
2024-09-30 19:47:50,027 [WARN] PackLoader:240 - Cannot read IP mode file for STMicroelectronics.X-CUBE-AZRTOS-F4.1.1.0
2024-09-30 19:47:50,034 [WARN] PackLoader:240 - Cannot read IP mode file for STMicroelectronics.X-CUBE-ISPU.2.1.0
2024-09-30 19:47:50,039 [WARN] PackLoader:240 - Cannot read IP mode file for STMicroelectronics.X-CUBE-FREERTOS.1.2.0
2024-09-30 19:47:50,061 [WARN] PackLoader:240 - Cannot read IP mode file for STMicroelectronics.X-CUBE-AZRTOS-L5.2.0.0
2024-09-30 19:47:50,072 [WARN] PackLoader:240 - Cannot read IP mode file for STMicroelectronics.X-CUBE-NFC6.3.1.0
2024-09-30 19:47:50,078 [WARN] PackLoader:240 - Cannot read IP mode file for STMicroelectronics.X-CUBE-AI.9.0.0
2024-09-30 19:47:50,083 [WARN] PackLoader:240 - Cannot read IP mode file for STMicroelectronics.X-CUBE-NFC7.1.0.1
2024-09-30 19:47:50,108 [WARN] ConditionMgr:438 - getConditionDescription Invalid condition id : LAN8742 Phy interface Condition cause : null
2024-09-30 19:47:50,109 [WARN] PackLoader:240 - Cannot read IP mode file for STMicroelectronics.X-CUBE-AZRTOS-L4.2.0.0
2024-09-30 19:47:50,110 [WARN] ConditionMgr:1039 - genDependencies : Invalid condition id : LAN8742 Phy interface Condition cause : null
2024-09-30 19:47:50,111 [WARN] ConditionMgr:1039 - genDependencies : Invalid condition id : LAN8742 Phy interface Condition cause : null
2024-09-30 19:47:50,111 [WARN] ConditionMgr:1039 - genDependencies : Invalid condition id : LAN8742 Phy interface Condition cause : null
2024-09-30 19:47:50,120 [WARN] PackLoader:240 - Cannot read IP mode file for STMicroelectronics.X-CUBE-SFXS2LP1.4.0.0
2024-09-30 19:47:50,149 [WARN] PackLoader:240 - Cannot read IP mode file for STMicroelectronics.X-CUBE-AZRTOS-H7.3.3.0
2024-09-30 19:47:50,171 [WARN] ConditionMgr:438 - getConditionDescription Invalid condition id : UX DEVICE CLASS RTOS Condition cause : null
2024-09-30 19:47:50,171 [WARN] ConditionMgr:438 - getConditionDescription Invalid condition id : UX DEVICE CLASS RTOS Condition cause : null
2024-09-30 19:47:50,174 [WARN] PackLoader:240 - Cannot read IP mode file for STMicroelectronics.X-CUBE-AZRTOS-WB.2.0.0
2024-09-30 19:47:50,175 [WARN] ConditionMgr:1039 - genDependencies : Invalid condition id : UX DEVICE CLASS RTOS Condition cause : null
2024-09-30 19:47:50,175 [WARN] ConditionMgr:1039 - genDependencies : Invalid condition id : UX DEVICE CLASS RTOS Condition cause : null
2024-09-30 19:47:50,176 [WARN] ConditionMgr:1039 - genDependencies : Invalid condition id : UX DEVICE CLASS RTOS Condition cause : null
2024-09-30 19:47:50,176 [WARN] ConditionMgr:1039 - genDependencies : Invalid condition id : UX DEVICE CLASS RTOS Condition cause : null
2024-09-30 19:47:50,176 [WARN] ConditionMgr:1039 - genDependencies : Invalid condition id : UX DEVICE CLASS RTOS Condition cause : null
2024-09-30 19:47:50,182 [WARN] PackLoader:240 - Cannot read IP mode file for STMicroelectronics.X-CUBE-GNSS1.7.0.0
2024-09-30 19:47:50,195 [WARN] PackLoader:240 - Cannot read IP mode file for STMicroelectronics.X-CUBE-SUBG2.5.0.0
2024-09-30 19:47:50,205 [WARN] PackLoader:240 - Cannot read IP mode file for Cesanta.I-CUBE-Mongoose.7.13.0
2024-09-30 19:47:50,227 [WARN] PackLoader:240 - Cannot read IP mode file for STMicroelectronics.X-CUBE-AZRTOS-G4.2.0.0
2024-09-30 19:47:50,233 [WARN] PackLoader:240 - Cannot read IP mode file for STMicroelectronics.X-CUBE-ISPU.2.0.0
2024-09-30 19:47:50,237 [WARN] PackLoader:240 - Cannot read IP mode file for STMicroelectronics.X-CUBE-ALS.1.0.2
2024-09-30 19:47:50,289 [WARN] PackLoader:240 - Cannot read IP mode file for STMicroelectronics.X-CUBE-MEMS1.10.0.0
2024-09-30 19:47:50,486 [WARN] PackLoader:240 - Cannot read IP mode file for STMicroelectronics.X-CUBE-TOUCHGFX.4.24.0
2024-09-30 19:47:50,487 [WARN] PackLoader:240 - Cannot read IP mode file for STMicroelectronics.X-CUBE-TOUCHGFX.4.24.1
2024-09-30 19:47:50,489 [WARN] PackLoader:240 - Cannot read IP mode file for wolfSSL.I-CUBE-wolfTPM.3.4.0
2024-09-30 19:47:50,492 [WARN] PackLoader:240 - Cannot read IP mode file for portGmbH.I-Cube-SoM-uGOAL.1.1.0
2024-09-30 19:47:50,513 [WARN] PackLoader:240 - Cannot read IP mode file for STMicroelectronics.X-CUBE-AZRTOS-H7RS.1.0.0
2024-09-30 19:47:50,520 [WARN] PackLoader:240 - Cannot read IP mode file for STMicroelectronics.FP-ATR-ASTRA1.2.0.0
2024-09-30 19:47:50,532 [WARN] PackLoader:240 - Cannot read IP mode file for STMicroelectronics.X-CUBE-TOF1.3.4.1
2024-09-30 19:47:50,571 [WARN] PackLoader:240 - Cannot read IP mode file for STMicroelectronics.X-CUBE-AZRTOS-H7.3.2.0
2024-09-30 19:47:50,590 [WARN] PackLoader:240 - Cannot read IP mode file for Infineon.AIROC-Wi-Fi-Bluetooth-STM32.1.6.0
2024-09-30 19:47:50,596 [WARN] PackLoader:240 - Cannot read IP mode file for wolfSSL.I-CUBE-wolfSSH.1.4.17
2024-09-30 19:47:50,597 [INFO] ThirdParty:978 - Integrity check success = true
2024-09-30 19:47:50,597 [INFO] IntegrityCheckThread:100 - exiting critical section [integrity check]
2024-09-30 19:47:50,597 [INFO] IntegrityCheckThread:103 - End integrity checks thread
2024-09-30 19:48:08,090 [ERROR] LogOutputStream:75 - [STDERR_REDIRECT] 
2024-09-30 19:48:08,091 [ERROR] LogOutputStream:75 - [STDERR_REDIRECT] 
